substrate,threshold,seed,n_near_loops,spearman_depth_vs_residue,spearman_resultant_vs_residue,spearman_drift_vs_residue,spearman_spread_vs_residue
AB_N30,2.0,2.0,65.8,-0.29581327576842575,0.3424224659647911,0.3320421932829215,-0.338413848072339
AB_N30,3.0,2.0,95.0,-0.35006483305218034,0.35402046342943705,0.3414014877844323,-0.3504064188219139
Penrose_N24,2.0,2.0,63.2,-0.42282913090387597,0.354112904183038,0.342284876001285,-0.3547074260626636
Penrose_N24,3.0,2.0,87.6,-0.41708718749039775,0.3805951581680497,0.3688913741327601,-0.3810250405323541
