arm,patch,pair,seed,replicate,budget,S_local_null
regular,0,0,0,0,100,2.00000
regular,0,0,0,0,300,-1.00000
regular,0,0,0,0,1000,-9.00000
regular,0,1,0,0,100,0.00000
regular,0,1,0,0,300,-3.00000
regular,0,1,0,0,1000,-12.00000
regular,0,2,0,0,100,-12.00000
regular,0,2,0,0,300,-2.00000
regular,0,2,0,0,1000,-14.00000
regular,0,0,0,1,100,8.00000
regular,0,0,0,1,300,-11.00000
regular,0,0,0,1,1000,-11.00000
regular,0,1,0,1,100,5.00000
regular,0,1,0,1,300,-14.00000
regular,0,1,0,1,1000,-14.00000
regular,0,2,0,1,100,-10.00000
regular,0,2,0,1,300,-27.00000
regular,0,2,0,1,1000,-16.00000
regular,0,0,0,2,100,5.00000
regular,0,0,0,2,300,-5.00000
regular,0,0,0,2,1000,-12.00000
regular,0,1,0,2,100,5.00000
regular,0,1,0,2,300,-8.00000
regular,0,1,0,2,1000,-15.00000
regular,0,2,0,2,100,-1.00000
regular,0,2,0,2,300,-18.00000
regular,0,2,0,2,1000,-16.00000
regular,0,0,0,3,100,3.00000
regular,0,0,0,3,300,3.00000
regular,0,0,0,3,1000,-12.00000
regular,0,1,0,3,100,1.00000
regular,0,1,0,3,300,1.00000
regular,0,1,0,3,1000,-15.00000
regular,0,2,0,3,100,-4.00000
regular,0,2,0,3,300,-1.00000
regular,0,2,0,3,1000,-16.00000
regular,0,0,0,4,100,0.00000
regular,0,0,0,4,300,-9.00000
regular,0,0,0,4,1000,-12.00000
regular,0,1,0,4,100,-2.00000
regular,0,1,0,4,300,-11.00000
regular,0,1,0,4,1000,-15.00000
regular,0,2,0,4,100,-13.00000
regular,0,2,0,4,300,-20.00000
regular,0,2,0,4,1000,-28.00000
regular,0,0,1,0,100,0.00000
regular,0,0,1,0,300,4.00000
regular,0,0,1,0,1000,5.00000
regular,0,1,1,0,100,0.00000
regular,0,1,1,0,300,4.00000
regular,0,1,1,0,1000,5.00000
regular,0,2,1,0,100,0.00000
regular,0,2,1,0,300,4.00000
regular,0,2,1,0,1000,4.00000
regular,0,0,1,1,100,0.00000
regular,0,0,1,1,300,4.00000
regular,0,0,1,1,1000,4.00000
regular,0,1,1,1,100,0.00000
regular,0,1,1,1,300,4.00000
regular,0,1,1,1,1000,4.00000
regular,0,2,1,1,100,3.00000
regular,0,2,1,1,300,3.00000
regular,0,2,1,1,1000,4.00000
regular,0,0,1,2,100,0.00000
regular,0,0,1,2,300,0.00000
regular,0,0,1,2,1000,5.00000
regular,0,1,1,2,100,0.00000
regular,0,1,1,2,300,0.00000
regular,0,1,1,2,1000,5.00000
regular,0,2,1,2,100,3.00000
regular,0,2,1,2,300,3.00000
regular,0,2,1,2,1000,3.00000
regular,0,0,1,3,100,0.00000
regular,0,0,1,3,300,4.00000
regular,0,0,1,3,1000,5.00000
regular,0,1,1,3,100,0.00000
regular,0,1,1,3,300,4.00000
regular,0,1,1,3,1000,5.00000
regular,0,2,1,3,100,3.00000
regular,0,2,1,3,300,3.00000
regular,0,2,1,3,1000,3.00000
regular,0,0,1,4,100,0.00000
regular,0,0,1,4,300,2.00000
regular,0,0,1,4,1000,2.00000
regular,0,1,1,4,100,0.00000
regular,0,1,1,4,300,2.00000
regular,0,1,1,4,1000,2.00000
regular,0,2,1,4,100,0.00000
regular,0,2,1,4,300,3.00000
regular,0,2,1,4,1000,3.00000
regular,0,0,2,0,100,0.00000
regular,0,0,2,0,300,0.00000
regular,0,0,2,0,1000,-26.00000
regular,0,1,2,0,100,0.00000
regular,0,1,2,0,300,0.00000
regular,0,1,2,0,1000,-31.00000
regular,0,2,2,0,100,1.00000
regular,0,2,2,0,300,1.00000
regular,0,2,2,0,1000,-14.00000
regular,0,0,2,1,100,-28.00000
regular,0,0,2,1,300,-29.00000
regular,0,0,2,1,1000,-29.00000
regular,0,1,2,1,100,-29.00000
regular,0,1,2,1,300,-34.00000
regular,0,1,2,1,1000,-34.00000
regular,0,2,2,1,100,-18.00000
regular,0,2,2,1,300,-23.00000
regular,0,2,2,1,1000,-16.00000
regular,0,0,2,2,100,-25.00000
regular,0,0,2,2,300,-29.00000
regular,0,0,2,2,1000,-29.00000
regular,0,1,2,2,100,-27.00000
regular,0,1,2,2,300,-34.00000
regular,0,1,2,2,1000,-34.00000
regular,0,2,2,2,100,-13.00000
regular,0,2,2,2,300,-17.00000
regular,0,2,2,2,1000,-16.00000
regular,0,0,2,3,100,-10.00000
regular,0,0,2,3,300,-16.00000
regular,0,0,2,3,1000,-29.00000
regular,0,1,2,3,100,-10.00000
regular,0,1,2,3,300,-16.00000
regular,0,1,2,3,1000,-34.00000
regular,0,2,2,3,100,-1.00000
regular,0,2,2,3,300,-1.00000
regular,0,2,2,3,1000,-16.00000
regular,0,0,2,4,100,0.00000
regular,0,0,2,4,300,-3.00000
regular,0,0,2,4,1000,-29.00000
regular,0,1,2,4,100,0.00000
regular,0,1,2,4,300,-3.00000
regular,0,1,2,4,1000,-34.00000
regular,0,2,2,4,100,7.00000
regular,0,2,2,4,300,1.00000
regular,0,2,2,4,1000,-16.00000
regular,0,0,3,0,100,4.00000
regular,0,0,3,0,300,5.00000
regular,0,0,3,0,1000,5.00000
regular,0,1,3,0,100,2.00000
regular,0,1,3,0,300,3.00000
regular,0,1,3,0,1000,3.00000
regular,0,2,3,0,100,-14.00000
regular,0,2,3,0,300,-6.00000
regular,0,2,3,0,1000,-1.00000
regular,0,0,3,1,100,5.00000
regular,0,0,3,1,300,5.00000
regular,0,0,3,1,1000,5.00000
regular,0,1,3,1,100,3.00000
regular,0,1,3,1,300,3.00000
regular,0,1,3,1,1000,3.00000
regular,0,2,3,1,100,-6.00000
regular,0,2,3,1,300,-1.00000
regular,0,2,3,1,1000,-1.00000
regular,0,0,3,2,100,5.00000
regular,0,0,3,2,300,5.00000
regular,0,0,3,2,1000,5.00000
regular,0,1,3,2,100,5.00000
regular,0,1,3,2,300,5.00000
regular,0,1,3,2,1000,3.00000
regular,0,2,3,2,100,-2.00000
regular,0,2,3,2,300,-2.00000
regular,0,2,3,2,1000,-1.00000
regular,0,0,3,3,100,-2.00000
regular,0,0,3,3,300,2.00000
regular,0,0,3,3,1000,5.00000
regular,0,1,3,3,100,-2.00000
regular,0,1,3,3,300,2.00000
regular,0,1,3,3,1000,3.00000
regular,0,2,3,3,100,-1.00000
regular,0,2,3,3,300,0.00000
regular,0,2,3,3,1000,-2.00000
regular,0,0,3,4,100,-2.00000
regular,0,0,3,4,300,5.00000
regular,0,0,3,4,1000,5.00000
regular,0,1,3,4,100,-2.00000
regular,0,1,3,4,300,3.00000
regular,0,1,3,4,1000,3.00000
regular,0,2,3,4,100,-8.00000
regular,0,2,3,4,300,-7.00000
regular,0,2,3,4,1000,-1.00000
regular,0,0,4,0,100,-10.00000
regular,0,0,4,0,300,-10.00000
regular,0,0,4,0,1000,-3.00000
regular,0,1,4,0,100,-10.00000
regular,0,1,4,0,300,-10.00000
regular,0,1,4,0,1000,-2.00000
regular,0,2,4,0,100,-8.00000
regular,0,2,4,0,300,-8.00000
regular,0,2,4,0,1000,0.00000
regular,0,0,4,1,100,-22.00000
regular,0,0,4,1,300,-23.00000
regular,0,0,4,1,1000,-16.00000
regular,0,1,4,1,100,-22.00000
regular,0,1,4,1,300,-23.00000
regular,0,1,4,1,1000,-15.00000
regular,0,2,4,1,100,-16.00000
regular,0,2,4,1,300,-16.00000
regular,0,2,4,1,1000,-7.00000
regular,0,0,4,2,100,0.00000
regular,0,0,4,2,300,6.00000
regular,0,0,4,2,1000,-16.00000
regular,0,1,4,2,100,0.00000
regular,0,1,4,2,300,6.00000
regular,0,1,4,2,1000,-15.00000
regular,0,2,4,2,100,2.00000
regular,0,2,4,2,300,9.00000
regular,0,2,4,2,1000,-7.00000
regular,0,0,4,3,100,-1.00000
regular,0,0,4,3,300,-15.00000
regular,0,0,4,3,1000,-16.00000
regular,0,1,4,3,100,-1.00000
regular,0,1,4,3,300,-15.00000
regular,0,1,4,3,1000,-15.00000
regular,0,2,4,3,100,0.00000
regular,0,2,4,3,300,-9.00000
regular,0,2,4,3,1000,-7.00000
regular,0,0,4,4,100,-21.00000
regular,0,0,4,4,300,-22.00000
regular,0,0,4,4,1000,-16.00000
regular,0,1,4,4,100,-21.00000
regular,0,1,4,4,300,-22.00000
regular,0,1,4,4,1000,-15.00000
regular,0,2,4,4,100,-14.00000
regular,0,2,4,4,300,-14.00000
regular,0,2,4,4,1000,-7.00000
regular,0,0,5,0,100,9.00000
regular,0,0,5,0,300,14.00000
regular,0,0,5,0,1000,15.00000
regular,0,1,5,0,100,3.00000
regular,0,1,5,0,300,2.00000
regular,0,1,5,0,1000,3.00000
regular,0,2,5,0,100,-14.00000
regular,0,2,5,0,300,-16.00000
regular,0,2,5,0,1000,-15.00000
regular,0,0,5,1,100,16.00000
regular,0,0,5,1,300,16.00000
regular,0,0,5,1,1000,15.00000
regular,0,1,5,1,100,17.00000
regular,0,1,5,1,300,7.00000
regular,0,1,5,1,1000,3.00000
regular,0,2,5,1,100,7.00000
regular,0,2,5,1,300,-6.00000
regular,0,2,5,1,1000,-14.00000
regular,0,0,5,2,100,12.00000
regular,0,0,5,2,300,15.00000
regular,0,0,5,2,1000,15.00000
regular,0,1,5,2,100,-1.00000
regular,0,1,5,2,300,2.00000
regular,0,1,5,2,1000,2.00000
regular,0,2,5,2,100,-10.00000
regular,0,2,5,2,300,-16.00000
regular,0,2,5,2,1000,-16.00000
regular,0,0,5,3,100,3.00000
regular,0,0,5,3,300,14.00000
regular,0,0,5,3,1000,15.00000
regular,0,1,5,3,100,-3.00000
regular,0,1,5,3,300,1.00000
regular,0,1,5,3,1000,2.00000
regular,0,2,5,3,100,-11.00000
regular,0,2,5,3,300,-20.00000
regular,0,2,5,3,1000,-16.00000
regular,0,0,5,4,100,17.00000
regular,0,0,5,4,300,15.00000
regular,0,0,5,4,1000,15.00000
regular,0,1,5,4,100,18.00000
regular,0,1,5,4,300,6.00000
regular,0,1,5,4,1000,2.00000
regular,0,2,5,4,100,5.00000
regular,0,2,5,4,300,-8.00000
regular,0,2,5,4,1000,-16.00000
regular,0,0,6,0,100,-4.00000
regular,0,0,6,0,300,-2.00000
regular,0,0,6,0,1000,-2.00000
regular,0,1,6,0,100,-4.00000
regular,0,1,6,0,300,-2.00000
regular,0,1,6,0,1000,-2.00000
regular,0,2,6,0,100,-3.00000
regular,0,2,6,0,300,0.00000
regular,0,2,6,0,1000,4.00000
regular,0,0,6,1,100,0.00000
regular,0,0,6,1,300,0.00000
regular,0,0,6,1,1000,0.00000
regular,0,1,6,1,100,0.00000
regular,0,1,6,1,300,0.00000
regular,0,1,6,1,1000,0.00000
regular,0,2,6,1,100,0.00000
regular,0,2,6,1,300,6.00000
regular,0,2,6,1,1000,5.00000
regular,0,0,6,2,100,0.00000
regular,0,0,6,2,300,0.00000
regular,0,0,6,2,1000,-2.00000
regular,0,1,6,2,100,0.00000
regular,0,1,6,2,300,0.00000
regular,0,1,6,2,1000,-2.00000
regular,0,2,6,2,100,7.00000
regular,0,2,6,2,300,7.00000
regular,0,2,6,2,1000,5.00000
regular,0,0,6,3,100,-2.00000
regular,0,0,6,3,300,-2.00000
regular,0,0,6,3,1000,-2.00000
regular,0,1,6,3,100,-2.00000
regular,0,1,6,3,300,-2.00000
regular,0,1,6,3,1000,-2.00000
regular,0,2,6,3,100,3.00000
regular,0,2,6,3,300,4.00000
regular,0,2,6,3,1000,4.00000
regular,0,0,6,4,100,-2.00000
regular,0,0,6,4,300,-3.00000
regular,0,0,6,4,1000,-2.00000
regular,0,1,6,4,100,-2.00000
regular,0,1,6,4,300,-3.00000
regular,0,1,6,4,1000,-2.00000
regular,0,2,6,4,100,-2.00000
regular,0,2,6,4,300,-1.00000
regular,0,2,6,4,1000,4.00000
regular,0,0,7,0,100,0.00000
regular,0,0,7,0,300,5.00000
regular,0,0,7,0,1000,5.00000
regular,0,1,7,0,100,0.00000
regular,0,1,7,0,300,5.00000
regular,0,1,7,0,1000,5.00000
regular,0,2,7,0,100,-1.00000
regular,0,2,7,0,300,49.00000
regular,0,2,7,0,1000,53.00000
regular,0,0,7,1,100,0.00000
regular,0,0,7,1,300,0.00000
regular,0,0,7,1,1000,4.00000
regular,0,1,7,1,100,0.00000
regular,0,1,7,1,300,0.00000
regular,0,1,7,1,1000,4.00000
regular,0,2,7,1,100,0.00000
regular,0,2,7,1,300,-1.00000
regular,0,2,7,1,1000,53.00000
regular,0,0,7,2,100,3.00000
regular,0,0,7,2,300,5.00000
regular,0,0,7,2,1000,5.00000
regular,0,1,7,2,100,3.00000
regular,0,1,7,2,300,5.00000
regular,0,1,7,2,1000,5.00000
regular,0,2,7,2,100,46.00000
regular,0,2,7,2,300,51.00000
regular,0,2,7,2,1000,54.00000
regular,0,0,7,3,100,0.00000
regular,0,0,7,3,300,1.00000
regular,0,0,7,3,1000,5.00000
regular,0,1,7,3,100,0.00000
regular,0,1,7,3,300,1.00000
regular,0,1,7,3,1000,5.00000
regular,0,2,7,3,100,15.00000
regular,0,2,7,3,300,40.00000
regular,0,2,7,3,1000,54.00000
regular,0,0,7,4,100,2.00000
regular,0,0,7,4,300,2.00000
regular,0,0,7,4,1000,5.00000
regular,0,1,7,4,100,2.00000
regular,0,1,7,4,300,2.00000
regular,0,1,7,4,1000,5.00000
regular,0,2,7,4,100,49.00000
regular,0,2,7,4,300,52.00000
regular,0,2,7,4,1000,54.00000
regular,0,0,8,0,100,8.00000
regular,0,0,8,0,300,8.00000
regular,0,0,8,0,1000,15.00000
regular,0,1,8,0,100,8.00000
regular,0,1,8,0,300,8.00000
regular,0,1,8,0,1000,10.00000
regular,0,2,8,0,100,36.00000
regular,0,2,8,0,300,37.00000
regular,0,2,8,0,1000,29.00000
regular,0,0,8,1,100,1.00000
regular,0,0,8,1,300,16.00000
regular,0,0,8,1,1000,16.00000
regular,0,1,8,1,100,1.00000
regular,0,1,8,1,300,12.00000
regular,0,1,8,1,1000,11.00000
regular,0,2,8,1,100,28.00000
regular,0,2,8,1,300,33.00000
regular,0,2,8,1,1000,32.00000
regular,0,0,8,2,100,13.00000
regular,0,0,8,2,300,16.00000
regular,0,0,8,2,1000,16.00000
regular,0,1,8,2,100,11.00000
regular,0,1,8,2,300,13.00000
regular,0,1,8,2,1000,13.00000
regular,0,2,8,2,100,6.00000
regular,0,2,8,2,300,30.00000
regular,0,2,8,2,1000,31.00000
regular,0,0,8,3,100,0.00000
regular,0,0,8,3,300,16.00000
regular,0,0,8,3,1000,16.00000
regular,0,1,8,3,100,-5.00000
regular,0,1,8,3,300,11.00000
regular,0,1,8,3,1000,11.00000
regular,0,2,8,3,100,-11.00000
regular,0,2,8,3,300,27.00000
regular,0,2,8,3,1000,29.00000
regular,0,0,8,4,100,1.00000
regular,0,0,8,4,300,1.00000
regular,0,0,8,4,1000,16.00000
regular,0,1,8,4,100,1.00000
regular,0,1,8,4,300,1.00000
regular,0,1,8,4,1000,11.00000
regular,0,2,8,4,100,8.00000
regular,0,2,8,4,300,8.00000
regular,0,2,8,4,1000,29.00000
regular,0,0,9,0,100,11.00000
regular,0,0,9,0,300,31.00000
regular,0,0,9,0,1000,32.00000
regular,0,1,9,0,100,2.00000
regular,0,1,9,0,300,27.00000
regular,0,1,9,0,1000,30.00000
regular,0,2,9,0,100,-18.00000
regular,0,2,9,0,300,-25.00000
regular,0,2,9,0,1000,-25.00000
regular,0,0,9,1,100,0.00000
regular,0,0,9,1,300,19.00000
regular,0,0,9,1,1000,32.00000
regular,0,1,9,1,100,0.00000
regular,0,1,9,1,300,14.00000
regular,0,1,9,1,1000,28.00000
regular,0,2,9,1,100,0.00000
regular,0,2,9,1,300,-24.00000
regular,0,2,9,1,1000,-27.00000
regular,0,0,9,2,100,21.00000
regular,0,0,9,2,300,30.00000
regular,0,0,9,2,1000,32.00000
regular,0,1,9,2,100,14.00000
regular,0,1,9,2,300,26.00000
regular,0,1,9,2,1000,28.00000
regular,0,2,9,2,100,-29.00000
regular,0,2,9,2,300,-29.00000
regular,0,2,9,2,1000,-27.00000
regular,0,0,9,3,100,7.00000
regular,0,0,9,3,300,7.00000
regular,0,0,9,3,1000,32.00000
regular,0,1,9,3,100,4.00000
regular,0,1,9,3,300,4.00000
regular,0,1,9,3,1000,28.00000
regular,0,2,9,3,100,-6.00000
regular,0,2,9,3,300,-6.00000
regular,0,2,9,3,1000,-27.00000
regular,0,0,9,4,100,0.00000
regular,0,0,9,4,300,22.00000
regular,0,0,9,4,1000,32.00000
regular,0,1,9,4,100,0.00000
regular,0,1,9,4,300,14.00000
regular,0,1,9,4,1000,28.00000
regular,0,2,9,4,100,0.00000
regular,0,2,9,4,300,-28.00000
regular,0,2,9,4,1000,-27.00000
regular,0,0,10,0,100,1.00000
regular,0,0,10,0,300,2.00000
regular,0,0,10,0,1000,2.00000
regular,0,1,10,0,100,1.00000
regular,0,1,10,0,300,2.00000
regular,0,1,10,0,1000,2.00000
regular,0,2,10,0,100,10.00000
regular,0,2,10,0,300,32.00000
regular,0,2,10,0,1000,34.00000
regular,0,0,10,1,100,-1.00000
regular,0,0,10,1,300,2.00000
regular,0,0,10,1,1000,2.00000
regular,0,1,10,1,100,-1.00000
regular,0,1,10,1,300,2.00000
regular,0,1,10,1,1000,2.00000
regular,0,2,10,1,100,8.00000
regular,0,2,10,1,300,27.00000
regular,0,2,10,1,1000,34.00000
regular,0,0,10,2,100,0.00000
regular,0,0,10,2,300,1.00000
regular,0,0,10,2,1000,2.00000
regular,0,1,10,2,100,0.00000
regular,0,1,10,2,300,1.00000
regular,0,1,10,2,1000,2.00000
regular,0,2,10,2,100,16.00000
regular,0,2,10,2,300,28.00000
regular,0,2,10,2,1000,34.00000
regular,0,0,10,3,100,-1.00000
regular,0,0,10,3,300,-1.00000
regular,0,0,10,3,1000,2.00000
regular,0,1,10,3,100,-1.00000
regular,0,1,10,3,300,-1.00000
regular,0,1,10,3,1000,2.00000
regular,0,2,10,3,100,6.00000
regular,0,2,10,3,300,7.00000
regular,0,2,10,3,1000,34.00000
regular,0,0,10,4,100,0.00000
regular,0,0,10,4,300,1.00000
regular,0,0,10,4,1000,2.00000
regular,0,1,10,4,100,0.00000
regular,0,1,10,4,300,1.00000
regular,0,1,10,4,1000,2.00000
regular,0,2,10,4,100,27.00000
regular,0,2,10,4,300,29.00000
regular,0,2,10,4,1000,34.00000
regular,0,0,11,0,100,0.00000
regular,0,0,11,0,300,0.00000
regular,0,0,11,0,1000,-2.00000
regular,0,1,11,0,100,0.00000
regular,0,1,11,0,300,0.00000
regular,0,1,11,0,1000,-2.00000
regular,0,2,11,0,100,0.00000
regular,0,2,11,0,300,2.00000
regular,0,2,11,0,1000,2.00000
regular,0,0,11,1,100,-2.00000
regular,0,0,11,1,300,-2.00000
regular,0,0,11,1,1000,-2.00000
regular,0,1,11,1,100,-2.00000
regular,0,1,11,1,300,-2.00000
regular,0,1,11,1,1000,-2.00000
regular,0,2,11,1,100,0.00000
regular,0,2,11,1,300,1.00000
regular,0,2,11,1,1000,2.00000
regular,0,0,11,2,100,0.00000
regular,0,0,11,2,300,0.00000
regular,0,0,11,2,1000,-2.00000
regular,0,1,11,2,100,0.00000
regular,0,1,11,2,300,0.00000
regular,0,1,11,2,1000,-2.00000
regular,0,2,11,2,100,-1.00000
regular,0,2,11,2,300,1.00000
regular,0,2,11,2,1000,2.00000
regular,0,0,11,3,100,-2.00000
regular,0,0,11,3,300,-2.00000
regular,0,0,11,3,1000,-2.00000
regular,0,1,11,3,100,-2.00000
regular,0,1,11,3,300,-2.00000
regular,0,1,11,3,1000,-2.00000
regular,0,2,11,3,100,-1.00000
regular,0,2,11,3,300,1.00000
regular,0,2,11,3,1000,1.00000
regular,0,0,11,4,100,0.00000
regular,0,0,11,4,300,-1.00000
regular,0,0,11,4,1000,-2.00000
regular,0,1,11,4,100,0.00000
regular,0,1,11,4,300,-1.00000
regular,0,1,11,4,1000,-2.00000
regular,0,2,11,4,100,-1.00000
regular,0,2,11,4,300,0.00000
regular,0,2,11,4,1000,0.00000
regular,0,0,12,0,100,-26.00000
regular,0,0,12,0,300,-36.00000
regular,0,0,12,0,1000,-36.00000
regular,0,1,12,0,100,-26.00000
regular,0,1,12,0,300,-36.00000
regular,0,1,12,0,1000,-36.00000
regular,0,2,12,0,100,-19.00000
regular,0,2,12,0,300,-28.00000
regular,0,2,12,0,1000,-30.00000
regular,0,0,12,1,100,-5.00000
regular,0,0,12,1,300,-11.00000
regular,0,0,12,1,1000,-36.00000
regular,0,1,12,1,100,-5.00000
regular,0,1,12,1,300,-11.00000
regular,0,1,12,1,1000,-36.00000
regular,0,2,12,1,100,-8.00000
regular,0,2,12,1,300,-12.00000
regular,0,2,12,1,1000,-30.00000
regular,0,0,12,2,100,-2.00000
regular,0,0,12,2,300,-35.00000
regular,0,0,12,2,1000,-36.00000
regular,0,1,12,2,100,-2.00000
regular,0,1,12,2,300,-35.00000
regular,0,1,12,2,1000,-36.00000
regular,0,2,12,2,100,-8.00000
regular,0,2,12,2,300,-29.00000
regular,0,2,12,2,1000,-30.00000
regular,0,0,12,3,100,-33.00000
regular,0,0,12,3,300,-35.00000
regular,0,0,12,3,1000,-36.00000
regular,0,1,12,3,100,-33.00000
regular,0,1,12,3,300,-35.00000
regular,0,1,12,3,1000,-36.00000
regular,0,2,12,3,100,-25.00000
regular,0,2,12,3,300,-30.00000
regular,0,2,12,3,1000,-30.00000
regular,0,0,12,4,100,-5.00000
regular,0,0,12,4,300,-35.00000
regular,0,0,12,4,1000,-36.00000
regular,0,1,12,4,100,-5.00000
regular,0,1,12,4,300,-35.00000
regular,0,1,12,4,1000,-36.00000
regular,0,2,12,4,100,-9.00000
regular,0,2,12,4,300,-30.00000
regular,0,2,12,4,1000,-30.00000
regular,0,0,13,0,100,0.00000
regular,0,0,13,0,300,-7.00000
regular,0,0,13,0,1000,-11.00000
regular,0,1,13,0,100,0.00000
regular,0,1,13,0,300,-7.00000
regular,0,1,13,0,1000,-11.00000
regular,0,2,13,0,100,2.00000
regular,0,2,13,0,300,-6.00000
regular,0,2,13,0,1000,-6.00000
regular,0,0,13,1,100,-8.00000
regular,0,0,13,1,300,-10.00000
regular,0,0,13,1,1000,-11.00000
regular,0,1,13,1,100,-8.00000
regular,0,1,13,1,300,-10.00000
regular,0,1,13,1,1000,-11.00000
regular,0,2,13,1,100,-4.00000
regular,0,2,13,1,300,-6.00000
regular,0,2,13,1,1000,-7.00000
regular,0,0,13,2,100,-1.00000
regular,0,0,13,2,300,-5.00000
regular,0,0,13,2,1000,-8.00000
regular,0,1,13,2,100,-1.00000
regular,0,1,13,2,300,-5.00000
regular,0,1,13,2,1000,-8.00000
regular,0,2,13,2,100,1.00000
regular,0,2,13,2,300,0.00000
regular,0,2,13,2,1000,-3.00000
regular,0,0,13,3,100,-7.00000
regular,0,0,13,3,300,-10.00000
regular,0,0,13,3,1000,-11.00000
regular,0,1,13,3,100,-7.00000
regular,0,1,13,3,300,-10.00000
regular,0,1,13,3,1000,-11.00000
regular,0,2,13,3,100,-6.00000
regular,0,2,13,3,300,-5.00000
regular,0,2,13,3,1000,-6.00000
regular,0,0,13,4,100,-4.00000
regular,0,0,13,4,300,-5.00000
regular,0,0,13,4,1000,-11.00000
regular,0,1,13,4,100,-4.00000
regular,0,1,13,4,300,-5.00000
regular,0,1,13,4,1000,-11.00000
regular,0,2,13,4,100,-4.00000
regular,0,2,13,4,300,-4.00000
regular,0,2,13,4,1000,-6.00000
regular,0,0,14,0,100,6.00000
regular,0,0,14,0,300,3.00000
regular,0,0,14,0,1000,-8.00000
regular,0,1,14,0,100,6.00000
regular,0,1,14,0,300,3.00000
regular,0,1,14,0,1000,-8.00000
regular,0,2,14,0,100,8.00000
regular,0,2,14,0,300,7.00000
regular,0,2,14,0,1000,4.00000
regular,0,0,14,1,100,-8.00000
regular,0,0,14,1,300,-8.00000
regular,0,0,14,1,1000,-6.00000
regular,0,1,14,1,100,-8.00000
regular,0,1,14,1,300,-8.00000
regular,0,1,14,1,1000,-6.00000
regular,0,2,14,1,100,-4.00000
regular,0,2,14,1,300,13.00000
regular,0,2,14,1,1000,15.00000
regular,0,0,14,2,100,6.00000
regular,0,0,14,2,300,-4.00000
regular,0,0,14,2,1000,-8.00000
regular,0,1,14,2,100,6.00000
regular,0,1,14,2,300,-4.00000
regular,0,1,14,2,1000,-8.00000
regular,0,2,14,2,100,11.00000
regular,0,2,14,2,300,6.00000
regular,0,2,14,2,1000,13.00000
regular,0,0,14,3,100,-2.00000
regular,0,0,14,3,300,-1.00000
regular,0,0,14,3,1000,-8.00000
regular,0,1,14,3,100,-2.00000
regular,0,1,14,3,300,-1.00000
regular,0,1,14,3,1000,-8.00000
regular,0,2,14,3,100,-2.00000
regular,0,2,14,3,300,11.00000
regular,0,2,14,3,1000,13.00000
regular,0,0,14,4,100,3.00000
regular,0,0,14,4,300,5.00000
regular,0,0,14,4,1000,5.00000
regular,0,1,14,4,100,3.00000
regular,0,1,14,4,300,5.00000
regular,0,1,14,4,1000,5.00000
regular,0,2,14,4,100,12.00000
regular,0,2,14,4,300,22.00000
regular,0,2,14,4,1000,22.00000
regular,0,0,15,0,100,-5.00000
regular,0,0,15,0,300,-5.00000
regular,0,0,15,0,1000,17.00000
regular,0,1,15,0,100,-9.00000
regular,0,1,15,0,300,-12.00000
regular,0,1,15,0,1000,9.00000
regular,0,2,15,0,100,-14.00000
regular,0,2,15,0,300,-17.00000
regular,0,2,15,0,1000,-11.00000
regular,0,0,15,1,100,19.00000
regular,0,0,15,1,300,20.00000
regular,0,0,15,1,1000,21.00000
regular,0,1,15,1,100,15.00000
regular,0,1,15,1,300,19.00000
regular,0,1,15,1,1000,12.00000
regular,0,2,15,1,100,-6.00000
regular,0,2,15,1,300,-4.00000
regular,0,2,15,1,1000,-12.00000
regular,0,0,15,2,100,1.00000
regular,0,0,15,2,300,1.00000
regular,0,0,15,2,1000,21.00000
regular,0,1,15,2,100,1.00000
regular,0,1,15,2,300,-6.00000
regular,0,1,15,2,1000,17.00000
regular,0,2,15,2,100,1.00000
regular,0,2,15,2,300,-18.00000
regular,0,2,15,2,1000,-7.00000
regular,0,0,15,3,100,9.00000
regular,0,0,15,3,300,12.00000
regular,0,0,15,3,1000,19.00000
regular,0,1,15,3,100,10.00000
regular,0,1,15,3,300,13.00000
regular,0,1,15,3,1000,19.00000
regular,0,2,15,3,100,0.00000
regular,0,2,15,3,300,3.00000
regular,0,2,15,3,1000,-2.00000
regular,0,0,15,4,100,1.00000
regular,0,0,15,4,300,14.00000
regular,0,0,15,4,1000,13.00000
regular,0,1,15,4,100,-5.00000
regular,0,1,15,4,300,7.00000
regular,0,1,15,4,1000,4.00000
regular,0,2,15,4,100,-13.00000
regular,0,2,15,4,300,-24.00000
regular,0,2,15,4,1000,-28.00000
regular,0,0,16,0,100,0.00000
regular,0,0,16,0,300,0.00000
regular,0,0,16,0,1000,0.00000
regular,0,1,16,0,100,0.00000
regular,0,1,16,0,300,0.00000
regular,0,1,16,0,1000,0.00000
regular,0,2,16,0,100,0.00000
regular,0,2,16,0,300,0.00000
regular,0,2,16,0,1000,0.00000
regular,0,0,16,1,100,0.00000
regular,0,0,16,1,300,0.00000
regular,0,0,16,1,1000,0.00000
regular,0,1,16,1,100,0.00000
regular,0,1,16,1,300,0.00000
regular,0,1,16,1,1000,0.00000
regular,0,2,16,1,100,0.00000
regular,0,2,16,1,300,0.00000
regular,0,2,16,1,1000,0.00000
regular,0,0,16,2,100,0.00000
regular,0,0,16,2,300,0.00000
regular,0,0,16,2,1000,0.00000
regular,0,1,16,2,100,0.00000
regular,0,1,16,2,300,0.00000
regular,0,1,16,2,1000,0.00000
regular,0,2,16,2,100,0.00000
regular,0,2,16,2,300,0.00000
regular,0,2,16,2,1000,0.00000
regular,0,0,16,3,100,0.00000
regular,0,0,16,3,300,0.00000
regular,0,0,16,3,1000,0.00000
regular,0,1,16,3,100,0.00000
regular,0,1,16,3,300,0.00000
regular,0,1,16,3,1000,0.00000
regular,0,2,16,3,100,0.00000
regular,0,2,16,3,300,0.00000
regular,0,2,16,3,1000,0.00000
regular,0,0,16,4,100,0.00000
regular,0,0,16,4,300,0.00000
regular,0,0,16,4,1000,0.00000
regular,0,1,16,4,100,0.00000
regular,0,1,16,4,300,0.00000
regular,0,1,16,4,1000,0.00000
regular,0,2,16,4,100,0.00000
regular,0,2,16,4,300,0.00000
regular,0,2,16,4,1000,0.00000
regular,0,0,17,0,100,-14.00000
regular,0,0,17,0,300,-14.00000
regular,0,0,17,0,1000,-14.00000
regular,0,1,17,0,100,-14.00000
regular,0,1,17,0,300,-16.00000
regular,0,1,17,0,1000,-16.00000
regular,0,2,17,0,100,-5.00000
regular,0,2,17,0,300,-7.00000
regular,0,2,17,0,1000,-6.00000
regular,0,0,17,1,100,0.00000
regular,0,0,17,1,300,0.00000
regular,0,0,17,1,1000,-14.00000
regular,0,1,17,1,100,0.00000
regular,0,1,17,1,300,0.00000
regular,0,1,17,1,1000,-16.00000
regular,0,2,17,1,100,1.00000
regular,0,2,17,1,300,1.00000
regular,0,2,17,1,1000,-6.00000
regular,0,0,17,2,100,-4.00000
regular,0,0,17,2,300,-14.00000
regular,0,0,17,2,1000,-14.00000
regular,0,1,17,2,100,-6.00000
regular,0,1,17,2,300,-16.00000
regular,0,1,17,2,1000,-16.00000
regular,0,2,17,2,100,-5.00000
regular,0,2,17,2,300,-6.00000
regular,0,2,17,2,1000,-6.00000
regular,0,0,17,3,100,-1.00000
regular,0,0,17,3,300,-14.00000
regular,0,0,17,3,1000,-14.00000
regular,0,1,17,3,100,-1.00000
regular,0,1,17,3,300,-15.00000
regular,0,1,17,3,1000,-16.00000
regular,0,2,17,3,100,0.00000
regular,0,2,17,3,300,-5.00000
regular,0,2,17,3,1000,-6.00000
regular,0,0,17,4,100,-8.00000
regular,0,0,17,4,300,-14.00000
regular,0,0,17,4,1000,-14.00000
regular,0,1,17,4,100,-8.00000
regular,0,1,17,4,300,-16.00000
regular,0,1,17,4,1000,-16.00000
regular,0,2,17,4,100,-1.00000
regular,0,2,17,4,300,-6.00000
regular,0,2,17,4,1000,-6.00000
regular,0,0,18,0,100,1.00000
regular,0,0,18,0,300,1.00000
regular,0,0,18,0,1000,17.00000
regular,0,1,18,0,100,1.00000
regular,0,1,18,0,300,1.00000
regular,0,1,18,0,1000,17.00000
regular,0,2,18,0,100,7.00000
regular,0,2,18,0,300,7.00000
regular,0,2,18,0,1000,4.00000
regular,0,0,18,1,100,2.00000
regular,0,0,18,1,300,1.00000
regular,0,0,18,1,1000,13.00000
regular,0,1,18,1,100,2.00000
regular,0,1,18,1,300,1.00000
regular,0,1,18,1,1000,13.00000
regular,0,2,18,1,100,3.00000
regular,0,2,18,1,300,4.00000
regular,0,2,18,1,1000,6.00000
regular,0,0,18,2,100,9.00000
regular,0,0,18,2,300,13.00000
regular,0,0,18,2,1000,14.00000
regular,0,1,18,2,100,9.00000
regular,0,1,18,2,300,13.00000
regular,0,1,18,2,1000,14.00000
regular,0,2,18,2,100,8.00000
regular,0,2,18,2,300,7.00000
regular,0,2,18,2,1000,3.00000
regular,0,0,18,3,100,17.00000
regular,0,0,18,3,300,18.00000
regular,0,0,18,3,1000,17.00000
regular,0,1,18,3,100,17.00000
regular,0,1,18,3,300,18.00000
regular,0,1,18,3,1000,17.00000
regular,0,2,18,3,100,8.00000
regular,0,2,18,3,300,4.00000
regular,0,2,18,3,1000,4.00000
regular,0,0,18,4,100,15.00000
regular,0,0,18,4,300,18.00000
regular,0,0,18,4,1000,17.00000
regular,0,1,18,4,100,15.00000
regular,0,1,18,4,300,18.00000
regular,0,1,18,4,1000,17.00000
regular,0,2,18,4,100,4.00000
regular,0,2,18,4,300,4.00000
regular,0,2,18,4,1000,4.00000
regular,0,0,19,0,100,1.00000
regular,0,0,19,0,300,-3.00000
regular,0,0,19,0,1000,-1.00000
regular,0,1,19,0,100,-4.00000
regular,0,1,19,0,300,-4.00000
regular,0,1,19,0,1000,-2.00000
regular,0,2,19,0,100,-16.00000
regular,0,2,19,0,300,-25.00000
regular,0,2,19,0,1000,-25.00000
regular,0,0,19,1,100,-6.00000
regular,0,0,19,1,300,-11.00000
regular,0,0,19,1,1000,-1.00000
regular,0,1,19,1,100,-6.00000
regular,0,1,19,1,300,-12.00000
regular,0,1,19,1,1000,-4.00000
regular,0,2,19,1,100,-9.00000
regular,0,2,19,1,300,-14.00000
regular,0,2,19,1,1000,-27.00000
regular,0,0,19,2,100,-9.00000
regular,0,0,19,2,300,-9.00000
regular,0,0,19,2,1000,-5.00000
regular,0,1,19,2,100,-11.00000
regular,0,1,19,2,300,-11.00000
regular,0,1,19,2,1000,-11.00000
regular,0,2,19,2,100,-16.00000
regular,0,2,19,2,300,-16.00000
regular,0,2,19,2,1000,-27.00000
regular,0,0,19,3,100,-7.00000
regular,0,0,19,3,300,-7.00000
regular,0,0,19,3,1000,-3.00000
regular,0,1,19,3,100,-7.00000
regular,0,1,19,3,300,-8.00000
regular,0,1,19,3,1000,-6.00000
regular,0,2,19,3,100,-11.00000
regular,0,2,19,3,300,-25.00000
regular,0,2,19,3,1000,-27.00000
regular,0,0,19,4,100,-4.00000
regular,0,0,19,4,300,-4.00000
regular,0,0,19,4,1000,3.00000
regular,0,1,19,4,100,-11.00000
regular,0,1,19,4,300,-10.00000
regular,0,1,19,4,1000,0.00000
regular,0,2,19,4,100,-17.00000
regular,0,2,19,4,300,-23.00000
regular,0,2,19,4,1000,-25.00000
regular,0,0,20,0,100,0.00000
regular,0,0,20,0,300,-15.00000
regular,0,0,20,0,1000,-28.00000
regular,0,1,20,0,100,0.00000
regular,0,1,20,0,300,-21.00000
regular,0,1,20,0,1000,-49.00000
regular,0,2,20,0,100,0.00000
regular,0,2,20,0,300,-20.00000
regular,0,2,20,0,1000,-45.00000
regular,0,0,20,1,100,0.00000
regular,0,0,20,1,300,-22.00000
regular,0,0,20,1,1000,-28.00000
regular,0,1,20,1,100,0.00000
regular,0,1,20,1,300,-34.00000
regular,0,1,20,1,1000,-49.00000
regular,0,2,20,1,100,0.00000
regular,0,2,20,1,300,-30.00000
regular,0,2,20,1,1000,-45.00000
regular,0,0,20,2,100,-14.00000
regular,0,0,20,2,300,-28.00000
regular,0,0,20,2,1000,-28.00000
regular,0,1,20,2,100,-32.00000
regular,0,1,20,2,300,-48.00000
regular,0,1,20,2,1000,-49.00000
regular,0,2,20,2,100,-33.00000
regular,0,2,20,2,300,-44.00000
regular,0,2,20,2,1000,-45.00000
regular,0,0,20,3,100,-9.00000
regular,0,0,20,3,300,-27.00000
regular,0,0,20,3,1000,-27.00000
regular,0,1,20,3,100,-23.00000
regular,0,1,20,3,300,-46.00000
regular,0,1,20,3,1000,-48.00000
regular,0,2,20,3,100,-26.00000
regular,0,2,20,3,300,-43.00000
regular,0,2,20,3,1000,-45.00000
regular,0,0,20,4,100,-15.00000
regular,0,0,20,4,300,-26.00000
regular,0,0,20,4,1000,-28.00000
regular,0,1,20,4,100,-33.00000
regular,0,1,20,4,300,-44.00000
regular,0,1,20,4,1000,-48.00000
regular,0,2,20,4,100,-34.00000
regular,0,2,20,4,300,-38.00000
regular,0,2,20,4,1000,-44.00000
regular,0,0,21,0,100,0.00000
regular,0,0,21,0,300,13.00000
regular,0,0,21,0,1000,19.00000
regular,0,1,21,0,100,0.00000
regular,0,1,21,0,300,12.00000
regular,0,1,21,0,1000,20.00000
regular,0,2,21,0,100,1.00000
regular,0,2,21,0,300,17.00000
regular,0,2,21,0,1000,24.00000
regular,0,0,21,1,100,10.00000
regular,0,0,21,1,300,13.00000
regular,0,0,21,1,1000,13.00000
regular,0,1,21,1,100,10.00000
regular,0,1,21,1,300,13.00000
regular,0,1,21,1,1000,13.00000
regular,0,2,21,1,100,26.00000
regular,0,2,21,1,300,26.00000
regular,0,2,21,1,1000,26.00000
regular,0,0,21,2,100,7.00000
regular,0,0,21,2,300,15.00000
regular,0,0,21,2,1000,18.00000
regular,0,1,21,2,100,5.00000
regular,0,1,21,2,300,13.00000
regular,0,1,21,2,1000,17.00000
regular,0,2,21,2,100,4.00000
regular,0,2,21,2,300,10.00000
regular,0,2,21,2,1000,22.00000
regular,0,0,21,3,100,9.00000
regular,0,0,21,3,300,19.00000
regular,0,0,21,3,1000,19.00000
regular,0,1,21,3,100,9.00000
regular,0,1,21,3,300,21.00000
regular,0,1,21,3,1000,18.00000
regular,0,2,21,3,100,26.00000
regular,0,2,21,3,300,26.00000
regular,0,2,21,3,1000,22.00000
regular,0,0,21,4,100,7.00000
regular,0,0,21,4,300,7.00000
regular,0,0,21,4,1000,11.00000
regular,0,1,21,4,100,7.00000
regular,0,1,21,4,300,7.00000
regular,0,1,21,4,1000,8.00000
regular,0,2,21,4,100,24.00000
regular,0,2,21,4,300,24.00000
regular,0,2,21,4,1000,20.00000
regular,0,0,22,0,100,1.00000
regular,0,0,22,0,300,21.00000
regular,0,0,22,0,1000,19.00000
regular,0,1,22,0,100,1.00000
regular,0,1,22,0,300,21.00000
regular,0,1,22,0,1000,19.00000
regular,0,2,22,0,100,9.00000
regular,0,2,22,0,300,20.00000
regular,0,2,22,0,1000,19.00000
regular,0,0,22,1,100,0.00000
regular,0,0,22,1,300,13.00000
regular,0,0,22,1,1000,19.00000
regular,0,1,22,1,100,0.00000
regular,0,1,22,1,300,13.00000
regular,0,1,22,1,1000,19.00000
regular,0,2,22,1,100,6.00000
regular,0,2,22,1,300,20.00000
regular,0,2,22,1,1000,19.00000
regular,0,0,22,2,100,6.00000
regular,0,0,22,2,300,19.00000
regular,0,0,22,2,1000,19.00000
regular,0,1,22,2,100,6.00000
regular,0,1,22,2,300,19.00000
regular,0,1,22,2,1000,19.00000
regular,0,2,22,2,100,16.00000
regular,0,2,22,2,300,20.00000
regular,0,2,22,2,1000,19.00000
regular,0,0,22,3,100,16.00000
regular,0,0,22,3,300,19.00000
regular,0,0,22,3,1000,19.00000
regular,0,1,22,3,100,16.00000
regular,0,1,22,3,300,19.00000
regular,0,1,22,3,1000,19.00000
regular,0,2,22,3,100,13.00000
regular,0,2,22,3,300,17.00000
regular,0,2,22,3,1000,19.00000
regular,0,0,22,4,100,14.00000
regular,0,0,22,4,300,18.00000
regular,0,0,22,4,1000,19.00000
regular,0,1,22,4,100,14.00000
regular,0,1,22,4,300,18.00000
regular,0,1,22,4,1000,19.00000
regular,0,2,22,4,100,21.00000
regular,0,2,22,4,300,24.00000
regular,0,2,22,4,1000,19.00000
regular,0,0,23,0,100,9.00000
regular,0,0,23,0,300,9.00000
regular,0,0,23,0,1000,10.00000
regular,0,1,23,0,100,7.00000
regular,0,1,23,0,300,7.00000
regular,0,1,23,0,1000,9.00000
regular,0,2,23,0,100,2.00000
regular,0,2,23,0,300,5.00000
regular,0,2,23,0,1000,4.00000
regular,0,0,23,1,100,-1.00000
regular,0,0,23,1,300,7.00000
regular,0,0,23,1,1000,10.00000
regular,0,1,23,1,100,-1.00000
regular,0,1,23,1,300,5.00000
regular,0,1,23,1,1000,9.00000
regular,0,2,23,1,100,9.00000
regular,0,2,23,1,300,14.00000
regular,0,2,23,1,1000,4.00000
regular,0,0,23,2,100,9.00000
regular,0,0,23,2,300,10.00000
regular,0,0,23,2,1000,10.00000
regular,0,1,23,2,100,9.00000
regular,0,1,23,2,300,10.00000
regular,0,1,23,2,1000,8.00000
regular,0,2,23,2,100,-12.00000
regular,0,2,23,2,300,6.00000
regular,0,2,23,2,1000,2.00000
regular,0,0,23,3,100,0.00000
regular,0,0,23,3,300,8.00000
regular,0,0,23,3,1000,10.00000
regular,0,1,23,3,100,0.00000
regular,0,1,23,3,300,6.00000
regular,0,1,23,3,1000,8.00000
regular,0,2,23,3,100,16.00000
regular,0,2,23,3,300,-1.00000
regular,0,2,23,3,1000,3.00000
regular,0,0,23,4,100,9.00000
regular,0,0,23,4,300,10.00000
regular,0,0,23,4,1000,10.00000
regular,0,1,23,4,100,8.00000
regular,0,1,23,4,300,9.00000
regular,0,1,23,4,1000,7.00000
regular,0,2,23,4,100,-7.00000
regular,0,2,23,4,300,11.00000
regular,0,2,23,4,1000,4.00000
regular,0,0,24,0,100,0.00000
regular,0,0,24,0,300,-3.00000
regular,0,0,24,0,1000,-3.00000
regular,0,1,24,0,100,0.00000
regular,0,1,24,0,300,-3.00000
regular,0,1,24,0,1000,-3.00000
regular,0,2,24,0,100,0.00000
regular,0,2,24,0,300,-3.00000
regular,0,2,24,0,1000,-3.00000
regular,0,0,24,1,100,-1.00000
regular,0,0,24,1,300,-1.00000
regular,0,0,24,1,1000,-1.00000
regular,0,1,24,1,100,-1.00000
regular,0,1,24,1,300,-1.00000
regular,0,1,24,1,1000,-1.00000
regular,0,2,24,1,100,-1.00000
regular,0,2,24,1,300,-1.00000
regular,0,2,24,1,1000,-1.00000
regular,0,0,24,2,100,-3.00000
regular,0,0,24,2,300,-3.00000
regular,0,0,24,2,1000,-3.00000
regular,0,1,24,2,100,-3.00000
regular,0,1,24,2,300,-3.00000
regular,0,1,24,2,1000,-3.00000
regular,0,2,24,2,100,-3.00000
regular,0,2,24,2,300,-3.00000
regular,0,2,24,2,1000,-3.00000
regular,0,0,24,3,100,0.00000
regular,0,0,24,3,300,0.00000
regular,0,0,24,3,1000,-3.00000
regular,0,1,24,3,100,0.00000
regular,0,1,24,3,300,0.00000
regular,0,1,24,3,1000,-3.00000
regular,0,2,24,3,100,0.00000
regular,0,2,24,3,300,0.00000
regular,0,2,24,3,1000,-3.00000
regular,0,0,24,4,100,-3.00000
regular,0,0,24,4,300,-3.00000
regular,0,0,24,4,1000,-3.00000
regular,0,1,24,4,100,-3.00000
regular,0,1,24,4,300,-3.00000
regular,0,1,24,4,1000,-3.00000
regular,0,2,24,4,100,-3.00000
regular,0,2,24,4,300,-3.00000
regular,0,2,24,4,1000,-3.00000
regular,0,0,25,0,100,-21.00000
regular,0,0,25,0,300,-25.00000
regular,0,0,25,0,1000,-26.00000
regular,0,1,25,0,100,-22.00000
regular,0,1,25,0,300,-36.00000
regular,0,1,25,0,1000,-37.00000
regular,0,2,25,0,100,-11.00000
regular,0,2,25,0,300,-25.00000
regular,0,2,25,0,1000,-26.00000
regular,0,0,25,1,100,-18.00000
regular,0,0,25,1,300,-27.00000
regular,0,0,25,1,1000,-29.00000
regular,0,1,25,1,100,-27.00000
regular,0,1,25,1,300,-38.00000
regular,0,1,25,1,1000,-40.00000
regular,0,2,25,1,100,-20.00000
regular,0,2,25,1,300,-27.00000
regular,0,2,25,1,1000,-29.00000
regular,0,0,25,2,100,-26.00000
regular,0,0,25,2,300,-29.00000
regular,0,0,25,2,1000,-29.00000
regular,0,1,25,2,100,-27.00000
regular,0,1,25,2,300,-40.00000
regular,0,1,25,2,1000,-40.00000
regular,0,2,25,2,100,-16.00000
regular,0,2,25,2,300,-29.00000
regular,0,2,25,2,1000,-29.00000
regular,0,0,25,3,100,-17.00000
regular,0,0,25,3,300,-23.00000
regular,0,0,25,3,1000,-28.00000
regular,0,1,25,3,100,-24.00000
regular,0,1,25,3,300,-34.00000
regular,0,1,25,3,1000,-39.00000
regular,0,2,25,3,100,-20.00000
regular,0,2,25,3,300,-25.00000
regular,0,2,25,3,1000,-28.00000
regular,0,0,25,4,100,-22.00000
regular,0,0,25,4,300,-27.00000
regular,0,0,25,4,1000,-28.00000
regular,0,1,25,4,100,-33.00000
regular,0,1,25,4,300,-38.00000
regular,0,1,25,4,1000,-39.00000
regular,0,2,25,4,100,-24.00000
regular,0,2,25,4,300,-29.00000
regular,0,2,25,4,1000,-29.00000
regular,0,0,26,0,100,0.00000
regular,0,0,26,0,300,-3.00000
regular,0,0,26,0,1000,-4.00000
regular,0,1,26,0,100,0.00000
regular,0,1,26,0,300,-10.00000
regular,0,1,26,0,1000,-12.00000
regular,0,2,26,0,100,0.00000
regular,0,2,26,0,300,-6.00000
regular,0,2,26,0,1000,-3.00000
regular,0,0,26,1,100,0.00000
regular,0,0,26,1,300,0.00000
regular,0,0,26,1,1000,-3.00000
regular,0,1,26,1,100,0.00000
regular,0,1,26,1,300,0.00000
regular,0,1,26,1,1000,-3.00000
regular,0,2,26,1,100,7.00000
regular,0,2,26,1,300,8.00000
regular,0,2,26,1,1000,6.00000
regular,0,0,26,2,100,-2.00000
regular,0,0,26,2,300,-3.00000
regular,0,0,26,2,1000,-3.00000
regular,0,1,26,2,100,-2.00000
regular,0,1,26,2,300,-5.00000
regular,0,1,26,2,1000,-11.00000
regular,0,2,26,2,100,5.00000
regular,0,2,26,2,300,2.00000
regular,0,2,26,2,1000,-3.00000
regular,0,0,26,3,100,-2.00000
regular,0,0,26,3,300,-2.00000
regular,0,0,26,3,1000,-4.00000
regular,0,1,26,3,100,-9.00000
regular,0,1,26,3,300,-10.00000
regular,0,1,26,3,1000,-12.00000
regular,0,2,26,3,100,-9.00000
regular,0,2,26,3,300,-10.00000
regular,0,2,26,3,1000,-3.00000
regular,0,0,26,4,100,0.00000
regular,0,0,26,4,300,-3.00000
regular,0,0,26,4,1000,-3.00000
regular,0,1,26,4,100,0.00000
regular,0,1,26,4,300,-11.00000
regular,0,1,26,4,1000,-11.00000
regular,0,2,26,4,100,-2.00000
regular,0,2,26,4,300,-10.00000
regular,0,2,26,4,1000,-4.00000
regular,0,0,27,0,100,4.00000
regular,0,0,27,0,300,4.00000
regular,0,0,27,0,1000,4.00000
regular,0,1,27,0,100,4.00000
regular,0,1,27,0,300,3.00000
regular,0,1,27,0,1000,3.00000
regular,0,2,27,0,100,-8.00000
regular,0,2,27,0,300,0.00000
regular,0,2,27,0,1000,8.00000
regular,0,0,27,1,100,-2.00000
regular,0,0,27,1,300,3.00000
regular,0,0,27,1,1000,3.00000
regular,0,1,27,1,100,-3.00000
regular,0,1,27,1,300,2.00000
regular,0,1,27,1,1000,2.00000
regular,0,2,27,1,100,-5.00000
regular,0,2,27,1,300,-11.00000
regular,0,2,27,1,1000,7.00000
regular,0,0,27,2,100,2.00000
regular,0,0,27,2,300,3.00000
regular,0,0,27,2,1000,4.00000
regular,0,1,27,2,100,2.00000
regular,0,1,27,2,300,3.00000
regular,0,1,27,2,1000,3.00000
regular,0,2,27,2,100,15.00000
regular,0,2,27,2,300,11.00000
regular,0,2,27,2,1000,7.00000
regular,0,0,27,3,100,4.00000
regular,0,0,27,3,300,4.00000
regular,0,0,27,3,1000,4.00000
regular,0,1,27,3,100,3.00000
regular,0,1,27,3,300,3.00000
regular,0,1,27,3,1000,3.00000
regular,0,2,27,3,100,-9.00000
regular,0,2,27,3,300,-11.00000
regular,0,2,27,3,1000,8.00000
regular,0,0,27,4,100,0.00000
regular,0,0,27,4,300,4.00000
regular,0,0,27,4,1000,4.00000
regular,0,1,27,4,100,0.00000
regular,0,1,27,4,300,3.00000
regular,0,1,27,4,1000,3.00000
regular,0,2,27,4,100,6.00000
regular,0,2,27,4,300,4.00000
regular,0,2,27,4,1000,6.00000
regular,0,0,28,0,100,0.00000
regular,0,0,28,0,300,12.00000
regular,0,0,28,0,1000,13.00000
regular,0,1,28,0,100,0.00000
regular,0,1,28,0,300,12.00000
regular,0,1,28,0,1000,13.00000
regular,0,2,28,0,100,0.00000
regular,0,2,28,0,300,21.00000
regular,0,2,28,0,1000,36.00000
regular,0,0,28,1,100,12.00000
regular,0,0,28,1,300,14.00000
regular,0,0,28,1,1000,14.00000
regular,0,1,28,1,100,12.00000
regular,0,1,28,1,300,14.00000
regular,0,1,28,1,1000,14.00000
regular,0,2,28,1,100,47.00000
regular,0,2,28,1,300,50.00000
regular,0,2,28,1,1000,52.00000
regular,0,0,28,2,100,2.00000
regular,0,0,28,2,300,12.00000
regular,0,0,28,2,1000,14.00000
regular,0,1,28,2,100,2.00000
regular,0,1,28,2,300,12.00000
regular,0,1,28,2,1000,14.00000
regular,0,2,28,2,100,31.00000
regular,0,2,28,2,300,47.00000
regular,0,2,28,2,1000,52.00000
regular,0,0,28,3,100,8.00000
regular,0,0,28,3,300,12.00000
regular,0,0,28,3,1000,13.00000
regular,0,1,28,3,100,8.00000
regular,0,1,28,3,300,12.00000
regular,0,1,28,3,1000,13.00000
regular,0,2,28,3,100,17.00000
regular,0,2,28,3,300,48.00000
regular,0,2,28,3,1000,51.00000
regular,0,0,28,4,100,4.00000
regular,0,0,28,4,300,13.00000
regular,0,0,28,4,1000,14.00000
regular,0,1,28,4,100,4.00000
regular,0,1,28,4,300,13.00000
regular,0,1,28,4,1000,14.00000
regular,0,2,28,4,100,41.00000
regular,0,2,28,4,300,50.00000
regular,0,2,28,4,1000,52.00000
regular,0,0,29,0,100,0.00000
regular,0,0,29,0,300,1.00000
regular,0,0,29,0,1000,1.00000
regular,0,1,29,0,100,0.00000
regular,0,1,29,0,300,0.00000
regular,0,1,29,0,1000,0.00000
regular,0,2,29,0,100,5.00000
regular,0,2,29,0,300,2.00000
regular,0,2,29,0,1000,3.00000
regular,0,0,29,1,100,1.00000
regular,0,0,29,1,300,0.00000
regular,0,0,29,1,1000,-1.00000
regular,0,1,29,1,100,1.00000
regular,0,1,29,1,300,-1.00000
regular,0,1,29,1,1000,-2.00000
regular,0,2,29,1,100,-1.00000
regular,0,2,29,1,300,-3.00000
regular,0,2,29,1,1000,1.00000
regular,0,0,29,2,100,0.00000
regular,0,0,29,2,300,-2.00000
regular,0,0,29,2,1000,-2.00000
regular,0,1,29,2,100,0.00000
regular,0,1,29,2,300,-2.00000
regular,0,1,29,2,1000,-3.00000
regular,0,2,29,2,100,0.00000
regular,0,2,29,2,300,-2.00000
regular,0,2,29,2,1000,-4.00000
regular,0,0,29,3,100,-3.00000
regular,0,0,29,3,300,-3.00000
regular,0,0,29,3,1000,-2.00000
regular,0,1,29,3,100,-3.00000
regular,0,1,29,3,300,-3.00000
regular,0,1,29,3,1000,-3.00000
regular,0,2,29,3,100,-3.00000
regular,0,2,29,3,300,1.00000
regular,0,2,29,3,1000,0.00000
regular,0,0,29,4,100,0.00000
regular,0,0,29,4,300,0.00000
regular,0,0,29,4,1000,-2.00000
regular,0,1,29,4,100,0.00000
regular,0,1,29,4,300,0.00000
regular,0,1,29,4,1000,-3.00000
regular,0,2,29,4,100,0.00000
regular,0,2,29,4,300,1.00000
regular,0,2,29,4,1000,-4.00000
regular,0,0,30,0,100,0.00000
regular,0,0,30,0,300,20.00000
regular,0,0,30,0,1000,20.00000
regular,0,1,30,0,100,0.00000
regular,0,1,30,0,300,24.00000
regular,0,1,30,0,1000,24.00000
regular,0,2,30,0,100,8.00000
regular,0,2,30,0,300,14.00000
regular,0,2,30,0,1000,15.00000
regular,0,0,30,1,100,0.00000
regular,0,0,30,1,300,19.00000
regular,0,0,30,1,1000,21.00000
regular,0,1,30,1,100,0.00000
regular,0,1,30,1,300,24.00000
regular,0,1,30,1,1000,26.00000
regular,0,2,30,1,100,8.00000
regular,0,2,30,1,300,10.00000
regular,0,2,30,1,1000,15.00000
regular,0,0,30,2,100,0.00000
regular,0,0,30,2,300,-1.00000
regular,0,0,30,2,1000,22.00000
regular,0,1,30,2,100,0.00000
regular,0,1,30,2,300,-1.00000
regular,0,1,30,2,1000,27.00000
regular,0,2,30,2,100,0.00000
regular,0,2,30,2,300,-1.00000
regular,0,2,30,2,1000,15.00000
regular,0,0,30,3,100,11.00000
regular,0,0,30,3,300,20.00000
regular,0,0,30,3,1000,21.00000
regular,0,1,30,3,100,16.00000
regular,0,1,30,3,300,25.00000
regular,0,1,30,3,1000,26.00000
regular,0,2,30,3,100,-1.00000
regular,0,2,30,3,300,13.00000
regular,0,2,30,3,1000,14.00000
regular,0,0,30,4,100,0.00000
regular,0,0,30,4,300,0.00000
regular,0,0,30,4,1000,22.00000
regular,0,1,30,4,100,0.00000
regular,0,1,30,4,300,0.00000
regular,0,1,30,4,1000,27.00000
regular,0,2,30,4,100,6.00000
regular,0,2,30,4,300,6.00000
regular,0,2,30,4,1000,14.00000
regular,0,0,31,0,100,-1.00000
regular,0,0,31,0,300,-10.00000
regular,0,0,31,0,1000,-10.00000
regular,0,1,31,0,100,-1.00000
regular,0,1,31,0,300,-21.00000
regular,0,1,31,0,1000,-21.00000
regular,0,2,31,0,100,-2.00000
regular,0,2,31,0,300,-28.00000
regular,0,2,31,0,1000,-27.00000
regular,0,0,31,1,100,-7.00000
regular,0,0,31,1,300,-10.00000
regular,0,0,31,1,1000,-10.00000
regular,0,1,31,1,100,-7.00000
regular,0,1,31,1,300,-20.00000
regular,0,1,31,1,1000,-21.00000
regular,0,2,31,1,100,-14.00000
regular,0,2,31,1,300,-26.00000
regular,0,2,31,1,1000,-27.00000
regular,0,0,31,2,100,0.00000
regular,0,0,31,2,300,-1.00000
regular,0,0,31,2,1000,-10.00000
regular,0,1,31,2,100,0.00000
regular,0,1,31,2,300,-2.00000
regular,0,1,31,2,1000,-21.00000
regular,0,2,31,2,100,1.00000
regular,0,2,31,2,300,-5.00000
regular,0,2,31,2,1000,-27.00000
regular,0,0,31,3,100,0.00000
regular,0,0,31,3,300,0.00000
regular,0,0,31,3,1000,-10.00000
regular,0,1,31,3,100,0.00000
regular,0,1,31,3,300,0.00000
regular,0,1,31,3,1000,-21.00000
regular,0,2,31,3,100,1.00000
regular,0,2,31,3,300,1.00000
regular,0,2,31,3,1000,-26.00000
regular,0,0,31,4,100,0.00000
regular,0,0,31,4,300,-3.00000
regular,0,0,31,4,1000,-11.00000
regular,0,1,31,4,100,0.00000
regular,0,1,31,4,300,-14.00000
regular,0,1,31,4,1000,-22.00000
regular,0,2,31,4,100,1.00000
regular,0,2,31,4,300,-19.00000
regular,0,2,31,4,1000,-26.00000
regular,0,0,32,0,100,1.00000
regular,0,0,32,0,300,-2.00000
regular,0,0,32,0,1000,-2.00000
regular,0,1,32,0,100,1.00000
regular,0,1,32,0,300,-7.00000
regular,0,1,32,0,1000,-9.00000
regular,0,2,32,0,100,15.00000
regular,0,2,32,0,300,4.00000
regular,0,2,32,0,1000,-6.00000
regular,0,0,32,1,100,-1.00000
regular,0,0,32,1,300,-1.00000
regular,0,0,32,1,1000,-1.00000
regular,0,1,32,1,100,-5.00000
regular,0,1,32,1,300,-7.00000
regular,0,1,32,1,1000,-7.00000
regular,0,2,32,1,100,-1.00000
regular,0,2,32,1,300,-9.00000
regular,0,2,32,1,1000,0.00000
regular,0,0,32,2,100,0.00000
regular,0,0,32,2,300,-2.00000
regular,0,0,32,2,1000,-1.00000
regular,0,1,32,2,100,0.00000
regular,0,1,32,2,300,-6.00000
regular,0,1,32,2,1000,-7.00000
regular,0,2,32,2,100,15.00000
regular,0,2,32,2,300,3.00000
regular,0,2,32,2,1000,-4.00000
regular,0,0,32,3,100,-2.00000
regular,0,0,32,3,300,-1.00000
regular,0,0,32,3,1000,-1.00000
regular,0,1,32,3,100,-7.00000
regular,0,1,32,3,300,-8.00000
regular,0,1,32,3,1000,-8.00000
regular,0,2,32,3,100,-12.00000
regular,0,2,32,3,300,-23.00000
regular,0,2,32,3,1000,-7.00000
regular,0,0,32,4,100,-3.00000
regular,0,0,32,4,300,-3.00000
regular,0,0,32,4,1000,-2.00000
regular,0,1,32,4,100,-7.00000
regular,0,1,32,4,300,-7.00000
regular,0,1,32,4,1000,-7.00000
regular,0,2,32,4,100,7.00000
regular,0,2,32,4,300,7.00000
regular,0,2,32,4,1000,0.00000
regular,0,0,33,0,100,0.00000
regular,0,0,33,0,300,0.00000
regular,0,0,33,0,1000,0.00000
regular,0,1,33,0,100,0.00000
regular,0,1,33,0,300,0.00000
regular,0,1,33,0,1000,0.00000
regular,0,2,33,0,100,2.00000
regular,0,2,33,0,300,4.00000
regular,0,2,33,0,1000,6.00000
regular,0,0,33,1,100,0.00000
regular,0,0,33,1,300,0.00000
regular,0,0,33,1,1000,3.00000
regular,0,1,33,1,100,0.00000
regular,0,1,33,1,300,0.00000
regular,0,1,33,1,1000,3.00000
regular,0,2,33,1,100,6.00000
regular,0,2,33,1,300,9.00000
regular,0,2,33,1,1000,10.00000
regular,0,0,33,2,100,5.00000
regular,0,0,33,2,300,4.00000
regular,0,0,33,2,1000,4.00000
regular,0,1,33,2,100,5.00000
regular,0,1,33,2,300,4.00000
regular,0,1,33,2,1000,4.00000
regular,0,2,33,2,100,9.00000
regular,0,2,33,2,300,9.00000
regular,0,2,33,2,1000,11.00000
regular,0,0,33,3,100,0.00000
regular,0,0,33,3,300,5.00000
regular,0,0,33,3,1000,4.00000
regular,0,1,33,3,100,0.00000
regular,0,1,33,3,300,5.00000
regular,0,1,33,3,1000,4.00000
regular,0,2,33,3,100,3.00000
regular,0,2,33,3,300,12.00000
regular,0,2,33,3,1000,11.00000
regular,0,0,33,4,100,0.00000
regular,0,0,33,4,300,0.00000
regular,0,0,33,4,1000,4.00000
regular,0,1,33,4,100,0.00000
regular,0,1,33,4,300,0.00000
regular,0,1,33,4,1000,4.00000
regular,0,2,33,4,100,-4.00000
regular,0,2,33,4,300,-4.00000
regular,0,2,33,4,1000,11.00000
regular,0,0,34,0,100,-5.00000
regular,0,0,34,0,300,3.00000
regular,0,0,34,0,1000,2.00000
regular,0,1,34,0,100,-5.00000
regular,0,1,34,0,300,-2.00000
regular,0,1,34,0,1000,-8.00000
regular,0,2,34,0,100,-3.00000
regular,0,2,34,0,300,-14.00000
regular,0,2,34,0,1000,-18.00000
regular,0,0,34,1,100,-1.00000
regular,0,0,34,1,300,-7.00000
regular,0,0,34,1,1000,-8.00000
regular,0,1,34,1,100,-1.00000
regular,0,1,34,1,300,-7.00000
regular,0,1,34,1,1000,-21.00000
regular,0,2,34,1,100,-1.00000
regular,0,2,34,1,300,-6.00000
regular,0,2,34,1,1000,-23.00000
regular,0,0,34,2,100,0.00000
regular,0,0,34,2,300,-1.00000
regular,0,0,34,2,1000,9.00000
regular,0,1,34,2,100,0.00000
regular,0,1,34,2,300,-1.00000
regular,0,1,34,2,1000,-1.00000
regular,0,2,34,2,100,0.00000
regular,0,2,34,2,300,2.00000
regular,0,2,34,2,1000,-12.00000
regular,0,0,34,3,100,-1.00000
regular,0,0,34,3,300,-6.00000
regular,0,0,34,3,1000,3.00000
regular,0,1,34,3,100,-1.00000
regular,0,1,34,3,300,-17.00000
regular,0,1,34,3,1000,-5.00000
regular,0,2,34,3,100,-1.00000
regular,0,2,34,3,300,-19.00000
regular,0,2,34,3,1000,-16.00000
regular,0,0,34,4,100,-1.00000
regular,0,0,34,4,300,-1.00000
regular,0,0,34,4,1000,0.00000
regular,0,1,34,4,100,-1.00000
regular,0,1,34,4,300,-1.00000
regular,0,1,34,4,1000,-10.00000
regular,0,2,34,4,100,0.00000
regular,0,2,34,4,300,0.00000
regular,0,2,34,4,1000,-22.00000
regular,0,0,35,0,100,0.00000
regular,0,0,35,0,300,3.00000
regular,0,0,35,0,1000,3.00000
regular,0,1,35,0,100,0.00000
regular,0,1,35,0,300,-1.00000
regular,0,1,35,0,1000,-1.00000
regular,0,2,35,0,100,1.00000
regular,0,2,35,0,300,-4.00000
regular,0,2,35,0,1000,-4.00000
regular,0,0,35,1,100,1.00000
regular,0,0,35,1,300,4.00000
regular,0,0,35,1,1000,3.00000
regular,0,1,35,1,100,1.00000
regular,0,1,35,1,300,3.00000
regular,0,1,35,1,1000,-1.00000
regular,0,2,35,1,100,3.00000
regular,0,2,35,1,300,-1.00000
regular,0,2,35,1,1000,-4.00000
regular,0,0,35,2,100,0.00000
regular,0,0,35,2,300,4.00000
regular,0,0,35,2,1000,3.00000
regular,0,1,35,2,100,0.00000
regular,0,1,35,2,300,3.00000
regular,0,1,35,2,1000,-1.00000
regular,0,2,35,2,100,-1.00000
regular,0,2,35,2,300,1.00000
regular,0,2,35,2,1000,-3.00000
regular,0,0,35,3,100,-2.00000
regular,0,0,35,3,300,0.00000
regular,0,0,35,3,1000,3.00000
regular,0,1,35,3,100,-3.00000
regular,0,1,35,3,300,-2.00000
regular,0,1,35,3,1000,0.00000
regular,0,2,35,3,100,-7.00000
regular,0,2,35,3,300,-3.00000
regular,0,2,35,3,1000,-3.00000
regular,0,0,35,4,100,1.00000
regular,0,0,35,4,300,3.00000
regular,0,0,35,4,1000,3.00000
regular,0,1,35,4,100,1.00000
regular,0,1,35,4,300,-1.00000
regular,0,1,35,4,1000,-1.00000
regular,0,2,35,4,100,5.00000
regular,0,2,35,4,300,-3.00000
regular,0,2,35,4,1000,-3.00000
regular,0,0,36,0,100,12.00000
regular,0,0,36,0,300,14.00000
regular,0,0,36,0,1000,21.00000
regular,0,1,36,0,100,11.00000
regular,0,1,36,0,300,12.00000
regular,0,1,36,0,1000,19.00000
regular,0,2,36,0,100,13.00000
regular,0,2,36,0,300,11.00000
regular,0,2,36,0,1000,21.00000
regular,0,0,36,1,100,6.00000
regular,0,0,36,1,300,9.00000
regular,0,0,36,1,1000,19.00000
regular,0,1,36,1,100,4.00000
regular,0,1,36,1,300,7.00000
regular,0,1,36,1,1000,17.00000
regular,0,2,36,1,100,-11.00000
regular,0,2,36,1,300,-11.00000
regular,0,2,36,1,1000,17.00000
regular,0,0,36,2,100,17.00000
regular,0,0,36,2,300,18.00000
regular,0,0,36,2,1000,21.00000
regular,0,1,36,2,100,15.00000
regular,0,1,36,2,300,16.00000
regular,0,1,36,2,1000,19.00000
regular,0,2,36,2,100,14.00000
regular,0,2,36,2,300,15.00000
regular,0,2,36,2,1000,21.00000
regular,0,0,36,3,100,14.00000
regular,0,0,36,3,300,18.00000
regular,0,0,36,3,1000,19.00000
regular,0,1,36,3,100,12.00000
regular,0,1,36,3,300,16.00000
regular,0,1,36,3,1000,17.00000
regular,0,2,36,3,100,-11.00000
regular,0,2,36,3,300,4.00000
regular,0,2,36,3,1000,18.00000
regular,0,0,36,4,100,11.00000
regular,0,0,36,4,300,19.00000
regular,0,0,36,4,1000,21.00000
regular,0,1,36,4,100,11.00000
regular,0,1,36,4,300,17.00000
regular,0,1,36,4,1000,19.00000
regular,0,2,36,4,100,17.00000
regular,0,2,36,4,300,16.00000
regular,0,2,36,4,1000,22.00000
regular,0,0,37,0,100,-5.00000
regular,0,0,37,0,300,-14.00000
regular,0,0,37,0,1000,-13.00000
regular,0,1,37,0,100,-10.00000
regular,0,1,37,0,300,-21.00000
regular,0,1,37,0,1000,-21.00000
regular,0,2,37,0,100,-10.00000
regular,0,2,37,0,300,-19.00000
regular,0,2,37,0,1000,-19.00000
regular,0,0,37,1,100,-2.00000
regular,0,0,37,1,300,0.00000
regular,0,0,37,1,1000,-13.00000
regular,0,1,37,1,100,-3.00000
regular,0,1,37,1,300,-5.00000
regular,0,1,37,1,1000,-21.00000
regular,0,2,37,1,100,-5.00000
regular,0,2,37,1,300,-7.00000
regular,0,2,37,1,1000,-19.00000
regular,0,0,37,2,100,1.00000
regular,0,0,37,2,300,1.00000
regular,0,0,37,2,1000,-12.00000
regular,0,1,37,2,100,1.00000
regular,0,1,37,2,300,1.00000
regular,0,1,37,2,1000,-19.00000
regular,0,2,37,2,100,1.00000
regular,0,2,37,2,300,-1.00000
regular,0,2,37,2,1000,-17.00000
regular,0,0,37,3,100,2.00000
regular,0,0,37,3,300,0.00000
regular,0,0,37,3,1000,-13.00000
regular,0,1,37,3,100,2.00000
regular,0,1,37,3,300,-2.00000
regular,0,1,37,3,1000,-21.00000
regular,0,2,37,3,100,3.00000
regular,0,2,37,3,300,-2.00000
regular,0,2,37,3,1000,-19.00000
regular,0,0,37,4,100,-6.00000
regular,0,0,37,4,300,-17.00000
regular,0,0,37,4,1000,-13.00000
regular,0,1,37,4,100,-7.00000
regular,0,1,37,4,300,-20.00000
regular,0,1,37,4,1000,-21.00000
regular,0,2,37,4,100,-8.00000
regular,0,2,37,4,300,-19.00000
regular,0,2,37,4,1000,-19.00000
regular,0,0,38,0,100,-12.00000
regular,0,0,38,0,300,-13.00000
regular,0,0,38,0,1000,-13.00000
regular,0,1,38,0,100,-17.00000
regular,0,1,38,0,300,-18.00000
regular,0,1,38,0,1000,-18.00000
regular,0,2,38,0,100,-17.00000
regular,0,2,38,0,300,-17.00000
regular,0,2,38,0,1000,0.00000
regular,0,0,38,1,100,2.00000
regular,0,0,38,1,300,-1.00000
regular,0,0,38,1,1000,-11.00000
regular,0,1,38,1,100,2.00000
regular,0,1,38,1,300,-1.00000
regular,0,1,38,1,1000,-16.00000
regular,0,2,38,1,100,16.00000
regular,0,2,38,1,300,20.00000
regular,0,2,38,1,1000,5.00000
regular,0,0,38,2,100,1.00000
regular,0,0,38,2,300,-1.00000
regular,0,0,38,2,1000,-11.00000
regular,0,1,38,2,100,1.00000
regular,0,1,38,2,300,-1.00000
regular,0,1,38,2,1000,-16.00000
regular,0,2,38,2,100,20.00000
regular,0,2,38,2,300,18.00000
regular,0,2,38,2,1000,4.00000
regular,0,0,38,3,100,0.00000
regular,0,0,38,3,300,2.00000
regular,0,0,38,3,1000,2.00000
regular,0,1,38,3,100,0.00000
regular,0,1,38,3,300,2.00000
regular,0,1,38,3,1000,2.00000
regular,0,2,38,3,100,2.00000
regular,0,2,38,3,300,23.00000
regular,0,2,38,3,1000,24.00000
regular,0,0,38,4,100,0.00000
regular,0,0,38,4,300,0.00000
regular,0,0,38,4,1000,-10.00000
regular,0,1,38,4,100,0.00000
regular,0,1,38,4,300,0.00000
regular,0,1,38,4,1000,-14.00000
regular,0,2,38,4,100,13.00000
regular,0,2,38,4,300,13.00000
regular,0,2,38,4,1000,7.00000
regular,0,0,39,0,100,-8.00000
regular,0,0,39,0,300,-6.00000
regular,0,0,39,0,1000,-7.00000
regular,0,1,39,0,100,-16.00000
regular,0,1,39,0,300,-19.00000
regular,0,1,39,0,1000,-21.00000
regular,0,2,39,0,100,-20.00000
regular,0,2,39,0,300,-43.00000
regular,0,2,39,0,1000,-50.00000
regular,0,0,39,1,100,1.00000
regular,0,0,39,1,300,-7.00000
regular,0,0,39,1,1000,-7.00000
regular,0,1,39,1,100,-14.00000
regular,0,1,39,1,300,-21.00000
regular,0,1,39,1,1000,-21.00000
regular,0,2,39,1,100,-41.00000
regular,0,2,39,1,300,-49.00000
regular,0,2,39,1,1000,-50.00000
regular,0,0,39,2,100,-10.00000
regular,0,0,39,2,300,-10.00000
regular,0,0,39,2,1000,-8.00000
regular,0,1,39,2,100,-22.00000
regular,0,1,39,2,300,-27.00000
regular,0,1,39,2,1000,-23.00000
regular,0,2,39,2,100,-27.00000
regular,0,2,39,2,300,-44.00000
regular,0,2,39,2,1000,-50.00000
regular,0,0,39,3,100,-3.00000
regular,0,0,39,3,300,-3.00000
regular,0,0,39,3,1000,-7.00000
regular,0,1,39,3,100,-7.00000
regular,0,1,39,3,300,-2.00000
regular,0,1,39,3,1000,-18.00000
regular,0,2,39,3,100,-17.00000
regular,0,2,39,3,300,-17.00000
regular,0,2,39,3,1000,-47.00000
regular,0,0,39,4,100,-2.00000
regular,0,0,39,4,300,-9.00000
regular,0,0,39,4,1000,-7.00000
regular,0,1,39,4,100,-2.00000
regular,0,1,39,4,300,-27.00000
regular,0,1,39,4,1000,-21.00000
regular,0,2,39,4,100,-2.00000
regular,0,2,39,4,300,-39.00000
regular,0,2,39,4,1000,-50.00000
regular,0,0,40,0,100,2.00000
regular,0,0,40,0,300,5.00000
regular,0,0,40,0,1000,5.00000
regular,0,1,40,0,100,2.00000
regular,0,1,40,0,300,5.00000
regular,0,1,40,0,1000,5.00000
regular,0,2,40,0,100,-3.00000
regular,0,2,40,0,300,10.00000
regular,0,2,40,0,1000,12.00000
regular,0,0,40,1,100,-6.00000
regular,0,0,40,1,300,-6.00000
regular,0,0,40,1,1000,4.00000
regular,0,1,40,1,100,-6.00000
regular,0,1,40,1,300,-6.00000
regular,0,1,40,1,1000,4.00000
regular,0,2,40,1,100,-9.00000
regular,0,2,40,1,300,-9.00000
regular,0,2,40,1,1000,9.00000
regular,0,0,40,2,100,-1.00000
regular,0,0,40,2,300,5.00000
regular,0,0,40,2,1000,6.00000
regular,0,1,40,2,100,-1.00000
regular,0,1,40,2,300,5.00000
regular,0,1,40,2,1000,6.00000
regular,0,2,40,2,100,-4.00000
regular,0,2,40,2,300,3.00000
regular,0,2,40,2,1000,9.00000
regular,0,0,40,3,100,1.00000
regular,0,0,40,3,300,4.00000
regular,0,0,40,3,1000,6.00000
regular,0,1,40,3,100,1.00000
regular,0,1,40,3,300,4.00000
regular,0,1,40,3,1000,6.00000
regular,0,2,40,3,100,5.00000
regular,0,2,40,3,300,13.00000
regular,0,2,40,3,1000,13.00000
regular,0,0,40,4,100,4.00000
regular,0,0,40,4,300,0.00000
regular,0,0,40,4,1000,5.00000
regular,0,1,40,4,100,4.00000
regular,0,1,40,4,300,0.00000
regular,0,1,40,4,1000,5.00000
regular,0,2,40,4,100,15.00000
regular,0,2,40,4,300,11.00000
regular,0,2,40,4,1000,12.00000
regular,0,0,41,0,100,0.00000
regular,0,0,41,0,300,-4.00000
regular,0,0,41,0,1000,-4.00000
regular,0,1,41,0,100,0.00000
regular,0,1,41,0,300,-6.00000
regular,0,1,41,0,1000,-6.00000
regular,0,2,41,0,100,7.00000
regular,0,2,41,0,300,1.00000
regular,0,2,41,0,1000,3.00000
regular,0,0,41,1,100,-1.00000
regular,0,0,41,1,300,-3.00000
regular,0,0,41,1,1000,-5.00000
regular,0,1,41,1,100,-1.00000
regular,0,1,41,1,300,-3.00000
regular,0,1,41,1,1000,-8.00000
regular,0,2,41,1,100,5.00000
regular,0,2,41,1,300,7.00000
regular,0,2,41,1,1000,2.00000
regular,0,0,41,2,100,-4.00000
regular,0,0,41,2,300,-4.00000
regular,0,0,41,2,1000,-4.00000
regular,0,1,41,2,100,-7.00000
regular,0,1,41,2,300,-7.00000
regular,0,1,41,2,1000,-7.00000
regular,0,2,41,2,100,-6.00000
regular,0,2,41,2,300,1.00000
regular,0,2,41,2,1000,2.00000
regular,0,0,41,3,100,0.00000
regular,0,0,41,3,300,-5.00000
regular,0,0,41,3,1000,-5.00000
regular,0,1,41,3,100,0.00000
regular,0,1,41,3,300,-8.00000
regular,0,1,41,3,1000,-8.00000
regular,0,2,41,3,100,1.00000
regular,0,2,41,3,300,2.00000
regular,0,2,41,3,1000,2.00000
regular,0,0,41,4,100,-2.00000
regular,0,0,41,4,300,-3.00000
regular,0,0,41,4,1000,-4.00000
regular,0,1,41,4,100,-4.00000
regular,0,1,41,4,300,-6.00000
regular,0,1,41,4,1000,-7.00000
regular,0,2,41,4,100,3.00000
regular,0,2,41,4,300,4.00000
regular,0,2,41,4,1000,3.00000
regular,0,0,42,0,100,0.00000
regular,0,0,42,0,300,-1.00000
regular,0,0,42,0,1000,-1.00000
regular,0,1,42,0,100,0.00000
regular,0,1,42,0,300,-1.00000
regular,0,1,42,0,1000,-1.00000
regular,0,2,42,0,100,0.00000
regular,0,2,42,0,300,0.00000
regular,0,2,42,0,1000,0.00000
regular,0,0,42,1,100,0.00000
regular,0,0,42,1,300,-1.00000
regular,0,0,42,1,1000,-1.00000
regular,0,1,42,1,100,0.00000
regular,0,1,42,1,300,-1.00000
regular,0,1,42,1,1000,-1.00000
regular,0,2,42,1,100,0.00000
regular,0,2,42,1,300,0.00000
regular,0,2,42,1,1000,0.00000
regular,0,0,42,2,100,-1.00000
regular,0,0,42,2,300,-1.00000
regular,0,0,42,2,1000,-1.00000
regular,0,1,42,2,100,-1.00000
regular,0,1,42,2,300,-1.00000
regular,0,1,42,2,1000,-1.00000
regular,0,2,42,2,100,0.00000
regular,0,2,42,2,300,0.00000
regular,0,2,42,2,1000,0.00000
regular,0,0,42,3,100,0.00000
regular,0,0,42,3,300,0.00000
regular,0,0,42,3,1000,0.00000
regular,0,1,42,3,100,0.00000
regular,0,1,42,3,300,0.00000
regular,0,1,42,3,1000,0.00000
regular,0,2,42,3,100,0.00000
regular,0,2,42,3,300,0.00000
regular,0,2,42,3,1000,0.00000
regular,0,0,42,4,100,0.00000
regular,0,0,42,4,300,0.00000
regular,0,0,42,4,1000,-1.00000
regular,0,1,42,4,100,0.00000
regular,0,1,42,4,300,0.00000
regular,0,1,42,4,1000,-1.00000
regular,0,2,42,4,100,0.00000
regular,0,2,42,4,300,0.00000
regular,0,2,42,4,1000,0.00000
regular,0,0,43,0,100,-26.00000
regular,0,0,43,0,300,-30.00000
regular,0,0,43,0,1000,-25.00000
regular,0,1,43,0,100,-40.00000
regular,0,1,43,0,300,-48.00000
regular,0,1,43,0,1000,-43.00000
regular,0,2,43,0,100,-32.00000
regular,0,2,43,0,300,-39.00000
regular,0,2,43,0,1000,-35.00000
regular,0,0,43,1,100,5.00000
regular,0,0,43,1,300,-14.00000
regular,0,0,43,1,1000,-20.00000
regular,0,1,43,1,100,5.00000
regular,0,1,43,1,300,-25.00000
regular,0,1,43,1,1000,-37.00000
regular,0,2,43,1,100,5.00000
regular,0,2,43,1,300,-16.00000
regular,0,2,43,1,1000,-26.00000
regular,0,0,43,2,100,-32.00000
regular,0,0,43,2,300,-24.00000
regular,0,0,43,2,1000,-24.00000
regular,0,1,43,2,100,-44.00000
regular,0,1,43,2,300,-38.00000
regular,0,1,43,2,1000,-42.00000
regular,0,2,43,2,100,-36.00000
regular,0,2,43,2,300,-29.00000
regular,0,2,43,2,1000,-34.00000
regular,0,0,43,3,100,10.00000
regular,0,0,43,3,300,-18.00000
regular,0,0,43,3,1000,-21.00000
regular,0,1,43,3,100,10.00000
regular,0,1,43,3,300,-20.00000
regular,0,1,43,3,1000,-38.00000
regular,0,2,43,3,100,17.00000
regular,0,2,43,3,300,-6.00000
regular,0,2,43,3,1000,-27.00000
regular,0,0,43,4,100,3.00000
regular,0,0,43,4,300,-23.00000
regular,0,0,43,4,1000,-20.00000
regular,0,1,43,4,100,-4.00000
regular,0,1,43,4,300,-41.00000
regular,0,1,43,4,1000,-38.00000
regular,0,2,43,4,100,0.00000
regular,0,2,43,4,300,-30.00000
regular,0,2,43,4,1000,-27.00000
regular,0,0,44,0,100,-14.00000
regular,0,0,44,0,300,-14.00000
regular,0,0,44,0,1000,-14.00000
regular,0,1,44,0,100,-14.00000
regular,0,1,44,0,300,-14.00000
regular,0,1,44,0,1000,-14.00000
regular,0,2,44,0,100,-5.00000
regular,0,2,44,0,300,-5.00000
regular,0,2,44,0,1000,-5.00000
regular,0,0,44,1,100,-15.00000
regular,0,0,44,1,300,-15.00000
regular,0,0,44,1,1000,-15.00000
regular,0,1,44,1,100,-15.00000
regular,0,1,44,1,300,-15.00000
regular,0,1,44,1,1000,-15.00000
regular,0,2,44,1,100,-6.00000
regular,0,2,44,1,300,-6.00000
regular,0,2,44,1,1000,-6.00000
regular,0,0,44,2,100,-11.00000
regular,0,0,44,2,300,-15.00000
regular,0,0,44,2,1000,-15.00000
regular,0,1,44,2,100,-11.00000
regular,0,1,44,2,300,-15.00000
regular,0,1,44,2,1000,-15.00000
regular,0,2,44,2,100,-5.00000
regular,0,2,44,2,300,-6.00000
regular,0,2,44,2,1000,-6.00000
regular,0,0,44,3,100,-6.00000
regular,0,0,44,3,300,-9.00000
regular,0,0,44,3,1000,-13.00000
regular,0,1,44,3,100,-6.00000
regular,0,1,44,3,300,-9.00000
regular,0,1,44,3,1000,-13.00000
regular,0,2,44,3,100,0.00000
regular,0,2,44,3,300,0.00000
regular,0,2,44,3,1000,-4.00000
regular,0,0,44,4,100,0.00000
regular,0,0,44,4,300,-10.00000
regular,0,0,44,4,1000,-13.00000
regular,0,1,44,4,100,0.00000
regular,0,1,44,4,300,-10.00000
regular,0,1,44,4,1000,-13.00000
regular,0,2,44,4,100,0.00000
regular,0,2,44,4,300,-4.00000
regular,0,2,44,4,1000,-4.00000
regular,0,0,45,0,100,-8.00000
regular,0,0,45,0,300,-10.00000
regular,0,0,45,0,1000,-10.00000
regular,0,1,45,0,100,-8.00000
regular,0,1,45,0,300,-11.00000
regular,0,1,45,0,1000,-12.00000
regular,0,2,45,0,100,0.00000
regular,0,2,45,0,300,-3.00000
regular,0,2,45,0,1000,-3.00000
regular,0,0,45,1,100,1.00000
regular,0,0,45,1,300,-8.00000
regular,0,0,45,1,1000,-10.00000
regular,0,1,45,1,100,1.00000
regular,0,1,45,1,300,-8.00000
regular,0,1,45,1,1000,-12.00000
regular,0,2,45,1,100,2.00000
regular,0,2,45,1,300,1.00000
regular,0,2,45,1,1000,-3.00000
regular,0,0,45,2,100,0.00000
regular,0,0,45,2,300,-9.00000
regular,0,0,45,2,1000,-11.00000
regular,0,1,45,2,100,0.00000
regular,0,1,45,2,300,-11.00000
regular,0,1,45,2,1000,-13.00000
regular,0,2,45,2,100,0.00000
regular,0,2,45,2,300,-4.00000
regular,0,2,45,2,1000,-5.00000
regular,0,0,45,3,100,1.00000
regular,0,0,45,3,300,1.00000
regular,0,0,45,3,1000,-10.00000
regular,0,1,45,3,100,1.00000
regular,0,1,45,3,300,1.00000
regular,0,1,45,3,1000,-12.00000
regular,0,2,45,3,100,2.00000
regular,0,2,45,3,300,2.00000
regular,0,2,45,3,1000,-3.00000
regular,0,0,45,4,100,-1.00000
regular,0,0,45,4,300,-1.00000
regular,0,0,45,4,1000,-8.00000
regular,0,1,45,4,100,-1.00000
regular,0,1,45,4,300,-1.00000
regular,0,1,45,4,1000,-10.00000
regular,0,2,45,4,100,0.00000
regular,0,2,45,4,300,0.00000
regular,0,2,45,4,1000,-3.00000
regular,0,0,46,0,100,-1.00000
regular,0,0,46,0,300,-2.00000
regular,0,0,46,0,1000,-2.00000
regular,0,1,46,0,100,-1.00000
regular,0,1,46,0,300,-2.00000
regular,0,1,46,0,1000,-2.00000
regular,0,2,46,0,100,9.00000
regular,0,2,46,0,300,7.00000
regular,0,2,46,0,1000,7.00000
regular,0,0,46,1,100,-8.00000
regular,0,0,46,1,300,-5.00000
regular,0,0,46,1,1000,-5.00000
regular,0,1,46,1,100,-8.00000
regular,0,1,46,1,300,-5.00000
regular,0,1,46,1,1000,-5.00000
regular,0,2,46,1,100,0.00000
regular,0,2,46,1,300,4.00000
regular,0,2,46,1,1000,4.00000
regular,0,0,46,2,100,0.00000
regular,0,0,46,2,300,4.00000
regular,0,0,46,2,1000,-2.00000
regular,0,1,46,2,100,0.00000
regular,0,1,46,2,300,4.00000
regular,0,1,46,2,1000,-2.00000
regular,0,2,46,2,100,1.00000
regular,0,2,46,2,300,15.00000
regular,0,2,46,2,1000,7.00000
regular,0,0,46,3,100,2.00000
regular,0,0,46,3,300,-6.00000
regular,0,0,46,3,1000,-2.00000
regular,0,1,46,3,100,2.00000
regular,0,1,46,3,300,-6.00000
regular,0,1,46,3,1000,-2.00000
regular,0,2,46,3,100,11.00000
regular,0,2,46,3,300,4.00000
regular,0,2,46,3,1000,7.00000
regular,0,0,46,4,100,2.00000
regular,0,0,46,4,300,-5.00000
regular,0,0,46,4,1000,-3.00000
regular,0,1,46,4,100,2.00000
regular,0,1,46,4,300,-5.00000
regular,0,1,46,4,1000,-3.00000
regular,0,2,46,4,100,-2.00000
regular,0,2,46,4,300,3.00000
regular,0,2,46,4,1000,6.00000
regular,0,0,47,0,100,-1.00000
regular,0,0,47,0,300,-16.00000
regular,0,0,47,0,1000,-17.00000
regular,0,1,47,0,100,-1.00000
regular,0,1,47,0,300,-16.00000
regular,0,1,47,0,1000,-17.00000
regular,0,2,47,0,100,0.00000
regular,0,2,47,0,300,-10.00000
regular,0,2,47,0,1000,-11.00000
regular,0,0,47,1,100,0.00000
regular,0,0,47,1,300,0.00000
regular,0,0,47,1,1000,-17.00000
regular,0,1,47,1,100,0.00000
regular,0,1,47,1,300,-1.00000
regular,0,1,47,1,1000,-18.00000
regular,0,2,47,1,100,1.00000
regular,0,2,47,1,300,0.00000
regular,0,2,47,1,1000,-12.00000
regular,0,0,47,2,100,0.00000
regular,0,0,47,2,300,-6.00000
regular,0,0,47,2,1000,-17.00000
regular,0,1,47,2,100,0.00000
regular,0,1,47,2,300,-7.00000
regular,0,1,47,2,1000,-18.00000
regular,0,2,47,2,100,4.00000
regular,0,2,47,2,300,-4.00000
regular,0,2,47,2,1000,-12.00000
regular,0,0,47,3,100,-3.00000
regular,0,0,47,3,300,-4.00000
regular,0,0,47,3,1000,-17.00000
regular,0,1,47,3,100,-3.00000
regular,0,1,47,3,300,-5.00000
regular,0,1,47,3,1000,-18.00000
regular,0,2,47,3,100,-3.00000
regular,0,2,47,3,300,-4.00000
regular,0,2,47,3,1000,-12.00000
regular,0,0,47,4,100,-14.00000
regular,0,0,47,4,300,-15.00000
regular,0,0,47,4,1000,-16.00000
regular,0,1,47,4,100,-14.00000
regular,0,1,47,4,300,-15.00000
regular,0,1,47,4,1000,-17.00000
regular,0,2,47,4,100,-14.00000
regular,0,2,47,4,300,-10.00000
regular,0,2,47,4,1000,-11.00000
regular,0,0,48,0,100,-12.00000
regular,0,0,48,0,300,-14.00000
regular,0,0,48,0,1000,-20.00000
regular,0,1,48,0,100,-18.00000
regular,0,1,48,0,300,-20.00000
regular,0,1,48,0,1000,-33.00000
regular,0,2,48,0,100,-27.00000
regular,0,2,48,0,300,-27.00000
regular,0,2,48,0,1000,-38.00000
regular,0,0,48,1,100,-19.00000
regular,0,0,48,1,300,-21.00000
regular,0,0,48,1,1000,-18.00000
regular,0,1,48,1,100,-24.00000
regular,0,1,48,1,300,-26.00000
regular,0,1,48,1,1000,-26.00000
regular,0,2,48,1,100,-24.00000
regular,0,2,48,1,300,-27.00000
regular,0,2,48,1,1000,-32.00000
regular,0,0,48,2,100,-4.00000
regular,0,0,48,2,300,-6.00000
regular,0,0,48,2,1000,-20.00000
regular,0,1,48,2,100,-6.00000
regular,0,1,48,2,300,-11.00000
regular,0,1,48,2,1000,-32.00000
regular,0,2,48,2,100,-12.00000
regular,0,2,48,2,300,-16.00000
regular,0,2,48,2,1000,-37.00000
regular,0,0,48,3,100,0.00000
regular,0,0,48,3,300,3.00000
regular,0,0,48,3,1000,-20.00000
regular,0,1,48,3,100,0.00000
regular,0,1,48,3,300,2.00000
regular,0,1,48,3,1000,-35.00000
regular,0,2,48,3,100,0.00000
regular,0,2,48,3,300,-7.00000
regular,0,2,48,3,1000,-40.00000
regular,0,0,48,4,100,-20.00000
regular,0,0,48,4,300,-21.00000
regular,0,0,48,4,1000,-20.00000
regular,0,1,48,4,100,-29.00000
regular,0,1,48,4,300,-33.00000
regular,0,1,48,4,1000,-35.00000
regular,0,2,48,4,100,-28.00000
regular,0,2,48,4,300,-38.00000
regular,0,2,48,4,1000,-40.00000
regular,0,0,49,0,100,-24.00000
regular,0,0,49,0,300,-20.00000
regular,0,0,49,0,1000,-20.00000
regular,0,1,49,0,100,-26.00000
regular,0,1,49,0,300,-25.00000
regular,0,1,49,0,1000,-27.00000
regular,0,2,49,0,100,-20.00000
regular,0,2,49,0,300,-24.00000
regular,0,2,49,0,1000,-26.00000
regular,0,0,49,1,100,-2.00000
regular,0,0,49,1,300,-23.00000
regular,0,0,49,1,1000,-20.00000
regular,0,1,49,1,100,-2.00000
regular,0,1,49,1,300,-26.00000
regular,0,1,49,1,1000,-28.00000
regular,0,2,49,1,100,-2.00000
regular,0,2,49,1,300,-20.00000
regular,0,2,49,1,1000,-27.00000
regular,0,0,49,2,100,-6.00000
regular,0,0,49,2,300,-19.00000
regular,0,0,49,2,1000,-20.00000
regular,0,1,49,2,100,-6.00000
regular,0,1,49,2,300,-23.00000
regular,0,1,49,2,1000,-28.00000
regular,0,2,49,2,100,-5.00000
regular,0,2,49,2,300,-22.00000
regular,0,2,49,2,1000,-27.00000
regular,0,0,49,3,100,-7.00000
regular,0,0,49,3,300,-15.00000
regular,0,0,49,3,1000,-17.00000
regular,0,1,49,3,100,-12.00000
regular,0,1,49,3,300,-23.00000
regular,0,1,49,3,1000,-25.00000
regular,0,2,49,3,100,-18.00000
regular,0,2,49,3,300,-25.00000
regular,0,2,49,3,1000,-25.00000
regular,0,0,49,4,100,-15.00000
regular,0,0,49,4,300,-15.00000
regular,0,0,49,4,1000,-20.00000
regular,0,1,49,4,100,-16.00000
regular,0,1,49,4,300,-16.00000
regular,0,1,49,4,1000,-21.00000
regular,0,2,49,4,100,-15.00000
regular,0,2,49,4,300,-16.00000
regular,0,2,49,4,1000,-20.00000
perturbed,0,0,0,0,100,-3.00000
perturbed,0,0,0,0,300,-10.00000
perturbed,0,0,0,0,1000,-22.00000
perturbed,0,1,0,0,100,-4.00000
perturbed,0,1,0,0,300,-11.00000
perturbed,0,1,0,0,1000,-23.00000
perturbed,0,2,0,0,100,8.00000
perturbed,0,2,0,0,300,8.00000
perturbed,0,2,0,0,1000,13.00000
perturbed,0,0,0,1,100,0.00000
perturbed,0,0,0,1,300,-4.00000
perturbed,0,0,0,1,1000,-8.00000
perturbed,0,1,0,1,100,0.00000
perturbed,0,1,0,1,300,-5.00000
perturbed,0,1,0,1,1000,-9.00000
perturbed,0,2,0,1,100,2.00000
perturbed,0,2,0,1,300,7.00000
perturbed,0,2,0,1,1000,13.00000
perturbed,0,0,0,2,100,-20.00000
perturbed,0,0,0,2,300,-14.00000
perturbed,0,0,0,2,1000,-15.00000
perturbed,0,1,0,2,100,-20.00000
perturbed,0,1,0,2,300,-15.00000
perturbed,0,1,0,2,1000,-16.00000
perturbed,0,2,0,2,100,9.00000
perturbed,0,2,0,2,300,18.00000
perturbed,0,2,0,2,1000,18.00000
perturbed,0,0,0,3,100,-9.00000
perturbed,0,0,0,3,300,-11.00000
perturbed,0,0,0,3,1000,-6.00000
perturbed,0,1,0,3,100,-10.00000
perturbed,0,1,0,3,300,-12.00000
perturbed,0,1,0,3,1000,-7.00000
perturbed,0,2,0,3,100,8.00000
perturbed,0,2,0,3,300,8.00000
perturbed,0,2,0,3,1000,13.00000
perturbed,0,0,0,4,100,-4.00000
perturbed,0,0,0,4,300,-17.00000
perturbed,0,0,0,4,1000,-17.00000
perturbed,0,1,0,4,100,-5.00000
perturbed,0,1,0,4,300,-18.00000
perturbed,0,1,0,4,1000,-18.00000
perturbed,0,2,0,4,100,14.00000
perturbed,0,2,0,4,300,14.00000
perturbed,0,2,0,4,1000,18.00000
perturbed,0,0,1,0,100,-1.00000
perturbed,0,0,1,0,300,-2.00000
perturbed,0,0,1,0,1000,-9.00000
perturbed,0,1,1,0,100,-4.00000
perturbed,0,1,1,0,300,-6.00000
perturbed,0,1,1,0,1000,-13.00000
perturbed,0,2,1,0,100,5.00000
perturbed,0,2,1,0,300,8.00000
perturbed,0,2,1,0,1000,8.00000
perturbed,0,0,1,1,100,-4.00000
perturbed,0,0,1,1,300,-9.00000
perturbed,0,0,1,1,1000,-9.00000
perturbed,0,1,1,1,100,-5.00000
perturbed,0,1,1,1,300,-12.00000
perturbed,0,1,1,1,1000,-13.00000
perturbed,0,2,1,1,100,1.00000
perturbed,0,2,1,1,300,7.00000
perturbed,0,2,1,1,1000,8.00000
perturbed,0,0,1,2,100,-4.00000
perturbed,0,0,1,2,300,-6.00000
perturbed,0,0,1,2,1000,-9.00000
perturbed,0,1,1,2,100,-4.00000
perturbed,0,1,1,2,300,-8.00000
perturbed,0,1,1,2,1000,-13.00000
perturbed,0,2,1,2,100,1.00000
perturbed,0,2,1,2,300,6.00000
perturbed,0,2,1,2,1000,8.00000
perturbed,0,0,1,3,100,-5.00000
perturbed,0,0,1,3,300,-6.00000
perturbed,0,0,1,3,1000,-10.00000
perturbed,0,1,1,3,100,-8.00000
perturbed,0,1,1,3,300,-10.00000
perturbed,0,1,1,3,1000,-14.00000
perturbed,0,2,1,3,100,5.00000
perturbed,0,2,1,3,300,8.00000
perturbed,0,2,1,3,1000,8.00000
perturbed,0,0,1,4,100,-2.00000
perturbed,0,0,1,4,300,-9.00000
perturbed,0,0,1,4,1000,-9.00000
perturbed,0,1,1,4,100,-6.00000
perturbed,0,1,1,4,300,-13.00000
perturbed,0,1,1,4,1000,-13.00000
perturbed,0,2,1,4,100,12.00000
perturbed,0,2,1,4,300,9.00000
perturbed,0,2,1,4,1000,8.00000
perturbed,0,0,2,0,100,5.00000
perturbed,0,0,2,0,300,13.00000
perturbed,0,0,2,0,1000,27.00000
perturbed,0,1,2,0,100,5.00000
perturbed,0,1,2,0,300,13.00000
perturbed,0,1,2,0,1000,27.00000
perturbed,0,2,2,0,100,5.00000
perturbed,0,2,2,0,300,13.00000
perturbed,0,2,2,0,1000,27.00000
perturbed,0,0,2,1,100,4.00000
perturbed,0,0,2,1,300,21.00000
perturbed,0,0,2,1,1000,30.00000
perturbed,0,1,2,1,100,4.00000
perturbed,0,1,2,1,300,21.00000
perturbed,0,1,2,1,1000,30.00000
perturbed,0,2,2,1,100,4.00000
perturbed,0,2,2,1,300,21.00000
perturbed,0,2,2,1,1000,30.00000
perturbed,0,0,2,2,100,19.00000
perturbed,0,0,2,2,300,26.00000
perturbed,0,0,2,2,1000,30.00000
perturbed,0,1,2,2,100,19.00000
perturbed,0,1,2,2,300,26.00000
perturbed,0,1,2,2,1000,30.00000
perturbed,0,2,2,2,100,19.00000
perturbed,0,2,2,2,300,26.00000
perturbed,0,2,2,2,1000,30.00000
perturbed,0,0,2,3,100,14.00000
perturbed,0,0,2,3,300,30.00000
perturbed,0,0,2,3,1000,30.00000
perturbed,0,1,2,3,100,14.00000
perturbed,0,1,2,3,300,30.00000
perturbed,0,1,2,3,1000,30.00000
perturbed,0,2,2,3,100,14.00000
perturbed,0,2,2,3,300,30.00000
perturbed,0,2,2,3,1000,30.00000
perturbed,0,0,2,4,100,14.00000
perturbed,0,0,2,4,300,31.00000
perturbed,0,0,2,4,1000,30.00000
perturbed,0,1,2,4,100,14.00000
perturbed,0,1,2,4,300,31.00000
perturbed,0,1,2,4,1000,30.00000
perturbed,0,2,2,4,100,14.00000
perturbed,0,2,2,4,300,31.00000
perturbed,0,2,2,4,1000,30.00000
perturbed,0,0,3,0,100,-6.00000
perturbed,0,0,3,0,300,-6.00000
perturbed,0,0,3,0,1000,-6.00000
perturbed,0,1,3,0,100,-6.00000
perturbed,0,1,3,0,300,-6.00000
perturbed,0,1,3,0,1000,-6.00000
perturbed,0,2,3,0,100,1.00000
perturbed,0,2,3,0,300,1.00000
perturbed,0,2,3,0,1000,1.00000
perturbed,0,0,3,1,100,-6.00000
perturbed,0,0,3,1,300,-6.00000
perturbed,0,0,3,1,1000,-6.00000
perturbed,0,1,3,1,100,-6.00000
perturbed,0,1,3,1,300,-6.00000
perturbed,0,1,3,1,1000,-6.00000
perturbed,0,2,3,1,100,1.00000
perturbed,0,2,3,1,300,1.00000
perturbed,0,2,3,1,1000,1.00000
perturbed,0,0,3,2,100,1.00000
perturbed,0,0,3,2,300,1.00000
perturbed,0,0,3,2,1000,0.00000
perturbed,0,1,3,2,100,1.00000
perturbed,0,1,3,2,300,1.00000
perturbed,0,1,3,2,1000,0.00000
perturbed,0,2,3,2,100,1.00000
perturbed,0,2,3,2,300,1.00000
perturbed,0,2,3,2,1000,1.00000
perturbed,0,0,3,3,100,-2.00000
perturbed,0,0,3,3,300,-2.00000
perturbed,0,0,3,3,1000,-6.00000
perturbed,0,1,3,3,100,-2.00000
perturbed,0,1,3,3,300,-2.00000
perturbed,0,1,3,3,1000,-6.00000
perturbed,0,2,3,3,100,1.00000
perturbed,0,2,3,3,300,1.00000
perturbed,0,2,3,3,1000,1.00000
perturbed,0,0,3,4,100,0.00000
perturbed,0,0,3,4,300,0.00000
perturbed,0,0,3,4,1000,-6.00000
perturbed,0,1,3,4,100,0.00000
perturbed,0,1,3,4,300,0.00000
perturbed,0,1,3,4,1000,-6.00000
perturbed,0,2,3,4,100,1.00000
perturbed,0,2,3,4,300,1.00000
perturbed,0,2,3,4,1000,1.00000
perturbed,0,0,4,0,100,2.00000
perturbed,0,0,4,0,300,-3.00000
perturbed,0,0,4,0,1000,-7.00000
perturbed,0,1,4,0,100,2.00000
perturbed,0,1,4,0,300,-3.00000
perturbed,0,1,4,0,1000,-13.00000
perturbed,0,2,4,0,100,2.00000
perturbed,0,2,4,0,300,9.00000
perturbed,0,2,4,0,1000,31.00000
perturbed,0,0,4,1,100,-2.00000
perturbed,0,0,4,1,300,-4.00000
perturbed,0,0,4,1,1000,-7.00000
perturbed,0,1,4,1,100,-6.00000
perturbed,0,1,4,1,300,-10.00000
perturbed,0,1,4,1,1000,-13.00000
perturbed,0,2,4,1,100,11.00000
perturbed,0,2,4,1,300,14.00000
perturbed,0,2,4,1,1000,28.00000
perturbed,0,0,4,2,100,1.00000
perturbed,0,0,4,2,300,-4.00000
perturbed,0,0,4,2,1000,-5.00000
perturbed,0,1,4,2,100,1.00000
perturbed,0,1,4,2,300,-4.00000
perturbed,0,1,4,2,1000,-11.00000
perturbed,0,2,4,2,100,2.00000
perturbed,0,2,4,2,300,4.00000
perturbed,0,2,4,2,1000,19.00000
perturbed,0,0,4,3,100,-2.00000
perturbed,0,0,4,3,300,-3.00000
perturbed,0,0,4,3,1000,-7.00000
perturbed,0,1,4,3,100,-5.00000
perturbed,0,1,4,3,300,-6.00000
perturbed,0,1,4,3,1000,-13.00000
perturbed,0,2,4,3,100,7.00000
perturbed,0,2,4,3,300,8.00000
perturbed,0,2,4,3,1000,34.00000
perturbed,0,0,4,4,100,-7.00000
perturbed,0,0,4,4,300,-8.00000
perturbed,0,0,4,4,1000,-9.00000
perturbed,0,1,4,4,100,-12.00000
perturbed,0,1,4,4,300,-14.00000
perturbed,0,1,4,4,1000,-15.00000
perturbed,0,2,4,4,100,20.00000
perturbed,0,2,4,4,300,30.00000
perturbed,0,2,4,4,1000,29.00000
perturbed,0,0,5,0,100,0.00000
perturbed,0,0,5,0,300,36.00000
perturbed,0,0,5,0,1000,27.00000
perturbed,0,1,5,0,100,0.00000
perturbed,0,1,5,0,300,36.00000
perturbed,0,1,5,0,1000,27.00000
perturbed,0,2,5,0,100,3.00000
perturbed,0,2,5,0,300,39.00000
perturbed,0,2,5,0,1000,30.00000
perturbed,0,0,5,1,100,27.00000
perturbed,0,0,5,1,300,25.00000
perturbed,0,0,5,1,1000,28.00000
perturbed,0,1,5,1,100,27.00000
perturbed,0,1,5,1,300,25.00000
perturbed,0,1,5,1,1000,28.00000
perturbed,0,2,5,1,100,27.00000
perturbed,0,2,5,1,300,25.00000
perturbed,0,2,5,1,1000,28.00000
perturbed,0,0,5,2,100,9.00000
perturbed,0,0,5,2,300,17.00000
perturbed,0,0,5,2,1000,26.00000
perturbed,0,1,5,2,100,9.00000
perturbed,0,1,5,2,300,17.00000
perturbed,0,1,5,2,1000,26.00000
perturbed,0,2,5,2,100,13.00000
perturbed,0,2,5,2,300,21.00000
perturbed,0,2,5,2,1000,30.00000
perturbed,0,0,5,3,100,8.00000
perturbed,0,0,5,3,300,27.00000
perturbed,0,0,5,3,1000,26.00000
perturbed,0,1,5,3,100,8.00000
perturbed,0,1,5,3,300,27.00000
perturbed,0,1,5,3,1000,26.00000
perturbed,0,2,5,3,100,9.00000
perturbed,0,2,5,3,300,28.00000
perturbed,0,2,5,3,1000,29.00000
perturbed,0,0,5,4,100,-2.00000
perturbed,0,0,5,4,300,1.00000
perturbed,0,0,5,4,1000,33.00000
perturbed,0,1,5,4,100,-2.00000
perturbed,0,1,5,4,300,1.00000
perturbed,0,1,5,4,1000,33.00000
perturbed,0,2,5,4,100,2.00000
perturbed,0,2,5,4,300,5.00000
perturbed,0,2,5,4,1000,37.00000
perturbed,0,0,6,0,100,0.00000
perturbed,0,0,6,0,300,-19.00000
perturbed,0,0,6,0,1000,-19.00000
perturbed,0,1,6,0,100,-1.00000
perturbed,0,1,6,0,300,-20.00000
perturbed,0,1,6,0,1000,-20.00000
perturbed,0,2,6,0,100,2.00000
perturbed,0,2,6,0,300,-32.00000
perturbed,0,2,6,0,1000,-27.00000
perturbed,0,0,6,1,100,-18.00000
perturbed,0,0,6,1,300,-19.00000
perturbed,0,0,6,1,1000,-19.00000
perturbed,0,1,6,1,100,-18.00000
perturbed,0,1,6,1,300,-20.00000
perturbed,0,1,6,1,1000,-20.00000
perturbed,0,2,6,1,100,-26.00000
perturbed,0,2,6,1,300,-24.00000
perturbed,0,2,6,1,1000,-27.00000
perturbed,0,0,6,2,100,-10.00000
perturbed,0,0,6,2,300,-15.00000
perturbed,0,0,6,2,1000,-20.00000
perturbed,0,1,6,2,100,-10.00000
perturbed,0,1,6,2,300,-15.00000
perturbed,0,1,6,2,1000,-20.00000
perturbed,0,2,6,2,100,-17.00000
perturbed,0,2,6,2,300,-34.00000
perturbed,0,2,6,2,1000,-30.00000
perturbed,0,0,6,3,100,-9.00000
perturbed,0,0,6,3,300,-19.00000
perturbed,0,0,6,3,1000,-19.00000
perturbed,0,1,6,3,100,-9.00000
perturbed,0,1,6,3,300,-19.00000
perturbed,0,1,6,3,1000,-20.00000
perturbed,0,2,6,3,100,-24.00000
perturbed,0,2,6,3,300,-37.00000
perturbed,0,2,6,3,1000,-27.00000
perturbed,0,0,6,4,100,-9.00000
perturbed,0,0,6,4,300,-21.00000
perturbed,0,0,6,4,1000,-19.00000
perturbed,0,1,6,4,100,-9.00000
perturbed,0,1,6,4,300,-21.00000
perturbed,0,1,6,4,1000,-20.00000
perturbed,0,2,6,4,100,-15.00000
perturbed,0,2,6,4,300,-29.00000
perturbed,0,2,6,4,1000,-27.00000
perturbed,0,0,7,0,100,-4.00000
perturbed,0,0,7,0,300,-6.00000
perturbed,0,0,7,0,1000,-5.00000
perturbed,0,1,7,0,100,-5.00000
perturbed,0,1,7,0,300,-12.00000
perturbed,0,1,7,0,1000,-11.00000
perturbed,0,2,7,0,100,3.00000
perturbed,0,2,7,0,300,-3.00000
perturbed,0,2,7,0,1000,-3.00000
perturbed,0,0,7,1,100,3.00000
perturbed,0,0,7,1,300,4.00000
perturbed,0,0,7,1,1000,5.00000
perturbed,0,1,7,1,100,-3.00000
perturbed,0,1,7,1,300,-2.00000
perturbed,0,1,7,1,1000,-1.00000
perturbed,0,2,7,1,100,18.00000
perturbed,0,2,7,1,300,19.00000
perturbed,0,2,7,1,1000,13.00000
perturbed,0,0,7,2,100,2.00000
perturbed,0,0,7,2,300,-6.00000
perturbed,0,0,7,2,1000,-5.00000
perturbed,0,1,7,2,100,-2.00000
perturbed,0,1,7,2,300,-12.00000
perturbed,0,1,7,2,1000,-11.00000
perturbed,0,2,7,2,100,6.00000
perturbed,0,2,7,2,300,-5.00000
perturbed,0,2,7,2,1000,-3.00000
perturbed,0,0,7,3,100,-5.00000
perturbed,0,0,7,3,300,-10.00000
perturbed,0,0,7,3,1000,-5.00000
perturbed,0,1,7,3,100,-10.00000
perturbed,0,1,7,3,300,-15.00000
perturbed,0,1,7,3,1000,-11.00000
perturbed,0,2,7,3,100,4.00000
perturbed,0,2,7,3,300,-6.00000
perturbed,0,2,7,3,1000,-3.00000
perturbed,0,0,7,4,100,-7.00000
perturbed,0,0,7,4,300,-7.00000
perturbed,0,0,7,4,1000,-5.00000
perturbed,0,1,7,4,100,-13.00000
perturbed,0,1,7,4,300,-13.00000
perturbed,0,1,7,4,1000,-11.00000
perturbed,0,2,7,4,100,-6.00000
perturbed,0,2,7,4,300,-7.00000
perturbed,0,2,7,4,1000,-3.00000
perturbed,0,0,8,0,100,-6.00000
perturbed,0,0,8,0,300,-13.00000
perturbed,0,0,8,0,1000,-13.00000
perturbed,0,1,8,0,100,-6.00000
perturbed,0,1,8,0,300,-14.00000
perturbed,0,1,8,0,1000,-14.00000
perturbed,0,2,8,0,100,10.00000
perturbed,0,2,8,0,300,-1.00000
perturbed,0,2,8,0,1000,-1.00000
perturbed,0,0,8,1,100,-1.00000
perturbed,0,0,8,1,300,-7.00000
perturbed,0,0,8,1,1000,-7.00000
perturbed,0,1,8,1,100,-1.00000
perturbed,0,1,8,1,300,-7.00000
perturbed,0,1,8,1,1000,-8.00000
perturbed,0,2,8,1,100,8.00000
perturbed,0,2,8,1,300,8.00000
perturbed,0,2,8,1,1000,10.00000
perturbed,0,0,8,2,100,-17.00000
perturbed,0,0,8,2,300,-17.00000
perturbed,0,0,8,2,1000,-6.00000
perturbed,0,1,8,2,100,-17.00000
perturbed,0,1,8,2,300,-17.00000
perturbed,0,1,8,2,1000,-7.00000
perturbed,0,2,8,2,100,1.00000
perturbed,0,2,8,2,300,1.00000
perturbed,0,2,8,2,1000,12.00000
perturbed,0,0,8,3,100,-11.00000
perturbed,0,0,8,3,300,-13.00000
perturbed,0,0,8,3,1000,-12.00000
perturbed,0,1,8,3,100,-11.00000
perturbed,0,1,8,3,300,-13.00000
perturbed,0,1,8,3,1000,-13.00000
perturbed,0,2,8,3,100,5.00000
perturbed,0,2,8,3,300,5.00000
perturbed,0,2,8,3,1000,-5.00000
perturbed,0,0,8,4,100,-16.00000
perturbed,0,0,8,4,300,-5.00000
perturbed,0,0,8,4,1000,-13.00000
perturbed,0,1,8,4,100,-16.00000
perturbed,0,1,8,4,300,-6.00000
perturbed,0,1,8,4,1000,-14.00000
perturbed,0,2,8,4,100,1.00000
perturbed,0,2,8,4,300,13.00000
perturbed,0,2,8,4,1000,-2.00000
perturbed,0,0,9,0,100,18.00000
perturbed,0,0,9,0,300,30.00000
perturbed,0,0,9,0,1000,31.00000
perturbed,0,1,9,0,100,18.00000
perturbed,0,1,9,0,300,30.00000
perturbed,0,1,9,0,1000,31.00000
perturbed,0,2,9,0,100,15.00000
perturbed,0,2,9,0,300,27.00000
perturbed,0,2,9,0,1000,28.00000
perturbed,0,0,9,1,100,18.00000
perturbed,0,0,9,1,300,26.00000
perturbed,0,0,9,1,1000,31.00000
perturbed,0,1,9,1,100,18.00000
perturbed,0,1,9,1,300,26.00000
perturbed,0,1,9,1,1000,31.00000
perturbed,0,2,9,1,100,15.00000
perturbed,0,2,9,1,300,23.00000
perturbed,0,2,9,1,1000,28.00000
perturbed,0,0,9,2,100,9.00000
perturbed,0,0,9,2,300,19.00000
perturbed,0,0,9,2,1000,31.00000
perturbed,0,1,9,2,100,9.00000
perturbed,0,1,9,2,300,19.00000
perturbed,0,1,9,2,1000,31.00000
perturbed,0,2,9,2,100,6.00000
perturbed,0,2,9,2,300,16.00000
perturbed,0,2,9,2,1000,28.00000
perturbed,0,0,9,3,100,21.00000
perturbed,0,0,9,3,300,30.00000
perturbed,0,0,9,3,1000,31.00000
perturbed,0,1,9,3,100,21.00000
perturbed,0,1,9,3,300,30.00000
perturbed,0,1,9,3,1000,31.00000
perturbed,0,2,9,3,100,17.00000
perturbed,0,2,9,3,300,26.00000
perturbed,0,2,9,3,1000,28.00000
perturbed,0,0,9,4,100,19.00000
perturbed,0,0,9,4,300,23.00000
perturbed,0,0,9,4,1000,31.00000
perturbed,0,1,9,4,100,19.00000
perturbed,0,1,9,4,300,23.00000
perturbed,0,1,9,4,1000,31.00000
perturbed,0,2,9,4,100,18.00000
perturbed,0,2,9,4,300,22.00000
perturbed,0,2,9,4,1000,28.00000
perturbed,0,0,10,0,100,12.00000
perturbed,0,0,10,0,300,15.00000
perturbed,0,0,10,0,1000,14.00000
perturbed,0,1,10,0,100,12.00000
perturbed,0,1,10,0,300,15.00000
perturbed,0,1,10,0,1000,14.00000
perturbed,0,2,10,0,100,12.00000
perturbed,0,2,10,0,300,14.00000
perturbed,0,2,10,0,1000,16.00000
perturbed,0,0,10,1,100,10.00000
perturbed,0,0,10,1,300,9.00000
perturbed,0,0,10,1,1000,15.00000
perturbed,0,1,10,1,100,10.00000
perturbed,0,1,10,1,300,9.00000
perturbed,0,1,10,1,1000,15.00000
perturbed,0,2,10,1,100,12.00000
perturbed,0,2,10,1,300,11.00000
perturbed,0,2,10,1,1000,17.00000
perturbed,0,0,10,2,100,5.00000
perturbed,0,0,10,2,300,14.00000
perturbed,0,0,10,2,1000,14.00000
perturbed,0,1,10,2,100,5.00000
perturbed,0,1,10,2,300,14.00000
perturbed,0,1,10,2,1000,14.00000
perturbed,0,2,10,2,100,8.00000
perturbed,0,2,10,2,300,17.00000
perturbed,0,2,10,2,1000,16.00000
perturbed,0,0,10,3,100,16.00000
perturbed,0,0,10,3,300,16.00000
perturbed,0,0,10,3,1000,14.00000
perturbed,0,1,10,3,100,16.00000
perturbed,0,1,10,3,300,16.00000
perturbed,0,1,10,3,1000,14.00000
perturbed,0,2,10,3,100,16.00000
perturbed,0,2,10,3,300,16.00000
perturbed,0,2,10,3,1000,16.00000
perturbed,0,0,10,4,100,12.00000
perturbed,0,0,10,4,300,11.00000
perturbed,0,0,10,4,1000,14.00000
perturbed,0,1,10,4,100,12.00000
perturbed,0,1,10,4,300,11.00000
perturbed,0,1,10,4,1000,14.00000
perturbed,0,2,10,4,100,13.00000
perturbed,0,2,10,4,300,14.00000
perturbed,0,2,10,4,1000,16.00000
perturbed,0,0,11,0,100,-2.00000
perturbed,0,0,11,0,300,-20.00000
perturbed,0,0,11,0,1000,-22.00000
perturbed,0,1,11,0,100,-2.00000
perturbed,0,1,11,0,300,-27.00000
perturbed,0,1,11,0,1000,-29.00000
perturbed,0,2,11,0,100,-2.00000
perturbed,0,2,11,0,300,10.00000
perturbed,0,2,11,0,1000,8.00000
perturbed,0,0,11,1,100,-10.00000
perturbed,0,0,11,1,300,-19.00000
perturbed,0,0,11,1,1000,-21.00000
perturbed,0,1,11,1,100,-17.00000
perturbed,0,1,11,1,300,-26.00000
perturbed,0,1,11,1,1000,-28.00000
perturbed,0,2,11,1,100,16.00000
perturbed,0,2,11,1,300,9.00000
perturbed,0,2,11,1,1000,9.00000
perturbed,0,0,11,2,100,-9.00000
perturbed,0,0,11,2,300,-19.00000
perturbed,0,0,11,2,1000,-23.00000
perturbed,0,1,11,2,100,-15.00000
perturbed,0,1,11,2,300,-26.00000
perturbed,0,1,11,2,1000,-30.00000
perturbed,0,2,11,2,100,17.00000
perturbed,0,2,11,2,300,13.00000
perturbed,0,2,11,2,1000,9.00000
perturbed,0,0,11,3,100,-2.00000
perturbed,0,0,11,3,300,-7.00000
perturbed,0,0,11,3,1000,-22.00000
perturbed,0,1,11,3,100,-9.00000
perturbed,0,1,11,3,300,-14.00000
perturbed,0,1,11,3,1000,-29.00000
perturbed,0,2,11,3,100,14.00000
perturbed,0,2,11,3,300,9.00000
perturbed,0,2,11,3,1000,8.00000
perturbed,0,0,11,4,100,-6.00000
perturbed,0,0,11,4,300,-6.00000
perturbed,0,0,11,4,1000,-24.00000
perturbed,0,1,11,4,100,-6.00000
perturbed,0,1,11,4,300,-6.00000
perturbed,0,1,11,4,1000,-31.00000
perturbed,0,2,11,4,100,-1.00000
perturbed,0,2,11,4,300,-1.00000
perturbed,0,2,11,4,1000,8.00000
perturbed,0,0,12,0,100,-4.00000
perturbed,0,0,12,0,300,-8.00000
perturbed,0,0,12,0,1000,7.00000
perturbed,0,1,12,0,100,-4.00000
perturbed,0,1,12,0,300,-8.00000
perturbed,0,1,12,0,1000,6.00000
perturbed,0,2,12,0,100,0.00000
perturbed,0,2,12,0,300,-16.00000
perturbed,0,2,12,0,1000,-3.00000
perturbed,0,0,12,1,100,-2.00000
perturbed,0,0,12,1,300,-5.00000
perturbed,0,0,12,1,1000,1.00000
perturbed,0,1,12,1,100,-2.00000
perturbed,0,1,12,1,300,-5.00000
perturbed,0,1,12,1,1000,0.00000
perturbed,0,2,12,1,100,-5.00000
perturbed,0,2,12,1,300,-19.00000
perturbed,0,2,12,1,1000,-7.00000
perturbed,0,0,12,2,100,-1.00000
perturbed,0,0,12,2,300,7.00000
perturbed,0,0,12,2,1000,7.00000
perturbed,0,1,12,2,100,-1.00000
perturbed,0,1,12,2,300,7.00000
perturbed,0,1,12,2,1000,6.00000
perturbed,0,2,12,2,100,-9.00000
perturbed,0,2,12,2,300,-2.00000
perturbed,0,2,12,2,1000,4.00000
perturbed,0,0,12,3,100,-9.00000
perturbed,0,0,12,3,300,-15.00000
perturbed,0,0,12,3,1000,7.00000
perturbed,0,1,12,3,100,-10.00000
perturbed,0,1,12,3,300,-16.00000
perturbed,0,1,12,3,1000,6.00000
perturbed,0,2,12,3,100,-3.00000
perturbed,0,2,12,3,300,-17.00000
perturbed,0,2,12,3,1000,-1.00000
perturbed,0,0,12,4,100,0.00000
perturbed,0,0,12,4,300,4.00000
perturbed,0,0,12,4,1000,2.00000
perturbed,0,1,12,4,100,-1.00000
perturbed,0,1,12,4,300,3.00000
perturbed,0,1,12,4,1000,1.00000
perturbed,0,2,12,4,100,4.00000
perturbed,0,2,12,4,300,9.00000
perturbed,0,2,12,4,1000,-6.00000
perturbed,0,0,13,0,100,5.00000
perturbed,0,0,13,0,300,-2.00000
perturbed,0,0,13,0,1000,-2.00000
perturbed,0,1,13,0,100,5.00000
perturbed,0,1,13,0,300,-2.00000
perturbed,0,1,13,0,1000,-2.00000
perturbed,0,2,13,0,100,-7.00000
perturbed,0,2,13,0,300,-19.00000
perturbed,0,2,13,0,1000,-17.00000
perturbed,0,0,13,1,100,0.00000
perturbed,0,0,13,1,300,0.00000
perturbed,0,0,13,1,1000,-18.00000
perturbed,0,1,13,1,100,0.00000
perturbed,0,1,13,1,300,0.00000
perturbed,0,1,13,1,1000,-19.00000
perturbed,0,2,13,1,100,-18.00000
perturbed,0,2,13,1,300,-13.00000
perturbed,0,2,13,1,1000,-13.00000
perturbed,0,0,13,2,100,2.00000
perturbed,0,0,13,2,300,-5.00000
perturbed,0,0,13,2,1000,-18.00000
perturbed,0,1,13,2,100,1.00000
perturbed,0,1,13,2,300,-6.00000
perturbed,0,1,13,2,1000,-19.00000
perturbed,0,2,13,2,100,-1.00000
perturbed,0,2,13,2,300,-1.00000
perturbed,0,2,13,2,1000,-13.00000
perturbed,0,0,13,3,100,6.00000
perturbed,0,0,13,3,300,-2.00000
perturbed,0,0,13,3,1000,-18.00000
perturbed,0,1,13,3,100,6.00000
perturbed,0,1,13,3,300,-2.00000
perturbed,0,1,13,3,1000,-19.00000
perturbed,0,2,13,3,100,0.00000
perturbed,0,2,13,3,300,-8.00000
perturbed,0,2,13,3,1000,-13.00000
perturbed,0,0,13,4,100,-3.00000
perturbed,0,0,13,4,300,-3.00000
perturbed,0,0,13,4,1000,-17.00000
perturbed,0,1,13,4,100,-3.00000
perturbed,0,1,13,4,300,-3.00000
perturbed,0,1,13,4,1000,-18.00000
perturbed,0,2,13,4,100,-3.00000
perturbed,0,2,13,4,300,-17.00000
perturbed,0,2,13,4,1000,-13.00000
perturbed,0,0,14,0,100,-11.00000
perturbed,0,0,14,0,300,-16.00000
perturbed,0,0,14,0,1000,-21.00000
perturbed,0,1,14,0,100,-11.00000
perturbed,0,1,14,0,300,-20.00000
perturbed,0,1,14,0,1000,-25.00000
perturbed,0,2,14,0,100,-1.00000
perturbed,0,2,14,0,300,-9.00000
perturbed,0,2,14,0,1000,-17.00000
perturbed,0,0,14,1,100,-12.00000
perturbed,0,0,14,1,300,-14.00000
perturbed,0,0,14,1,1000,-24.00000
perturbed,0,1,14,1,100,-16.00000
perturbed,0,1,14,1,300,-18.00000
perturbed,0,1,14,1,1000,-28.00000
perturbed,0,2,14,1,100,9.00000
perturbed,0,2,14,1,300,5.00000
perturbed,0,2,14,1,1000,-18.00000
perturbed,0,0,14,2,100,-2.00000
perturbed,0,0,14,2,300,-13.00000
perturbed,0,0,14,2,1000,-22.00000
perturbed,0,1,14,2,100,-6.00000
perturbed,0,1,14,2,300,-17.00000
perturbed,0,1,14,2,1000,-26.00000
perturbed,0,2,14,2,100,6.00000
perturbed,0,2,14,2,300,-16.00000
perturbed,0,2,14,2,1000,-17.00000
perturbed,0,0,14,3,100,-7.00000
perturbed,0,0,14,3,300,-15.00000
perturbed,0,0,14,3,1000,-22.00000
perturbed,0,1,14,3,100,-7.00000
perturbed,0,1,14,3,300,-19.00000
perturbed,0,1,14,3,1000,-26.00000
perturbed,0,2,14,3,100,-12.00000
perturbed,0,2,14,3,300,-14.00000
perturbed,0,2,14,3,1000,-17.00000
perturbed,0,0,14,4,100,-10.00000
perturbed,0,0,14,4,300,-14.00000
perturbed,0,0,14,4,1000,-22.00000
perturbed,0,1,14,4,100,-11.00000
perturbed,0,1,14,4,300,-15.00000
perturbed,0,1,14,4,1000,-23.00000
perturbed,0,2,14,4,100,-22.00000
perturbed,0,2,14,4,300,-29.00000
perturbed,0,2,14,4,1000,-27.00000
perturbed,0,0,15,0,100,8.00000
perturbed,0,0,15,0,300,18.00000
perturbed,0,0,15,0,1000,19.00000
perturbed,0,1,15,0,100,8.00000
perturbed,0,1,15,0,300,18.00000
perturbed,0,1,15,0,1000,19.00000
perturbed,0,2,15,0,100,9.00000
perturbed,0,2,15,0,300,19.00000
perturbed,0,2,15,0,1000,21.00000
perturbed,0,0,15,1,100,7.00000
perturbed,0,0,15,1,300,13.00000
perturbed,0,0,15,1,1000,19.00000
perturbed,0,1,15,1,100,7.00000
perturbed,0,1,15,1,300,13.00000
perturbed,0,1,15,1,1000,19.00000
perturbed,0,2,15,1,100,8.00000
perturbed,0,2,15,1,300,15.00000
perturbed,0,2,15,1,1000,21.00000
perturbed,0,0,15,2,100,12.00000
perturbed,0,0,15,2,300,12.00000
perturbed,0,0,15,2,1000,19.00000
perturbed,0,1,15,2,100,12.00000
perturbed,0,1,15,2,300,12.00000
perturbed,0,1,15,2,1000,19.00000
perturbed,0,2,15,2,100,14.00000
perturbed,0,2,15,2,300,14.00000
perturbed,0,2,15,2,1000,21.00000
perturbed,0,0,15,3,100,9.00000
perturbed,0,0,15,3,300,13.00000
perturbed,0,0,15,3,1000,19.00000
perturbed,0,1,15,3,100,9.00000
perturbed,0,1,15,3,300,13.00000
perturbed,0,1,15,3,1000,19.00000
perturbed,0,2,15,3,100,12.00000
perturbed,0,2,15,3,300,15.00000
perturbed,0,2,15,3,1000,21.00000
perturbed,0,0,15,4,100,16.00000
perturbed,0,0,15,4,300,19.00000
perturbed,0,0,15,4,1000,19.00000
perturbed,0,1,15,4,100,16.00000
perturbed,0,1,15,4,300,19.00000
perturbed,0,1,15,4,1000,19.00000
perturbed,0,2,15,4,100,16.00000
perturbed,0,2,15,4,300,21.00000
perturbed,0,2,15,4,1000,21.00000
perturbed,0,0,16,0,100,7.00000
perturbed,0,0,16,0,300,8.00000
perturbed,0,0,16,0,1000,21.00000
perturbed,0,1,16,0,100,6.00000
perturbed,0,1,16,0,300,7.00000
perturbed,0,1,16,0,1000,20.00000
perturbed,0,2,16,0,100,10.00000
perturbed,0,2,16,0,300,10.00000
perturbed,0,2,16,0,1000,22.00000
perturbed,0,0,16,1,100,8.00000
perturbed,0,0,16,1,300,4.00000
perturbed,0,0,16,1,1000,20.00000
perturbed,0,1,16,1,100,8.00000
perturbed,0,1,16,1,300,3.00000
perturbed,0,1,16,1,1000,19.00000
perturbed,0,2,16,1,100,7.00000
perturbed,0,2,16,1,300,4.00000
perturbed,0,2,16,1,1000,20.00000
perturbed,0,0,16,2,100,7.00000
perturbed,0,0,16,2,300,27.00000
perturbed,0,0,16,2,1000,22.00000
perturbed,0,1,16,2,100,7.00000
perturbed,0,1,16,2,300,26.00000
perturbed,0,1,16,2,1000,21.00000
perturbed,0,2,16,2,100,9.00000
perturbed,0,2,16,2,300,29.00000
perturbed,0,2,16,2,1000,22.00000
perturbed,0,0,16,3,100,6.00000
perturbed,0,0,16,3,300,29.00000
perturbed,0,0,16,3,1000,23.00000
perturbed,0,1,16,3,100,5.00000
perturbed,0,1,16,3,300,28.00000
perturbed,0,1,16,3,1000,22.00000
perturbed,0,2,16,3,100,10.00000
perturbed,0,2,16,3,300,31.00000
perturbed,0,2,16,3,1000,25.00000
perturbed,0,0,16,4,100,13.00000
perturbed,0,0,16,4,300,26.00000
perturbed,0,0,16,4,1000,22.00000
perturbed,0,1,16,4,100,13.00000
perturbed,0,1,16,4,300,26.00000
perturbed,0,1,16,4,1000,21.00000
perturbed,0,2,16,4,100,12.00000
perturbed,0,2,16,4,300,24.00000
perturbed,0,2,16,4,1000,23.00000
perturbed,0,0,17,0,100,2.00000
perturbed,0,0,17,0,300,4.00000
perturbed,0,0,17,0,1000,4.00000
perturbed,0,1,17,0,100,-2.00000
perturbed,0,1,17,0,300,-1.00000
perturbed,0,1,17,0,1000,-1.00000
perturbed,0,2,17,0,100,22.00000
perturbed,0,2,17,0,300,26.00000
perturbed,0,2,17,0,1000,33.00000
perturbed,0,0,17,1,100,0.00000
perturbed,0,0,17,1,300,5.00000
perturbed,0,0,17,1,1000,3.00000
perturbed,0,1,17,1,100,0.00000
perturbed,0,1,17,1,300,1.00000
perturbed,0,1,17,1,1000,-2.00000
perturbed,0,2,17,1,100,0.00000
perturbed,0,2,17,1,300,15.00000
perturbed,0,2,17,1,1000,32.00000
perturbed,0,0,17,2,100,0.00000
perturbed,0,0,17,2,300,-2.00000
perturbed,0,0,17,2,1000,3.00000
perturbed,0,1,17,2,100,0.00000
perturbed,0,1,17,2,300,-3.00000
perturbed,0,1,17,2,1000,-2.00000
perturbed,0,2,17,2,100,0.00000
perturbed,0,2,17,2,300,1.00000
perturbed,0,2,17,2,1000,32.00000
perturbed,0,0,17,3,100,2.00000
perturbed,0,0,17,3,300,4.00000
perturbed,0,0,17,3,1000,3.00000
perturbed,0,1,17,3,100,-2.00000
perturbed,0,1,17,3,300,-1.00000
perturbed,0,1,17,3,1000,-2.00000
perturbed,0,2,17,3,100,27.00000
perturbed,0,2,17,3,300,26.00000
perturbed,0,2,17,3,1000,32.00000
perturbed,0,0,17,4,100,4.00000
perturbed,0,0,17,4,300,3.00000
perturbed,0,0,17,4,1000,3.00000
perturbed,0,1,17,4,100,1.00000
perturbed,0,1,17,4,300,-2.00000
perturbed,0,1,17,4,1000,-2.00000
perturbed,0,2,17,4,100,16.00000
perturbed,0,2,17,4,300,28.00000
perturbed,0,2,17,4,1000,30.00000
perturbed,0,0,18,0,100,-12.00000
perturbed,0,0,18,0,300,-26.00000
perturbed,0,0,18,0,1000,-23.00000
perturbed,0,1,18,0,100,-12.00000
perturbed,0,1,18,0,300,-29.00000
perturbed,0,1,18,0,1000,-27.00000
perturbed,0,2,18,0,100,4.00000
perturbed,0,2,18,0,300,15.00000
perturbed,0,2,18,0,1000,19.00000
perturbed,0,0,18,1,100,1.00000
perturbed,0,0,18,1,300,-25.00000
perturbed,0,0,18,1,1000,-25.00000
perturbed,0,1,18,1,100,1.00000
perturbed,0,1,18,1,300,-29.00000
perturbed,0,1,18,1,1000,-29.00000
perturbed,0,2,18,1,100,2.00000
perturbed,0,2,18,1,300,11.00000
perturbed,0,2,18,1,1000,17.00000
perturbed,0,0,18,2,100,6.00000
perturbed,0,0,18,2,300,7.00000
perturbed,0,0,18,2,1000,-24.00000
perturbed,0,1,18,2,100,6.00000
perturbed,0,1,18,2,300,7.00000
perturbed,0,1,18,2,1000,-28.00000
perturbed,0,2,18,2,100,3.00000
perturbed,0,2,18,2,300,4.00000
perturbed,0,2,18,2,1000,18.00000
perturbed,0,0,18,3,100,-26.00000
perturbed,0,0,18,3,300,-31.00000
perturbed,0,0,18,3,1000,-27.00000
perturbed,0,1,18,3,100,-27.00000
perturbed,0,1,18,3,300,-35.00000
perturbed,0,1,18,3,1000,-31.00000
perturbed,0,2,18,3,100,4.00000
perturbed,0,2,18,3,300,14.00000
perturbed,0,2,18,3,1000,15.00000
perturbed,0,0,18,4,100,-14.00000
perturbed,0,0,18,4,300,-27.00000
perturbed,0,0,18,4,1000,-24.00000
perturbed,0,1,18,4,100,-18.00000
perturbed,0,1,18,4,300,-31.00000
perturbed,0,1,18,4,1000,-28.00000
perturbed,0,2,18,4,100,14.00000
perturbed,0,2,18,4,300,14.00000
perturbed,0,2,18,4,1000,18.00000
perturbed,0,0,19,0,100,1.00000
perturbed,0,0,19,0,300,1.00000
perturbed,0,0,19,0,1000,3.00000
perturbed,0,1,19,0,100,1.00000
perturbed,0,1,19,0,300,1.00000
perturbed,0,1,19,0,1000,3.00000
perturbed,0,2,19,0,100,3.00000
perturbed,0,2,19,0,300,4.00000
perturbed,0,2,19,0,1000,7.00000
perturbed,0,0,19,1,100,-8.00000
perturbed,0,0,19,1,300,-4.00000
perturbed,0,0,19,1,1000,0.00000
perturbed,0,1,19,1,100,-9.00000
perturbed,0,1,19,1,300,-5.00000
perturbed,0,1,19,1,1000,-2.00000
perturbed,0,2,19,1,100,-4.00000
perturbed,0,2,19,1,300,0.00000
perturbed,0,2,19,1,1000,4.00000
perturbed,0,0,19,2,100,2.00000
perturbed,0,0,19,2,300,5.00000
perturbed,0,0,19,2,1000,5.00000
perturbed,0,1,19,2,100,0.00000
perturbed,0,1,19,2,300,3.00000
perturbed,0,1,19,2,1000,3.00000
perturbed,0,2,19,2,100,6.00000
perturbed,0,2,19,2,300,9.00000
perturbed,0,2,19,2,1000,9.00000
perturbed,0,0,19,3,100,-3.00000
perturbed,0,0,19,3,300,1.00000
perturbed,0,0,19,3,1000,4.00000
perturbed,0,1,19,3,100,-3.00000
perturbed,0,1,19,3,300,1.00000
perturbed,0,1,19,3,1000,4.00000
perturbed,0,2,19,3,100,1.00000
perturbed,0,2,19,3,300,5.00000
perturbed,0,2,19,3,1000,8.00000
perturbed,0,0,19,4,100,2.00000
perturbed,0,0,19,4,300,0.00000
perturbed,0,0,19,4,1000,3.00000
perturbed,0,1,19,4,100,0.00000
perturbed,0,1,19,4,300,-2.00000
perturbed,0,1,19,4,1000,1.00000
perturbed,0,2,19,4,100,5.00000
perturbed,0,2,19,4,300,4.00000
perturbed,0,2,19,4,1000,7.00000
perturbed,0,0,20,0,100,-1.00000
perturbed,0,0,20,0,300,5.00000
perturbed,0,0,20,0,1000,1.00000
perturbed,0,1,20,0,100,-1.00000
perturbed,0,1,20,0,300,5.00000
perturbed,0,1,20,0,1000,1.00000
perturbed,0,2,20,0,100,1.00000
perturbed,0,2,20,0,300,7.00000
perturbed,0,2,20,0,1000,7.00000
perturbed,0,0,20,1,100,-12.00000
perturbed,0,0,20,1,300,4.00000
perturbed,0,0,20,1,1000,4.00000
perturbed,0,1,20,1,100,-12.00000
perturbed,0,1,20,1,300,4.00000
perturbed,0,1,20,1,1000,4.00000
perturbed,0,2,20,1,100,-13.00000
perturbed,0,2,20,1,300,3.00000
perturbed,0,2,20,1,1000,4.00000
perturbed,0,0,20,2,100,-11.00000
perturbed,0,0,20,2,300,-11.00000
perturbed,0,0,20,2,1000,-9.00000
perturbed,0,1,20,2,100,-11.00000
perturbed,0,1,20,2,300,-11.00000
perturbed,0,1,20,2,1000,-9.00000
perturbed,0,2,20,2,100,4.00000
perturbed,0,2,20,2,300,5.00000
perturbed,0,2,20,2,1000,6.00000
perturbed,0,0,20,3,100,5.00000
perturbed,0,0,20,3,300,4.00000
perturbed,0,0,20,3,1000,-7.00000
perturbed,0,1,20,3,100,5.00000
perturbed,0,1,20,3,300,4.00000
perturbed,0,1,20,3,1000,-7.00000
perturbed,0,2,20,3,100,5.00000
perturbed,0,2,20,3,300,4.00000
perturbed,0,2,20,3,1000,8.00000
perturbed,0,0,20,4,100,17.00000
perturbed,0,0,20,4,300,12.00000
perturbed,0,0,20,4,1000,-5.00000
perturbed,0,1,20,4,100,17.00000
perturbed,0,1,20,4,300,12.00000
perturbed,0,1,20,4,1000,-5.00000
perturbed,0,2,20,4,100,17.00000
perturbed,0,2,20,4,300,19.00000
perturbed,0,2,20,4,1000,10.00000
perturbed,0,0,21,0,100,-8.00000
perturbed,0,0,21,0,300,-3.00000
perturbed,0,0,21,0,1000,-3.00000
perturbed,0,1,21,0,100,-8.00000
perturbed,0,1,21,0,300,-3.00000
perturbed,0,1,21,0,1000,-3.00000
perturbed,0,2,21,0,100,2.00000
perturbed,0,2,21,0,300,6.00000
perturbed,0,2,21,0,1000,9.00000
perturbed,0,0,21,1,100,1.00000
perturbed,0,0,21,1,300,0.00000
perturbed,0,0,21,1,1000,-4.00000
perturbed,0,1,21,1,100,1.00000
perturbed,0,1,21,1,300,0.00000
perturbed,0,1,21,1,1000,-4.00000
perturbed,0,2,21,1,100,15.00000
perturbed,0,2,21,1,300,15.00000
perturbed,0,2,21,1,1000,11.00000
perturbed,0,0,21,2,100,-5.00000
perturbed,0,0,21,2,300,6.00000
perturbed,0,0,21,2,1000,-2.00000
perturbed,0,1,21,2,100,-5.00000
perturbed,0,1,21,2,300,6.00000
perturbed,0,1,21,2,1000,-2.00000
perturbed,0,2,21,2,100,-3.00000
perturbed,0,2,21,2,300,11.00000
perturbed,0,2,21,2,1000,11.00000
perturbed,0,0,21,3,100,-9.00000
perturbed,0,0,21,3,300,-3.00000
perturbed,0,0,21,3,1000,-3.00000
perturbed,0,1,21,3,100,-9.00000
perturbed,0,1,21,3,300,-3.00000
perturbed,0,1,21,3,1000,-3.00000
perturbed,0,2,21,3,100,0.00000
perturbed,0,2,21,3,300,9.00000
perturbed,0,2,21,3,1000,10.00000
perturbed,0,0,21,4,100,8.00000
perturbed,0,0,21,4,300,-1.00000
perturbed,0,0,21,4,1000,-1.00000
perturbed,0,1,21,4,100,8.00000
perturbed,0,1,21,4,300,-1.00000
perturbed,0,1,21,4,1000,-1.00000
perturbed,0,2,21,4,100,11.00000
perturbed,0,2,21,4,300,16.00000
perturbed,0,2,21,4,1000,13.00000
perturbed,0,0,22,0,100,27.00000
perturbed,0,0,22,0,300,46.00000
perturbed,0,0,22,0,1000,48.00000
perturbed,0,1,22,0,100,27.00000
perturbed,0,1,22,0,300,46.00000
perturbed,0,1,22,0,1000,48.00000
perturbed,0,2,22,0,100,27.00000
perturbed,0,2,22,0,300,45.00000
perturbed,0,2,22,0,1000,45.00000
perturbed,0,0,22,1,100,32.00000
perturbed,0,0,22,1,300,46.00000
perturbed,0,0,22,1,1000,47.00000
perturbed,0,1,22,1,100,32.00000
perturbed,0,1,22,1,300,46.00000
perturbed,0,1,22,1,1000,47.00000
perturbed,0,2,22,1,100,32.00000
perturbed,0,2,22,1,300,44.00000
perturbed,0,2,22,1,1000,44.00000
perturbed,0,0,22,2,100,37.00000
perturbed,0,0,22,2,300,46.00000
perturbed,0,0,22,2,1000,48.00000
perturbed,0,1,22,2,100,37.00000
perturbed,0,1,22,2,300,46.00000
perturbed,0,1,22,2,1000,48.00000
perturbed,0,2,22,2,100,36.00000
perturbed,0,2,22,2,300,45.00000
perturbed,0,2,22,2,1000,45.00000
perturbed,0,0,22,3,100,4.00000
perturbed,0,0,22,3,300,50.00000
perturbed,0,0,22,3,1000,48.00000
perturbed,0,1,22,3,100,4.00000
perturbed,0,1,22,3,300,50.00000
perturbed,0,1,22,3,1000,48.00000
perturbed,0,2,22,3,100,4.00000
perturbed,0,2,22,3,300,50.00000
perturbed,0,2,22,3,1000,45.00000
perturbed,0,0,22,4,100,1.00000
perturbed,0,0,22,4,300,47.00000
perturbed,0,0,22,4,1000,48.00000
perturbed,0,1,22,4,100,1.00000
perturbed,0,1,22,4,300,47.00000
perturbed,0,1,22,4,1000,48.00000
perturbed,0,2,22,4,100,-2.00000
perturbed,0,2,22,4,300,44.00000
perturbed,0,2,22,4,1000,45.00000
perturbed,0,0,23,0,100,-9.00000
perturbed,0,0,23,0,300,-42.00000
perturbed,0,0,23,0,1000,-48.00000
perturbed,0,1,23,0,100,-9.00000
perturbed,0,1,23,0,300,-43.00000
perturbed,0,1,23,0,1000,-50.00000
perturbed,0,2,23,0,100,-1.00000
perturbed,0,2,23,0,300,0.00000
perturbed,0,2,23,0,1000,4.00000
perturbed,0,0,23,1,100,-23.00000
perturbed,0,0,23,1,300,-48.00000
perturbed,0,0,23,1,1000,-48.00000
perturbed,0,1,23,1,100,-23.00000
perturbed,0,1,23,1,300,-50.00000
perturbed,0,1,23,1,1000,-50.00000
perturbed,0,2,23,1,100,0.00000
perturbed,0,2,23,1,300,5.00000
perturbed,0,2,23,1,1000,3.00000
perturbed,0,0,23,2,100,-33.00000
perturbed,0,0,23,2,300,-48.00000
perturbed,0,0,23,2,1000,-48.00000
perturbed,0,1,23,2,100,-35.00000
perturbed,0,1,23,2,300,-50.00000
perturbed,0,1,23,2,1000,-50.00000
perturbed,0,2,23,2,100,4.00000
perturbed,0,2,23,2,300,4.00000
perturbed,0,2,23,2,1000,4.00000
perturbed,0,0,23,3,100,-28.00000
perturbed,0,0,23,3,300,-47.00000
perturbed,0,0,23,3,1000,-48.00000
perturbed,0,1,23,3,100,-28.00000
perturbed,0,1,23,3,300,-49.00000
perturbed,0,1,23,3,1000,-50.00000
perturbed,0,2,23,3,100,-1.00000
perturbed,0,2,23,3,300,6.00000
perturbed,0,2,23,3,1000,4.00000
perturbed,0,0,23,4,100,-41.00000
perturbed,0,0,23,4,300,-47.00000
perturbed,0,0,23,4,1000,-48.00000
perturbed,0,1,23,4,100,-43.00000
perturbed,0,1,23,4,300,-49.00000
perturbed,0,1,23,4,1000,-50.00000
perturbed,0,2,23,4,100,6.00000
perturbed,0,2,23,4,300,4.00000
perturbed,0,2,23,4,1000,4.00000
perturbed,0,0,24,0,100,2.00000
perturbed,0,0,24,0,300,5.00000
perturbed,0,0,24,0,1000,6.00000
perturbed,0,1,24,0,100,2.00000
perturbed,0,1,24,0,300,5.00000
perturbed,0,1,24,0,1000,5.00000
perturbed,0,2,24,0,100,-1.00000
perturbed,0,2,24,0,300,2.00000
perturbed,0,2,24,0,1000,-6.00000
perturbed,0,0,24,1,100,7.00000
perturbed,0,0,24,1,300,7.00000
perturbed,0,0,24,1,1000,5.00000
perturbed,0,1,24,1,100,7.00000
perturbed,0,1,24,1,300,7.00000
perturbed,0,1,24,1,1000,4.00000
perturbed,0,2,24,1,100,6.00000
perturbed,0,2,24,1,300,8.00000
perturbed,0,2,24,1,1000,-5.00000
perturbed,0,0,24,2,100,-1.00000
perturbed,0,0,24,2,300,6.00000
perturbed,0,0,24,2,1000,5.00000
perturbed,0,1,24,2,100,-1.00000
perturbed,0,1,24,2,300,5.00000
perturbed,0,1,24,2,1000,4.00000
perturbed,0,2,24,2,100,-4.00000
perturbed,0,2,24,2,300,-4.00000
perturbed,0,2,24,2,1000,-6.00000
perturbed,0,0,24,3,100,0.00000
perturbed,0,0,24,3,300,4.00000
perturbed,0,0,24,3,1000,5.00000
perturbed,0,1,24,3,100,0.00000
perturbed,0,1,24,3,300,3.00000
perturbed,0,1,24,3,1000,4.00000
perturbed,0,2,24,3,100,-12.00000
perturbed,0,2,24,3,300,-9.00000
perturbed,0,2,24,3,1000,-6.00000
perturbed,0,0,24,4,100,1.00000
perturbed,0,0,24,4,300,4.00000
perturbed,0,0,24,4,1000,6.00000
perturbed,0,1,24,4,100,1.00000
perturbed,0,1,24,4,300,4.00000
perturbed,0,1,24,4,1000,5.00000
perturbed,0,2,24,4,100,-3.00000
perturbed,0,2,24,4,300,0.00000
perturbed,0,2,24,4,1000,3.00000
perturbed,0,0,25,0,100,-15.00000
perturbed,0,0,25,0,300,-13.00000
perturbed,0,0,25,0,1000,-17.00000
perturbed,0,1,25,0,100,-16.00000
perturbed,0,1,25,0,300,-16.00000
perturbed,0,1,25,0,1000,-20.00000
perturbed,0,2,25,0,100,11.00000
perturbed,0,2,25,0,300,15.00000
perturbed,0,2,25,0,1000,12.00000
perturbed,0,0,25,1,100,-2.00000
perturbed,0,0,25,1,300,-12.00000
perturbed,0,0,25,1,1000,-14.00000
perturbed,0,1,25,1,100,-3.00000
perturbed,0,1,25,1,300,-15.00000
perturbed,0,1,25,1,1000,-17.00000
perturbed,0,2,25,1,100,2.00000
perturbed,0,2,25,1,300,5.00000
perturbed,0,2,25,1,1000,15.00000
perturbed,0,0,25,2,100,-8.00000
perturbed,0,0,25,2,300,-14.00000
perturbed,0,0,25,2,1000,-14.00000
perturbed,0,1,25,2,100,-9.00000
perturbed,0,1,25,2,300,-16.00000
perturbed,0,1,25,2,1000,-17.00000
perturbed,0,2,25,2,100,2.00000
perturbed,0,2,25,2,300,10.00000
perturbed,0,2,25,2,1000,14.00000
perturbed,0,0,25,3,100,0.00000
perturbed,0,0,25,3,300,-5.00000
perturbed,0,0,25,3,1000,-14.00000
perturbed,0,1,25,3,100,0.00000
perturbed,0,1,25,3,300,-5.00000
perturbed,0,1,25,3,1000,-17.00000
perturbed,0,2,25,3,100,1.00000
perturbed,0,2,25,3,300,0.00000
perturbed,0,2,25,3,1000,11.00000
perturbed,0,0,25,4,100,-11.00000
perturbed,0,0,25,4,300,-10.00000
perturbed,0,0,25,4,1000,-14.00000
perturbed,0,1,25,4,100,-13.00000
perturbed,0,1,25,4,300,-13.00000
perturbed,0,1,25,4,1000,-17.00000
perturbed,0,2,25,4,100,13.00000
perturbed,0,2,25,4,300,15.00000
perturbed,0,2,25,4,1000,15.00000
perturbed,0,0,26,0,100,18.00000
perturbed,0,0,26,0,300,19.00000
perturbed,0,0,26,0,1000,18.00000
perturbed,0,1,26,0,100,18.00000
perturbed,0,1,26,0,300,19.00000
perturbed,0,1,26,0,1000,18.00000
perturbed,0,2,26,0,100,23.00000
perturbed,0,2,26,0,300,24.00000
perturbed,0,2,26,0,1000,25.00000
perturbed,0,0,26,1,100,17.00000
perturbed,0,0,26,1,300,15.00000
perturbed,0,0,26,1,1000,18.00000
perturbed,0,1,26,1,100,17.00000
perturbed,0,1,26,1,300,15.00000
perturbed,0,1,26,1,1000,18.00000
perturbed,0,2,26,1,100,19.00000
perturbed,0,2,26,1,300,20.00000
perturbed,0,2,26,1,1000,25.00000
perturbed,0,0,26,2,100,14.00000
perturbed,0,0,26,2,300,18.00000
perturbed,0,0,26,2,1000,18.00000
perturbed,0,1,26,2,100,14.00000
perturbed,0,1,26,2,300,18.00000
perturbed,0,1,26,2,1000,18.00000
perturbed,0,2,26,2,100,18.00000
perturbed,0,2,26,2,300,24.00000
perturbed,0,2,26,2,1000,25.00000
perturbed,0,0,26,3,100,15.00000
perturbed,0,0,26,3,300,15.00000
perturbed,0,0,26,3,1000,21.00000
perturbed,0,1,26,3,100,15.00000
perturbed,0,1,26,3,300,15.00000
perturbed,0,1,26,3,1000,21.00000
perturbed,0,2,26,3,100,15.00000
perturbed,0,2,26,3,300,17.00000
perturbed,0,2,26,3,1000,24.00000
perturbed,0,0,26,4,100,7.00000
perturbed,0,0,26,4,300,18.00000
perturbed,0,0,26,4,1000,18.00000
perturbed,0,1,26,4,100,7.00000
perturbed,0,1,26,4,300,18.00000
perturbed,0,1,26,4,1000,18.00000
perturbed,0,2,26,4,100,13.00000
perturbed,0,2,26,4,300,24.00000
perturbed,0,2,26,4,1000,25.00000
perturbed,0,0,27,0,100,1.00000
perturbed,0,0,27,0,300,1.00000
perturbed,0,0,27,0,1000,-9.00000
perturbed,0,1,27,0,100,1.00000
perturbed,0,1,27,0,300,1.00000
perturbed,0,1,27,0,1000,-9.00000
perturbed,0,2,27,0,100,1.00000
perturbed,0,2,27,0,300,1.00000
perturbed,0,2,27,0,1000,-16.00000
perturbed,0,0,27,1,100,8.00000
perturbed,0,0,27,1,300,-7.00000
perturbed,0,0,27,1,1000,-9.00000
perturbed,0,1,27,1,100,8.00000
perturbed,0,1,27,1,300,-7.00000
perturbed,0,1,27,1,1000,-9.00000
perturbed,0,2,27,1,100,9.00000
perturbed,0,2,27,1,300,-10.00000
perturbed,0,2,27,1,1000,-21.00000
perturbed,0,0,27,2,100,-10.00000
perturbed,0,0,27,2,300,-2.00000
perturbed,0,0,27,2,1000,-4.00000
perturbed,0,1,27,2,100,-10.00000
perturbed,0,1,27,2,300,-2.00000
perturbed,0,1,27,2,1000,-4.00000
perturbed,0,2,27,2,100,-15.00000
perturbed,0,2,27,2,300,-13.00000
perturbed,0,2,27,2,1000,-15.00000
perturbed,0,0,27,3,100,-13.00000
perturbed,0,0,27,3,300,-8.00000
perturbed,0,0,27,3,1000,-8.00000
perturbed,0,1,27,3,100,-13.00000
perturbed,0,1,27,3,300,-8.00000
perturbed,0,1,27,3,1000,-8.00000
perturbed,0,2,27,3,100,-20.00000
perturbed,0,2,27,3,300,-16.00000
perturbed,0,2,27,3,1000,-20.00000
perturbed,0,0,27,4,100,-3.00000
perturbed,0,0,27,4,300,-3.00000
perturbed,0,0,27,4,1000,-7.00000
perturbed,0,1,27,4,100,-3.00000
perturbed,0,1,27,4,300,-3.00000
perturbed,0,1,27,4,1000,-7.00000
perturbed,0,2,27,4,100,-9.00000
perturbed,0,2,27,4,300,-14.00000
perturbed,0,2,27,4,1000,-18.00000
perturbed,0,0,28,0,100,3.00000
perturbed,0,0,28,0,300,5.00000
perturbed,0,0,28,0,1000,-13.00000
perturbed,0,1,28,0,100,3.00000
perturbed,0,1,28,0,300,5.00000
perturbed,0,1,28,0,1000,-16.00000
perturbed,0,2,28,0,100,5.00000
perturbed,0,2,28,0,300,7.00000
perturbed,0,2,28,0,1000,-23.00000
perturbed,0,0,28,1,100,8.00000
perturbed,0,0,28,1,300,-14.00000
perturbed,0,0,28,1,1000,-15.00000
perturbed,0,1,28,1,100,7.00000
perturbed,0,1,28,1,300,-15.00000
perturbed,0,1,28,1,1000,-16.00000
perturbed,0,2,28,1,100,10.00000
perturbed,0,2,28,1,300,-23.00000
perturbed,0,2,28,1,1000,-26.00000
perturbed,0,0,28,2,100,-1.00000
perturbed,0,0,28,2,300,-13.00000
perturbed,0,0,28,2,1000,-13.00000
perturbed,0,1,28,2,100,-1.00000
perturbed,0,1,28,2,300,-15.00000
perturbed,0,1,28,2,1000,-16.00000
perturbed,0,2,28,2,100,0.00000
perturbed,0,2,28,2,300,-22.00000
perturbed,0,2,28,2,1000,-24.00000
perturbed,0,0,28,3,100,6.00000
perturbed,0,0,28,3,300,6.00000
perturbed,0,0,28,3,1000,-13.00000
perturbed,0,1,28,3,100,6.00000
perturbed,0,1,28,3,300,6.00000
perturbed,0,1,28,3,1000,-16.00000
perturbed,0,2,28,3,100,6.00000
perturbed,0,2,28,3,300,6.00000
perturbed,0,2,28,3,1000,-24.00000
perturbed,0,0,28,4,100,-1.00000
perturbed,0,0,28,4,300,-3.00000
perturbed,0,0,28,4,1000,-11.00000
perturbed,0,1,28,4,100,-4.00000
perturbed,0,1,28,4,300,-6.00000
perturbed,0,1,28,4,1000,-14.00000
perturbed,0,2,28,4,100,-7.00000
perturbed,0,2,28,4,300,-10.00000
perturbed,0,2,28,4,1000,-22.00000
perturbed,0,0,29,0,100,-4.00000
perturbed,0,0,29,0,300,-18.00000
perturbed,0,0,29,0,1000,-24.00000
perturbed,0,1,29,0,100,-7.00000
perturbed,0,1,29,0,300,-22.00000
perturbed,0,1,29,0,1000,-28.00000
perturbed,0,2,29,0,100,11.00000
perturbed,0,2,29,0,300,16.00000
perturbed,0,2,29,0,1000,13.00000
perturbed,0,0,29,1,100,-13.00000
perturbed,0,0,29,1,300,-27.00000
perturbed,0,0,29,1,1000,-23.00000
perturbed,0,1,29,1,100,-17.00000
perturbed,0,1,29,1,300,-31.00000
perturbed,0,1,29,1,1000,-27.00000
perturbed,0,2,29,1,100,12.00000
perturbed,0,2,29,1,300,8.00000
perturbed,0,2,29,1,1000,12.00000
perturbed,0,0,29,2,100,-23.00000
perturbed,0,0,29,2,300,-25.00000
perturbed,0,0,29,2,1000,-24.00000
perturbed,0,1,29,2,100,-24.00000
perturbed,0,1,29,2,300,-29.00000
perturbed,0,1,29,2,1000,-28.00000
perturbed,0,2,29,2,100,3.00000
perturbed,0,2,29,2,300,12.00000
perturbed,0,2,29,2,1000,13.00000
perturbed,0,0,29,3,100,-9.00000
perturbed,0,0,29,3,300,-20.00000
perturbed,0,0,29,3,1000,-24.00000
perturbed,0,1,29,3,100,-9.00000
perturbed,0,1,29,3,300,-24.00000
perturbed,0,1,29,3,1000,-28.00000
perturbed,0,2,29,3,100,3.00000
perturbed,0,2,29,3,300,16.00000
perturbed,0,2,29,3,1000,13.00000
perturbed,0,0,29,4,100,-7.00000
perturbed,0,0,29,4,300,-8.00000
perturbed,0,0,29,4,1000,-24.00000
perturbed,0,1,29,4,100,-8.00000
perturbed,0,1,29,4,300,-12.00000
perturbed,0,1,29,4,1000,-28.00000
perturbed,0,2,29,4,100,1.00000
perturbed,0,2,29,4,300,10.00000
perturbed,0,2,29,4,1000,11.00000
perturbed,0,0,30,0,100,-17.00000
perturbed,0,0,30,0,300,-15.00000
perturbed,0,0,30,0,1000,-25.00000
perturbed,0,1,30,0,100,-17.00000
perturbed,0,1,30,0,300,-15.00000
perturbed,0,1,30,0,1000,-26.00000
perturbed,0,2,30,0,100,1.00000
perturbed,0,2,30,0,300,3.00000
perturbed,0,2,30,0,1000,6.00000
perturbed,0,0,30,1,100,-22.00000
perturbed,0,0,30,1,300,-28.00000
perturbed,0,0,30,1,1000,-25.00000
perturbed,0,1,30,1,100,-23.00000
perturbed,0,1,30,1,300,-29.00000
perturbed,0,1,30,1,1000,-26.00000
perturbed,0,2,30,1,100,1.00000
perturbed,0,2,30,1,300,3.00000
perturbed,0,2,30,1,1000,6.00000
perturbed,0,0,30,2,100,-9.00000
perturbed,0,0,30,2,300,-9.00000
perturbed,0,0,30,2,1000,-22.00000
perturbed,0,1,30,2,100,-9.00000
perturbed,0,1,30,2,300,-9.00000
perturbed,0,1,30,2,1000,-23.00000
perturbed,0,2,30,2,100,0.00000
perturbed,0,2,30,2,300,1.00000
perturbed,0,2,30,2,1000,5.00000
perturbed,0,0,30,3,100,-16.00000
perturbed,0,0,30,3,300,-16.00000
perturbed,0,0,30,3,1000,-28.00000
perturbed,0,1,30,3,100,-17.00000
perturbed,0,1,30,3,300,-17.00000
perturbed,0,1,30,3,1000,-29.00000
perturbed,0,2,30,3,100,3.00000
perturbed,0,2,30,3,300,3.00000
perturbed,0,2,30,3,1000,3.00000
perturbed,0,0,30,4,100,-24.00000
perturbed,0,0,30,4,300,-26.00000
perturbed,0,0,30,4,1000,-28.00000
perturbed,0,1,30,4,100,-25.00000
perturbed,0,1,30,4,300,-27.00000
perturbed,0,1,30,4,1000,-29.00000
perturbed,0,2,30,4,100,3.00000
perturbed,0,2,30,4,300,3.00000
perturbed,0,2,30,4,1000,3.00000
perturbed,0,0,31,0,100,-6.00000
perturbed,0,0,31,0,300,-43.00000
perturbed,0,0,31,0,1000,-45.00000
perturbed,0,1,31,0,100,-6.00000
perturbed,0,1,31,0,300,-43.00000
perturbed,0,1,31,0,1000,-45.00000
perturbed,0,2,31,0,100,0.00000
perturbed,0,2,31,0,300,-41.00000
perturbed,0,2,31,0,1000,-70.00000
perturbed,0,0,31,1,100,-28.00000
perturbed,0,0,31,1,300,-40.00000
perturbed,0,0,31,1,1000,-45.00000
perturbed,0,1,31,1,100,-28.00000
perturbed,0,1,31,1,300,-40.00000
perturbed,0,1,31,1,1000,-45.00000
perturbed,0,2,31,1,100,-29.00000
perturbed,0,2,31,1,300,-52.00000
perturbed,0,2,31,1,1000,-70.00000
perturbed,0,0,31,2,100,-13.00000
perturbed,0,0,31,2,300,-19.00000
perturbed,0,0,31,2,1000,-45.00000
perturbed,0,1,31,2,100,-13.00000
perturbed,0,1,31,2,300,-19.00000
perturbed,0,1,31,2,1000,-45.00000
perturbed,0,2,31,2,100,-26.00000
perturbed,0,2,31,2,300,-44.00000
perturbed,0,2,31,2,1000,-70.00000
perturbed,0,0,31,3,100,-34.00000
perturbed,0,0,31,3,300,-45.00000
perturbed,0,0,31,3,1000,-45.00000
perturbed,0,1,31,3,100,-34.00000
perturbed,0,1,31,3,300,-45.00000
perturbed,0,1,31,3,1000,-45.00000
perturbed,0,2,31,3,100,-30.00000
perturbed,0,2,31,3,300,-70.00000
perturbed,0,2,31,3,1000,-70.00000
perturbed,0,0,31,4,100,-36.00000
perturbed,0,0,31,4,300,-37.00000
perturbed,0,0,31,4,1000,-45.00000
perturbed,0,1,31,4,100,-36.00000
perturbed,0,1,31,4,300,-37.00000
perturbed,0,1,31,4,1000,-45.00000
perturbed,0,2,31,4,100,-47.00000
perturbed,0,2,31,4,300,-67.00000
perturbed,0,2,31,4,1000,-70.00000
perturbed,0,0,32,0,100,-9.00000
perturbed,0,0,32,0,300,-1.00000
perturbed,0,0,32,0,1000,6.00000
perturbed,0,1,32,0,100,-9.00000
perturbed,0,1,32,0,300,-1.00000
perturbed,0,1,32,0,1000,6.00000
perturbed,0,2,32,0,100,4.00000
perturbed,0,2,32,0,300,12.00000
perturbed,0,2,32,0,1000,19.00000
perturbed,0,0,32,1,100,14.00000
perturbed,0,0,32,1,300,14.00000
perturbed,0,0,32,1,1000,6.00000
perturbed,0,1,32,1,100,14.00000
perturbed,0,1,32,1,300,14.00000
perturbed,0,1,32,1,1000,6.00000
perturbed,0,2,32,1,100,19.00000
perturbed,0,2,32,1,300,19.00000
perturbed,0,2,32,1,1000,19.00000
perturbed,0,0,32,2,100,-8.00000
perturbed,0,0,32,2,300,-3.00000
perturbed,0,0,32,2,1000,6.00000
perturbed,0,1,32,2,100,-8.00000
perturbed,0,1,32,2,300,-3.00000
perturbed,0,1,32,2,1000,6.00000
perturbed,0,2,32,2,100,5.00000
perturbed,0,2,32,2,300,10.00000
perturbed,0,2,32,2,1000,19.00000
perturbed,0,0,32,3,100,13.00000
perturbed,0,0,32,3,300,17.00000
perturbed,0,0,32,3,1000,6.00000
perturbed,0,1,32,3,100,13.00000
perturbed,0,1,32,3,300,17.00000
perturbed,0,1,32,3,1000,6.00000
perturbed,0,2,32,3,100,14.00000
perturbed,0,2,32,3,300,18.00000
perturbed,0,2,32,3,1000,19.00000
perturbed,0,0,32,4,100,17.00000
perturbed,0,0,32,4,300,17.00000
perturbed,0,0,32,4,1000,6.00000
perturbed,0,1,32,4,100,17.00000
perturbed,0,1,32,4,300,17.00000
perturbed,0,1,32,4,1000,6.00000
perturbed,0,2,32,4,100,18.00000
perturbed,0,2,32,4,300,18.00000
perturbed,0,2,32,4,1000,19.00000
perturbed,0,0,33,0,100,0.00000
perturbed,0,0,33,0,300,1.00000
perturbed,0,0,33,0,1000,7.00000
perturbed,0,1,33,0,100,0.00000
perturbed,0,1,33,0,300,0.00000
perturbed,0,1,33,0,1000,6.00000
perturbed,0,2,33,0,100,3.00000
perturbed,0,2,33,0,300,-9.00000
perturbed,0,2,33,0,1000,-4.00000
perturbed,0,0,33,1,100,-1.00000
perturbed,0,0,33,1,300,1.00000
perturbed,0,0,33,1,1000,8.00000
perturbed,0,1,33,1,100,-1.00000
perturbed,0,1,33,1,300,0.00000
perturbed,0,1,33,1,1000,7.00000
perturbed,0,2,33,1,100,1.00000
perturbed,0,2,33,1,300,-13.00000
perturbed,0,2,33,1,1000,-6.00000
perturbed,0,0,33,2,100,0.00000
perturbed,0,0,33,2,300,8.00000
perturbed,0,0,33,2,1000,7.00000
perturbed,0,1,33,2,100,0.00000
perturbed,0,1,33,2,300,7.00000
perturbed,0,1,33,2,1000,6.00000
perturbed,0,2,33,2,100,2.00000
perturbed,0,2,33,2,300,-5.00000
perturbed,0,2,33,2,1000,6.00000
perturbed,0,0,33,3,100,1.00000
perturbed,0,0,33,3,300,-6.00000
perturbed,0,0,33,3,1000,1.00000
perturbed,0,1,33,3,100,0.00000
perturbed,0,1,33,3,300,-7.00000
perturbed,0,1,33,3,1000,0.00000
perturbed,0,2,33,3,100,-11.00000
perturbed,0,2,33,3,300,-9.00000
perturbed,0,2,33,3,1000,-2.00000
perturbed,0,0,33,4,100,-6.00000
perturbed,0,0,33,4,300,-6.00000
perturbed,0,0,33,4,1000,-5.00000
perturbed,0,1,33,4,100,-6.00000
perturbed,0,1,33,4,300,-7.00000
perturbed,0,1,33,4,1000,-6.00000
perturbed,0,2,33,4,100,-1.00000
perturbed,0,2,33,4,300,4.00000
perturbed,0,2,33,4,1000,0.00000
perturbed,0,0,34,0,100,-9.00000
perturbed,0,0,34,0,300,-9.00000
perturbed,0,0,34,0,1000,-18.00000
perturbed,0,1,34,0,100,-9.00000
perturbed,0,1,34,0,300,-14.00000
perturbed,0,1,34,0,1000,-23.00000
perturbed,0,2,34,0,100,9.00000
perturbed,0,2,34,0,300,3.00000
perturbed,0,2,34,0,1000,2.00000
perturbed,0,0,34,1,100,-4.00000
perturbed,0,0,34,1,300,-17.00000
perturbed,0,0,34,1,1000,-19.00000
perturbed,0,1,34,1,100,-4.00000
perturbed,0,1,34,1,300,-22.00000
perturbed,0,1,34,1,1000,-24.00000
perturbed,0,2,34,1,100,0.00000
perturbed,0,2,34,1,300,19.00000
perturbed,0,2,34,1,1000,14.00000
perturbed,0,0,34,2,100,-15.00000
perturbed,0,0,34,2,300,-18.00000
perturbed,0,0,34,2,1000,-20.00000
perturbed,0,1,34,2,100,-20.00000
perturbed,0,1,34,2,300,-23.00000
perturbed,0,1,34,2,1000,-25.00000
perturbed,0,2,34,2,100,10.00000
perturbed,0,2,34,2,300,18.00000
perturbed,0,2,34,2,1000,8.00000
perturbed,0,0,34,3,100,-2.00000
perturbed,0,0,34,3,300,-9.00000
perturbed,0,0,34,3,1000,-19.00000
perturbed,0,1,34,3,100,-2.00000
perturbed,0,1,34,3,300,-9.00000
perturbed,0,1,34,3,1000,-24.00000
perturbed,0,2,34,3,100,-12.00000
perturbed,0,2,34,3,300,-17.00000
perturbed,0,2,34,3,1000,-6.00000
perturbed,0,0,34,4,100,-13.00000
perturbed,0,0,34,4,300,-14.00000
perturbed,0,0,34,4,1000,-21.00000
perturbed,0,1,34,4,100,-16.00000
perturbed,0,1,34,4,300,-19.00000
perturbed,0,1,34,4,1000,-26.00000
perturbed,0,2,34,4,100,13.00000
perturbed,0,2,34,4,300,1.00000
perturbed,0,2,34,4,1000,2.00000
perturbed,0,0,35,0,100,8.00000
perturbed,0,0,35,0,300,13.00000
perturbed,0,0,35,0,1000,3.00000
perturbed,0,1,35,0,100,8.00000
perturbed,0,1,35,0,300,13.00000
perturbed,0,1,35,0,1000,3.00000
perturbed,0,2,35,0,100,14.00000
perturbed,0,2,35,0,300,19.00000
perturbed,0,2,35,0,1000,3.00000
perturbed,0,0,35,1,100,7.00000
perturbed,0,0,35,1,300,9.00000
perturbed,0,0,35,1,1000,9.00000
perturbed,0,1,35,1,100,7.00000
perturbed,0,1,35,1,300,9.00000
perturbed,0,1,35,1,1000,9.00000
perturbed,0,2,35,1,100,4.00000
perturbed,0,2,35,1,300,4.00000
perturbed,0,2,35,1,1000,5.00000
perturbed,0,0,35,2,100,17.00000
perturbed,0,0,35,2,300,11.00000
perturbed,0,0,35,2,1000,5.00000
perturbed,0,1,35,2,100,17.00000
perturbed,0,1,35,2,300,11.00000
perturbed,0,1,35,2,1000,5.00000
perturbed,0,2,35,2,100,17.00000
perturbed,0,2,35,2,300,9.00000
perturbed,0,2,35,2,1000,5.00000
perturbed,0,0,35,3,100,-4.00000
perturbed,0,0,35,3,300,-6.00000
perturbed,0,0,35,3,1000,5.00000
perturbed,0,1,35,3,100,-4.00000
perturbed,0,1,35,3,300,-6.00000
perturbed,0,1,35,3,1000,5.00000
perturbed,0,2,35,3,100,0.00000
perturbed,0,2,35,3,300,0.00000
perturbed,0,2,35,3,1000,6.00000
perturbed,0,0,35,4,100,-6.00000
perturbed,0,0,35,4,300,6.00000
perturbed,0,0,35,4,1000,6.00000
perturbed,0,1,35,4,100,-6.00000
perturbed,0,1,35,4,300,6.00000
perturbed,0,1,35,4,1000,6.00000
perturbed,0,2,35,4,100,0.00000
perturbed,0,2,35,4,300,13.00000
perturbed,0,2,35,4,1000,7.00000
perturbed,0,0,36,0,100,-2.00000
perturbed,0,0,36,0,300,-7.00000
perturbed,0,0,36,0,1000,-11.00000
perturbed,0,1,36,0,100,-2.00000
perturbed,0,1,36,0,300,-8.00000
perturbed,0,1,36,0,1000,-12.00000
perturbed,0,2,36,0,100,1.00000
perturbed,0,2,36,0,300,4.00000
perturbed,0,2,36,0,1000,3.00000
perturbed,0,0,36,1,100,-14.00000
perturbed,0,0,36,1,300,-11.00000
perturbed,0,0,36,1,1000,-11.00000
perturbed,0,1,36,1,100,-14.00000
perturbed,0,1,36,1,300,-12.00000
perturbed,0,1,36,1,1000,-12.00000
perturbed,0,2,36,1,100,3.00000
perturbed,0,2,36,1,300,1.00000
perturbed,0,2,36,1,1000,3.00000
perturbed,0,0,36,2,100,5.00000
perturbed,0,0,36,2,300,-7.00000
perturbed,0,0,36,2,1000,-11.00000
perturbed,0,1,36,2,100,4.00000
perturbed,0,1,36,2,300,-8.00000
perturbed,0,1,36,2,1000,-12.00000
perturbed,0,2,36,2,100,0.00000
perturbed,0,2,36,2,300,1.00000
perturbed,0,2,36,2,1000,3.00000
perturbed,0,0,36,3,100,1.00000
perturbed,0,0,36,3,300,-13.00000
perturbed,0,0,36,3,1000,-13.00000
perturbed,0,1,36,3,100,1.00000
perturbed,0,1,36,3,300,-13.00000
perturbed,0,1,36,3,1000,-13.00000
perturbed,0,2,36,3,100,-2.00000
perturbed,0,2,36,3,300,3.00000
perturbed,0,2,36,3,1000,3.00000
perturbed,0,0,36,4,100,-2.00000
perturbed,0,0,36,4,300,-11.00000
perturbed,0,0,36,4,1000,-11.00000
perturbed,0,1,36,4,100,-3.00000
perturbed,0,1,36,4,300,-12.00000
perturbed,0,1,36,4,1000,-12.00000
perturbed,0,2,36,4,100,0.00000
perturbed,0,2,36,4,300,2.00000
perturbed,0,2,36,4,1000,3.00000
perturbed,0,0,37,0,100,16.00000
perturbed,0,0,37,0,300,17.00000
perturbed,0,0,37,0,1000,25.00000
perturbed,0,1,37,0,100,16.00000
perturbed,0,1,37,0,300,17.00000
perturbed,0,1,37,0,1000,25.00000
perturbed,0,2,37,0,100,16.00000
perturbed,0,2,37,0,300,17.00000
perturbed,0,2,37,0,1000,25.00000
perturbed,0,0,37,1,100,13.00000
perturbed,0,0,37,1,300,21.00000
perturbed,0,0,37,1,1000,25.00000
perturbed,0,1,37,1,100,13.00000
perturbed,0,1,37,1,300,21.00000
perturbed,0,1,37,1,1000,25.00000
perturbed,0,2,37,1,100,13.00000
perturbed,0,2,37,1,300,21.00000
perturbed,0,2,37,1,1000,25.00000
perturbed,0,0,37,2,100,4.00000
perturbed,0,0,37,2,300,12.00000
perturbed,0,0,37,2,1000,26.00000
perturbed,0,1,37,2,100,4.00000
perturbed,0,1,37,2,300,12.00000
perturbed,0,1,37,2,1000,26.00000
perturbed,0,2,37,2,100,4.00000
perturbed,0,2,37,2,300,12.00000
perturbed,0,2,37,2,1000,26.00000
perturbed,0,0,37,3,100,6.00000
perturbed,0,0,37,3,300,8.00000
perturbed,0,0,37,3,1000,25.00000
perturbed,0,1,37,3,100,6.00000
perturbed,0,1,37,3,300,8.00000
perturbed,0,1,37,3,1000,25.00000
perturbed,0,2,37,3,100,6.00000
perturbed,0,2,37,3,300,8.00000
perturbed,0,2,37,3,1000,25.00000
perturbed,0,0,37,4,100,5.00000
perturbed,0,0,37,4,300,19.00000
perturbed,0,0,37,4,1000,23.00000
perturbed,0,1,37,4,100,5.00000
perturbed,0,1,37,4,300,19.00000
perturbed,0,1,37,4,1000,23.00000
perturbed,0,2,37,4,100,5.00000
perturbed,0,2,37,4,300,19.00000
perturbed,0,2,37,4,1000,23.00000
perturbed,0,0,38,0,100,-7.00000
perturbed,0,0,38,0,300,-3.00000
perturbed,0,0,38,0,1000,-6.00000
perturbed,0,1,38,0,100,-8.00000
perturbed,0,1,38,0,300,-4.00000
perturbed,0,1,38,0,1000,-8.00000
perturbed,0,2,38,0,100,15.00000
perturbed,0,2,38,0,300,20.00000
perturbed,0,2,38,0,1000,20.00000
perturbed,0,0,38,1,100,4.00000
perturbed,0,0,38,1,300,-8.00000
perturbed,0,0,38,1,1000,-7.00000
perturbed,0,1,38,1,100,4.00000
perturbed,0,1,38,1,300,-10.00000
perturbed,0,1,38,1,1000,-9.00000
perturbed,0,2,38,1,100,14.00000
perturbed,0,2,38,1,300,19.00000
perturbed,0,2,38,1,1000,21.00000
perturbed,0,0,38,2,100,-21.00000
perturbed,0,0,38,2,300,-15.00000
perturbed,0,0,38,2,1000,-7.00000
perturbed,0,1,38,2,100,-22.00000
perturbed,0,1,38,2,300,-16.00000
perturbed,0,1,38,2,1000,-9.00000
perturbed,0,2,38,2,100,1.00000
perturbed,0,2,38,2,300,7.00000
perturbed,0,2,38,2,1000,21.00000
perturbed,0,0,38,3,100,-15.00000
perturbed,0,0,38,3,300,-4.00000
perturbed,0,0,38,3,1000,-7.00000
perturbed,0,1,38,3,100,-16.00000
perturbed,0,1,38,3,300,-6.00000
perturbed,0,1,38,3,1000,-9.00000
perturbed,0,2,38,3,100,8.00000
perturbed,0,2,38,3,300,22.00000
perturbed,0,2,38,3,1000,21.00000
perturbed,0,0,38,4,100,0.00000
perturbed,0,0,38,4,300,1.00000
perturbed,0,0,38,4,1000,-6.00000
perturbed,0,1,38,4,100,0.00000
perturbed,0,1,38,4,300,-1.00000
perturbed,0,1,38,4,1000,-8.00000
perturbed,0,2,38,4,100,19.00000
perturbed,0,2,38,4,300,22.00000
perturbed,0,2,38,4,1000,22.00000
perturbed,0,0,39,0,100,-24.00000
perturbed,0,0,39,0,300,-24.00000
perturbed,0,0,39,0,1000,-24.00000
perturbed,0,1,39,0,100,-24.00000
perturbed,0,1,39,0,300,-27.00000
perturbed,0,1,39,0,1000,-28.00000
perturbed,0,2,39,0,100,3.00000
perturbed,0,2,39,0,300,27.00000
perturbed,0,2,39,0,1000,29.00000
perturbed,0,0,39,1,100,-19.00000
perturbed,0,0,39,1,300,-24.00000
perturbed,0,0,39,1,1000,-24.00000
perturbed,0,1,39,1,100,-23.00000
perturbed,0,1,39,1,300,-28.00000
perturbed,0,1,39,1,1000,-28.00000
perturbed,0,2,39,1,100,14.00000
perturbed,0,2,39,1,300,15.00000
perturbed,0,2,39,1,1000,29.00000
perturbed,0,0,39,2,100,-6.00000
perturbed,0,0,39,2,300,-17.00000
perturbed,0,0,39,2,1000,-24.00000
perturbed,0,1,39,2,100,-6.00000
perturbed,0,1,39,2,300,-21.00000
perturbed,0,1,39,2,1000,-28.00000
perturbed,0,2,39,2,100,0.00000
perturbed,0,2,39,2,300,15.00000
perturbed,0,2,39,2,1000,29.00000
perturbed,0,0,39,3,100,-18.00000
perturbed,0,0,39,3,300,-24.00000
perturbed,0,0,39,3,1000,-24.00000
perturbed,0,1,39,3,100,-18.00000
perturbed,0,1,39,3,300,-28.00000
perturbed,0,1,39,3,1000,-28.00000
perturbed,0,2,39,3,100,3.00000
perturbed,0,2,39,3,300,19.00000
perturbed,0,2,39,3,1000,32.00000
perturbed,0,0,39,4,100,-21.00000
perturbed,0,0,39,4,300,-23.00000
perturbed,0,0,39,4,1000,-24.00000
perturbed,0,1,39,4,100,-22.00000
perturbed,0,1,39,4,300,-25.00000
perturbed,0,1,39,4,1000,-28.00000
perturbed,0,2,39,4,100,4.00000
perturbed,0,2,39,4,300,26.00000
perturbed,0,2,39,4,1000,29.00000
perturbed,0,0,40,0,100,-6.00000
perturbed,0,0,40,0,300,-6.00000
perturbed,0,0,40,0,1000,-5.00000
perturbed,0,1,40,0,100,-9.00000
perturbed,0,1,40,0,300,-9.00000
perturbed,0,1,40,0,1000,-8.00000
perturbed,0,2,40,0,100,11.00000
perturbed,0,2,40,0,300,15.00000
perturbed,0,2,40,0,1000,18.00000
perturbed,0,0,40,1,100,5.00000
perturbed,0,0,40,1,300,-1.00000
perturbed,0,0,40,1,1000,-3.00000
perturbed,0,1,40,1,100,5.00000
perturbed,0,1,40,1,300,-4.00000
perturbed,0,1,40,1,1000,-6.00000
perturbed,0,2,40,1,100,6.00000
perturbed,0,2,40,1,300,20.00000
perturbed,0,2,40,1,1000,20.00000
perturbed,0,0,40,2,100,-2.00000
perturbed,0,0,40,2,300,2.00000
perturbed,0,0,40,2,1000,-2.00000
perturbed,0,1,40,2,100,-5.00000
perturbed,0,1,40,2,300,-1.00000
perturbed,0,1,40,2,1000,-5.00000
perturbed,0,2,40,2,100,10.00000
perturbed,0,2,40,2,300,18.00000
perturbed,0,2,40,2,1000,20.00000
perturbed,0,0,40,3,100,0.00000
perturbed,0,0,40,3,300,0.00000
perturbed,0,0,40,3,1000,-9.00000
perturbed,0,1,40,3,100,-3.00000
perturbed,0,1,40,3,300,-3.00000
perturbed,0,1,40,3,1000,-12.00000
perturbed,0,2,40,3,100,15.00000
perturbed,0,2,40,3,300,14.00000
perturbed,0,2,40,3,1000,14.00000
perturbed,0,0,40,4,100,-1.00000
perturbed,0,0,40,4,300,-1.00000
perturbed,0,0,40,4,1000,-3.00000
perturbed,0,1,40,4,100,-2.00000
perturbed,0,1,40,4,300,-4.00000
perturbed,0,1,40,4,1000,-6.00000
perturbed,0,2,40,4,100,9.00000
perturbed,0,2,40,4,300,21.00000
perturbed,0,2,40,4,1000,20.00000
perturbed,0,0,41,0,100,-7.00000
perturbed,0,0,41,0,300,2.00000
perturbed,0,0,41,0,1000,9.00000
perturbed,0,1,41,0,100,-7.00000
perturbed,0,1,41,0,300,2.00000
perturbed,0,1,41,0,1000,9.00000
perturbed,0,2,41,0,100,9.00000
perturbed,0,2,41,0,300,18.00000
perturbed,0,2,41,0,1000,25.00000
perturbed,0,0,41,1,100,-18.00000
perturbed,0,0,41,1,300,-7.00000
perturbed,0,0,41,1,1000,5.00000
perturbed,0,1,41,1,100,-18.00000
perturbed,0,1,41,1,300,-7.00000
perturbed,0,1,41,1,1000,5.00000
perturbed,0,2,41,1,100,1.00000
perturbed,0,2,41,1,300,13.00000
perturbed,0,2,41,1,1000,29.00000
perturbed,0,0,41,2,100,12.00000
perturbed,0,0,41,2,300,24.00000
perturbed,0,0,41,2,1000,5.00000
perturbed,0,1,41,2,100,12.00000
perturbed,0,1,41,2,300,24.00000
perturbed,0,1,41,2,1000,5.00000
perturbed,0,2,41,2,100,13.00000
perturbed,0,2,41,2,300,25.00000
perturbed,0,2,41,2,1000,29.00000
perturbed,0,0,41,3,100,6.00000
perturbed,0,0,41,3,300,6.00000
perturbed,0,0,41,3,1000,6.00000
perturbed,0,1,41,3,100,6.00000
perturbed,0,1,41,3,300,6.00000
perturbed,0,1,41,3,1000,6.00000
perturbed,0,2,41,3,100,25.00000
perturbed,0,2,41,3,300,30.00000
perturbed,0,2,41,3,1000,30.00000
perturbed,0,0,41,4,100,15.00000
perturbed,0,0,41,4,300,6.00000
perturbed,0,0,41,4,1000,2.00000
perturbed,0,1,41,4,100,15.00000
perturbed,0,1,41,4,300,6.00000
perturbed,0,1,41,4,1000,2.00000
perturbed,0,2,41,4,100,20.00000
perturbed,0,2,41,4,300,25.00000
perturbed,0,2,41,4,1000,26.00000
perturbed,0,0,42,0,100,-12.00000
perturbed,0,0,42,0,300,-12.00000
perturbed,0,0,42,0,1000,-24.00000
perturbed,0,1,42,0,100,-12.00000
perturbed,0,1,42,0,300,-12.00000
perturbed,0,1,42,0,1000,-24.00000
perturbed,0,2,42,0,100,-22.00000
perturbed,0,2,42,0,300,-23.00000
perturbed,0,2,42,0,1000,-37.00000
perturbed,0,0,42,1,100,0.00000
perturbed,0,0,42,1,300,0.00000
perturbed,0,0,42,1,1000,-24.00000
perturbed,0,1,42,1,100,0.00000
perturbed,0,1,42,1,300,0.00000
perturbed,0,1,42,1,1000,-24.00000
perturbed,0,2,42,1,100,0.00000
perturbed,0,2,42,1,300,0.00000
perturbed,0,2,42,1,1000,-37.00000
perturbed,0,0,42,2,100,6.00000
perturbed,0,0,42,2,300,-21.00000
perturbed,0,0,42,2,1000,-24.00000
perturbed,0,1,42,2,100,6.00000
perturbed,0,1,42,2,300,-21.00000
perturbed,0,1,42,2,1000,-24.00000
perturbed,0,2,42,2,100,6.00000
perturbed,0,2,42,2,300,-34.00000
perturbed,0,2,42,2,1000,-37.00000
perturbed,0,0,42,3,100,5.00000
perturbed,0,0,42,3,300,-23.00000
perturbed,0,0,42,3,1000,-23.00000
perturbed,0,1,42,3,100,5.00000
perturbed,0,1,42,3,300,-23.00000
perturbed,0,1,42,3,1000,-23.00000
perturbed,0,2,42,3,100,3.00000
perturbed,0,2,42,3,300,-33.00000
perturbed,0,2,42,3,1000,-35.00000
perturbed,0,0,42,4,100,2.00000
perturbed,0,0,42,4,300,-14.00000
perturbed,0,0,42,4,1000,-23.00000
perturbed,0,1,42,4,100,2.00000
perturbed,0,1,42,4,300,-14.00000
perturbed,0,1,42,4,1000,-23.00000
perturbed,0,2,42,4,100,2.00000
perturbed,0,2,42,4,300,-14.00000
perturbed,0,2,42,4,1000,-36.00000
perturbed,0,0,43,0,100,-3.00000
perturbed,0,0,43,0,300,-3.00000
perturbed,0,0,43,0,1000,-7.00000
perturbed,0,1,43,0,100,-3.00000
perturbed,0,1,43,0,300,-3.00000
perturbed,0,1,43,0,1000,-7.00000
perturbed,0,2,43,0,100,1.00000
perturbed,0,2,43,0,300,3.00000
perturbed,0,2,43,0,1000,-25.00000
perturbed,0,0,43,1,100,-1.00000
perturbed,0,0,43,1,300,-5.00000
perturbed,0,0,43,1,1000,-9.00000
perturbed,0,1,43,1,100,-1.00000
perturbed,0,1,43,1,300,-5.00000
perturbed,0,1,43,1,1000,-9.00000
perturbed,0,2,43,1,100,0.00000
perturbed,0,2,43,1,300,-6.00000
perturbed,0,2,43,1,1000,-18.00000
perturbed,0,0,43,2,100,-3.00000
perturbed,0,0,43,2,300,-5.00000
perturbed,0,0,43,2,1000,-11.00000
perturbed,0,1,43,2,100,-3.00000
perturbed,0,1,43,2,300,-5.00000
perturbed,0,1,43,2,1000,-11.00000
perturbed,0,2,43,2,100,1.00000
perturbed,0,2,43,2,300,-11.00000
perturbed,0,2,43,2,1000,-33.00000
perturbed,0,0,43,3,100,-9.00000
perturbed,0,0,43,3,300,-9.00000
perturbed,0,0,43,3,1000,-11.00000
perturbed,0,1,43,3,100,-9.00000
perturbed,0,1,43,3,300,-9.00000
perturbed,0,1,43,3,1000,-11.00000
perturbed,0,2,43,3,100,-8.00000
perturbed,0,2,43,3,300,-21.00000
perturbed,0,2,43,3,1000,-35.00000
perturbed,0,0,43,4,100,-7.00000
perturbed,0,0,43,4,300,-9.00000
perturbed,0,0,43,4,1000,-11.00000
perturbed,0,1,43,4,100,-7.00000
perturbed,0,1,43,4,300,-9.00000
perturbed,0,1,43,4,1000,-11.00000
perturbed,0,2,43,4,100,-15.00000
perturbed,0,2,43,4,300,-30.00000
perturbed,0,2,43,4,1000,-33.00000
perturbed,0,0,44,0,100,5.00000
perturbed,0,0,44,0,300,5.00000
perturbed,0,0,44,0,1000,7.00000
perturbed,0,1,44,0,100,5.00000
perturbed,0,1,44,0,300,5.00000
perturbed,0,1,44,0,1000,7.00000
perturbed,0,2,44,0,100,11.00000
perturbed,0,2,44,0,300,11.00000
perturbed,0,2,44,0,1000,13.00000
perturbed,0,0,44,1,100,6.00000
perturbed,0,0,44,1,300,2.00000
perturbed,0,0,44,1,1000,7.00000
perturbed,0,1,44,1,100,6.00000
perturbed,0,1,44,1,300,2.00000
perturbed,0,1,44,1,1000,7.00000
perturbed,0,2,44,1,100,8.00000
perturbed,0,2,44,1,300,8.00000
perturbed,0,2,44,1,1000,13.00000
perturbed,0,0,44,2,100,2.00000
perturbed,0,0,44,2,300,6.00000
perturbed,0,0,44,2,1000,7.00000
perturbed,0,1,44,2,100,2.00000
perturbed,0,1,44,2,300,6.00000
perturbed,0,1,44,2,1000,7.00000
perturbed,0,2,44,2,100,6.00000
perturbed,0,2,44,2,300,12.00000
perturbed,0,2,44,2,1000,13.00000
perturbed,0,0,44,3,100,4.00000
perturbed,0,0,44,3,300,10.00000
perturbed,0,0,44,3,1000,7.00000
perturbed,0,1,44,3,100,4.00000
perturbed,0,1,44,3,300,10.00000
perturbed,0,1,44,3,1000,7.00000
perturbed,0,2,44,3,100,7.00000
perturbed,0,2,44,3,300,13.00000
perturbed,0,2,44,3,1000,13.00000
perturbed,0,0,44,4,100,5.00000
perturbed,0,0,44,4,300,5.00000
perturbed,0,0,44,4,1000,9.00000
perturbed,0,1,44,4,100,5.00000
perturbed,0,1,44,4,300,5.00000
perturbed,0,1,44,4,1000,9.00000
perturbed,0,2,44,4,100,8.00000
perturbed,0,2,44,4,300,8.00000
perturbed,0,2,44,4,1000,13.00000
perturbed,0,0,45,0,100,0.00000
perturbed,0,0,45,0,300,1.00000
perturbed,0,0,45,0,1000,-2.00000
perturbed,0,1,45,0,100,0.00000
perturbed,0,1,45,0,300,1.00000
perturbed,0,1,45,0,1000,-2.00000
perturbed,0,2,45,0,100,5.00000
perturbed,0,2,45,0,300,8.00000
perturbed,0,2,45,0,1000,12.00000
perturbed,0,0,45,1,100,-12.00000
perturbed,0,0,45,1,300,-8.00000
perturbed,0,0,45,1,1000,1.00000
perturbed,0,1,45,1,100,-12.00000
perturbed,0,1,45,1,300,-8.00000
perturbed,0,1,45,1,1000,1.00000
perturbed,0,2,45,1,100,1.00000
perturbed,0,2,45,1,300,6.00000
perturbed,0,2,45,1,1000,15.00000
perturbed,0,0,45,2,100,-7.00000
perturbed,0,0,45,2,300,-10.00000
perturbed,0,0,45,2,1000,2.00000
perturbed,0,1,45,2,100,-7.00000
perturbed,0,1,45,2,300,-10.00000
perturbed,0,1,45,2,1000,2.00000
perturbed,0,2,45,2,100,3.00000
perturbed,0,2,45,2,300,5.00000
perturbed,0,2,45,2,1000,16.00000
perturbed,0,0,45,3,100,-11.00000
perturbed,0,0,45,3,300,-5.00000
perturbed,0,0,45,3,1000,2.00000
perturbed,0,1,45,3,100,-11.00000
perturbed,0,1,45,3,300,-5.00000
perturbed,0,1,45,3,1000,2.00000
perturbed,0,2,45,3,100,2.00000
perturbed,0,2,45,3,300,8.00000
perturbed,0,2,45,3,1000,16.00000
perturbed,0,0,45,4,100,3.00000
perturbed,0,0,45,4,300,6.00000
perturbed,0,0,45,4,1000,12.00000
perturbed,0,1,45,4,100,3.00000
perturbed,0,1,45,4,300,6.00000
perturbed,0,1,45,4,1000,12.00000
perturbed,0,2,45,4,100,8.00000
perturbed,0,2,45,4,300,11.00000
perturbed,0,2,45,4,1000,16.00000
perturbed,0,0,46,0,100,4.00000
perturbed,0,0,46,0,300,3.00000
perturbed,0,0,46,0,1000,-3.00000
perturbed,0,1,46,0,100,4.00000
perturbed,0,1,46,0,300,3.00000
perturbed,0,1,46,0,1000,-3.00000
perturbed,0,2,46,0,100,4.00000
perturbed,0,2,46,0,300,-23.00000
perturbed,0,2,46,0,1000,-30.00000
perturbed,0,0,46,1,100,-6.00000
perturbed,0,0,46,1,300,-5.00000
perturbed,0,0,46,1,1000,-6.00000
perturbed,0,1,46,1,100,-6.00000
perturbed,0,1,46,1,300,-5.00000
perturbed,0,1,46,1,1000,-6.00000
perturbed,0,2,46,1,100,-8.00000
perturbed,0,2,46,1,300,-25.00000
perturbed,0,2,46,1,1000,-33.00000
perturbed,0,0,46,2,100,-9.00000
perturbed,0,0,46,2,300,-13.00000
perturbed,0,0,46,2,1000,-8.00000
perturbed,0,1,46,2,100,-9.00000
perturbed,0,1,46,2,300,-13.00000
perturbed,0,1,46,2,1000,-8.00000
perturbed,0,2,46,2,100,-31.00000
perturbed,0,2,46,2,300,-40.00000
perturbed,0,2,46,2,1000,-35.00000
perturbed,0,0,46,3,100,-2.00000
perturbed,0,0,46,3,300,-3.00000
perturbed,0,0,46,3,1000,-6.00000
perturbed,0,1,46,3,100,-2.00000
perturbed,0,1,46,3,300,-3.00000
perturbed,0,1,46,3,1000,-6.00000
perturbed,0,2,46,3,100,-4.00000
perturbed,0,2,46,3,300,-14.00000
perturbed,0,2,46,3,1000,-36.00000
perturbed,0,0,46,4,100,0.00000
perturbed,0,0,46,4,300,11.00000
perturbed,0,0,46,4,1000,-5.00000
perturbed,0,1,46,4,100,0.00000
perturbed,0,1,46,4,300,11.00000
perturbed,0,1,46,4,1000,-5.00000
perturbed,0,2,46,4,100,0.00000
perturbed,0,2,46,4,300,11.00000
perturbed,0,2,46,4,1000,-35.00000
perturbed,0,0,47,0,100,-3.00000
perturbed,0,0,47,0,300,19.00000
perturbed,0,0,47,0,1000,18.00000
perturbed,0,1,47,0,100,-3.00000
perturbed,0,1,47,0,300,19.00000
perturbed,0,1,47,0,1000,18.00000
perturbed,0,2,47,0,100,0.00000
perturbed,0,2,47,0,300,22.00000
perturbed,0,2,47,0,1000,22.00000
perturbed,0,0,47,1,100,2.00000
perturbed,0,0,47,1,300,20.00000
perturbed,0,0,47,1,1000,18.00000
perturbed,0,1,47,1,100,2.00000
perturbed,0,1,47,1,300,20.00000
perturbed,0,1,47,1,1000,18.00000
perturbed,0,2,47,1,100,3.00000
perturbed,0,2,47,1,300,21.00000
perturbed,0,2,47,1,1000,22.00000
perturbed,0,0,47,2,100,-3.00000
perturbed,0,0,47,2,300,8.00000
perturbed,0,0,47,2,1000,18.00000
perturbed,0,1,47,2,100,-3.00000
perturbed,0,1,47,2,300,8.00000
perturbed,0,1,47,2,1000,18.00000
perturbed,0,2,47,2,100,0.00000
perturbed,0,2,47,2,300,12.00000
perturbed,0,2,47,2,1000,22.00000
perturbed,0,0,47,3,100,6.00000
perturbed,0,0,47,3,300,18.00000
perturbed,0,0,47,3,1000,19.00000
perturbed,0,1,47,3,100,6.00000
perturbed,0,1,47,3,300,18.00000
perturbed,0,1,47,3,1000,19.00000
perturbed,0,2,47,3,100,9.00000
perturbed,0,2,47,3,300,21.00000
perturbed,0,2,47,3,1000,22.00000
perturbed,0,0,47,4,100,-4.00000
perturbed,0,0,47,4,300,-4.00000
perturbed,0,0,47,4,1000,18.00000
perturbed,0,1,47,4,100,-4.00000
perturbed,0,1,47,4,300,-4.00000
perturbed,0,1,47,4,1000,18.00000
perturbed,0,2,47,4,100,0.00000
perturbed,0,2,47,4,300,0.00000
perturbed,0,2,47,4,1000,22.00000
perturbed,0,0,48,0,100,-2.00000
perturbed,0,0,48,0,300,-1.00000
perturbed,0,0,48,0,1000,-10.00000
perturbed,0,1,48,0,100,-2.00000
perturbed,0,1,48,0,300,-1.00000
perturbed,0,1,48,0,1000,-10.00000
perturbed,0,2,48,0,100,6.00000
perturbed,0,2,48,0,300,8.00000
perturbed,0,2,48,0,1000,9.00000
perturbed,0,0,48,1,100,0.00000
perturbed,0,0,48,1,300,-16.00000
perturbed,0,0,48,1,1000,-10.00000
perturbed,0,1,48,1,100,0.00000
perturbed,0,1,48,1,300,-16.00000
perturbed,0,1,48,1,1000,-10.00000
perturbed,0,2,48,1,100,2.00000
perturbed,0,2,48,1,300,6.00000
perturbed,0,2,48,1,1000,9.00000
perturbed,0,0,48,2,100,-3.00000
perturbed,0,0,48,2,300,-6.00000
perturbed,0,0,48,2,1000,-10.00000
perturbed,0,1,48,2,100,-3.00000
perturbed,0,1,48,2,300,-6.00000
perturbed,0,1,48,2,1000,-10.00000
perturbed,0,2,48,2,100,4.00000
perturbed,0,2,48,2,300,11.00000
perturbed,0,2,48,2,1000,9.00000
perturbed,0,0,48,3,100,-3.00000
perturbed,0,0,48,3,300,-8.00000
perturbed,0,0,48,3,1000,-10.00000
perturbed,0,1,48,3,100,-3.00000
perturbed,0,1,48,3,300,-8.00000
perturbed,0,1,48,3,1000,-10.00000
perturbed,0,2,48,3,100,0.00000
perturbed,0,2,48,3,300,9.00000
perturbed,0,2,48,3,1000,9.00000
perturbed,0,0,48,4,100,1.00000
perturbed,0,0,48,4,300,-9.00000
perturbed,0,0,48,4,1000,-10.00000
perturbed,0,1,48,4,100,1.00000
perturbed,0,1,48,4,300,-9.00000
perturbed,0,1,48,4,1000,-10.00000
perturbed,0,2,48,4,100,9.00000
perturbed,0,2,48,4,300,10.00000
perturbed,0,2,48,4,1000,9.00000
perturbed,0,0,49,0,100,-14.00000
perturbed,0,0,49,0,300,-15.00000
perturbed,0,0,49,0,1000,-18.00000
perturbed,0,1,49,0,100,-14.00000
perturbed,0,1,49,0,300,-15.00000
perturbed,0,1,49,0,1000,-18.00000
perturbed,0,2,49,0,100,-11.00000
perturbed,0,2,49,0,300,-11.00000
perturbed,0,2,49,0,1000,-11.00000
perturbed,0,0,49,1,100,0.00000
perturbed,0,0,49,1,300,-15.00000
perturbed,0,0,49,1,1000,-15.00000
perturbed,0,1,49,1,100,0.00000
perturbed,0,1,49,1,300,-15.00000
perturbed,0,1,49,1,1000,-15.00000
perturbed,0,2,49,1,100,0.00000
perturbed,0,2,49,1,300,0.00000
perturbed,0,2,49,1,1000,0.00000
perturbed,0,0,49,2,100,-13.00000
perturbed,0,0,49,2,300,-13.00000
perturbed,0,0,49,2,1000,-20.00000
perturbed,0,1,49,2,100,-13.00000
perturbed,0,1,49,2,300,-13.00000
perturbed,0,1,49,2,1000,-20.00000
perturbed,0,2,49,2,100,2.00000
perturbed,0,2,49,2,300,4.00000
perturbed,0,2,49,2,1000,-11.00000
perturbed,0,0,49,3,100,-9.00000
perturbed,0,0,49,3,300,-18.00000
perturbed,0,0,49,3,1000,-20.00000
perturbed,0,1,49,3,100,-9.00000
perturbed,0,1,49,3,300,-18.00000
perturbed,0,1,49,3,1000,-20.00000
perturbed,0,2,49,3,100,4.00000
perturbed,0,2,49,3,300,-8.00000
perturbed,0,2,49,3,1000,-11.00000
perturbed,0,0,49,4,100,-5.00000
perturbed,0,0,49,4,300,-4.00000
perturbed,0,0,49,4,1000,-21.00000
perturbed,0,1,49,4,100,-5.00000
perturbed,0,1,49,4,300,-4.00000
perturbed,0,1,49,4,1000,-21.00000
perturbed,0,2,49,4,100,-14.00000
perturbed,0,2,49,4,300,-12.00000
perturbed,0,2,49,4,1000,-12.00000
regular,1,0,0,0,100,-1.00000
regular,1,0,0,0,300,-1.00000
regular,1,0,0,0,1000,-6.00000
regular,1,1,0,0,100,-1.00000
regular,1,1,0,0,300,-3.00000
regular,1,1,0,0,1000,-11.00000
regular,1,2,0,0,100,6.00000
regular,1,2,0,0,300,3.00000
regular,1,2,0,0,1000,-5.00000
regular,1,0,0,1,100,-2.00000
regular,1,0,0,1,300,-3.00000
regular,1,0,0,1,1000,-6.00000
regular,1,1,0,1,100,-2.00000
regular,1,1,0,1,300,-3.00000
regular,1,1,0,1,1000,-10.00000
regular,1,2,0,1,100,1.00000
regular,1,2,0,1,300,5.00000
regular,1,2,0,1,1000,-5.00000
regular,1,0,0,2,100,-1.00000
regular,1,0,0,2,300,-3.00000
regular,1,0,0,2,1000,-6.00000
regular,1,1,0,2,100,-1.00000
regular,1,1,0,2,300,-3.00000
regular,1,1,0,2,1000,-11.00000
regular,1,2,0,2,100,-1.00000
regular,1,2,0,2,300,8.00000
regular,1,2,0,2,1000,-6.00000
regular,1,0,0,3,100,-6.00000
regular,1,0,0,3,300,-6.00000
regular,1,0,0,3,1000,-6.00000
regular,1,1,0,3,100,-11.00000
regular,1,1,0,3,300,-11.00000
regular,1,1,0,3,1000,-11.00000
regular,1,2,0,3,100,-21.00000
regular,1,2,0,3,300,-20.00000
regular,1,2,0,3,1000,-8.00000
regular,1,0,0,4,100,-3.00000
regular,1,0,0,4,300,-3.00000
regular,1,0,0,4,1000,-5.00000
regular,1,1,0,4,100,-3.00000
regular,1,1,0,4,300,-3.00000
regular,1,1,0,4,1000,-10.00000
regular,1,2,0,4,100,-6.00000
regular,1,2,0,4,300,-4.00000
regular,1,2,0,4,1000,-3.00000
regular,1,0,1,0,100,3.00000
regular,1,0,1,0,300,0.00000
regular,1,0,1,0,1000,3.00000
regular,1,1,1,0,100,0.00000
regular,1,1,1,0,300,-3.00000
regular,1,1,1,0,1000,-4.00000
regular,1,2,1,0,100,27.00000
regular,1,2,1,0,300,10.00000
regular,1,2,1,0,1000,18.00000
regular,1,0,1,1,100,0.00000
regular,1,0,1,1,300,0.00000
regular,1,0,1,1,1000,2.00000
regular,1,1,1,1,100,0.00000
regular,1,1,1,1,300,0.00000
regular,1,1,1,1,1000,-4.00000
regular,1,2,1,1,100,21.00000
regular,1,2,1,1,300,27.00000
regular,1,2,1,1,1000,23.00000
regular,1,0,1,2,100,-3.00000
regular,1,0,1,2,300,1.00000
regular,1,0,1,2,1000,3.00000
regular,1,1,1,2,100,-3.00000
regular,1,1,1,2,300,-3.00000
regular,1,1,1,2,1000,-4.00000
regular,1,2,1,2,100,-5.00000
regular,1,2,1,2,300,12.00000
regular,1,2,1,2,1000,23.00000
regular,1,0,1,3,100,-3.00000
regular,1,0,1,3,300,4.00000
regular,1,0,1,3,1000,4.00000
regular,1,1,1,3,100,-3.00000
regular,1,1,1,3,300,-3.00000
regular,1,1,1,3,1000,-3.00000
regular,1,2,1,3,100,-9.00000
regular,1,2,1,3,300,26.00000
regular,1,2,1,3,1000,33.00000
regular,1,0,1,4,100,-1.00000
regular,1,0,1,4,300,5.00000
regular,1,0,1,4,1000,5.00000
regular,1,1,1,4,100,-1.00000
regular,1,1,1,4,300,-2.00000
regular,1,1,1,4,1000,-2.00000
regular,1,2,1,4,100,-1.00000
regular,1,2,1,4,300,9.00000
regular,1,2,1,4,1000,30.00000
regular,1,0,2,0,100,0.00000
regular,1,0,2,0,300,0.00000
regular,1,0,2,0,1000,-4.00000
regular,1,1,2,0,100,0.00000
regular,1,1,2,0,300,0.00000
regular,1,1,2,0,1000,-4.00000
regular,1,2,2,0,100,2.00000
regular,1,2,2,0,300,2.00000
regular,1,2,2,0,1000,3.00000
regular,1,0,2,1,100,0.00000
regular,1,0,2,1,300,0.00000
regular,1,0,2,1,1000,-4.00000
regular,1,1,2,1,100,0.00000
regular,1,1,2,1,300,0.00000
regular,1,1,2,1,1000,-4.00000
regular,1,2,2,1,100,11.00000
regular,1,2,2,1,300,12.00000
regular,1,2,2,1,1000,3.00000
regular,1,0,2,2,100,0.00000
regular,1,0,2,2,300,-2.00000
regular,1,0,2,2,1000,-2.00000
regular,1,1,2,2,100,0.00000
regular,1,1,2,2,300,-2.00000
regular,1,1,2,2,1000,-2.00000
regular,1,2,2,2,100,-3.00000
regular,1,2,2,2,300,-5.00000
regular,1,2,2,2,1000,-4.00000
regular,1,0,2,3,100,-2.00000
regular,1,0,2,3,300,-2.00000
regular,1,0,2,3,1000,-4.00000
regular,1,1,2,3,100,-2.00000
regular,1,1,2,3,300,-2.00000
regular,1,1,2,3,1000,-4.00000
regular,1,2,2,3,100,-7.00000
regular,1,2,2,3,300,6.00000
regular,1,2,2,3,1000,4.00000
regular,1,0,2,4,100,0.00000
regular,1,0,2,4,300,-3.00000
regular,1,0,2,4,1000,-4.00000
regular,1,1,2,4,100,0.00000
regular,1,1,2,4,300,-3.00000
regular,1,1,2,4,1000,-4.00000
regular,1,2,2,4,100,1.00000
regular,1,2,2,4,300,-8.00000
regular,1,2,2,4,1000,3.00000
regular,1,0,3,0,100,6.00000
regular,1,0,3,0,300,11.00000
regular,1,0,3,0,1000,11.00000
regular,1,1,3,0,100,2.00000
regular,1,1,3,0,300,2.00000
regular,1,1,3,0,1000,2.00000
regular,1,2,3,0,100,16.00000
regular,1,2,3,0,300,45.00000
regular,1,2,3,0,1000,55.00000
regular,1,0,3,1,100,0.00000
regular,1,0,3,1,300,5.00000
regular,1,0,3,1,1000,10.00000
regular,1,1,3,1,100,0.00000
regular,1,1,3,1,300,2.00000
regular,1,1,3,1,1000,2.00000
regular,1,2,3,1,100,27.00000
regular,1,2,3,1,300,40.00000
regular,1,2,3,1,1000,54.00000
regular,1,0,3,2,100,5.00000
regular,1,0,3,2,300,9.00000
regular,1,0,3,2,1000,11.00000
regular,1,1,3,2,100,0.00000
regular,1,1,3,2,300,1.00000
regular,1,1,3,2,1000,2.00000
regular,1,2,3,2,100,46.00000
regular,1,2,3,2,300,53.00000
regular,1,2,3,2,1000,56.00000
regular,1,0,3,3,100,0.00000
regular,1,0,3,3,300,7.00000
regular,1,0,3,3,1000,10.00000
regular,1,1,3,3,100,0.00000
regular,1,1,3,3,300,0.00000
regular,1,1,3,3,1000,2.00000
regular,1,2,3,3,100,34.00000
regular,1,2,3,3,300,55.00000
regular,1,2,3,3,1000,57.00000
regular,1,0,3,4,100,8.00000
regular,1,0,3,4,300,8.00000
regular,1,0,3,4,1000,10.00000
regular,1,1,3,4,100,2.00000
regular,1,1,3,4,300,2.00000
regular,1,1,3,4,1000,2.00000
regular,1,2,3,4,100,36.00000
regular,1,2,3,4,300,48.00000
regular,1,2,3,4,1000,54.00000
regular,1,0,4,0,100,0.00000
regular,1,0,4,0,300,0.00000
regular,1,0,4,0,1000,-1.00000
regular,1,1,4,0,100,0.00000
regular,1,1,4,0,300,0.00000
regular,1,1,4,0,1000,-1.00000
regular,1,2,4,0,100,4.00000
regular,1,2,4,0,300,24.00000
regular,1,2,4,0,1000,24.00000
regular,1,0,4,1,100,0.00000
regular,1,0,4,1,300,0.00000
regular,1,0,4,1,1000,-1.00000
regular,1,1,4,1,100,0.00000
regular,1,1,4,1,300,0.00000
regular,1,1,4,1,1000,-1.00000
regular,1,2,4,1,100,2.00000
regular,1,2,4,1,300,2.00000
regular,1,2,4,1,1000,21.00000
regular,1,0,4,2,100,0.00000
regular,1,0,4,2,300,0.00000
regular,1,0,4,2,1000,-1.00000
regular,1,1,4,2,100,0.00000
regular,1,1,4,2,300,0.00000
regular,1,1,4,2,1000,-1.00000
regular,1,2,4,2,100,21.00000
regular,1,2,4,2,300,24.00000
regular,1,2,4,2,1000,24.00000
regular,1,0,4,3,100,0.00000
regular,1,0,4,3,300,0.00000
regular,1,0,4,3,1000,-1.00000
regular,1,1,4,3,100,0.00000
regular,1,1,4,3,300,0.00000
regular,1,1,4,3,1000,-1.00000
regular,1,2,4,3,100,9.00000
regular,1,2,4,3,300,24.00000
regular,1,2,4,3,1000,24.00000
regular,1,0,4,4,100,0.00000
regular,1,0,4,4,300,0.00000
regular,1,0,4,4,1000,0.00000
regular,1,1,4,4,100,0.00000
regular,1,1,4,4,300,0.00000
regular,1,1,4,4,1000,0.00000
regular,1,2,4,4,100,1.00000
regular,1,2,4,4,300,14.00000
regular,1,2,4,4,1000,26.00000
regular,1,0,5,0,100,-6.00000
regular,1,0,5,0,300,-4.00000
regular,1,0,5,0,1000,-1.00000
regular,1,1,5,0,100,-10.00000
regular,1,1,5,0,300,-8.00000
regular,1,1,5,0,1000,-9.00000
regular,1,2,5,0,100,-19.00000
regular,1,2,5,0,300,-22.00000
regular,1,2,5,0,1000,-9.00000
regular,1,0,5,1,100,1.00000
regular,1,0,5,1,300,2.00000
regular,1,0,5,1,1000,1.00000
regular,1,1,5,1,100,1.00000
regular,1,1,5,1,300,-1.00000
regular,1,1,5,1,1000,-9.00000
regular,1,2,5,1,100,12.00000
regular,1,2,5,1,300,1.00000
regular,1,2,5,1,1000,6.00000
regular,1,0,5,2,100,0.00000
regular,1,0,5,2,300,6.00000
regular,1,0,5,2,1000,3.00000
regular,1,1,5,2,100,0.00000
regular,1,1,5,2,300,1.00000
regular,1,1,5,2,1000,-7.00000
regular,1,2,5,2,100,21.00000
regular,1,2,5,2,300,23.00000
regular,1,2,5,2,1000,12.00000
regular,1,0,5,3,100,2.00000
regular,1,0,5,3,300,-1.00000
regular,1,0,5,3,1000,1.00000
regular,1,1,5,3,100,-1.00000
regular,1,1,5,3,300,-9.00000
regular,1,1,5,3,1000,-9.00000
regular,1,2,5,3,100,1.00000
regular,1,2,5,3,300,-10.00000
regular,1,2,5,3,1000,11.00000
regular,1,0,5,4,100,0.00000
regular,1,0,5,4,300,2.00000
regular,1,0,5,4,1000,1.00000
regular,1,1,5,4,100,0.00000
regular,1,1,5,4,300,-1.00000
regular,1,1,5,4,1000,-2.00000
regular,1,2,5,4,100,18.00000
regular,1,2,5,4,300,17.00000
regular,1,2,5,4,1000,17.00000
regular,1,0,6,0,100,4.00000
regular,1,0,6,0,300,17.00000
regular,1,0,6,0,1000,24.00000
regular,1,1,6,0,100,2.00000
regular,1,1,6,0,300,3.00000
regular,1,1,6,0,1000,2.00000
regular,1,2,6,0,100,4.00000
regular,1,2,6,0,300,27.00000
regular,1,2,6,0,1000,40.00000
regular,1,0,6,1,100,23.00000
regular,1,0,6,1,300,25.00000
regular,1,0,6,1,1000,24.00000
regular,1,1,6,1,100,1.00000
regular,1,1,6,1,300,3.00000
regular,1,1,6,1,1000,2.00000
regular,1,2,6,1,100,35.00000
regular,1,2,6,1,300,42.00000
regular,1,2,6,1,1000,42.00000
regular,1,0,6,2,100,1.00000
regular,1,0,6,2,300,17.00000
regular,1,0,6,2,1000,24.00000
regular,1,1,6,2,100,1.00000
regular,1,1,6,2,300,1.00000
regular,1,1,6,2,1000,2.00000
regular,1,2,6,2,100,9.00000
regular,1,2,6,2,300,34.00000
regular,1,2,6,2,1000,34.00000
regular,1,0,6,3,100,16.00000
regular,1,0,6,3,300,22.00000
regular,1,0,6,3,1000,24.00000
regular,1,1,6,3,100,2.00000
regular,1,1,6,3,300,2.00000
regular,1,1,6,3,1000,2.00000
regular,1,2,6,3,100,19.00000
regular,1,2,6,3,300,41.00000
regular,1,2,6,3,1000,42.00000
regular,1,0,6,4,100,20.00000
regular,1,0,6,4,300,25.00000
regular,1,0,6,4,1000,24.00000
regular,1,1,6,4,100,3.00000
regular,1,1,6,4,300,3.00000
regular,1,1,6,4,1000,2.00000
regular,1,2,6,4,100,31.00000
regular,1,2,6,4,300,44.00000
regular,1,2,6,4,1000,42.00000
regular,1,0,7,0,100,-3.00000
regular,1,0,7,0,300,-3.00000
regular,1,0,7,0,1000,-4.00000
regular,1,1,7,0,100,-3.00000
regular,1,1,7,0,300,-3.00000
regular,1,1,7,0,1000,-4.00000
regular,1,2,7,0,100,-12.00000
regular,1,2,7,0,300,-7.00000
regular,1,2,7,0,1000,1.00000
regular,1,0,7,1,100,0.00000
regular,1,0,7,1,300,-2.00000
regular,1,0,7,1,1000,-4.00000
regular,1,1,7,1,100,0.00000
regular,1,1,7,1,300,-2.00000
regular,1,1,7,1,1000,-4.00000
regular,1,2,7,1,100,9.00000
regular,1,2,7,1,300,-4.00000
regular,1,2,7,1,1000,2.00000
regular,1,0,7,2,100,-2.00000
regular,1,0,7,2,300,-3.00000
regular,1,0,7,2,1000,-4.00000
regular,1,1,7,2,100,-2.00000
regular,1,1,7,2,300,-3.00000
regular,1,1,7,2,1000,-4.00000
regular,1,2,7,2,100,-6.00000
regular,1,2,7,2,300,-13.00000
regular,1,2,7,2,1000,-8.00000
regular,1,0,7,3,100,-1.00000
regular,1,0,7,3,300,-1.00000
regular,1,0,7,3,1000,-3.00000
regular,1,1,7,3,100,-1.00000
regular,1,1,7,3,300,-1.00000
regular,1,1,7,3,1000,-3.00000
regular,1,2,7,3,100,-2.00000
regular,1,2,7,3,300,1.00000
regular,1,2,7,3,1000,0.00000
regular,1,0,7,4,100,0.00000
regular,1,0,7,4,300,-1.00000
regular,1,0,7,4,1000,-4.00000
regular,1,1,7,4,100,0.00000
regular,1,1,7,4,300,-1.00000
regular,1,1,7,4,1000,-4.00000
regular,1,2,7,4,100,12.00000
regular,1,2,7,4,300,1.00000
regular,1,2,7,4,1000,3.00000
regular,1,0,8,0,100,0.00000
regular,1,0,8,0,300,0.00000
regular,1,0,8,0,1000,0.00000
regular,1,1,8,0,100,0.00000
regular,1,1,8,0,300,0.00000
regular,1,1,8,0,1000,0.00000
regular,1,2,8,0,100,22.00000
regular,1,2,8,0,300,25.00000
regular,1,2,8,0,1000,47.00000
regular,1,0,8,1,100,0.00000
regular,1,0,8,1,300,0.00000
regular,1,0,8,1,1000,0.00000
regular,1,1,8,1,100,0.00000
regular,1,1,8,1,300,0.00000
regular,1,1,8,1,1000,0.00000
regular,1,2,8,1,100,27.00000
regular,1,2,8,1,300,38.00000
regular,1,2,8,1,1000,47.00000
regular,1,0,8,2,100,0.00000
regular,1,0,8,2,300,0.00000
regular,1,0,8,2,1000,0.00000
regular,1,1,8,2,100,0.00000
regular,1,1,8,2,300,0.00000
regular,1,1,8,2,1000,0.00000
regular,1,2,8,2,100,23.00000
regular,1,2,8,2,300,35.00000
regular,1,2,8,2,1000,42.00000
regular,1,0,8,3,100,0.00000
regular,1,0,8,3,300,0.00000
regular,1,0,8,3,1000,0.00000
regular,1,1,8,3,100,0.00000
regular,1,1,8,3,300,0.00000
regular,1,1,8,3,1000,0.00000
regular,1,2,8,3,100,19.00000
regular,1,2,8,3,300,33.00000
regular,1,2,8,3,1000,42.00000
regular,1,0,8,4,100,0.00000
regular,1,0,8,4,300,0.00000
regular,1,0,8,4,1000,0.00000
regular,1,1,8,4,100,0.00000
regular,1,1,8,4,300,0.00000
regular,1,1,8,4,1000,0.00000
regular,1,2,8,4,100,8.00000
regular,1,2,8,4,300,22.00000
regular,1,2,8,4,1000,41.00000
regular,1,0,9,0,100,0.00000
regular,1,0,9,0,300,0.00000
regular,1,0,9,0,1000,-6.00000
regular,1,1,9,0,100,0.00000
regular,1,1,9,0,300,0.00000
regular,1,1,9,0,1000,-12.00000
regular,1,2,9,0,100,1.00000
regular,1,2,9,0,300,5.00000
regular,1,2,9,0,1000,1.00000
regular,1,0,9,1,100,-1.00000
regular,1,0,9,1,300,-1.00000
regular,1,0,9,1,1000,-7.00000
regular,1,1,9,1,100,-1.00000
regular,1,1,9,1,300,-1.00000
regular,1,1,9,1,1000,-12.00000
regular,1,2,9,1,100,7.00000
regular,1,2,9,1,300,18.00000
regular,1,2,9,1,1000,5.00000
regular,1,0,9,2,100,0.00000
regular,1,0,9,2,300,-4.00000
regular,1,0,9,2,1000,-7.00000
regular,1,1,9,2,100,0.00000
regular,1,1,9,2,300,-4.00000
regular,1,1,9,2,1000,-13.00000
regular,1,2,9,2,100,10.00000
regular,1,2,9,2,300,4.00000
regular,1,2,9,2,1000,-11.00000
regular,1,0,9,3,100,0.00000
regular,1,0,9,3,300,-5.00000
regular,1,0,9,3,1000,-7.00000
regular,1,1,9,3,100,0.00000
regular,1,1,9,3,300,-10.00000
regular,1,1,9,3,1000,-13.00000
regular,1,2,9,3,100,-6.00000
regular,1,2,9,3,300,-21.00000
regular,1,2,9,3,1000,-3.00000
regular,1,0,9,4,100,0.00000
regular,1,0,9,4,300,0.00000
regular,1,0,9,4,1000,-6.00000
regular,1,1,9,4,100,0.00000
regular,1,1,9,4,300,0.00000
regular,1,1,9,4,1000,-12.00000
regular,1,2,9,4,100,11.00000
regular,1,2,9,4,300,21.00000
regular,1,2,9,4,1000,-2.00000
regular,1,0,10,0,100,-1.00000
regular,1,0,10,0,300,-1.00000
regular,1,0,10,0,1000,-1.00000
regular,1,1,10,0,100,-1.00000
regular,1,1,10,0,300,-1.00000
regular,1,1,10,0,1000,-1.00000
regular,1,2,10,0,100,-2.00000
regular,1,2,10,0,300,14.00000
regular,1,2,10,0,1000,18.00000
regular,1,0,10,1,100,0.00000
regular,1,0,10,1,300,-1.00000
regular,1,0,10,1,1000,-1.00000
regular,1,1,10,1,100,0.00000
regular,1,1,10,1,300,-1.00000
regular,1,1,10,1,1000,-1.00000
regular,1,2,10,1,100,10.00000
regular,1,2,10,1,300,17.00000
regular,1,2,10,1,1000,18.00000
regular,1,0,10,2,100,-1.00000
regular,1,0,10,2,300,-1.00000
regular,1,0,10,2,1000,-1.00000
regular,1,1,10,2,100,-1.00000
regular,1,1,10,2,300,-1.00000
regular,1,1,10,2,1000,-1.00000
regular,1,2,10,2,100,15.00000
regular,1,2,10,2,300,14.00000
regular,1,2,10,2,1000,18.00000
regular,1,0,10,3,100,-1.00000
regular,1,0,10,3,300,-1.00000
regular,1,0,10,3,1000,-1.00000
regular,1,1,10,3,100,-1.00000
regular,1,1,10,3,300,-1.00000
regular,1,1,10,3,1000,-1.00000
regular,1,2,10,3,100,-3.00000
regular,1,2,10,3,300,18.00000
regular,1,2,10,3,1000,18.00000
regular,1,0,10,4,100,0.00000
regular,1,0,10,4,300,0.00000
regular,1,0,10,4,1000,0.00000
regular,1,1,10,4,100,0.00000
regular,1,1,10,4,300,0.00000
regular,1,1,10,4,1000,0.00000
regular,1,2,10,4,100,6.00000
regular,1,2,10,4,300,17.00000
regular,1,2,10,4,1000,20.00000
regular,1,0,11,0,100,-9.00000
regular,1,0,11,0,300,-9.00000
regular,1,0,11,0,1000,-15.00000
regular,1,1,11,0,100,-9.00000
regular,1,1,11,0,300,-9.00000
regular,1,1,11,0,1000,-18.00000
regular,1,2,11,0,100,-10.00000
regular,1,2,11,0,300,-10.00000
regular,1,2,11,0,1000,-26.00000
regular,1,0,11,1,100,-7.00000
regular,1,0,11,1,300,-14.00000
regular,1,0,11,1,1000,-16.00000
regular,1,1,11,1,100,-7.00000
regular,1,1,11,1,300,-16.00000
regular,1,1,11,1,1000,-18.00000
regular,1,2,11,1,100,-19.00000
regular,1,2,11,1,300,-20.00000
regular,1,2,11,1,1000,-28.00000
regular,1,0,11,2,100,-1.00000
regular,1,0,11,2,300,-5.00000
regular,1,0,11,2,1000,-14.00000
regular,1,1,11,2,100,-1.00000
regular,1,1,11,2,300,-6.00000
regular,1,1,11,2,1000,-16.00000
regular,1,2,11,2,100,-2.00000
regular,1,2,11,2,300,-14.00000
regular,1,2,11,2,1000,-23.00000
regular,1,0,11,3,100,-19.00000
regular,1,0,11,3,300,-16.00000
regular,1,0,11,3,1000,-15.00000
regular,1,1,11,3,100,-20.00000
regular,1,1,11,3,300,-17.00000
regular,1,1,11,3,1000,-18.00000
regular,1,2,11,3,100,-41.00000
regular,1,2,11,3,300,-27.00000
regular,1,2,11,3,1000,-26.00000
regular,1,0,11,4,100,-12.00000
regular,1,0,11,4,300,-14.00000
regular,1,0,11,4,1000,-15.00000
regular,1,1,11,4,100,-13.00000
regular,1,1,11,4,300,-17.00000
regular,1,1,11,4,1000,-18.00000
regular,1,2,11,4,100,-19.00000
regular,1,2,11,4,300,-27.00000
regular,1,2,11,4,1000,-26.00000
regular,1,0,12,0,100,0.00000
regular,1,0,12,0,300,-2.00000
regular,1,0,12,0,1000,-3.00000
regular,1,1,12,0,100,0.00000
regular,1,1,12,0,300,-2.00000
regular,1,1,12,0,1000,-3.00000
regular,1,2,12,0,100,16.00000
regular,1,2,12,0,300,34.00000
regular,1,2,12,0,1000,37.00000
regular,1,0,12,1,100,0.00000
regular,1,0,12,1,300,-3.00000
regular,1,0,12,1,1000,-3.00000
regular,1,1,12,1,100,0.00000
regular,1,1,12,1,300,-3.00000
regular,1,1,12,1,1000,-3.00000
regular,1,2,12,1,100,5.00000
regular,1,2,12,1,300,18.00000
regular,1,2,12,1,1000,37.00000
regular,1,0,12,2,100,-2.00000
regular,1,0,12,2,300,-2.00000
regular,1,0,12,2,1000,-3.00000
regular,1,1,12,2,100,-2.00000
regular,1,1,12,2,300,-2.00000
regular,1,1,12,2,1000,-3.00000
regular,1,2,12,2,100,-1.00000
regular,1,2,12,2,300,23.00000
regular,1,2,12,2,1000,35.00000
regular,1,0,12,3,100,-3.00000
regular,1,0,12,3,300,-3.00000
regular,1,0,12,3,1000,-3.00000
regular,1,1,12,3,100,-3.00000
regular,1,1,12,3,300,-3.00000
regular,1,1,12,3,1000,-3.00000
regular,1,2,12,3,100,6.00000
regular,1,2,12,3,300,6.00000
regular,1,2,12,3,1000,35.00000
regular,1,0,12,4,100,0.00000
regular,1,0,12,4,300,0.00000
regular,1,0,12,4,1000,-3.00000
regular,1,1,12,4,100,0.00000
regular,1,1,12,4,300,0.00000
regular,1,1,12,4,1000,-3.00000
regular,1,2,12,4,100,21.00000
regular,1,2,12,4,300,35.00000
regular,1,2,12,4,1000,32.00000
regular,1,0,13,0,100,3.00000
regular,1,0,13,0,300,7.00000
regular,1,0,13,0,1000,7.00000
regular,1,1,13,0,100,3.00000
regular,1,1,13,0,300,3.00000
regular,1,1,13,0,1000,3.00000
regular,1,2,13,0,100,14.00000
regular,1,2,13,0,300,32.00000
regular,1,2,13,0,1000,35.00000
regular,1,0,13,1,100,0.00000
regular,1,0,13,1,300,6.00000
regular,1,0,13,1,1000,7.00000
regular,1,1,13,1,100,0.00000
regular,1,1,13,1,300,3.00000
regular,1,1,13,1,1000,3.00000
regular,1,2,13,1,100,23.00000
regular,1,2,13,1,300,34.00000
regular,1,2,13,1,1000,35.00000
regular,1,0,13,2,100,6.00000
regular,1,0,13,2,300,6.00000
regular,1,0,13,2,1000,7.00000
regular,1,1,13,2,100,4.00000
regular,1,1,13,2,300,4.00000
regular,1,1,13,2,1000,3.00000
regular,1,2,13,2,100,34.00000
regular,1,2,13,2,300,34.00000
regular,1,2,13,2,1000,35.00000
regular,1,0,13,3,100,1.00000
regular,1,0,13,3,300,6.00000
regular,1,0,13,3,1000,7.00000
regular,1,1,13,3,100,1.00000
regular,1,1,13,3,300,3.00000
regular,1,1,13,3,1000,3.00000
regular,1,2,13,3,100,18.00000
regular,1,2,13,3,300,33.00000
regular,1,2,13,3,1000,35.00000
regular,1,0,13,4,100,2.00000
regular,1,0,13,4,300,7.00000
regular,1,0,13,4,1000,7.00000
regular,1,1,13,4,100,2.00000
regular,1,1,13,4,300,3.00000
regular,1,1,13,4,1000,3.00000
regular,1,2,13,4,100,15.00000
regular,1,2,13,4,300,31.00000
regular,1,2,13,4,1000,32.00000
regular,1,0,14,0,100,-8.00000
regular,1,0,14,0,300,-16.00000
regular,1,0,14,0,1000,-19.00000
regular,1,1,14,0,100,-9.00000
regular,1,1,14,0,300,-21.00000
regular,1,1,14,0,1000,-24.00000
regular,1,2,14,0,100,-19.00000
regular,1,2,14,0,300,-59.00000
regular,1,2,14,0,1000,-65.00000
regular,1,0,14,1,100,-18.00000
regular,1,0,14,1,300,-19.00000
regular,1,0,14,1,1000,-19.00000
regular,1,1,14,1,100,-21.00000
regular,1,1,14,1,300,-23.00000
regular,1,1,14,1,1000,-24.00000
regular,1,2,14,1,100,-32.00000
regular,1,2,14,1,300,-36.00000
regular,1,2,14,1,1000,-65.00000
regular,1,0,14,2,100,-17.00000
regular,1,0,14,2,300,-19.00000
regular,1,0,14,2,1000,-19.00000
regular,1,1,14,2,100,-18.00000
regular,1,1,14,2,300,-23.00000
regular,1,1,14,2,1000,-24.00000
regular,1,2,14,2,100,-24.00000
regular,1,2,14,2,300,-57.00000
regular,1,2,14,2,1000,-65.00000
regular,1,0,14,3,100,-3.00000
regular,1,0,14,3,300,-18.00000
regular,1,0,14,3,1000,-19.00000
regular,1,1,14,3,100,-3.00000
regular,1,1,14,3,300,-22.00000
regular,1,1,14,3,1000,-24.00000
regular,1,2,14,3,100,-7.00000
regular,1,2,14,3,300,-36.00000
regular,1,2,14,3,1000,-65.00000
regular,1,0,14,4,100,0.00000
regular,1,0,14,4,300,-19.00000
regular,1,0,14,4,1000,-19.00000
regular,1,1,14,4,100,0.00000
regular,1,1,14,4,300,-24.00000
regular,1,1,14,4,1000,-24.00000
regular,1,2,14,4,100,-1.00000
regular,1,2,14,4,300,-35.00000
regular,1,2,14,4,1000,-65.00000
regular,1,0,15,0,100,0.00000
regular,1,0,15,0,300,0.00000
regular,1,0,15,0,1000,2.00000
regular,1,1,15,0,100,0.00000
regular,1,1,15,0,300,0.00000
regular,1,1,15,0,1000,0.00000
regular,1,2,15,0,100,8.00000
regular,1,2,15,0,300,28.00000
regular,1,2,15,0,1000,58.00000
regular,1,0,15,1,100,0.00000
regular,1,0,15,1,300,2.00000
regular,1,0,15,1,1000,2.00000
regular,1,1,15,1,100,0.00000
regular,1,1,15,1,300,0.00000
regular,1,1,15,1,1000,0.00000
regular,1,2,15,1,100,11.00000
regular,1,2,15,1,300,40.00000
regular,1,2,15,1,1000,43.00000
regular,1,0,15,2,100,0.00000
regular,1,0,15,2,300,2.00000
regular,1,0,15,2,1000,2.00000
regular,1,1,15,2,100,0.00000
regular,1,1,15,2,300,0.00000
regular,1,1,15,2,1000,0.00000
regular,1,2,15,2,100,13.00000
regular,1,2,15,2,300,48.00000
regular,1,2,15,2,1000,55.00000
regular,1,0,15,3,100,0.00000
regular,1,0,15,3,300,0.00000
regular,1,0,15,3,1000,2.00000
regular,1,1,15,3,100,0.00000
regular,1,1,15,3,300,0.00000
regular,1,1,15,3,1000,0.00000
regular,1,2,15,3,100,10.00000
regular,1,2,15,3,300,53.00000
regular,1,2,15,3,1000,58.00000
regular,1,0,15,4,100,0.00000
regular,1,0,15,4,300,0.00000
regular,1,0,15,4,1000,2.00000
regular,1,1,15,4,100,0.00000
regular,1,1,15,4,300,0.00000
regular,1,1,15,4,1000,0.00000
regular,1,2,15,4,100,25.00000
regular,1,2,15,4,300,31.00000
regular,1,2,15,4,1000,55.00000
regular,1,0,16,0,100,0.00000
regular,1,0,16,0,300,0.00000
regular,1,0,16,0,1000,-1.00000
regular,1,1,16,0,100,0.00000
regular,1,1,16,0,300,0.00000
regular,1,1,16,0,1000,-1.00000
regular,1,2,16,0,100,37.00000
regular,1,2,16,0,300,42.00000
regular,1,2,16,0,1000,41.00000
regular,1,0,16,1,100,0.00000
regular,1,0,16,1,300,0.00000
regular,1,0,16,1,1000,-1.00000
regular,1,1,16,1,100,0.00000
regular,1,1,16,1,300,0.00000
regular,1,1,16,1,1000,-1.00000
regular,1,2,16,1,100,34.00000
regular,1,2,16,1,300,43.00000
regular,1,2,16,1,1000,41.00000
regular,1,0,16,2,100,-1.00000
regular,1,0,16,2,300,-1.00000
regular,1,0,16,2,1000,-1.00000
regular,1,1,16,2,100,-1.00000
regular,1,1,16,2,300,-1.00000
regular,1,1,16,2,1000,-1.00000
regular,1,2,16,2,100,7.00000
regular,1,2,16,2,300,31.00000
regular,1,2,16,2,1000,41.00000
regular,1,0,16,3,100,0.00000
regular,1,0,16,3,300,0.00000
regular,1,0,16,3,1000,-1.00000
regular,1,1,16,3,100,0.00000
regular,1,1,16,3,300,0.00000
regular,1,1,16,3,1000,-1.00000
regular,1,2,16,3,100,26.00000
regular,1,2,16,3,300,42.00000
regular,1,2,16,3,1000,41.00000
regular,1,0,16,4,100,0.00000
regular,1,0,16,4,300,-1.00000
regular,1,0,16,4,1000,-1.00000
regular,1,1,16,4,100,0.00000
regular,1,1,16,4,300,-1.00000
regular,1,1,16,4,1000,-1.00000
regular,1,2,16,4,100,11.00000
regular,1,2,16,4,300,15.00000
regular,1,2,16,4,1000,41.00000
regular,1,0,17,0,100,7.00000
regular,1,0,17,0,300,7.00000
regular,1,0,17,0,1000,7.00000
regular,1,1,17,0,100,0.00000
regular,1,1,17,0,300,0.00000
regular,1,1,17,0,1000,0.00000
regular,1,2,17,0,100,26.00000
regular,1,2,17,0,300,26.00000
regular,1,2,17,0,1000,35.00000
regular,1,0,17,1,100,0.00000
regular,1,0,17,1,300,0.00000
regular,1,0,17,1,1000,7.00000
regular,1,1,17,1,100,0.00000
regular,1,1,17,1,300,0.00000
regular,1,1,17,1,1000,0.00000
regular,1,2,17,1,100,7.00000
regular,1,2,17,1,300,18.00000
regular,1,2,17,1,1000,39.00000
regular,1,0,17,2,100,6.00000
regular,1,0,17,2,300,6.00000
regular,1,0,17,2,1000,6.00000
regular,1,1,17,2,100,0.00000
regular,1,1,17,2,300,0.00000
regular,1,1,17,2,1000,0.00000
regular,1,2,17,2,100,24.00000
regular,1,2,17,2,300,33.00000
regular,1,2,17,2,1000,34.00000
regular,1,0,17,3,100,0.00000
regular,1,0,17,3,300,5.00000
regular,1,0,17,3,1000,7.00000
regular,1,1,17,3,100,0.00000
regular,1,1,17,3,300,0.00000
regular,1,1,17,3,1000,0.00000
regular,1,2,17,3,100,20.00000
regular,1,2,17,3,300,31.00000
regular,1,2,17,3,1000,33.00000
regular,1,0,17,4,100,2.00000
regular,1,0,17,4,300,7.00000
regular,1,0,17,4,1000,7.00000
regular,1,1,17,4,100,0.00000
regular,1,1,17,4,300,0.00000
regular,1,1,17,4,1000,0.00000
regular,1,2,17,4,100,15.00000
regular,1,2,17,4,300,27.00000
regular,1,2,17,4,1000,38.00000
regular,1,0,18,0,100,0.00000
regular,1,0,18,0,300,0.00000
regular,1,0,18,0,1000,0.00000
regular,1,1,18,0,100,0.00000
regular,1,1,18,0,300,0.00000
regular,1,1,18,0,1000,0.00000
regular,1,2,18,0,100,34.00000
regular,1,2,18,0,300,36.00000
regular,1,2,18,0,1000,40.00000
regular,1,0,18,1,100,0.00000
regular,1,0,18,1,300,0.00000
regular,1,0,18,1,1000,0.00000
regular,1,1,18,1,100,0.00000
regular,1,1,18,1,300,0.00000
regular,1,1,18,1,1000,0.00000
regular,1,2,18,1,100,41.00000
regular,1,2,18,1,300,47.00000
regular,1,2,18,1,1000,48.00000
regular,1,0,18,2,100,0.00000
regular,1,0,18,2,300,0.00000
regular,1,0,18,2,1000,0.00000
regular,1,1,18,2,100,0.00000
regular,1,1,18,2,300,0.00000
regular,1,1,18,2,1000,0.00000
regular,1,2,18,2,100,14.00000
regular,1,2,18,2,300,15.00000
regular,1,2,18,2,1000,48.00000
regular,1,0,18,3,100,0.00000
regular,1,0,18,3,300,0.00000
regular,1,0,18,3,1000,0.00000
regular,1,1,18,3,100,0.00000
regular,1,1,18,3,300,0.00000
regular,1,1,18,3,1000,0.00000
regular,1,2,18,3,100,37.00000
regular,1,2,18,3,300,41.00000
regular,1,2,18,3,1000,48.00000
regular,1,0,18,4,100,0.00000
regular,1,0,18,4,300,0.00000
regular,1,0,18,4,1000,0.00000
regular,1,1,18,4,100,0.00000
regular,1,1,18,4,300,0.00000
regular,1,1,18,4,1000,0.00000
regular,1,2,18,4,100,44.00000
regular,1,2,18,4,300,47.00000
regular,1,2,18,4,1000,48.00000
regular,1,0,19,0,100,0.00000
regular,1,0,19,0,300,3.00000
regular,1,0,19,0,1000,-1.00000
regular,1,1,19,0,100,0.00000
regular,1,1,19,0,300,3.00000
regular,1,1,19,0,1000,-3.00000
regular,1,2,19,0,100,4.00000
regular,1,2,19,0,300,10.00000
regular,1,2,19,0,1000,-23.00000
regular,1,0,19,1,100,-1.00000
regular,1,0,19,1,300,0.00000
regular,1,0,19,1,1000,-1.00000
regular,1,1,19,1,100,-2.00000
regular,1,1,19,1,300,-1.00000
regular,1,1,19,1,1000,-3.00000
regular,1,2,19,1,100,-3.00000
regular,1,2,19,1,300,-22.00000
regular,1,2,19,1,1000,-28.00000
regular,1,0,19,2,100,1.00000
regular,1,0,19,2,300,-1.00000
regular,1,0,19,2,1000,-1.00000
regular,1,1,19,2,100,1.00000
regular,1,1,19,2,300,-3.00000
regular,1,1,19,2,1000,-3.00000
regular,1,2,19,2,100,-19.00000
regular,1,2,19,2,300,-31.00000
regular,1,2,19,2,1000,-28.00000
regular,1,0,19,3,100,3.00000
regular,1,0,19,3,300,1.00000
regular,1,0,19,3,1000,0.00000
regular,1,1,19,3,100,2.00000
regular,1,1,19,3,300,0.00000
regular,1,1,19,3,1000,-2.00000
regular,1,2,19,3,100,-25.00000
regular,1,2,19,3,300,-26.00000
regular,1,2,19,3,1000,-27.00000
regular,1,0,19,4,100,1.00000
regular,1,0,19,4,300,1.00000
regular,1,0,19,4,1000,0.00000
regular,1,1,19,4,100,1.00000
regular,1,1,19,4,300,1.00000
regular,1,1,19,4,1000,-2.00000
regular,1,2,19,4,100,-8.00000
regular,1,2,19,4,300,-5.00000
regular,1,2,19,4,1000,-26.00000
regular,1,0,20,0,100,-4.00000
regular,1,0,20,0,300,-6.00000
regular,1,0,20,0,1000,-4.00000
regular,1,1,20,0,100,-4.00000
regular,1,1,20,0,300,-6.00000
regular,1,1,20,0,1000,-7.00000
regular,1,2,20,0,100,-7.00000
regular,1,2,20,0,300,41.00000
regular,1,2,20,0,1000,38.00000
regular,1,0,20,1,100,-3.00000
regular,1,0,20,1,300,-5.00000
regular,1,0,20,1,1000,-4.00000
regular,1,1,20,1,100,-6.00000
regular,1,1,20,1,300,-8.00000
regular,1,1,20,1,1000,-7.00000
regular,1,2,20,1,100,-5.00000
regular,1,2,20,1,300,-11.00000
regular,1,2,20,1,1000,37.00000
regular,1,0,20,2,100,0.00000
regular,1,0,20,2,300,3.00000
regular,1,0,20,2,1000,-4.00000
regular,1,1,20,2,100,0.00000
regular,1,1,20,2,300,1.00000
regular,1,1,20,2,1000,-7.00000
regular,1,2,20,2,100,27.00000
regular,1,2,20,2,300,29.00000
regular,1,2,20,2,1000,19.00000
regular,1,0,20,3,100,0.00000
regular,1,0,20,3,300,0.00000
regular,1,0,20,3,1000,-3.00000
regular,1,1,20,3,100,0.00000
regular,1,1,20,3,300,0.00000
regular,1,1,20,3,1000,-6.00000
regular,1,2,20,3,100,43.00000
regular,1,2,20,3,300,51.00000
regular,1,2,20,3,1000,39.00000
regular,1,0,20,4,100,-3.00000
regular,1,0,20,4,300,-4.00000
regular,1,0,20,4,1000,-4.00000
regular,1,1,20,4,100,-5.00000
regular,1,1,20,4,300,-6.00000
regular,1,1,20,4,1000,-7.00000
regular,1,2,20,4,100,-12.00000
regular,1,2,20,4,300,23.00000
regular,1,2,20,4,1000,36.00000
regular,1,0,21,0,100,-10.00000
regular,1,0,21,0,300,-13.00000
regular,1,0,21,0,1000,-13.00000
regular,1,1,21,0,100,-14.00000
regular,1,1,21,0,300,-21.00000
regular,1,1,21,0,1000,-21.00000
regular,1,2,21,0,100,-43.00000
regular,1,2,21,0,300,-59.00000
regular,1,2,21,0,1000,-59.00000
regular,1,0,21,1,100,-8.00000
regular,1,0,21,1,300,-14.00000
regular,1,0,21,1,1000,-13.00000
regular,1,1,21,1,100,-15.00000
regular,1,1,21,1,300,-22.00000
regular,1,1,21,1,1000,-21.00000
regular,1,2,21,1,100,-27.00000
regular,1,2,21,1,300,-58.00000
regular,1,2,21,1,1000,-61.00000
regular,1,0,21,2,100,1.00000
regular,1,0,21,2,300,1.00000
regular,1,0,21,2,1000,-13.00000
regular,1,1,21,2,100,-1.00000
regular,1,1,21,2,300,-2.00000
regular,1,1,21,2,1000,-21.00000
regular,1,2,21,2,100,-31.00000
regular,1,2,21,2,300,-36.00000
regular,1,2,21,2,1000,-58.00000
regular,1,0,21,3,100,3.00000
regular,1,0,21,3,300,-12.00000
regular,1,0,21,3,1000,-13.00000
regular,1,1,21,3,100,2.00000
regular,1,1,21,3,300,-20.00000
regular,1,1,21,3,1000,-21.00000
regular,1,2,21,3,100,-12.00000
regular,1,2,21,3,300,-50.00000
regular,1,2,21,3,1000,-60.00000
regular,1,0,21,4,100,-16.00000
regular,1,0,21,4,300,-14.00000
regular,1,0,21,4,1000,-13.00000
regular,1,1,21,4,100,-23.00000
regular,1,1,21,4,300,-21.00000
regular,1,1,21,4,1000,-21.00000
regular,1,2,21,4,100,-39.00000
regular,1,2,21,4,300,-56.00000
regular,1,2,21,4,1000,-59.00000
regular,1,0,22,0,100,-4.00000
regular,1,0,22,0,300,-4.00000
regular,1,0,22,0,1000,-11.00000
regular,1,1,22,0,100,-4.00000
regular,1,1,22,0,300,-4.00000
regular,1,1,22,0,1000,-11.00000
regular,1,2,22,0,100,-15.00000
regular,1,2,22,0,300,-14.00000
regular,1,2,22,0,1000,-21.00000
regular,1,0,22,1,100,-6.00000
regular,1,0,22,1,300,-12.00000
regular,1,0,22,1,1000,-12.00000
regular,1,1,22,1,100,-6.00000
regular,1,1,22,1,300,-13.00000
regular,1,1,22,1,1000,-13.00000
regular,1,2,22,1,100,-14.00000
regular,1,2,22,1,300,-22.00000
regular,1,2,22,1,1000,-20.00000
regular,1,0,22,2,100,0.00000
regular,1,0,22,2,300,-3.00000
regular,1,0,22,2,1000,-12.00000
regular,1,1,22,2,100,0.00000
regular,1,1,22,2,300,-3.00000
regular,1,1,22,2,1000,-13.00000
regular,1,2,22,2,100,3.00000
regular,1,2,22,2,300,-8.00000
regular,1,2,22,2,1000,-21.00000
regular,1,0,22,3,100,-3.00000
regular,1,0,22,3,300,-10.00000
regular,1,0,22,3,1000,-12.00000
regular,1,1,22,3,100,-3.00000
regular,1,1,22,3,300,-11.00000
regular,1,1,22,3,1000,-13.00000
regular,1,2,22,3,100,-8.00000
regular,1,2,22,3,300,-18.00000
regular,1,2,22,3,1000,-21.00000
regular,1,0,22,4,100,-1.00000
regular,1,0,22,4,300,-1.00000
regular,1,0,22,4,1000,-6.00000
regular,1,1,22,4,100,-1.00000
regular,1,1,22,4,300,-1.00000
regular,1,1,22,4,1000,-6.00000
regular,1,2,22,4,100,-7.00000
regular,1,2,22,4,300,-7.00000
regular,1,2,22,4,1000,-13.00000
regular,1,0,23,0,100,-6.00000
regular,1,0,23,0,300,-2.00000
regular,1,0,23,0,1000,-2.00000
regular,1,1,23,0,100,-6.00000
regular,1,1,23,0,300,-6.00000
regular,1,1,23,0,1000,-6.00000
regular,1,2,23,0,100,-11.00000
regular,1,2,23,0,300,4.00000
regular,1,2,23,0,1000,4.00000
regular,1,0,23,1,100,-4.00000
regular,1,0,23,1,300,-5.00000
regular,1,0,23,1,1000,0.00000
regular,1,1,23,1,100,-4.00000
regular,1,1,23,1,300,-6.00000
regular,1,1,23,1,1000,-6.00000
regular,1,2,23,1,100,-7.00000
regular,1,2,23,1,300,-11.00000
regular,1,2,23,1,1000,3.00000
regular,1,0,23,2,100,4.00000
regular,1,0,23,2,300,4.00000
regular,1,0,23,2,1000,-1.00000
regular,1,1,23,2,100,-1.00000
regular,1,1,23,2,300,-1.00000
regular,1,1,23,2,1000,-6.00000
regular,1,2,23,2,100,5.00000
regular,1,2,23,2,300,9.00000
regular,1,2,23,2,1000,4.00000
regular,1,0,23,3,100,-8.00000
regular,1,0,23,3,300,-5.00000
regular,1,0,23,3,1000,-1.00000
regular,1,1,23,3,100,-8.00000
regular,1,1,23,3,300,-6.00000
regular,1,1,23,3,1000,-6.00000
regular,1,2,23,3,100,-15.00000
regular,1,2,23,3,300,-13.00000
regular,1,2,23,3,1000,4.00000
regular,1,0,23,4,100,-6.00000
regular,1,0,23,4,300,-6.00000
regular,1,0,23,4,1000,0.00000
regular,1,1,23,4,100,-6.00000
regular,1,1,23,4,300,-6.00000
regular,1,1,23,4,1000,-6.00000
regular,1,2,23,4,100,-15.00000
regular,1,2,23,4,300,-17.00000
regular,1,2,23,4,1000,5.00000
regular,1,0,24,0,100,10.00000
regular,1,0,24,0,300,11.00000
regular,1,0,24,0,1000,11.00000
regular,1,1,24,0,100,1.00000
regular,1,1,24,0,300,2.00000
regular,1,1,24,0,1000,2.00000
regular,1,2,24,0,100,19.00000
regular,1,2,24,0,300,30.00000
regular,1,2,24,0,1000,63.00000
regular,1,0,24,1,100,10.00000
regular,1,0,24,1,300,10.00000
regular,1,0,24,1,1000,11.00000
regular,1,1,24,1,100,2.00000
regular,1,1,24,1,300,2.00000
regular,1,1,24,1,1000,2.00000
regular,1,2,24,1,100,33.00000
regular,1,2,24,1,300,36.00000
regular,1,2,24,1,1000,62.00000
regular,1,0,24,2,100,7.00000
regular,1,0,24,2,300,7.00000
regular,1,0,24,2,1000,11.00000
regular,1,1,24,2,100,2.00000
regular,1,1,24,2,300,2.00000
regular,1,1,24,2,1000,2.00000
regular,1,2,24,2,100,29.00000
regular,1,2,24,2,300,55.00000
regular,1,2,24,2,1000,63.00000
regular,1,0,24,3,100,11.00000
regular,1,0,24,3,300,11.00000
regular,1,0,24,3,1000,11.00000
regular,1,1,24,3,100,2.00000
regular,1,1,24,3,300,2.00000
regular,1,1,24,3,1000,2.00000
regular,1,2,24,3,100,33.00000
regular,1,2,24,3,300,39.00000
regular,1,2,24,3,1000,63.00000
regular,1,0,24,4,100,10.00000
regular,1,0,24,4,300,11.00000
regular,1,0,24,4,1000,11.00000
regular,1,1,24,4,100,2.00000
regular,1,1,24,4,300,2.00000
regular,1,1,24,4,1000,2.00000
regular,1,2,24,4,100,25.00000
regular,1,2,24,4,300,54.00000
regular,1,2,24,4,1000,62.00000
regular,1,0,25,0,100,-9.00000
regular,1,0,25,0,300,-10.00000
regular,1,0,25,0,1000,-15.00000
regular,1,1,25,0,100,-9.00000
regular,1,1,25,0,300,-10.00000
regular,1,1,25,0,1000,-15.00000
regular,1,2,25,0,100,-20.00000
regular,1,2,25,0,300,-14.00000
regular,1,2,25,0,1000,-21.00000
regular,1,0,25,1,100,0.00000
regular,1,0,25,1,300,0.00000
regular,1,0,25,1,1000,0.00000
regular,1,1,25,1,100,0.00000
regular,1,1,25,1,300,0.00000
regular,1,1,25,1,1000,0.00000
regular,1,2,25,1,100,4.00000
regular,1,2,25,1,300,8.00000
regular,1,2,25,1,1000,12.00000
regular,1,0,25,2,100,-6.00000
regular,1,0,25,2,300,-6.00000
regular,1,0,25,2,1000,-15.00000
regular,1,1,25,2,100,-6.00000
regular,1,1,25,2,300,-6.00000
regular,1,1,25,2,1000,-15.00000
regular,1,2,25,2,100,2.00000
regular,1,2,25,2,300,3.00000
regular,1,2,25,2,1000,-22.00000
regular,1,0,25,3,100,-15.00000
regular,1,0,25,3,300,-15.00000
regular,1,0,25,3,1000,-15.00000
regular,1,1,25,3,100,-15.00000
regular,1,1,25,3,300,-15.00000
regular,1,1,25,3,1000,-15.00000
regular,1,2,25,3,100,-22.00000
regular,1,2,25,3,300,-21.00000
regular,1,2,25,3,1000,-21.00000
regular,1,0,25,4,100,-13.00000
regular,1,0,25,4,300,-15.00000
regular,1,0,25,4,1000,-15.00000
regular,1,1,25,4,100,-13.00000
regular,1,1,25,4,300,-15.00000
regular,1,1,25,4,1000,-15.00000
regular,1,2,25,4,100,-19.00000
regular,1,2,25,4,300,-33.00000
regular,1,2,25,4,1000,-21.00000
regular,1,0,26,0,100,0.00000
regular,1,0,26,0,300,0.00000
regular,1,0,26,0,1000,0.00000
regular,1,1,26,0,100,0.00000
regular,1,1,26,0,300,0.00000
regular,1,1,26,0,1000,0.00000
regular,1,2,26,0,100,21.00000
regular,1,2,26,0,300,19.00000
regular,1,2,26,0,1000,19.00000
regular,1,0,26,1,100,0.00000
regular,1,0,26,1,300,0.00000
regular,1,0,26,1,1000,0.00000
regular,1,1,26,1,100,0.00000
regular,1,1,26,1,300,0.00000
regular,1,1,26,1,1000,0.00000
regular,1,2,26,1,100,15.00000
regular,1,2,26,1,300,20.00000
regular,1,2,26,1,1000,33.00000
regular,1,0,26,2,100,0.00000
regular,1,0,26,2,300,0.00000
regular,1,0,26,2,1000,0.00000
regular,1,1,26,2,100,0.00000
regular,1,1,26,2,300,0.00000
regular,1,1,26,2,1000,0.00000
regular,1,2,26,2,100,18.00000
regular,1,2,26,2,300,20.00000
regular,1,2,26,2,1000,41.00000
regular,1,0,26,3,100,0.00000
regular,1,0,26,3,300,0.00000
regular,1,0,26,3,1000,0.00000
regular,1,1,26,3,100,0.00000
regular,1,1,26,3,300,0.00000
regular,1,1,26,3,1000,0.00000
regular,1,2,26,3,100,14.00000
regular,1,2,26,3,300,18.00000
regular,1,2,26,3,1000,37.00000
regular,1,0,26,4,100,0.00000
regular,1,0,26,4,300,0.00000
regular,1,0,26,4,1000,0.00000
regular,1,1,26,4,100,0.00000
regular,1,1,26,4,300,0.00000
regular,1,1,26,4,1000,0.00000
regular,1,2,26,4,100,10.00000
regular,1,2,26,4,300,26.00000
regular,1,2,26,4,1000,41.00000
regular,1,0,27,0,100,-9.00000
regular,1,0,27,0,300,-14.00000
regular,1,0,27,0,1000,-11.00000
regular,1,1,27,0,100,-9.00000
regular,1,1,27,0,300,-14.00000
regular,1,1,27,0,1000,-15.00000
regular,1,2,27,0,100,-2.00000
regular,1,2,27,0,300,-3.00000
regular,1,2,27,0,1000,11.00000
regular,1,0,27,1,100,0.00000
regular,1,0,27,1,300,0.00000
regular,1,0,27,1,1000,-11.00000
regular,1,1,27,1,100,0.00000
regular,1,1,27,1,300,0.00000
regular,1,1,27,1,1000,-15.00000
regular,1,2,27,1,100,20.00000
regular,1,2,27,1,300,31.00000
regular,1,2,27,1,1000,10.00000
regular,1,0,27,2,100,-4.00000
regular,1,0,27,2,300,-1.00000
regular,1,0,27,2,1000,-11.00000
regular,1,1,27,2,100,-4.00000
regular,1,1,27,2,300,-4.00000
regular,1,1,27,2,1000,-15.00000
regular,1,2,27,2,100,2.00000
regular,1,2,27,2,300,26.00000
regular,1,2,27,2,1000,10.00000
regular,1,0,27,3,100,-9.00000
regular,1,0,27,3,300,-12.00000
regular,1,0,27,3,1000,-11.00000
regular,1,1,27,3,100,-12.00000
regular,1,1,27,3,300,-15.00000
regular,1,1,27,3,1000,-15.00000
regular,1,2,27,3,100,-19.00000
regular,1,2,27,3,300,1.00000
regular,1,2,27,3,1000,11.00000
regular,1,0,27,4,100,-14.00000
regular,1,0,27,4,300,-15.00000
regular,1,0,27,4,1000,-11.00000
regular,1,1,27,4,100,-14.00000
regular,1,1,27,4,300,-15.00000
regular,1,1,27,4,1000,-15.00000
regular,1,2,27,4,100,-28.00000
regular,1,2,27,4,300,-23.00000
regular,1,2,27,4,1000,10.00000
regular,1,0,28,0,100,0.00000
regular,1,0,28,0,300,-3.00000
regular,1,0,28,0,1000,4.00000
regular,1,1,28,0,100,0.00000
regular,1,1,28,0,300,-3.00000
regular,1,1,28,0,1000,-3.00000
regular,1,2,28,0,100,28.00000
regular,1,2,28,0,300,35.00000
regular,1,2,28,0,1000,55.00000
regular,1,0,28,1,100,0.00000
regular,1,0,28,1,300,7.00000
regular,1,0,28,1,1000,4.00000
regular,1,1,28,1,100,0.00000
regular,1,1,28,1,300,0.00000
regular,1,1,28,1,1000,-3.00000
regular,1,2,28,1,100,45.00000
regular,1,2,28,1,300,54.00000
regular,1,2,28,1,1000,54.00000
regular,1,0,28,2,100,7.00000
regular,1,0,28,2,300,5.00000
regular,1,0,28,2,1000,4.00000
regular,1,1,28,2,100,0.00000
regular,1,1,28,2,300,-2.00000
regular,1,1,28,2,1000,-3.00000
regular,1,2,28,2,100,20.00000
regular,1,2,28,2,300,35.00000
regular,1,2,28,2,1000,40.00000
regular,1,0,28,3,100,0.00000
regular,1,0,28,3,300,-3.00000
regular,1,0,28,3,1000,-3.00000
regular,1,1,28,3,100,0.00000
regular,1,1,28,3,300,-3.00000
regular,1,1,28,3,1000,-3.00000
regular,1,2,28,3,100,15.00000
regular,1,2,28,3,300,36.00000
regular,1,2,28,3,1000,49.00000
regular,1,0,28,4,100,-3.00000
regular,1,0,28,4,300,-3.00000
regular,1,0,28,4,1000,-3.00000
regular,1,1,28,4,100,-3.00000
regular,1,1,28,4,300,-3.00000
regular,1,1,28,4,1000,-3.00000
regular,1,2,28,4,100,1.00000
regular,1,2,28,4,300,34.00000
regular,1,2,28,4,1000,47.00000
regular,1,0,29,0,100,0.00000
regular,1,0,29,0,300,-12.00000
regular,1,0,29,0,1000,-29.00000
regular,1,1,29,0,100,-2.00000
regular,1,1,29,0,300,-14.00000
regular,1,1,29,0,1000,-35.00000
regular,1,2,29,0,100,-2.00000
regular,1,2,29,0,300,-19.00000
regular,1,2,29,0,1000,-43.00000
regular,1,0,29,1,100,-14.00000
regular,1,0,29,1,300,-25.00000
regular,1,0,29,1,1000,-28.00000
regular,1,1,29,1,100,-14.00000
regular,1,1,29,1,300,-27.00000
regular,1,1,29,1,1000,-35.00000
regular,1,2,29,1,100,-28.00000
regular,1,2,29,1,300,-36.00000
regular,1,2,29,1,1000,-42.00000
regular,1,0,29,2,100,-6.00000
regular,1,0,29,2,300,-27.00000
regular,1,0,29,2,1000,-28.00000
regular,1,1,29,2,100,-9.00000
regular,1,1,29,2,300,-34.00000
regular,1,1,29,2,1000,-35.00000
regular,1,2,29,2,100,-2.00000
regular,1,2,29,2,300,-39.00000
regular,1,2,29,2,1000,-42.00000
regular,1,0,29,3,100,3.00000
regular,1,0,29,3,300,-9.00000
regular,1,0,29,3,1000,-28.00000
regular,1,1,29,3,100,0.00000
regular,1,1,29,3,300,-13.00000
regular,1,1,29,3,1000,-35.00000
regular,1,2,29,3,100,5.00000
regular,1,2,29,3,300,-4.00000
regular,1,2,29,3,1000,-42.00000
regular,1,0,29,4,100,-26.00000
regular,1,0,29,4,300,-31.00000
regular,1,0,29,4,1000,-31.00000
regular,1,1,29,4,100,-30.00000
regular,1,1,29,4,300,-35.00000
regular,1,1,29,4,1000,-35.00000
regular,1,2,29,4,100,-38.00000
regular,1,2,29,4,300,-54.00000
regular,1,2,29,4,1000,-45.00000
regular,1,0,30,0,100,0.00000
regular,1,0,30,0,300,-3.00000
regular,1,0,30,0,1000,0.00000
regular,1,1,30,0,100,0.00000
regular,1,1,30,0,300,-8.00000
regular,1,1,30,0,1000,-11.00000
regular,1,2,30,0,100,7.00000
regular,1,2,30,0,300,19.00000
regular,1,2,30,0,1000,23.00000
regular,1,0,30,1,100,-1.00000
regular,1,0,30,1,300,0.00000
regular,1,0,30,1,1000,0.00000
regular,1,1,30,1,100,-9.00000
regular,1,1,30,1,300,-9.00000
regular,1,1,30,1,1000,-9.00000
regular,1,2,30,1,100,10.00000
regular,1,2,30,1,300,13.00000
regular,1,2,30,1,1000,26.00000
regular,1,0,30,2,100,0.00000
regular,1,0,30,2,300,0.00000
regular,1,0,30,2,1000,-3.00000
regular,1,1,30,2,100,0.00000
regular,1,1,30,2,300,0.00000
regular,1,1,30,2,1000,-11.00000
regular,1,2,30,2,100,26.00000
regular,1,2,30,2,300,30.00000
regular,1,2,30,2,1000,19.00000
regular,1,0,30,3,100,0.00000
regular,1,0,30,3,300,-3.00000
regular,1,0,30,3,1000,0.00000
regular,1,1,30,3,100,-6.00000
regular,1,1,30,3,300,-9.00000
regular,1,1,30,3,1000,-11.00000
regular,1,2,30,3,100,8.00000
regular,1,2,30,3,300,9.00000
regular,1,2,30,3,1000,23.00000
regular,1,0,30,4,100,0.00000
regular,1,0,30,4,300,0.00000
regular,1,0,30,4,1000,-1.00000
regular,1,1,30,4,100,0.00000
regular,1,1,30,4,300,0.00000
regular,1,1,30,4,1000,-11.00000
regular,1,2,30,4,100,25.00000
regular,1,2,30,4,300,28.00000
regular,1,2,30,4,1000,22.00000
regular,1,0,31,0,100,0.00000
regular,1,0,31,0,300,0.00000
regular,1,0,31,0,1000,-3.00000
regular,1,1,31,0,100,-2.00000
regular,1,1,31,0,300,-2.00000
regular,1,1,31,0,1000,-7.00000
regular,1,2,31,0,100,3.00000
regular,1,2,31,0,300,3.00000
regular,1,2,31,0,1000,-6.00000
regular,1,0,31,1,100,-1.00000
regular,1,0,31,1,300,-2.00000
regular,1,0,31,1,1000,-3.00000
regular,1,1,31,1,100,-3.00000
regular,1,1,31,1,300,-4.00000
regular,1,1,31,1,1000,-9.00000
regular,1,2,31,1,100,3.00000
regular,1,2,31,1,300,-3.00000
regular,1,2,31,1,1000,-7.00000
regular,1,0,31,2,100,-7.00000
regular,1,0,31,2,300,-3.00000
regular,1,0,31,2,1000,-4.00000
regular,1,1,31,2,100,-10.00000
regular,1,1,31,2,300,-8.00000
regular,1,1,31,2,1000,-9.00000
regular,1,2,31,2,100,-17.00000
regular,1,2,31,2,300,-17.00000
regular,1,2,31,2,1000,-23.00000
regular,1,0,31,3,100,-1.00000
regular,1,0,31,3,300,-1.00000
regular,1,0,31,3,1000,-3.00000
regular,1,1,31,3,100,-4.00000
regular,1,1,31,3,300,-4.00000
regular,1,1,31,3,1000,-9.00000
regular,1,2,31,3,100,-19.00000
regular,1,2,31,3,300,-2.00000
regular,1,2,31,3,1000,-7.00000
regular,1,0,31,4,100,-9.00000
regular,1,0,31,4,300,-9.00000
regular,1,0,31,4,1000,-3.00000
regular,1,1,31,4,100,-11.00000
regular,1,1,31,4,300,-12.00000
regular,1,1,31,4,1000,-9.00000
regular,1,2,31,4,100,-26.00000
regular,1,2,31,4,300,-34.00000
regular,1,2,31,4,1000,-8.00000
regular,1,0,32,0,100,-1.00000
regular,1,0,32,0,300,1.00000
regular,1,0,32,0,1000,1.00000
regular,1,1,32,0,100,-1.00000
regular,1,1,32,0,300,-1.00000
regular,1,1,32,0,1000,-1.00000
regular,1,2,32,0,100,13.00000
regular,1,2,32,0,300,9.00000
regular,1,2,32,0,1000,6.00000
regular,1,0,32,1,100,3.00000
regular,1,0,32,1,300,3.00000
regular,1,0,32,1,1000,3.00000
regular,1,1,32,1,100,-1.00000
regular,1,1,32,1,300,-1.00000
regular,1,1,32,1,1000,-1.00000
regular,1,2,32,1,100,1.00000
regular,1,2,32,1,300,15.00000
regular,1,2,32,1,1000,11.00000
regular,1,0,32,2,100,3.00000
regular,1,0,32,2,300,5.00000
regular,1,0,32,2,1000,4.00000
regular,1,1,32,2,100,0.00000
regular,1,1,32,2,300,0.00000
regular,1,1,32,2,1000,-1.00000
regular,1,2,32,2,100,15.00000
regular,1,2,32,2,300,15.00000
regular,1,2,32,2,1000,12.00000
regular,1,0,32,3,100,0.00000
regular,1,0,32,3,300,0.00000
regular,1,0,32,3,1000,4.00000
regular,1,1,32,3,100,0.00000
regular,1,1,32,3,300,0.00000
regular,1,1,32,3,1000,-1.00000
regular,1,2,32,3,100,2.00000
regular,1,2,32,3,300,16.00000
regular,1,2,32,3,1000,10.00000
regular,1,0,32,4,100,0.00000
regular,1,0,32,4,300,2.00000
regular,1,0,32,4,1000,4.00000
regular,1,1,32,4,100,0.00000
regular,1,1,32,4,300,-1.00000
regular,1,1,32,4,1000,-1.00000
regular,1,2,32,4,100,23.00000
regular,1,2,32,4,300,12.00000
regular,1,2,32,4,1000,12.00000
regular,1,0,33,0,100,0.00000
regular,1,0,33,0,300,0.00000
regular,1,0,33,0,1000,5.00000
regular,1,1,33,0,100,0.00000
regular,1,1,33,0,300,0.00000
regular,1,1,33,0,1000,0.00000
regular,1,2,33,0,100,7.00000
regular,1,2,33,0,300,5.00000
regular,1,2,33,0,1000,10.00000
regular,1,0,33,1,100,0.00000
regular,1,0,33,1,300,6.00000
regular,1,0,33,1,1000,6.00000
regular,1,1,33,1,100,0.00000
regular,1,1,33,1,300,0.00000
regular,1,1,33,1,1000,0.00000
regular,1,2,33,1,100,11.00000
regular,1,2,33,1,300,10.00000
regular,1,2,33,1,1000,11.00000
regular,1,0,33,2,100,6.00000
regular,1,0,33,2,300,6.00000
regular,1,0,33,2,1000,6.00000
regular,1,1,33,2,100,0.00000
regular,1,1,33,2,300,0.00000
regular,1,1,33,2,1000,0.00000
regular,1,2,33,2,100,8.00000
regular,1,2,33,2,300,10.00000
regular,1,2,33,2,1000,12.00000
regular,1,0,33,3,100,0.00000
regular,1,0,33,3,300,6.00000
regular,1,0,33,3,1000,6.00000
regular,1,1,33,3,100,0.00000
regular,1,1,33,3,300,0.00000
regular,1,1,33,3,1000,0.00000
regular,1,2,33,3,100,4.00000
regular,1,2,33,3,300,18.00000
regular,1,2,33,3,1000,11.00000
regular,1,0,33,4,100,6.00000
regular,1,0,33,4,300,6.00000
regular,1,0,33,4,1000,6.00000
regular,1,1,33,4,100,0.00000
regular,1,1,33,4,300,0.00000
regular,1,1,33,4,1000,0.00000
regular,1,2,33,4,100,12.00000
regular,1,2,33,4,300,23.00000
regular,1,2,33,4,1000,11.00000
regular,1,0,34,0,100,1.00000
regular,1,0,34,0,300,1.00000
regular,1,0,34,0,1000,8.00000
regular,1,1,34,0,100,0.00000
regular,1,1,34,0,300,0.00000
regular,1,1,34,0,1000,0.00000
regular,1,2,34,0,100,31.00000
regular,1,2,34,0,300,43.00000
regular,1,2,34,0,1000,65.00000
regular,1,0,34,1,100,2.00000
regular,1,0,34,1,300,8.00000
regular,1,0,34,1,1000,10.00000
regular,1,1,34,1,100,0.00000
regular,1,1,34,1,300,0.00000
regular,1,1,34,1,1000,0.00000
regular,1,2,34,1,100,40.00000
regular,1,2,34,1,300,62.00000
regular,1,2,34,1,1000,71.00000
regular,1,0,34,2,100,0.00000
regular,1,0,34,2,300,0.00000
regular,1,0,34,2,1000,10.00000
regular,1,1,34,2,100,0.00000
regular,1,1,34,2,300,0.00000
regular,1,1,34,2,1000,0.00000
regular,1,2,34,2,100,35.00000
regular,1,2,34,2,300,48.00000
regular,1,2,34,2,1000,71.00000
regular,1,0,34,3,100,6.00000
regular,1,0,34,3,300,6.00000
regular,1,0,34,3,1000,10.00000
regular,1,1,34,3,100,0.00000
regular,1,1,34,3,300,0.00000
regular,1,1,34,3,1000,0.00000
regular,1,2,34,3,100,31.00000
regular,1,2,34,3,300,61.00000
regular,1,2,34,3,1000,70.00000
regular,1,0,34,4,100,0.00000
regular,1,0,34,4,300,4.00000
regular,1,0,34,4,1000,10.00000
regular,1,1,34,4,100,0.00000
regular,1,1,34,4,300,0.00000
regular,1,1,34,4,1000,0.00000
regular,1,2,34,4,100,31.00000
regular,1,2,34,4,300,58.00000
regular,1,2,34,4,1000,71.00000
regular,1,0,35,0,100,-8.00000
regular,1,0,35,0,300,-7.00000
regular,1,0,35,0,1000,-1.00000
regular,1,1,35,0,100,-8.00000
regular,1,1,35,0,300,-7.00000
regular,1,1,35,0,1000,-7.00000
regular,1,2,35,0,100,-26.00000
regular,1,2,35,0,300,-19.00000
regular,1,2,35,0,1000,-3.00000
regular,1,0,35,1,100,-7.00000
regular,1,0,35,1,300,0.00000
regular,1,0,35,1,1000,-1.00000
regular,1,1,35,1,100,-7.00000
regular,1,1,35,1,300,-6.00000
regular,1,1,35,1,1000,-7.00000
regular,1,2,35,1,100,-20.00000
regular,1,2,35,1,300,2.00000
regular,1,2,35,1,1000,-3.00000
regular,1,0,35,2,100,-2.00000
regular,1,0,35,2,300,-2.00000
regular,1,0,35,2,1000,-2.00000
regular,1,1,35,2,100,-3.00000
regular,1,1,35,2,300,-3.00000
regular,1,1,35,2,1000,-6.00000
regular,1,2,35,2,100,8.00000
regular,1,2,35,2,300,2.00000
regular,1,2,35,2,1000,-4.00000
regular,1,0,35,3,100,-6.00000
regular,1,0,35,3,300,-5.00000
regular,1,0,35,3,1000,-1.00000
regular,1,1,35,3,100,-6.00000
regular,1,1,35,3,300,-7.00000
regular,1,1,35,3,1000,-7.00000
regular,1,2,35,3,100,-13.00000
regular,1,2,35,3,300,-1.00000
regular,1,2,35,3,1000,-3.00000
regular,1,0,35,4,100,-4.00000
regular,1,0,35,4,300,-6.00000
regular,1,0,35,4,1000,-1.00000
regular,1,1,35,4,100,-5.00000
regular,1,1,35,4,300,-7.00000
regular,1,1,35,4,1000,-7.00000
regular,1,2,35,4,100,-2.00000
regular,1,2,35,4,300,-8.00000
regular,1,2,35,4,1000,-2.00000
regular,1,0,36,0,100,0.00000
regular,1,0,36,0,300,0.00000
regular,1,0,36,0,1000,0.00000
regular,1,1,36,0,100,0.00000
regular,1,1,36,0,300,0.00000
regular,1,1,36,0,1000,0.00000
regular,1,2,36,0,100,18.00000
regular,1,2,36,0,300,26.00000
regular,1,2,36,0,1000,28.00000
regular,1,0,36,1,100,0.00000
regular,1,0,36,1,300,0.00000
regular,1,0,36,1,1000,0.00000
regular,1,1,36,1,100,0.00000
regular,1,1,36,1,300,0.00000
regular,1,1,36,1,1000,0.00000
regular,1,2,36,1,100,5.00000
regular,1,2,36,1,300,15.00000
regular,1,2,36,1,1000,28.00000
regular,1,0,36,2,100,0.00000
regular,1,0,36,2,300,0.00000
regular,1,0,36,2,1000,0.00000
regular,1,1,36,2,100,0.00000
regular,1,1,36,2,300,0.00000
regular,1,1,36,2,1000,0.00000
regular,1,2,36,2,100,25.00000
regular,1,2,36,2,300,25.00000
regular,1,2,36,2,1000,27.00000
regular,1,0,36,3,100,0.00000
regular,1,0,36,3,300,0.00000
regular,1,0,36,3,1000,0.00000
regular,1,1,36,3,100,0.00000
regular,1,1,36,3,300,0.00000
regular,1,1,36,3,1000,0.00000
regular,1,2,36,3,100,14.00000
regular,1,2,36,3,300,17.00000
regular,1,2,36,3,1000,25.00000
regular,1,0,36,4,100,0.00000
regular,1,0,36,4,300,0.00000
regular,1,0,36,4,1000,0.00000
regular,1,1,36,4,100,0.00000
regular,1,1,36,4,300,0.00000
regular,1,1,36,4,1000,0.00000
regular,1,2,36,4,100,26.00000
regular,1,2,36,4,300,27.00000
regular,1,2,36,4,1000,27.00000
regular,1,0,37,0,100,-12.00000
regular,1,0,37,0,300,-15.00000
regular,1,0,37,0,1000,-16.00000
regular,1,1,37,0,100,-15.00000
regular,1,1,37,0,300,-19.00000
regular,1,1,37,0,1000,-21.00000
regular,1,2,37,0,100,-29.00000
regular,1,2,37,0,300,-36.00000
regular,1,2,37,0,1000,-39.00000
regular,1,0,37,1,100,-11.00000
regular,1,0,37,1,300,-12.00000
regular,1,0,37,1,1000,-14.00000
regular,1,1,37,1,100,-11.00000
regular,1,1,37,1,300,-16.00000
regular,1,1,37,1,1000,-19.00000
regular,1,2,37,1,100,-20.00000
regular,1,2,37,1,300,-35.00000
regular,1,2,37,1,1000,-40.00000
regular,1,0,37,2,100,-2.00000
regular,1,0,37,2,300,-12.00000
regular,1,0,37,2,1000,-14.00000
regular,1,1,37,2,100,-2.00000
regular,1,1,37,2,300,-16.00000
regular,1,1,37,2,1000,-19.00000
regular,1,2,37,2,100,-8.00000
regular,1,2,37,2,300,-38.00000
regular,1,2,37,2,1000,-40.00000
regular,1,0,37,3,100,-1.00000
regular,1,0,37,3,300,-1.00000
regular,1,0,37,3,1000,-17.00000
regular,1,1,37,3,100,-1.00000
regular,1,1,37,3,300,-1.00000
regular,1,1,37,3,1000,-21.00000
regular,1,2,37,3,100,-7.00000
regular,1,2,37,3,300,-4.00000
regular,1,2,37,3,1000,-41.00000
regular,1,0,37,4,100,0.00000
regular,1,0,37,4,300,-15.00000
regular,1,0,37,4,1000,-14.00000
regular,1,1,37,4,100,0.00000
regular,1,1,37,4,300,-17.00000
regular,1,1,37,4,1000,-18.00000
regular,1,2,37,4,100,-1.00000
regular,1,2,37,4,300,-36.00000
regular,1,2,37,4,1000,-39.00000
regular,1,0,38,0,100,0.00000
regular,1,0,38,0,300,-1.00000
regular,1,0,38,0,1000,-1.00000
regular,1,1,38,0,100,0.00000
regular,1,1,38,0,300,-1.00000
regular,1,1,38,0,1000,-1.00000
regular,1,2,38,0,100,34.00000
regular,1,2,38,0,300,33.00000
regular,1,2,38,0,1000,51.00000
regular,1,0,38,1,100,-1.00000
regular,1,0,38,1,300,-1.00000
regular,1,0,38,1,1000,-1.00000
regular,1,1,38,1,100,-1.00000
regular,1,1,38,1,300,-1.00000
regular,1,1,38,1,1000,-1.00000
regular,1,2,38,1,100,2.00000
regular,1,2,38,1,300,3.00000
regular,1,2,38,1,1000,46.00000
regular,1,0,38,2,100,-1.00000
regular,1,0,38,2,300,-1.00000
regular,1,0,38,2,1000,-1.00000
regular,1,1,38,2,100,-1.00000
regular,1,1,38,2,300,-1.00000
regular,1,1,38,2,1000,-1.00000
regular,1,2,38,2,100,2.00000
regular,1,2,38,2,300,20.00000
regular,1,2,38,2,1000,62.00000
regular,1,0,38,3,100,0.00000
regular,1,0,38,3,300,0.00000
regular,1,0,38,3,1000,-1.00000
regular,1,1,38,3,100,0.00000
regular,1,1,38,3,300,0.00000
regular,1,1,38,3,1000,-1.00000
regular,1,2,38,3,100,35.00000
regular,1,2,38,3,300,54.00000
regular,1,2,38,3,1000,58.00000
regular,1,0,38,4,100,0.00000
regular,1,0,38,4,300,0.00000
regular,1,0,38,4,1000,-1.00000
regular,1,1,38,4,100,0.00000
regular,1,1,38,4,300,0.00000
regular,1,1,38,4,1000,-1.00000
regular,1,2,38,4,100,26.00000
regular,1,2,38,4,300,26.00000
regular,1,2,38,4,1000,39.00000
regular,1,0,39,0,100,5.00000
regular,1,0,39,0,300,5.00000
regular,1,0,39,0,1000,5.00000
regular,1,1,39,0,100,1.00000
regular,1,1,39,0,300,1.00000
regular,1,1,39,0,1000,1.00000
regular,1,2,39,0,100,15.00000
regular,1,2,39,0,300,28.00000
regular,1,2,39,0,1000,31.00000
regular,1,0,39,1,100,2.00000
regular,1,0,39,1,300,5.00000
regular,1,0,39,1,1000,5.00000
regular,1,1,39,1,100,1.00000
regular,1,1,39,1,300,1.00000
regular,1,1,39,1,1000,1.00000
regular,1,2,39,1,100,22.00000
regular,1,2,39,1,300,26.00000
regular,1,2,39,1,1000,31.00000
regular,1,0,39,2,100,5.00000
regular,1,0,39,2,300,5.00000
regular,1,0,39,2,1000,5.00000
regular,1,1,39,2,100,1.00000
regular,1,1,39,2,300,1.00000
regular,1,1,39,2,1000,1.00000
regular,1,2,39,2,100,19.00000
regular,1,2,39,2,300,24.00000
regular,1,2,39,2,1000,31.00000
regular,1,0,39,3,100,4.00000
regular,1,0,39,3,300,5.00000
regular,1,0,39,3,1000,5.00000
regular,1,1,39,3,100,1.00000
regular,1,1,39,3,300,1.00000
regular,1,1,39,3,1000,1.00000
regular,1,2,39,3,100,28.00000
regular,1,2,39,3,300,30.00000
regular,1,2,39,3,1000,31.00000
regular,1,0,39,4,100,4.00000
regular,1,0,39,4,300,5.00000
regular,1,0,39,4,1000,5.00000
regular,1,1,39,4,100,1.00000
regular,1,1,39,4,300,1.00000
regular,1,1,39,4,1000,1.00000
regular,1,2,39,4,100,24.00000
regular,1,2,39,4,300,28.00000
regular,1,2,39,4,1000,27.00000
regular,1,0,40,0,100,0.00000
regular,1,0,40,0,300,-4.00000
regular,1,0,40,0,1000,-4.00000
regular,1,1,40,0,100,0.00000
regular,1,1,40,0,300,-5.00000
regular,1,1,40,0,1000,-5.00000
regular,1,2,40,0,100,-4.00000
regular,1,2,40,0,300,-13.00000
regular,1,2,40,0,1000,-14.00000
regular,1,0,40,1,100,-5.00000
regular,1,0,40,1,300,-3.00000
regular,1,0,40,1,1000,-4.00000
regular,1,1,40,1,100,-5.00000
regular,1,1,40,1,300,-4.00000
regular,1,1,40,1,1000,-5.00000
regular,1,2,40,1,100,-19.00000
regular,1,2,40,1,300,-10.00000
regular,1,2,40,1,1000,-14.00000
regular,1,0,40,2,100,1.00000
regular,1,0,40,2,300,-3.00000
regular,1,0,40,2,1000,-4.00000
regular,1,1,40,2,100,0.00000
regular,1,1,40,2,300,-4.00000
regular,1,1,40,2,1000,-5.00000
regular,1,2,40,2,100,-3.00000
regular,1,2,40,2,300,-6.00000
regular,1,2,40,2,1000,-10.00000
regular,1,0,40,3,100,2.00000
regular,1,0,40,3,300,0.00000
regular,1,0,40,3,1000,-4.00000
regular,1,1,40,3,100,1.00000
regular,1,1,40,3,300,-1.00000
regular,1,1,40,3,1000,-5.00000
regular,1,2,40,3,100,-5.00000
regular,1,2,40,3,300,-8.00000
regular,1,2,40,3,1000,-13.00000
regular,1,0,40,4,100,0.00000
regular,1,0,40,4,300,0.00000
regular,1,0,40,4,1000,-4.00000
regular,1,1,40,4,100,0.00000
regular,1,1,40,4,300,0.00000
regular,1,1,40,4,1000,-5.00000
regular,1,2,40,4,100,0.00000
regular,1,2,40,4,300,0.00000
regular,1,2,40,4,1000,-14.00000
regular,1,0,41,0,100,1.00000
regular,1,0,41,0,300,5.00000
regular,1,0,41,0,1000,5.00000
regular,1,1,41,0,100,1.00000
regular,1,1,41,0,300,1.00000
regular,1,1,41,0,1000,1.00000
regular,1,2,41,0,100,5.00000
regular,1,2,41,0,300,2.00000
regular,1,2,41,0,1000,4.00000
regular,1,0,41,1,100,5.00000
regular,1,0,41,1,300,5.00000
regular,1,0,41,1,1000,5.00000
regular,1,1,41,1,100,1.00000
regular,1,1,41,1,300,1.00000
regular,1,1,41,1,1000,1.00000
regular,1,2,41,1,100,-11.00000
regular,1,2,41,1,300,1.00000
regular,1,2,41,1,1000,4.00000
regular,1,0,41,2,100,0.00000
regular,1,0,41,2,300,-1.00000
regular,1,0,41,2,1000,5.00000
regular,1,1,41,2,100,0.00000
regular,1,1,41,2,300,-1.00000
regular,1,1,41,2,1000,1.00000
regular,1,2,41,2,100,7.00000
regular,1,2,41,2,300,-1.00000
regular,1,2,41,2,1000,3.00000
regular,1,0,41,3,100,-3.00000
regular,1,0,41,3,300,5.00000
regular,1,0,41,3,1000,5.00000
regular,1,1,41,3,100,-3.00000
regular,1,1,41,3,300,1.00000
regular,1,1,41,3,1000,1.00000
regular,1,2,41,3,100,-1.00000
regular,1,2,41,3,300,2.00000
regular,1,2,41,3,1000,2.00000
regular,1,0,41,4,100,4.00000
regular,1,0,41,4,300,4.00000
regular,1,0,41,4,1000,5.00000
regular,1,1,41,4,100,4.00000
regular,1,1,41,4,300,4.00000
regular,1,1,41,4,1000,1.00000
regular,1,2,41,4,100,11.00000
regular,1,2,41,4,300,9.00000
regular,1,2,41,4,1000,5.00000
regular,1,0,42,0,100,0.00000
regular,1,0,42,0,300,0.00000
regular,1,0,42,0,1000,0.00000
regular,1,1,42,0,100,0.00000
regular,1,1,42,0,300,0.00000
regular,1,1,42,0,1000,0.00000
regular,1,2,42,0,100,57.00000
regular,1,2,42,0,300,62.00000
regular,1,2,42,0,1000,64.00000
regular,1,0,42,1,100,0.00000
regular,1,0,42,1,300,0.00000
regular,1,0,42,1,1000,0.00000
regular,1,1,42,1,100,0.00000
regular,1,1,42,1,300,0.00000
regular,1,1,42,1,1000,0.00000
regular,1,2,42,1,100,23.00000
regular,1,2,42,1,300,62.00000
regular,1,2,42,1,1000,66.00000
regular,1,0,42,2,100,0.00000
regular,1,0,42,2,300,0.00000
regular,1,0,42,2,1000,0.00000
regular,1,1,42,2,100,0.00000
regular,1,1,42,2,300,0.00000
regular,1,1,42,2,1000,0.00000
regular,1,2,42,2,100,28.00000
regular,1,2,42,2,300,62.00000
regular,1,2,42,2,1000,66.00000
regular,1,0,42,3,100,0.00000
regular,1,0,42,3,300,0.00000
regular,1,0,42,3,1000,0.00000
regular,1,1,42,3,100,0.00000
regular,1,1,42,3,300,0.00000
regular,1,1,42,3,1000,0.00000
regular,1,2,42,3,100,54.00000
regular,1,2,42,3,300,63.00000
regular,1,2,42,3,1000,67.00000
regular,1,0,42,4,100,0.00000
regular,1,0,42,4,300,0.00000
regular,1,0,42,4,1000,0.00000
regular,1,1,42,4,100,0.00000
regular,1,1,42,4,300,0.00000
regular,1,1,42,4,1000,0.00000
regular,1,2,42,4,100,31.00000
regular,1,2,42,4,300,63.00000
regular,1,2,42,4,1000,66.00000
regular,1,0,43,0,100,-3.00000
regular,1,0,43,0,300,-16.00000
regular,1,0,43,0,1000,-17.00000
regular,1,1,43,0,100,-3.00000
regular,1,1,43,0,300,-20.00000
regular,1,1,43,0,1000,-21.00000
regular,1,2,43,0,100,-8.00000
regular,1,2,43,0,300,-35.00000
regular,1,2,43,0,1000,-44.00000
regular,1,0,43,1,100,-3.00000
regular,1,0,43,1,300,-15.00000
regular,1,0,43,1,1000,-17.00000
regular,1,1,43,1,100,-3.00000
regular,1,1,43,1,300,-18.00000
regular,1,1,43,1,1000,-21.00000
regular,1,2,43,1,100,-4.00000
regular,1,2,43,1,300,-26.00000
regular,1,2,43,1,1000,-41.00000
regular,1,0,43,2,100,-2.00000
regular,1,0,43,2,300,-16.00000
regular,1,0,43,2,1000,-17.00000
regular,1,1,43,2,100,-5.00000
regular,1,1,43,2,300,-20.00000
regular,1,1,43,2,1000,-21.00000
regular,1,2,43,2,100,-23.00000
regular,1,2,43,2,300,-44.00000
regular,1,2,43,2,1000,-45.00000
regular,1,0,43,3,100,0.00000
regular,1,0,43,3,300,0.00000
regular,1,0,43,3,1000,-15.00000
regular,1,1,43,3,100,0.00000
regular,1,1,43,3,300,0.00000
regular,1,1,43,3,1000,-17.00000
regular,1,2,43,3,100,0.00000
regular,1,2,43,3,300,-1.00000
regular,1,2,43,3,1000,-28.00000
regular,1,0,43,4,100,-5.00000
regular,1,0,43,4,300,-14.00000
regular,1,0,43,4,1000,-15.00000
regular,1,1,43,4,100,-5.00000
regular,1,1,43,4,300,-18.00000
regular,1,1,43,4,1000,-19.00000
regular,1,2,43,4,100,-13.00000
regular,1,2,43,4,300,-29.00000
regular,1,2,43,4,1000,-43.00000
regular,1,0,44,0,100,-6.00000
regular,1,0,44,0,300,-3.00000
regular,1,0,44,0,1000,-3.00000
regular,1,1,44,0,100,-6.00000
regular,1,1,44,0,300,-5.00000
regular,1,1,44,0,1000,-5.00000
regular,1,2,44,0,100,-6.00000
regular,1,2,44,0,300,5.00000
regular,1,2,44,0,1000,2.00000
regular,1,0,44,1,100,3.00000
regular,1,0,44,1,300,-4.00000
regular,1,0,44,1,1000,-3.00000
regular,1,1,44,1,100,1.00000
regular,1,1,44,1,300,-6.00000
regular,1,1,44,1,1000,-5.00000
regular,1,2,44,1,100,18.00000
regular,1,2,44,1,300,1.00000
regular,1,2,44,1,1000,2.00000
regular,1,0,44,2,100,0.00000
regular,1,0,44,2,300,2.00000
regular,1,0,44,2,1000,-3.00000
regular,1,1,44,2,100,0.00000
regular,1,1,44,2,300,2.00000
regular,1,1,44,2,1000,-5.00000
regular,1,2,44,2,100,3.00000
regular,1,2,44,2,300,11.00000
regular,1,2,44,2,1000,4.00000
regular,1,0,44,3,100,4.00000
regular,1,0,44,3,300,3.00000
regular,1,0,44,3,1000,-1.00000
regular,1,1,44,3,100,2.00000
regular,1,1,44,3,300,1.00000
regular,1,1,44,3,1000,-3.00000
regular,1,2,44,3,100,16.00000
regular,1,2,44,3,300,15.00000
regular,1,2,44,3,1000,5.00000
regular,1,0,44,4,100,0.00000
regular,1,0,44,4,300,2.00000
regular,1,0,44,4,1000,-1.00000
regular,1,1,44,4,100,0.00000
regular,1,1,44,4,300,0.00000
regular,1,1,44,4,1000,-3.00000
regular,1,2,44,4,100,4.00000
regular,1,2,44,4,300,17.00000
regular,1,2,44,4,1000,6.00000
regular,1,0,45,0,100,2.00000
regular,1,0,45,0,300,2.00000
regular,1,0,45,0,1000,0.00000
regular,1,1,45,0,100,0.00000
regular,1,1,45,0,300,0.00000
regular,1,1,45,0,1000,-2.00000
regular,1,2,45,0,100,16.00000
regular,1,2,45,0,300,18.00000
regular,1,2,45,0,1000,13.00000
regular,1,0,45,1,100,1.00000
regular,1,0,45,1,300,2.00000
regular,1,0,45,1,1000,0.00000
regular,1,1,45,1,100,0.00000
regular,1,1,45,1,300,0.00000
regular,1,1,45,1,1000,-2.00000
regular,1,2,45,1,100,23.00000
regular,1,2,45,1,300,24.00000
regular,1,2,45,1,1000,13.00000
regular,1,0,45,2,100,0.00000
regular,1,0,45,2,300,1.00000
regular,1,0,45,2,1000,0.00000
regular,1,1,45,2,100,-1.00000
regular,1,1,45,2,300,-1.00000
regular,1,1,45,2,1000,-2.00000
regular,1,2,45,2,100,-4.00000
regular,1,2,45,2,300,-1.00000
regular,1,2,45,2,1000,13.00000
regular,1,0,45,3,100,-1.00000
regular,1,0,45,3,300,-2.00000
regular,1,0,45,3,1000,0.00000
regular,1,1,45,3,100,-1.00000
regular,1,1,45,3,300,-2.00000
regular,1,1,45,3,1000,-2.00000
regular,1,2,45,3,100,-10.00000
regular,1,2,45,3,300,7.00000
regular,1,2,45,3,1000,9.00000
regular,1,0,45,4,100,-2.00000
regular,1,0,45,4,300,-1.00000
regular,1,0,45,4,1000,0.00000
regular,1,1,45,4,100,-2.00000
regular,1,1,45,4,300,-2.00000
regular,1,1,45,4,1000,-2.00000
regular,1,2,45,4,100,-11.00000
regular,1,2,45,4,300,5.00000
regular,1,2,45,4,1000,13.00000
regular,1,0,46,0,100,4.00000
regular,1,0,46,0,300,4.00000
regular,1,0,46,0,1000,6.00000
regular,1,1,46,0,100,0.00000
regular,1,1,46,0,300,0.00000
regular,1,1,46,0,1000,0.00000
regular,1,2,46,0,100,19.00000
regular,1,2,46,0,300,41.00000
regular,1,2,46,0,1000,62.00000
regular,1,0,46,1,100,0.00000
regular,1,0,46,1,300,5.00000
regular,1,0,46,1,1000,6.00000
regular,1,1,46,1,100,0.00000
regular,1,1,46,1,300,0.00000
regular,1,1,46,1,1000,0.00000
regular,1,2,46,1,100,30.00000
regular,1,2,46,1,300,47.00000
regular,1,2,46,1,1000,61.00000
regular,1,0,46,2,100,0.00000
regular,1,0,46,2,300,0.00000
regular,1,0,46,2,1000,6.00000
regular,1,1,46,2,100,0.00000
regular,1,1,46,2,300,0.00000
regular,1,1,46,2,1000,0.00000
regular,1,2,46,2,100,23.00000
regular,1,2,46,2,300,30.00000
regular,1,2,46,2,1000,63.00000
regular,1,0,46,3,100,0.00000
regular,1,0,46,3,300,6.00000
regular,1,0,46,3,1000,6.00000
regular,1,1,46,3,100,0.00000
regular,1,1,46,3,300,0.00000
regular,1,1,46,3,1000,0.00000
regular,1,2,46,3,100,31.00000
regular,1,2,46,3,300,52.00000
regular,1,2,46,3,1000,55.00000
regular,1,0,46,4,100,0.00000
regular,1,0,46,4,300,1.00000
regular,1,0,46,4,1000,2.00000
regular,1,1,46,4,100,0.00000
regular,1,1,46,4,300,0.00000
regular,1,1,46,4,1000,0.00000
regular,1,2,46,4,100,33.00000
regular,1,2,46,4,300,46.00000
regular,1,2,46,4,1000,55.00000
regular,1,0,47,0,100,0.00000
regular,1,0,47,0,300,0.00000
regular,1,0,47,0,1000,1.00000
regular,1,1,47,0,100,0.00000
regular,1,1,47,0,300,0.00000
regular,1,1,47,0,1000,0.00000
regular,1,2,47,0,100,10.00000
regular,1,2,47,0,300,48.00000
regular,1,2,47,0,1000,58.00000
regular,1,0,47,1,100,0.00000
regular,1,0,47,1,300,0.00000
regular,1,0,47,1,1000,1.00000
regular,1,1,47,1,100,0.00000
regular,1,1,47,1,300,0.00000
regular,1,1,47,1,1000,0.00000
regular,1,2,47,1,100,33.00000
regular,1,2,47,1,300,50.00000
regular,1,2,47,1,1000,51.00000
regular,1,0,47,2,100,0.00000
regular,1,0,47,2,300,0.00000
regular,1,0,47,2,1000,1.00000
regular,1,1,47,2,100,0.00000
regular,1,1,47,2,300,0.00000
regular,1,1,47,2,1000,0.00000
regular,1,2,47,2,100,19.00000
regular,1,2,47,2,300,35.00000
regular,1,2,47,2,1000,60.00000
regular,1,0,47,3,100,0.00000
regular,1,0,47,3,300,0.00000
regular,1,0,47,3,1000,0.00000
regular,1,1,47,3,100,0.00000
regular,1,1,47,3,300,0.00000
regular,1,1,47,3,1000,0.00000
regular,1,2,47,3,100,22.00000
regular,1,2,47,3,300,36.00000
regular,1,2,47,3,1000,57.00000
regular,1,0,47,4,100,0.00000
regular,1,0,47,4,300,0.00000
regular,1,0,47,4,1000,1.00000
regular,1,1,47,4,100,0.00000
regular,1,1,47,4,300,0.00000
regular,1,1,47,4,1000,0.00000
regular,1,2,47,4,100,17.00000
regular,1,2,47,4,300,36.00000
regular,1,2,47,4,1000,60.00000
regular,1,0,48,0,100,0.00000
regular,1,0,48,0,300,0.00000
regular,1,0,48,0,1000,0.00000
regular,1,1,48,0,100,0.00000
regular,1,1,48,0,300,0.00000
regular,1,1,48,0,1000,0.00000
regular,1,2,48,0,100,9.00000
regular,1,2,48,0,300,30.00000
regular,1,2,48,0,1000,52.00000
regular,1,0,48,1,100,0.00000
regular,1,0,48,1,300,0.00000
regular,1,0,48,1,1000,0.00000
regular,1,1,48,1,100,0.00000
regular,1,1,48,1,300,0.00000
regular,1,1,48,1,1000,0.00000
regular,1,2,48,1,100,53.00000
regular,1,2,48,1,300,54.00000
regular,1,2,48,1,1000,56.00000
regular,1,0,48,2,100,0.00000
regular,1,0,48,2,300,0.00000
regular,1,0,48,2,1000,0.00000
regular,1,1,48,2,100,0.00000
regular,1,1,48,2,300,0.00000
regular,1,1,48,2,1000,0.00000
regular,1,2,48,2,100,18.00000
regular,1,2,48,2,300,41.00000
regular,1,2,48,2,1000,55.00000
regular,1,0,48,3,100,0.00000
regular,1,0,48,3,300,0.00000
regular,1,0,48,3,1000,0.00000
regular,1,1,48,3,100,0.00000
regular,1,1,48,3,300,0.00000
regular,1,1,48,3,1000,0.00000
regular,1,2,48,3,100,-5.00000
regular,1,2,48,3,300,45.00000
regular,1,2,48,3,1000,52.00000
regular,1,0,48,4,100,0.00000
regular,1,0,48,4,300,0.00000
regular,1,0,48,4,1000,0.00000
regular,1,1,48,4,100,0.00000
regular,1,1,48,4,300,0.00000
regular,1,1,48,4,1000,0.00000
regular,1,2,48,4,100,11.00000
regular,1,2,48,4,300,35.00000
regular,1,2,48,4,1000,57.00000
regular,1,0,49,0,100,-1.00000
regular,1,0,49,0,300,-2.00000
regular,1,0,49,0,1000,1.00000
regular,1,1,49,0,100,-1.00000
regular,1,1,49,0,300,-2.00000
regular,1,1,49,0,1000,-3.00000
regular,1,2,49,0,100,-7.00000
regular,1,2,49,0,300,-17.00000
regular,1,2,49,0,1000,-18.00000
regular,1,0,49,1,100,-1.00000
regular,1,0,49,1,300,-1.00000
regular,1,0,49,1,1000,1.00000
regular,1,1,49,1,100,-1.00000
regular,1,1,49,1,300,-1.00000
regular,1,1,49,1,1000,-3.00000
regular,1,2,49,1,100,-9.00000
regular,1,2,49,1,300,-8.00000
regular,1,2,49,1,1000,-18.00000
regular,1,0,49,2,100,-1.00000
regular,1,0,49,2,300,3.00000
regular,1,0,49,2,1000,3.00000
regular,1,1,49,2,100,-1.00000
regular,1,1,49,2,300,-2.00000
regular,1,1,49,2,1000,-2.00000
regular,1,2,49,2,100,-6.00000
regular,1,2,49,2,300,-11.00000
regular,1,2,49,2,1000,-12.00000
regular,1,0,49,3,100,0.00000
regular,1,0,49,3,300,-1.00000
regular,1,0,49,3,1000,-1.00000
regular,1,1,49,3,100,-2.00000
regular,1,1,49,3,300,-3.00000
regular,1,1,49,3,1000,-3.00000
regular,1,2,49,3,100,-11.00000
regular,1,2,49,3,300,-23.00000
regular,1,2,49,3,1000,-19.00000
regular,1,0,49,4,100,0.00000
regular,1,0,49,4,300,2.00000
regular,1,0,49,4,1000,0.00000
regular,1,1,49,4,100,0.00000
regular,1,1,49,4,300,0.00000
regular,1,1,49,4,1000,-3.00000
regular,1,2,49,4,100,7.00000
regular,1,2,49,4,300,10.00000
regular,1,2,49,4,1000,-17.00000
perturbed,1,0,0,0,100,-5.00000
perturbed,1,0,0,0,300,-7.00000
perturbed,1,0,0,0,1000,-7.00000
perturbed,1,1,0,0,100,7.00000
perturbed,1,1,0,0,300,14.00000
perturbed,1,1,0,0,1000,12.00000
perturbed,1,2,0,0,100,-8.00000
perturbed,1,2,0,0,300,-4.00000
perturbed,1,2,0,0,1000,-6.00000
perturbed,1,0,0,1,100,5.00000
perturbed,1,0,0,1,300,-9.00000
perturbed,1,0,0,1,1000,-7.00000
perturbed,1,1,0,1,100,5.00000
perturbed,1,1,0,1,300,5.00000
perturbed,1,1,0,1,1000,12.00000
perturbed,1,2,0,1,100,6.00000
perturbed,1,2,0,1,300,-7.00000
perturbed,1,2,0,1,1000,-6.00000
perturbed,1,0,0,2,100,11.00000
perturbed,1,0,0,2,300,-6.00000
perturbed,1,0,0,2,1000,-7.00000
perturbed,1,1,0,2,100,21.00000
perturbed,1,1,0,2,300,12.00000
perturbed,1,1,0,2,1000,12.00000
perturbed,1,2,0,2,100,22.00000
perturbed,1,2,0,2,300,-6.00000
perturbed,1,2,0,2,1000,-6.00000
perturbed,1,0,0,3,100,11.00000
perturbed,1,0,0,3,300,12.00000
perturbed,1,0,0,3,1000,9.00000
perturbed,1,1,0,3,100,16.00000
perturbed,1,1,0,3,300,24.00000
perturbed,1,1,0,3,1000,23.00000
perturbed,1,2,0,3,100,15.00000
perturbed,1,2,0,3,300,23.00000
perturbed,1,2,0,3,1000,22.00000
perturbed,1,0,0,4,100,8.00000
perturbed,1,0,0,4,300,-3.00000
perturbed,1,0,0,4,1000,-7.00000
perturbed,1,1,0,4,100,18.00000
perturbed,1,1,0,4,300,18.00000
perturbed,1,1,0,4,1000,12.00000
perturbed,1,2,0,4,100,18.00000
perturbed,1,2,0,4,300,8.00000
perturbed,1,2,0,4,1000,-5.00000
perturbed,1,0,1,0,100,11.00000
perturbed,1,0,1,0,300,9.00000
perturbed,1,0,1,0,1000,8.00000
perturbed,1,1,1,0,100,47.00000
perturbed,1,1,1,0,300,46.00000
perturbed,1,1,1,0,1000,45.00000
perturbed,1,2,1,0,100,47.00000
perturbed,1,2,1,0,300,46.00000
perturbed,1,2,1,0,1000,47.00000
perturbed,1,0,1,1,100,14.00000
perturbed,1,0,1,1,300,10.00000
perturbed,1,0,1,1,1000,9.00000
perturbed,1,1,1,1,100,50.00000
perturbed,1,1,1,1,300,47.00000
perturbed,1,1,1,1,1000,46.00000
perturbed,1,2,1,1,100,50.00000
perturbed,1,2,1,1,300,47.00000
perturbed,1,2,1,1,1000,47.00000
perturbed,1,0,1,2,100,13.00000
perturbed,1,0,1,2,300,9.00000
perturbed,1,0,1,2,1000,8.00000
perturbed,1,1,1,2,100,41.00000
perturbed,1,1,1,2,300,46.00000
perturbed,1,1,1,2,1000,45.00000
perturbed,1,2,1,2,100,42.00000
perturbed,1,2,1,2,300,47.00000
perturbed,1,2,1,2,1000,47.00000
perturbed,1,0,1,3,100,2.00000
perturbed,1,0,1,3,300,11.00000
perturbed,1,0,1,3,1000,8.00000
perturbed,1,1,1,3,100,27.00000
perturbed,1,1,1,3,300,48.00000
perturbed,1,1,1,3,1000,45.00000
perturbed,1,2,1,3,100,29.00000
perturbed,1,2,1,3,300,50.00000
perturbed,1,2,1,3,1000,47.00000
perturbed,1,0,1,4,100,1.00000
perturbed,1,0,1,4,300,-3.00000
perturbed,1,0,1,4,1000,8.00000
perturbed,1,1,1,4,100,2.00000
perturbed,1,1,1,4,300,31.00000
perturbed,1,1,1,4,1000,45.00000
perturbed,1,2,1,4,100,3.00000
perturbed,1,2,1,4,300,32.00000
perturbed,1,2,1,4,1000,47.00000
perturbed,1,0,2,0,100,7.00000
perturbed,1,0,2,0,300,0.00000
perturbed,1,0,2,0,1000,1.00000
perturbed,1,1,2,0,100,7.00000
perturbed,1,1,2,0,300,1.00000
perturbed,1,1,2,0,1000,1.00000
perturbed,1,2,2,0,100,9.00000
perturbed,1,2,2,0,300,15.00000
perturbed,1,2,2,0,1000,14.00000
perturbed,1,0,2,1,100,0.00000
perturbed,1,0,2,1,300,1.00000
perturbed,1,0,2,1,1000,1.00000
perturbed,1,1,2,1,100,-1.00000
perturbed,1,1,2,1,300,1.00000
perturbed,1,1,2,1,1000,1.00000
perturbed,1,2,2,1,100,-1.00000
perturbed,1,2,2,1,300,14.00000
perturbed,1,2,2,1,1000,14.00000
perturbed,1,0,2,2,100,-11.00000
perturbed,1,0,2,2,300,0.00000
perturbed,1,0,2,2,1000,1.00000
perturbed,1,1,2,2,100,-12.00000
perturbed,1,1,2,2,300,0.00000
perturbed,1,1,2,2,1000,1.00000
perturbed,1,2,2,2,100,1.00000
perturbed,1,2,2,2,300,13.00000
perturbed,1,2,2,2,1000,14.00000
perturbed,1,0,2,3,100,7.00000
perturbed,1,0,2,3,300,14.00000
perturbed,1,0,2,3,1000,1.00000
perturbed,1,1,2,3,100,6.00000
perturbed,1,1,2,3,300,14.00000
perturbed,1,1,2,3,1000,1.00000
perturbed,1,2,2,3,100,6.00000
perturbed,1,2,2,3,300,14.00000
perturbed,1,2,2,3,1000,14.00000
perturbed,1,0,2,4,100,11.00000
perturbed,1,0,2,4,300,0.00000
perturbed,1,0,2,4,1000,1.00000
perturbed,1,1,2,4,100,11.00000
perturbed,1,1,2,4,300,0.00000
perturbed,1,1,2,4,1000,1.00000
perturbed,1,2,2,4,100,11.00000
perturbed,1,2,2,4,300,11.00000
perturbed,1,2,2,4,1000,14.00000
perturbed,1,0,3,0,100,3.00000
perturbed,1,0,3,0,300,3.00000
perturbed,1,0,3,0,1000,-3.00000
perturbed,1,1,3,0,100,7.00000
perturbed,1,1,3,0,300,7.00000
perturbed,1,1,3,0,1000,-5.00000
perturbed,1,2,3,0,100,6.00000
perturbed,1,2,3,0,300,6.00000
perturbed,1,2,3,0,1000,12.00000
perturbed,1,0,3,1,100,5.00000
perturbed,1,0,3,1,300,-1.00000
perturbed,1,0,3,1,1000,-4.00000
perturbed,1,1,3,1,100,0.00000
perturbed,1,1,3,1,300,-6.00000
perturbed,1,1,3,1,1000,-7.00000
perturbed,1,2,3,1,100,4.00000
perturbed,1,2,3,1,300,5.00000
perturbed,1,2,3,1,1000,11.00000
perturbed,1,0,3,2,100,-1.00000
perturbed,1,0,3,2,300,-7.00000
perturbed,1,0,3,2,1000,-4.00000
perturbed,1,1,3,2,100,-6.00000
perturbed,1,1,3,2,300,-11.00000
perturbed,1,1,3,2,1000,-7.00000
perturbed,1,2,3,2,100,4.00000
perturbed,1,2,3,2,300,7.00000
perturbed,1,2,3,2,1000,11.00000
perturbed,1,0,3,3,100,-8.00000
perturbed,1,0,3,3,300,0.00000
perturbed,1,0,3,3,1000,-4.00000
perturbed,1,1,3,3,100,-10.00000
perturbed,1,1,3,3,300,-8.00000
perturbed,1,1,3,3,1000,-8.00000
perturbed,1,2,3,3,100,7.00000
perturbed,1,2,3,3,300,10.00000
perturbed,1,2,3,3,1000,10.00000
perturbed,1,0,3,4,100,3.00000
perturbed,1,0,3,4,300,1.00000
perturbed,1,0,3,4,1000,-4.00000
perturbed,1,1,3,4,100,4.00000
perturbed,1,1,3,4,300,-2.00000
perturbed,1,1,3,4,1000,-7.00000
perturbed,1,2,3,4,100,2.00000
perturbed,1,2,3,4,300,5.00000
perturbed,1,2,3,4,1000,11.00000
perturbed,1,0,4,0,100,-5.00000
perturbed,1,0,4,0,300,-6.00000
perturbed,1,0,4,0,1000,-6.00000
perturbed,1,1,4,0,100,-5.00000
perturbed,1,1,4,0,300,5.00000
perturbed,1,1,4,0,1000,5.00000
perturbed,1,2,4,0,100,0.00000
perturbed,1,2,4,0,300,12.00000
perturbed,1,2,4,0,1000,12.00000
perturbed,1,0,4,1,100,0.00000
perturbed,1,0,4,1,300,0.00000
perturbed,1,0,4,1,1000,-7.00000
perturbed,1,1,4,1,100,11.00000
perturbed,1,1,4,1,300,12.00000
perturbed,1,1,4,1,1000,5.00000
perturbed,1,2,4,1,100,11.00000
perturbed,1,2,4,1,300,12.00000
perturbed,1,2,4,1,1000,12.00000
perturbed,1,0,4,2,100,2.00000
perturbed,1,0,4,2,300,2.00000
perturbed,1,0,4,2,1000,-4.00000
perturbed,1,1,4,2,100,4.00000
perturbed,1,1,4,2,300,4.00000
perturbed,1,1,4,2,1000,2.00000
perturbed,1,2,4,2,100,4.00000
perturbed,1,2,4,2,300,4.00000
perturbed,1,2,4,2,1000,8.00000
perturbed,1,0,4,3,100,-4.00000
perturbed,1,0,4,3,300,-4.00000
perturbed,1,0,4,3,1000,-5.00000
perturbed,1,1,4,3,100,-4.00000
perturbed,1,1,4,3,300,-4.00000
perturbed,1,1,4,3,1000,-4.00000
perturbed,1,2,4,3,100,0.00000
perturbed,1,2,4,3,300,1.00000
perturbed,1,2,4,3,1000,3.00000
perturbed,1,0,4,4,100,-5.00000
perturbed,1,0,4,4,300,-5.00000
perturbed,1,0,4,4,1000,-7.00000
perturbed,1,1,4,4,100,-3.00000
perturbed,1,1,4,4,300,-3.00000
perturbed,1,1,4,4,1000,5.00000
perturbed,1,2,4,4,100,4.00000
perturbed,1,2,4,4,300,4.00000
perturbed,1,2,4,4,1000,12.00000
perturbed,1,0,5,0,100,-6.00000
perturbed,1,0,5,0,300,-5.00000
perturbed,1,0,5,0,1000,-11.00000
perturbed,1,1,5,0,100,-7.00000
perturbed,1,1,5,0,300,-6.00000
perturbed,1,1,5,0,1000,5.00000
perturbed,1,2,5,0,100,-1.00000
perturbed,1,2,5,0,300,-1.00000
perturbed,1,2,5,0,1000,9.00000
perturbed,1,0,5,1,100,5.00000
perturbed,1,0,5,1,300,1.00000
perturbed,1,0,5,1,1000,-6.00000
perturbed,1,1,5,1,100,8.00000
perturbed,1,1,5,1,300,23.00000
perturbed,1,1,5,1,1000,18.00000
perturbed,1,2,5,1,100,10.00000
perturbed,1,2,5,1,300,25.00000
perturbed,1,2,5,1,1000,23.00000
perturbed,1,0,5,2,100,5.00000
perturbed,1,0,5,2,300,-2.00000
perturbed,1,0,5,2,1000,-9.00000
perturbed,1,1,5,2,100,5.00000
perturbed,1,1,5,2,300,18.00000
perturbed,1,1,5,2,1000,16.00000
perturbed,1,2,5,2,100,6.00000
perturbed,1,2,5,2,300,21.00000
perturbed,1,2,5,2,1000,20.00000
perturbed,1,0,5,3,100,-9.00000
perturbed,1,0,5,3,300,-6.00000
perturbed,1,0,5,3,1000,-9.00000
perturbed,1,1,5,3,100,-9.00000
perturbed,1,1,5,3,300,15.00000
perturbed,1,1,5,3,1000,14.00000
perturbed,1,2,5,3,100,-6.00000
perturbed,1,2,5,3,300,19.00000
perturbed,1,2,5,3,1000,18.00000
perturbed,1,0,5,4,100,0.00000
perturbed,1,0,5,4,300,-8.00000
perturbed,1,0,5,4,1000,-10.00000
perturbed,1,1,5,4,100,3.00000
perturbed,1,1,5,4,300,7.00000
perturbed,1,1,5,4,1000,14.00000
perturbed,1,2,5,4,100,7.00000
perturbed,1,2,5,4,300,11.00000
perturbed,1,2,5,4,1000,18.00000
perturbed,1,0,6,0,100,0.00000
perturbed,1,0,6,0,300,9.00000
perturbed,1,0,6,0,1000,0.00000
perturbed,1,1,6,0,100,-7.00000
perturbed,1,1,6,0,300,0.00000
perturbed,1,1,6,0,1000,-10.00000
perturbed,1,2,6,0,100,1.00000
perturbed,1,2,6,0,300,5.00000
perturbed,1,2,6,0,1000,18.00000
perturbed,1,0,6,1,100,7.00000
perturbed,1,0,6,1,300,8.00000
perturbed,1,0,6,1,1000,3.00000
perturbed,1,1,6,1,100,-8.00000
perturbed,1,1,6,1,300,-7.00000
perturbed,1,1,6,1,1000,-7.00000
perturbed,1,2,6,1,100,10.00000
perturbed,1,2,6,1,300,21.00000
perturbed,1,2,6,1,1000,19.00000
perturbed,1,0,6,2,100,12.00000
perturbed,1,0,6,2,300,11.00000
perturbed,1,0,6,2,1000,8.00000
perturbed,1,1,6,2,100,-2.00000
perturbed,1,1,6,2,300,2.00000
perturbed,1,1,6,2,1000,0.00000
perturbed,1,2,6,2,100,2.00000
perturbed,1,2,6,2,300,5.00000
perturbed,1,2,6,2,1000,12.00000
perturbed,1,0,6,3,100,-11.00000
perturbed,1,0,6,3,300,-4.00000
perturbed,1,0,6,3,1000,0.00000
perturbed,1,1,6,3,100,-13.00000
perturbed,1,1,6,3,300,-18.00000
perturbed,1,1,6,3,1000,-10.00000
perturbed,1,2,6,3,100,18.00000
perturbed,1,2,6,3,300,12.00000
perturbed,1,2,6,3,1000,18.00000
perturbed,1,0,6,4,100,-6.00000
perturbed,1,0,6,4,300,-1.00000
perturbed,1,0,6,4,1000,1.00000
perturbed,1,1,6,4,100,-6.00000
perturbed,1,1,6,4,300,-9.00000
perturbed,1,1,6,4,1000,-10.00000
perturbed,1,2,6,4,100,-1.00000
perturbed,1,2,6,4,300,17.00000
perturbed,1,2,6,4,1000,19.00000
perturbed,1,0,7,0,100,-2.00000
perturbed,1,0,7,0,300,5.00000
perturbed,1,0,7,0,1000,-4.00000
perturbed,1,1,7,0,100,-2.00000
perturbed,1,1,7,0,300,-4.00000
perturbed,1,1,7,0,1000,-8.00000
perturbed,1,2,7,0,100,0.00000
perturbed,1,2,7,0,300,3.00000
perturbed,1,2,7,0,1000,-6.00000
perturbed,1,0,7,1,100,3.00000
perturbed,1,0,7,1,300,4.00000
perturbed,1,0,7,1,1000,-2.00000
perturbed,1,1,7,1,100,-4.00000
perturbed,1,1,7,1,300,-3.00000
perturbed,1,1,7,1,1000,-7.00000
perturbed,1,2,7,1,100,2.00000
perturbed,1,2,7,1,300,3.00000
perturbed,1,2,7,1,1000,-4.00000
perturbed,1,0,7,2,100,-12.00000
perturbed,1,0,7,2,300,-2.00000
perturbed,1,0,7,2,1000,-4.00000
perturbed,1,1,7,2,100,-7.00000
perturbed,1,1,7,2,300,-5.00000
perturbed,1,1,7,2,1000,-7.00000
perturbed,1,2,7,2,100,-13.00000
perturbed,1,2,7,2,300,-8.00000
perturbed,1,2,7,2,1000,-6.00000
perturbed,1,0,7,3,100,-5.00000
perturbed,1,0,7,3,300,1.00000
perturbed,1,0,7,3,1000,-5.00000
perturbed,1,1,7,3,100,-4.00000
perturbed,1,1,7,3,300,-4.00000
perturbed,1,1,7,3,1000,-7.00000
perturbed,1,2,7,3,100,-5.00000
perturbed,1,2,7,3,300,-6.00000
perturbed,1,2,7,3,1000,-6.00000
perturbed,1,0,7,4,100,-6.00000
perturbed,1,0,7,4,300,2.00000
perturbed,1,0,7,4,1000,-4.00000
perturbed,1,1,7,4,100,-6.00000
perturbed,1,1,7,4,300,-5.00000
perturbed,1,1,7,4,1000,-7.00000
perturbed,1,2,7,4,100,3.00000
perturbed,1,2,7,4,300,2.00000
perturbed,1,2,7,4,1000,-6.00000
perturbed,1,0,8,0,100,1.00000
perturbed,1,0,8,0,300,1.00000
perturbed,1,0,8,0,1000,1.00000
perturbed,1,1,8,0,100,1.00000
perturbed,1,1,8,0,300,1.00000
perturbed,1,1,8,0,1000,1.00000
perturbed,1,2,8,0,100,3.00000
perturbed,1,2,8,0,300,4.00000
perturbed,1,2,8,0,1000,5.00000
perturbed,1,0,8,1,100,-2.00000
perturbed,1,0,8,1,300,1.00000
perturbed,1,0,8,1,1000,1.00000
perturbed,1,1,8,1,100,-2.00000
perturbed,1,1,8,1,300,1.00000
perturbed,1,1,8,1,1000,1.00000
perturbed,1,2,8,1,100,1.00000
perturbed,1,2,8,1,300,5.00000
perturbed,1,2,8,1,1000,5.00000
perturbed,1,0,8,2,100,1.00000
perturbed,1,0,8,2,300,1.00000
perturbed,1,0,8,2,1000,4.00000
perturbed,1,1,8,2,100,1.00000
perturbed,1,1,8,2,300,1.00000
perturbed,1,1,8,2,1000,4.00000
perturbed,1,2,8,2,100,5.00000
perturbed,1,2,8,2,300,5.00000
perturbed,1,2,8,2,1000,8.00000
perturbed,1,0,8,3,100,7.00000
perturbed,1,0,8,3,300,4.00000
perturbed,1,0,8,3,1000,4.00000
perturbed,1,1,8,3,100,7.00000
perturbed,1,1,8,3,300,4.00000
perturbed,1,1,8,3,1000,4.00000
perturbed,1,2,8,3,100,7.00000
perturbed,1,2,8,3,300,8.00000
perturbed,1,2,8,3,1000,8.00000
perturbed,1,0,8,4,100,1.00000
perturbed,1,0,8,4,300,1.00000
perturbed,1,0,8,4,1000,4.00000
perturbed,1,1,8,4,100,1.00000
perturbed,1,1,8,4,300,1.00000
perturbed,1,1,8,4,1000,4.00000
perturbed,1,2,8,4,100,4.00000
perturbed,1,2,8,4,300,4.00000
perturbed,1,2,8,4,1000,8.00000
perturbed,1,0,9,0,100,0.00000
perturbed,1,0,9,0,300,-2.00000
perturbed,1,0,9,0,1000,5.00000
perturbed,1,1,9,0,100,-1.00000
perturbed,1,1,9,0,300,-3.00000
perturbed,1,1,9,0,1000,4.00000
perturbed,1,2,9,0,100,4.00000
perturbed,1,2,9,0,300,4.00000
perturbed,1,2,9,0,1000,7.00000
perturbed,1,0,9,1,100,3.00000
perturbed,1,0,9,1,300,3.00000
perturbed,1,0,9,1,1000,2.00000
perturbed,1,1,9,1,100,3.00000
perturbed,1,1,9,1,300,3.00000
perturbed,1,1,9,1,1000,2.00000
perturbed,1,2,9,1,100,7.00000
perturbed,1,2,9,1,300,7.00000
perturbed,1,2,9,1,1000,8.00000
perturbed,1,0,9,2,100,5.00000
perturbed,1,0,9,2,300,1.00000
perturbed,1,0,9,2,1000,13.00000
perturbed,1,1,9,2,100,5.00000
perturbed,1,1,9,2,300,1.00000
perturbed,1,1,9,2,1000,4.00000
perturbed,1,2,9,2,100,5.00000
perturbed,1,2,9,2,300,6.00000
perturbed,1,2,9,2,1000,7.00000
perturbed,1,0,9,3,100,3.00000
perturbed,1,0,9,3,300,8.00000
perturbed,1,0,9,3,1000,13.00000
perturbed,1,1,9,3,100,2.00000
perturbed,1,1,9,3,300,-1.00000
perturbed,1,1,9,3,1000,4.00000
perturbed,1,2,9,3,100,4.00000
perturbed,1,2,9,3,300,1.00000
perturbed,1,2,9,3,1000,7.00000
perturbed,1,0,9,4,100,0.00000
perturbed,1,0,9,4,300,9.00000
perturbed,1,0,9,4,1000,12.00000
perturbed,1,1,9,4,100,-4.00000
perturbed,1,1,9,4,300,1.00000
perturbed,1,1,9,4,1000,4.00000
perturbed,1,2,9,4,100,-1.00000
perturbed,1,2,9,4,300,4.00000
perturbed,1,2,9,4,1000,7.00000
perturbed,1,0,10,0,100,3.00000
perturbed,1,0,10,0,300,6.00000
perturbed,1,0,10,0,1000,9.00000
perturbed,1,1,10,0,100,-2.00000
perturbed,1,1,10,0,300,-2.00000
perturbed,1,1,10,0,1000,0.00000
perturbed,1,2,10,0,100,-11.00000
perturbed,1,2,10,0,300,-11.00000
perturbed,1,2,10,0,1000,-6.00000
perturbed,1,0,10,1,100,5.00000
perturbed,1,0,10,1,300,8.00000
perturbed,1,0,10,1,1000,9.00000
perturbed,1,1,10,1,100,1.00000
perturbed,1,1,10,1,300,1.00000
perturbed,1,1,10,1,1000,0.00000
perturbed,1,2,10,1,100,-6.00000
perturbed,1,2,10,1,300,-5.00000
perturbed,1,2,10,1,1000,-6.00000
perturbed,1,0,10,2,100,2.00000
perturbed,1,0,10,2,300,2.00000
perturbed,1,0,10,2,1000,7.00000
perturbed,1,1,10,2,100,3.00000
perturbed,1,1,10,2,300,3.00000
perturbed,1,1,10,2,1000,-2.00000
perturbed,1,2,10,2,100,3.00000
perturbed,1,2,10,2,300,3.00000
perturbed,1,2,10,2,1000,-7.00000
perturbed,1,0,10,3,100,-1.00000
perturbed,1,0,10,3,300,6.00000
perturbed,1,0,10,3,1000,9.00000
perturbed,1,1,10,3,100,0.00000
perturbed,1,1,10,3,300,-1.00000
perturbed,1,1,10,3,1000,0.00000
perturbed,1,2,10,3,100,3.00000
perturbed,1,2,10,3,300,-8.00000
perturbed,1,2,10,3,1000,-6.00000
perturbed,1,0,10,4,100,-1.00000
perturbed,1,0,10,4,300,-1.00000
perturbed,1,0,10,4,1000,9.00000
perturbed,1,1,10,4,100,-1.00000
perturbed,1,1,10,4,300,-1.00000
perturbed,1,1,10,4,1000,3.00000
perturbed,1,2,10,4,100,0.00000
perturbed,1,2,10,4,300,0.00000
perturbed,1,2,10,4,1000,1.00000
perturbed,1,0,11,0,100,-6.00000
perturbed,1,0,11,0,300,-9.00000
perturbed,1,0,11,0,1000,-8.00000
perturbed,1,1,11,0,100,-1.00000
perturbed,1,1,11,0,300,-7.00000
perturbed,1,1,11,0,1000,-10.00000
perturbed,1,2,11,0,100,-8.00000
perturbed,1,2,11,0,300,-16.00000
perturbed,1,2,11,0,1000,-12.00000
perturbed,1,0,11,1,100,-5.00000
perturbed,1,0,11,1,300,-8.00000
perturbed,1,0,11,1,1000,-10.00000
perturbed,1,1,11,1,100,-5.00000
perturbed,1,1,11,1,300,-4.00000
perturbed,1,1,11,1,1000,-11.00000
perturbed,1,2,11,1,100,-5.00000
perturbed,1,2,11,1,300,-6.00000
perturbed,1,2,11,1,1000,-13.00000
perturbed,1,0,11,2,100,-2.00000
perturbed,1,0,11,2,300,-6.00000
perturbed,1,0,11,2,1000,-10.00000
perturbed,1,1,11,2,100,6.00000
perturbed,1,1,11,2,300,2.00000
perturbed,1,1,11,2,1000,-11.00000
perturbed,1,2,11,2,100,7.00000
perturbed,1,2,11,2,300,8.00000
perturbed,1,2,11,2,1000,-13.00000
perturbed,1,0,11,3,100,-13.00000
perturbed,1,0,11,3,300,-17.00000
perturbed,1,0,11,3,1000,-10.00000
perturbed,1,1,11,3,100,-7.00000
perturbed,1,1,11,3,300,-11.00000
perturbed,1,1,11,3,1000,-11.00000
perturbed,1,2,11,3,100,-16.00000
perturbed,1,2,11,3,300,-16.00000
perturbed,1,2,11,3,1000,-13.00000
perturbed,1,0,11,4,100,-12.00000
perturbed,1,0,11,4,300,-8.00000
perturbed,1,0,11,4,1000,-9.00000
perturbed,1,1,11,4,100,-1.00000
perturbed,1,1,11,4,300,-7.00000
perturbed,1,1,11,4,1000,-10.00000
perturbed,1,2,11,4,100,-8.00000
perturbed,1,2,11,4,300,-10.00000
perturbed,1,2,11,4,1000,-13.00000
perturbed,1,0,12,0,100,-20.00000
perturbed,1,0,12,0,300,-32.00000
perturbed,1,0,12,0,1000,-45.00000
perturbed,1,1,12,0,100,-12.00000
perturbed,1,1,12,0,300,-20.00000
perturbed,1,1,12,0,1000,-37.00000
perturbed,1,2,12,0,100,-17.00000
perturbed,1,2,12,0,300,-26.00000
perturbed,1,2,12,0,1000,-47.00000
perturbed,1,0,12,1,100,-15.00000
perturbed,1,0,12,1,300,-16.00000
perturbed,1,0,12,1,1000,-49.00000
perturbed,1,1,12,1,100,-15.00000
perturbed,1,1,12,1,300,-17.00000
perturbed,1,1,12,1,1000,-41.00000
perturbed,1,2,12,1,100,-6.00000
perturbed,1,2,12,1,300,-4.00000
perturbed,1,2,12,1,1000,-45.00000
perturbed,1,0,12,2,100,-14.00000
perturbed,1,0,12,2,300,-16.00000
perturbed,1,0,12,2,1000,-50.00000
perturbed,1,1,12,2,100,-14.00000
perturbed,1,1,12,2,300,-16.00000
perturbed,1,1,12,2,1000,-42.00000
perturbed,1,2,12,2,100,-5.00000
perturbed,1,2,12,2,300,-3.00000
perturbed,1,2,12,2,1000,-46.00000
perturbed,1,0,12,3,100,-13.00000
perturbed,1,0,12,3,300,-41.00000
perturbed,1,0,12,3,1000,-50.00000
perturbed,1,1,12,3,100,-14.00000
perturbed,1,1,12,3,300,-37.00000
perturbed,1,1,12,3,1000,-42.00000
perturbed,1,2,12,3,100,-1.00000
perturbed,1,2,12,3,300,-33.00000
perturbed,1,2,12,3,1000,-46.00000
perturbed,1,0,12,4,100,-14.00000
perturbed,1,0,12,4,300,-21.00000
perturbed,1,0,12,4,1000,-46.00000
perturbed,1,1,12,4,100,-14.00000
perturbed,1,1,12,4,300,-19.00000
perturbed,1,1,12,4,1000,-39.00000
perturbed,1,2,12,4,100,-11.00000
perturbed,1,2,12,4,300,-10.00000
perturbed,1,2,12,4,1000,-42.00000
perturbed,1,0,13,0,100,-2.00000
perturbed,1,0,13,0,300,-2.00000
perturbed,1,0,13,0,1000,1.00000
perturbed,1,1,13,0,100,-2.00000
perturbed,1,1,13,0,300,-2.00000
perturbed,1,1,13,0,1000,2.00000
perturbed,1,2,13,0,100,0.00000
perturbed,1,2,13,0,300,0.00000
perturbed,1,2,13,0,1000,4.00000
perturbed,1,0,13,1,100,1.00000
perturbed,1,0,13,1,300,0.00000
perturbed,1,0,13,1,1000,1.00000
perturbed,1,1,13,1,100,1.00000
perturbed,1,1,13,1,300,0.00000
perturbed,1,1,13,1,1000,2.00000
perturbed,1,2,13,1,100,1.00000
perturbed,1,2,13,1,300,2.00000
perturbed,1,2,13,1,1000,4.00000
perturbed,1,0,13,2,100,0.00000
perturbed,1,0,13,2,300,-2.00000
perturbed,1,0,13,2,1000,1.00000
perturbed,1,1,13,2,100,0.00000
perturbed,1,1,13,2,300,-2.00000
perturbed,1,1,13,2,1000,2.00000
perturbed,1,2,13,2,100,0.00000
perturbed,1,2,13,2,300,0.00000
perturbed,1,2,13,2,1000,4.00000
perturbed,1,0,13,3,100,0.00000
perturbed,1,0,13,3,300,0.00000
perturbed,1,0,13,3,1000,1.00000
perturbed,1,1,13,3,100,0.00000
perturbed,1,1,13,3,300,0.00000
perturbed,1,1,13,3,1000,1.00000
perturbed,1,2,13,3,100,0.00000
perturbed,1,2,13,3,300,0.00000
perturbed,1,2,13,3,1000,3.00000
perturbed,1,0,13,4,100,-1.00000
perturbed,1,0,13,4,300,-2.00000
perturbed,1,0,13,4,1000,0.00000
perturbed,1,1,13,4,100,-1.00000
perturbed,1,1,13,4,300,-2.00000
perturbed,1,1,13,4,1000,0.00000
perturbed,1,2,13,4,100,0.00000
perturbed,1,2,13,4,300,0.00000
perturbed,1,2,13,4,1000,2.00000
perturbed,1,0,14,0,100,9.00000
perturbed,1,0,14,0,300,-1.00000
perturbed,1,0,14,0,1000,-11.00000
perturbed,1,1,14,0,100,11.00000
perturbed,1,1,14,0,300,15.00000
perturbed,1,1,14,0,1000,4.00000
perturbed,1,2,14,0,100,11.00000
perturbed,1,2,14,0,300,15.00000
perturbed,1,2,14,0,1000,-4.00000
perturbed,1,0,14,1,100,-17.00000
perturbed,1,0,14,1,300,-13.00000
perturbed,1,0,14,1,1000,-13.00000
perturbed,1,1,14,1,100,-8.00000
perturbed,1,1,14,1,300,-9.00000
perturbed,1,1,14,1,1000,3.00000
perturbed,1,2,14,1,100,-9.00000
perturbed,1,2,14,1,300,-16.00000
perturbed,1,2,14,1,1000,-6.00000
perturbed,1,0,14,2,100,-5.00000
perturbed,1,0,14,2,300,-14.00000
perturbed,1,0,14,2,1000,-12.00000
perturbed,1,1,14,2,100,0.00000
perturbed,1,1,14,2,300,1.00000
perturbed,1,1,14,2,1000,3.00000
perturbed,1,2,14,2,100,-1.00000
perturbed,1,2,14,2,300,-2.00000
perturbed,1,2,14,2,1000,-5.00000
perturbed,1,0,14,3,100,0.00000
perturbed,1,0,14,3,300,-18.00000
perturbed,1,0,14,3,1000,-14.00000
perturbed,1,1,14,3,100,0.00000
perturbed,1,1,14,3,300,1.00000
perturbed,1,1,14,3,1000,2.00000
perturbed,1,2,14,3,100,0.00000
perturbed,1,2,14,3,300,-3.00000
perturbed,1,2,14,3,1000,-7.00000
perturbed,1,0,14,4,100,0.00000
perturbed,1,0,14,4,300,-12.00000
perturbed,1,0,14,4,1000,-13.00000
perturbed,1,1,14,4,100,-5.00000
perturbed,1,1,14,4,300,0.00000
perturbed,1,1,14,4,1000,3.00000
perturbed,1,2,14,4,100,-6.00000
perturbed,1,2,14,4,300,-5.00000
perturbed,1,2,14,4,1000,-6.00000
perturbed,1,0,15,0,100,1.00000
perturbed,1,0,15,0,300,-5.00000
perturbed,1,0,15,0,1000,-5.00000
perturbed,1,1,15,0,100,1.00000
perturbed,1,1,15,0,300,-2.00000
perturbed,1,1,15,0,1000,0.00000
perturbed,1,2,15,0,100,3.00000
perturbed,1,2,15,0,300,0.00000
perturbed,1,2,15,0,1000,2.00000
perturbed,1,0,15,1,100,-1.00000
perturbed,1,0,15,1,300,0.00000
perturbed,1,0,15,1,1000,-4.00000
perturbed,1,1,15,1,100,-1.00000
perturbed,1,1,15,1,300,0.00000
perturbed,1,1,15,1,1000,0.00000
perturbed,1,2,15,1,100,0.00000
perturbed,1,2,15,1,300,2.00000
perturbed,1,2,15,1,1000,2.00000
perturbed,1,0,15,2,100,0.00000
perturbed,1,0,15,2,300,0.00000
perturbed,1,0,15,2,1000,2.00000
perturbed,1,1,15,2,100,0.00000
perturbed,1,1,15,2,300,0.00000
perturbed,1,1,15,2,1000,2.00000
perturbed,1,2,15,2,100,2.00000
perturbed,1,2,15,2,300,2.00000
perturbed,1,2,15,2,1000,4.00000
perturbed,1,0,15,3,100,-5.00000
perturbed,1,0,15,3,300,-5.00000
perturbed,1,0,15,3,1000,-5.00000
perturbed,1,1,15,3,100,0.00000
perturbed,1,1,15,3,300,0.00000
perturbed,1,1,15,3,1000,0.00000
perturbed,1,2,15,3,100,0.00000
perturbed,1,2,15,3,300,2.00000
perturbed,1,2,15,3,1000,2.00000
perturbed,1,0,15,4,100,-5.00000
perturbed,1,0,15,4,300,-6.00000
perturbed,1,0,15,4,1000,-6.00000
perturbed,1,1,15,4,100,-1.00000
perturbed,1,1,15,4,300,-1.00000
perturbed,1,1,15,4,1000,-1.00000
perturbed,1,2,15,4,100,1.00000
perturbed,1,2,15,4,300,1.00000
perturbed,1,2,15,4,1000,1.00000
perturbed,1,0,16,0,100,5.00000
perturbed,1,0,16,0,300,5.00000
perturbed,1,0,16,0,1000,2.00000
perturbed,1,1,16,0,100,10.00000
perturbed,1,1,16,0,300,10.00000
perturbed,1,1,16,0,1000,2.00000
perturbed,1,2,16,0,100,10.00000
perturbed,1,2,16,0,300,10.00000
perturbed,1,2,16,0,1000,23.00000
perturbed,1,0,16,1,100,2.00000
perturbed,1,0,16,1,300,3.00000
perturbed,1,0,16,1,1000,-1.00000
perturbed,1,1,16,1,100,2.00000
perturbed,1,1,16,1,300,-1.00000
perturbed,1,1,16,1,1000,0.00000
perturbed,1,2,16,1,100,10.00000
perturbed,1,2,16,1,300,19.00000
perturbed,1,2,16,1,1000,21.00000
perturbed,1,0,16,2,100,9.00000
perturbed,1,0,16,2,300,7.00000
perturbed,1,0,16,2,1000,0.00000
perturbed,1,1,16,2,100,15.00000
perturbed,1,1,16,2,300,11.00000
perturbed,1,1,16,2,1000,3.00000
perturbed,1,2,16,2,100,15.00000
perturbed,1,2,16,2,300,24.00000
perturbed,1,2,16,2,1000,23.00000
perturbed,1,0,16,3,100,-10.00000
perturbed,1,0,16,3,300,-2.00000
perturbed,1,0,16,3,1000,-3.00000
perturbed,1,1,16,3,100,-9.00000
perturbed,1,1,16,3,300,2.00000
perturbed,1,1,16,3,1000,4.00000
perturbed,1,2,16,3,100,6.00000
perturbed,1,2,16,3,300,19.00000
perturbed,1,2,16,3,1000,22.00000
perturbed,1,0,16,4,100,0.00000
perturbed,1,0,16,4,300,-12.00000
perturbed,1,0,16,4,1000,1.00000
perturbed,1,1,16,4,100,0.00000
perturbed,1,1,16,4,300,-8.00000
perturbed,1,1,16,4,1000,1.00000
perturbed,1,2,16,4,100,3.00000
perturbed,1,2,16,4,300,10.00000
perturbed,1,2,16,4,1000,22.00000
perturbed,1,0,17,0,100,28.00000
perturbed,1,0,17,0,300,34.00000
perturbed,1,0,17,0,1000,33.00000
perturbed,1,1,17,0,100,33.00000
perturbed,1,1,17,0,300,34.00000
perturbed,1,1,17,0,1000,35.00000
perturbed,1,2,17,0,100,34.00000
perturbed,1,2,17,0,300,40.00000
perturbed,1,2,17,0,1000,42.00000
perturbed,1,0,17,1,100,17.00000
perturbed,1,0,17,1,300,33.00000
perturbed,1,0,17,1,1000,34.00000
perturbed,1,1,17,1,100,20.00000
perturbed,1,1,17,1,300,36.00000
perturbed,1,1,17,1,1000,36.00000
perturbed,1,2,17,1,100,16.00000
perturbed,1,2,17,1,300,32.00000
perturbed,1,2,17,1,1000,43.00000
perturbed,1,0,17,2,100,1.00000
perturbed,1,0,17,2,300,17.00000
perturbed,1,0,17,2,1000,33.00000
perturbed,1,1,17,2,100,-1.00000
perturbed,1,1,17,2,300,19.00000
perturbed,1,1,17,2,1000,35.00000
perturbed,1,2,17,2,100,10.00000
perturbed,1,2,17,2,300,26.00000
perturbed,1,2,17,2,1000,42.00000
perturbed,1,0,17,3,100,-2.00000
perturbed,1,0,17,3,300,12.00000
perturbed,1,0,17,3,1000,31.00000
perturbed,1,1,17,3,100,-2.00000
perturbed,1,1,17,3,300,14.00000
perturbed,1,1,17,3,1000,35.00000
perturbed,1,2,17,3,100,7.00000
perturbed,1,2,17,3,300,20.00000
perturbed,1,2,17,3,1000,41.00000
perturbed,1,0,17,4,100,-1.00000
perturbed,1,0,17,4,300,23.00000
perturbed,1,0,17,4,1000,33.00000
perturbed,1,1,17,4,100,-3.00000
perturbed,1,1,17,4,300,25.00000
perturbed,1,1,17,4,1000,36.00000
perturbed,1,2,17,4,100,8.00000
perturbed,1,2,17,4,300,33.00000
perturbed,1,2,17,4,1000,44.00000
perturbed,1,0,18,0,100,1.00000
perturbed,1,0,18,0,300,1.00000
perturbed,1,0,18,0,1000,-9.00000
perturbed,1,1,18,0,100,8.00000
perturbed,1,1,18,0,300,11.00000
perturbed,1,1,18,0,1000,6.00000
perturbed,1,2,18,0,100,10.00000
perturbed,1,2,18,0,300,13.00000
perturbed,1,2,18,0,1000,3.00000
perturbed,1,0,18,1,100,-4.00000
perturbed,1,0,18,1,300,-9.00000
perturbed,1,0,18,1,1000,-9.00000
perturbed,1,1,18,1,100,0.00000
perturbed,1,1,18,1,300,3.00000
perturbed,1,1,18,1,1000,6.00000
perturbed,1,2,18,1,100,-3.00000
perturbed,1,2,18,1,300,0.00000
perturbed,1,2,18,1,1000,3.00000
perturbed,1,0,18,2,100,-10.00000
perturbed,1,0,18,2,300,-7.00000
perturbed,1,0,18,2,1000,-10.00000
perturbed,1,1,18,2,100,1.00000
perturbed,1,1,18,2,300,6.00000
perturbed,1,1,18,2,1000,5.00000
perturbed,1,2,18,2,100,1.00000
perturbed,1,2,18,2,300,7.00000
perturbed,1,2,18,2,1000,3.00000
perturbed,1,0,18,3,100,-2.00000
perturbed,1,0,18,3,300,-4.00000
perturbed,1,0,18,3,1000,-9.00000
perturbed,1,1,18,3,100,0.00000
perturbed,1,1,18,3,300,0.00000
perturbed,1,1,18,3,1000,6.00000
perturbed,1,2,18,3,100,1.00000
perturbed,1,2,18,3,300,-3.00000
perturbed,1,2,18,3,1000,3.00000
perturbed,1,0,18,4,100,6.00000
perturbed,1,0,18,4,300,-10.00000
perturbed,1,0,18,4,1000,-9.00000
perturbed,1,1,18,4,100,12.00000
perturbed,1,1,18,4,300,5.00000
perturbed,1,1,18,4,1000,6.00000
perturbed,1,2,18,4,100,14.00000
perturbed,1,2,18,4,300,3.00000
perturbed,1,2,18,4,1000,3.00000
perturbed,1,0,19,0,100,13.00000
perturbed,1,0,19,0,300,24.00000
perturbed,1,0,19,0,1000,27.00000
perturbed,1,1,19,0,100,15.00000
perturbed,1,1,19,0,300,12.00000
perturbed,1,1,19,0,1000,16.00000
perturbed,1,2,19,0,100,15.00000
perturbed,1,2,19,0,300,15.00000
perturbed,1,2,19,0,1000,19.00000
perturbed,1,0,19,1,100,-3.00000
perturbed,1,0,19,1,300,13.00000
perturbed,1,0,19,1,1000,18.00000
perturbed,1,1,19,1,100,-4.00000
perturbed,1,1,19,1,300,14.00000
perturbed,1,1,19,1,1000,15.00000
perturbed,1,2,19,1,100,1.00000
perturbed,1,2,19,1,300,18.00000
perturbed,1,2,19,1,1000,19.00000
perturbed,1,0,19,2,100,-5.00000
perturbed,1,0,19,2,300,2.00000
perturbed,1,0,19,2,1000,21.00000
perturbed,1,1,19,2,100,-2.00000
perturbed,1,1,19,2,300,-2.00000
perturbed,1,1,19,2,1000,15.00000
perturbed,1,2,19,2,100,2.00000
perturbed,1,2,19,2,300,1.00000
perturbed,1,2,19,2,1000,19.00000
perturbed,1,0,19,3,100,9.00000
perturbed,1,0,19,3,300,24.00000
perturbed,1,0,19,3,1000,23.00000
perturbed,1,1,19,3,100,15.00000
perturbed,1,1,19,3,300,15.00000
perturbed,1,1,19,3,1000,14.00000
perturbed,1,2,19,3,100,15.00000
perturbed,1,2,19,3,300,15.00000
perturbed,1,2,19,3,1000,18.00000
perturbed,1,0,19,4,100,7.00000
perturbed,1,0,19,4,300,14.00000
perturbed,1,0,19,4,1000,24.00000
perturbed,1,1,19,4,100,7.00000
perturbed,1,1,19,4,300,15.00000
perturbed,1,1,19,4,1000,15.00000
perturbed,1,2,19,4,100,7.00000
perturbed,1,2,19,4,300,15.00000
perturbed,1,2,19,4,1000,19.00000
perturbed,1,0,20,0,100,-1.00000
perturbed,1,0,20,0,300,0.00000
perturbed,1,0,20,0,1000,1.00000
perturbed,1,1,20,0,100,-8.00000
perturbed,1,1,20,0,300,-13.00000
perturbed,1,1,20,0,1000,-13.00000
perturbed,1,2,20,0,100,-32.00000
perturbed,1,2,20,0,300,-39.00000
perturbed,1,2,20,0,1000,-39.00000
perturbed,1,0,20,1,100,-1.00000
perturbed,1,0,20,1,300,-1.00000
perturbed,1,0,20,1,1000,-1.00000
perturbed,1,1,20,1,100,1.00000
perturbed,1,1,20,1,300,-13.00000
perturbed,1,1,20,1,1000,-13.00000
perturbed,1,2,20,1,100,2.00000
perturbed,1,2,20,1,300,-38.00000
perturbed,1,2,20,1,1000,-39.00000
perturbed,1,0,20,2,100,-5.00000
perturbed,1,0,20,2,300,-5.00000
perturbed,1,0,20,2,1000,-1.00000
perturbed,1,1,20,2,100,0.00000
perturbed,1,1,20,2,300,-1.00000
perturbed,1,1,20,2,1000,-13.00000
perturbed,1,2,20,2,100,-5.00000
perturbed,1,2,20,2,300,-17.00000
perturbed,1,2,20,2,1000,-39.00000
perturbed,1,0,20,3,100,-8.00000
perturbed,1,0,20,3,300,-2.00000
perturbed,1,0,20,3,1000,-1.00000
perturbed,1,1,20,3,100,-1.00000
perturbed,1,1,20,3,300,-13.00000
perturbed,1,1,20,3,1000,-13.00000
perturbed,1,2,20,3,100,-5.00000
perturbed,1,2,20,3,300,-39.00000
perturbed,1,2,20,3,1000,-39.00000
perturbed,1,0,20,4,100,8.00000
perturbed,1,0,20,4,300,-3.00000
perturbed,1,0,20,4,1000,-1.00000
perturbed,1,1,20,4,100,3.00000
perturbed,1,1,20,4,300,-13.00000
perturbed,1,1,20,4,1000,-13.00000
perturbed,1,2,20,4,100,1.00000
perturbed,1,2,20,4,300,-37.00000
perturbed,1,2,20,4,1000,-39.00000
perturbed,1,0,21,0,100,7.00000
perturbed,1,0,21,0,300,6.00000
perturbed,1,0,21,0,1000,10.00000
perturbed,1,1,21,0,100,5.00000
perturbed,1,1,21,0,300,6.00000
perturbed,1,1,21,0,1000,5.00000
perturbed,1,2,21,0,100,5.00000
perturbed,1,2,21,0,300,10.00000
perturbed,1,2,21,0,1000,3.00000
perturbed,1,0,21,1,100,-2.00000
perturbed,1,0,21,1,300,6.00000
perturbed,1,0,21,1,1000,10.00000
perturbed,1,1,21,1,100,-2.00000
perturbed,1,1,21,1,300,6.00000
perturbed,1,1,21,1,1000,5.00000
perturbed,1,2,21,1,100,-1.00000
perturbed,1,2,21,1,300,10.00000
perturbed,1,2,21,1,1000,4.00000
perturbed,1,0,21,2,100,0.00000
perturbed,1,0,21,2,300,3.00000
perturbed,1,0,21,2,1000,16.00000
perturbed,1,1,21,2,100,4.00000
perturbed,1,1,21,2,300,5.00000
perturbed,1,1,21,2,1000,5.00000
perturbed,1,2,21,2,100,4.00000
perturbed,1,2,21,2,300,7.00000
perturbed,1,2,21,2,1000,2.00000
perturbed,1,0,21,3,100,16.00000
perturbed,1,0,21,3,300,18.00000
perturbed,1,0,21,3,1000,16.00000
perturbed,1,1,21,3,100,4.00000
perturbed,1,1,21,3,300,4.00000
perturbed,1,1,21,3,1000,5.00000
perturbed,1,2,21,3,100,-2.00000
perturbed,1,2,21,3,300,0.00000
perturbed,1,2,21,3,1000,3.00000
perturbed,1,0,21,4,100,7.00000
perturbed,1,0,21,4,300,14.00000
perturbed,1,0,21,4,1000,16.00000
perturbed,1,1,21,4,100,6.00000
perturbed,1,1,21,4,300,5.00000
perturbed,1,1,21,4,1000,5.00000
perturbed,1,2,21,4,100,8.00000
perturbed,1,2,21,4,300,0.00000
perturbed,1,2,21,4,1000,2.00000
perturbed,1,0,22,0,100,-14.00000
perturbed,1,0,22,0,300,-20.00000
perturbed,1,0,22,0,1000,-12.00000
perturbed,1,1,22,0,100,4.00000
perturbed,1,1,22,0,300,1.00000
perturbed,1,1,22,0,1000,28.00000
perturbed,1,2,22,0,100,3.00000
perturbed,1,2,22,0,300,-2.00000
perturbed,1,2,22,0,1000,25.00000
perturbed,1,0,22,1,100,-6.00000
perturbed,1,0,22,1,300,-7.00000
perturbed,1,0,22,1,1000,-12.00000
perturbed,1,1,22,1,100,-1.00000
perturbed,1,1,22,1,300,-2.00000
perturbed,1,1,22,1,1000,27.00000
perturbed,1,2,22,1,100,-4.00000
perturbed,1,2,22,1,300,-5.00000
perturbed,1,2,22,1,1000,24.00000
perturbed,1,0,22,2,100,-4.00000
perturbed,1,0,22,2,300,7.00000
perturbed,1,0,22,2,1000,-8.00000
perturbed,1,1,22,2,100,-3.00000
perturbed,1,1,22,2,300,24.00000
perturbed,1,1,22,2,1000,28.00000
perturbed,1,2,22,2,100,-2.00000
perturbed,1,2,22,2,300,25.00000
perturbed,1,2,22,2,1000,29.00000
perturbed,1,0,22,3,100,-6.00000
perturbed,1,0,22,3,300,-17.00000
perturbed,1,0,22,3,1000,-18.00000
perturbed,1,1,22,3,100,-4.00000
perturbed,1,1,22,3,300,13.00000
perturbed,1,1,22,3,1000,19.00000
perturbed,1,2,22,3,100,-6.00000
perturbed,1,2,22,3,300,10.00000
perturbed,1,2,22,3,1000,16.00000
perturbed,1,0,22,4,100,-13.00000
perturbed,1,0,22,4,300,-12.00000
perturbed,1,0,22,4,1000,-12.00000
perturbed,1,1,22,4,100,21.00000
perturbed,1,1,22,4,300,24.00000
perturbed,1,1,22,4,1000,24.00000
perturbed,1,2,22,4,100,22.00000
perturbed,1,2,22,4,300,25.00000
perturbed,1,2,22,4,1000,25.00000
perturbed,1,0,23,0,100,-3.00000
perturbed,1,0,23,0,300,7.00000
perturbed,1,0,23,0,1000,11.00000
perturbed,1,1,23,0,100,-3.00000
perturbed,1,1,23,0,300,-5.00000
perturbed,1,1,23,0,1000,-4.00000
perturbed,1,2,23,0,100,-7.00000
perturbed,1,2,23,0,300,-20.00000
perturbed,1,2,23,0,1000,-23.00000
perturbed,1,0,23,1,100,14.00000
perturbed,1,0,23,1,300,9.00000
perturbed,1,0,23,1,1000,17.00000
perturbed,1,1,23,1,100,0.00000
perturbed,1,1,23,1,300,-3.00000
perturbed,1,1,23,1,1000,-4.00000
perturbed,1,2,23,1,100,-19.00000
perturbed,1,2,23,1,300,-25.00000
perturbed,1,2,23,1,1000,-23.00000
perturbed,1,0,23,2,100,7.00000
perturbed,1,0,23,2,300,5.00000
perturbed,1,0,23,2,1000,14.00000
perturbed,1,1,23,2,100,-5.00000
perturbed,1,1,23,2,300,-6.00000
perturbed,1,1,23,2,1000,-4.00000
perturbed,1,2,23,2,100,-24.00000
perturbed,1,2,23,2,300,-25.00000
perturbed,1,2,23,2,1000,-25.00000
perturbed,1,0,23,3,100,-5.00000
perturbed,1,0,23,3,300,13.00000
perturbed,1,0,23,3,1000,16.00000
perturbed,1,1,23,3,100,-1.00000
perturbed,1,1,23,3,300,-3.00000
perturbed,1,1,23,3,1000,-5.00000
perturbed,1,2,23,3,100,-3.00000
perturbed,1,2,23,3,300,-16.00000
perturbed,1,2,23,3,1000,-21.00000
perturbed,1,0,23,4,100,-6.00000
perturbed,1,0,23,4,300,8.00000
perturbed,1,0,23,4,1000,16.00000
perturbed,1,1,23,4,100,-2.00000
perturbed,1,1,23,4,300,-2.00000
perturbed,1,1,23,4,1000,-3.00000
perturbed,1,2,23,4,100,-2.00000
perturbed,1,2,23,4,300,-24.00000
perturbed,1,2,23,4,1000,-24.00000
perturbed,1,0,24,0,100,-4.00000
perturbed,1,0,24,0,300,-6.00000
perturbed,1,0,24,0,1000,-6.00000
perturbed,1,1,24,0,100,9.00000
perturbed,1,1,24,0,300,13.00000
perturbed,1,1,24,0,1000,13.00000
perturbed,1,2,24,0,100,10.00000
perturbed,1,2,24,0,300,14.00000
perturbed,1,2,24,0,1000,12.00000
perturbed,1,0,24,1,100,-2.00000
perturbed,1,0,24,1,300,7.00000
perturbed,1,0,24,1,1000,-2.00000
perturbed,1,1,24,1,100,-2.00000
perturbed,1,1,24,1,300,3.00000
perturbed,1,1,24,1,1000,13.00000
perturbed,1,2,24,1,100,0.00000
perturbed,1,2,24,1,300,2.00000
perturbed,1,2,24,1,1000,12.00000
perturbed,1,0,24,2,100,5.00000
perturbed,1,0,24,2,300,6.00000
perturbed,1,0,24,2,1000,-1.00000
perturbed,1,1,24,2,100,1.00000
perturbed,1,1,24,2,300,3.00000
perturbed,1,1,24,2,1000,14.00000
perturbed,1,2,24,2,100,-2.00000
perturbed,1,2,24,2,300,0.00000
perturbed,1,2,24,2,1000,13.00000
perturbed,1,0,24,3,100,-10.00000
perturbed,1,0,24,3,300,-6.00000
perturbed,1,0,24,3,1000,-1.00000
perturbed,1,1,24,3,100,4.00000
perturbed,1,1,24,3,300,10.00000
perturbed,1,1,24,3,1000,14.00000
perturbed,1,2,24,3,100,4.00000
perturbed,1,2,24,3,300,12.00000
perturbed,1,2,24,3,1000,13.00000
perturbed,1,0,24,4,100,-8.00000
perturbed,1,0,24,4,300,-7.00000
perturbed,1,0,24,4,1000,-5.00000
perturbed,1,1,24,4,100,10.00000
perturbed,1,1,24,4,300,11.00000
perturbed,1,1,24,4,1000,13.00000
perturbed,1,2,24,4,100,10.00000
perturbed,1,2,24,4,300,11.00000
perturbed,1,2,24,4,1000,12.00000
perturbed,1,0,25,0,100,4.00000
perturbed,1,0,25,0,300,8.00000
perturbed,1,0,25,0,1000,7.00000
perturbed,1,1,25,0,100,4.00000
perturbed,1,1,25,0,300,8.00000
perturbed,1,1,25,0,1000,7.00000
perturbed,1,2,25,0,100,6.00000
perturbed,1,2,25,0,300,10.00000
perturbed,1,2,25,0,1000,10.00000
perturbed,1,0,25,1,100,9.00000
perturbed,1,0,25,1,300,6.00000
perturbed,1,0,25,1,1000,5.00000
perturbed,1,1,25,1,100,9.00000
perturbed,1,1,25,1,300,6.00000
perturbed,1,1,25,1,1000,5.00000
perturbed,1,2,25,1,100,9.00000
perturbed,1,2,25,1,300,9.00000
perturbed,1,2,25,1,1000,9.00000
perturbed,1,0,25,2,100,-3.00000
perturbed,1,0,25,2,300,4.00000
perturbed,1,0,25,2,1000,6.00000
perturbed,1,1,25,2,100,-3.00000
perturbed,1,1,25,2,300,4.00000
perturbed,1,1,25,2,1000,6.00000
perturbed,1,2,25,2,100,1.00000
perturbed,1,2,25,2,300,8.00000
perturbed,1,2,25,2,1000,10.00000
perturbed,1,0,25,3,100,10.00000
perturbed,1,0,25,3,300,8.00000
perturbed,1,0,25,3,1000,6.00000
perturbed,1,1,25,3,100,10.00000
perturbed,1,1,25,3,300,8.00000
perturbed,1,1,25,3,1000,6.00000
perturbed,1,2,25,3,100,10.00000
perturbed,1,2,25,3,300,10.00000
perturbed,1,2,25,3,1000,10.00000
perturbed,1,0,25,4,100,6.00000
perturbed,1,0,25,4,300,3.00000
perturbed,1,0,25,4,1000,6.00000
perturbed,1,1,25,4,100,6.00000
perturbed,1,1,25,4,300,3.00000
perturbed,1,1,25,4,1000,6.00000
perturbed,1,2,25,4,100,6.00000
perturbed,1,2,25,4,300,6.00000
perturbed,1,2,25,4,1000,10.00000
perturbed,1,0,26,0,100,19.00000
perturbed,1,0,26,0,300,18.00000
perturbed,1,0,26,0,1000,12.00000
perturbed,1,1,26,0,100,19.00000
perturbed,1,1,26,0,300,17.00000
perturbed,1,1,26,0,1000,18.00000
perturbed,1,2,26,0,100,18.00000
perturbed,1,2,26,0,300,16.00000
perturbed,1,2,26,0,1000,17.00000
perturbed,1,0,26,1,100,2.00000
perturbed,1,0,26,1,300,24.00000
perturbed,1,0,26,1,1000,13.00000
perturbed,1,1,26,1,100,0.00000
perturbed,1,1,26,1,300,26.00000
perturbed,1,1,26,1,1000,21.00000
perturbed,1,2,26,1,100,-1.00000
perturbed,1,2,26,1,300,25.00000
perturbed,1,2,26,1,1000,20.00000
perturbed,1,0,26,2,100,18.00000
perturbed,1,0,26,2,300,11.00000
perturbed,1,0,26,2,1000,13.00000
perturbed,1,1,26,2,100,17.00000
perturbed,1,1,26,2,300,17.00000
perturbed,1,1,26,2,1000,21.00000
perturbed,1,2,26,2,100,16.00000
perturbed,1,2,26,2,300,16.00000
perturbed,1,2,26,2,1000,20.00000
perturbed,1,0,26,3,100,17.00000
perturbed,1,0,26,3,300,8.00000
perturbed,1,0,26,3,1000,7.00000
perturbed,1,1,26,3,100,17.00000
perturbed,1,1,26,3,300,12.00000
perturbed,1,1,26,3,1000,16.00000
perturbed,1,2,26,3,100,16.00000
perturbed,1,2,26,3,300,11.00000
perturbed,1,2,26,3,1000,15.00000
perturbed,1,0,26,4,100,16.00000
perturbed,1,0,26,4,300,21.00000
perturbed,1,0,26,4,1000,15.00000
perturbed,1,1,26,4,100,19.00000
perturbed,1,1,26,4,300,24.00000
perturbed,1,1,26,4,1000,24.00000
perturbed,1,2,26,4,100,18.00000
perturbed,1,2,26,4,300,23.00000
perturbed,1,2,26,4,1000,23.00000
perturbed,1,0,27,0,100,-8.00000
perturbed,1,0,27,0,300,-5.00000
perturbed,1,0,27,0,1000,-12.00000
perturbed,1,1,27,0,100,-4.00000
perturbed,1,1,27,0,300,0.00000
perturbed,1,1,27,0,1000,-6.00000
perturbed,1,2,27,0,100,12.00000
perturbed,1,2,27,0,300,16.00000
perturbed,1,2,27,0,1000,17.00000
perturbed,1,0,27,1,100,-6.00000
perturbed,1,0,27,1,300,-12.00000
perturbed,1,0,27,1,1000,-11.00000
perturbed,1,1,27,1,100,-3.00000
perturbed,1,1,27,1,300,-7.00000
perturbed,1,1,27,1,1000,-5.00000
perturbed,1,2,27,1,100,10.00000
perturbed,1,2,27,1,300,14.00000
perturbed,1,2,27,1,1000,18.00000
perturbed,1,0,27,2,100,-3.00000
perturbed,1,0,27,2,300,-8.00000
perturbed,1,0,27,2,1000,-10.00000
perturbed,1,1,27,2,100,4.00000
perturbed,1,1,27,2,300,-2.00000
perturbed,1,1,27,2,1000,-4.00000
perturbed,1,2,27,2,100,16.00000
perturbed,1,2,27,2,300,18.00000
perturbed,1,2,27,2,1000,17.00000
perturbed,1,0,27,3,100,-1.00000
perturbed,1,0,27,3,300,0.00000
perturbed,1,0,27,3,1000,-11.00000
perturbed,1,1,27,3,100,-1.00000
perturbed,1,1,27,3,300,6.00000
perturbed,1,1,27,3,1000,-5.00000
perturbed,1,2,27,3,100,2.00000
perturbed,1,2,27,3,300,13.00000
perturbed,1,2,27,3,1000,18.00000
perturbed,1,0,27,4,100,-11.00000
perturbed,1,0,27,4,300,-11.00000
perturbed,1,0,27,4,1000,-12.00000
perturbed,1,1,27,4,100,-11.00000
perturbed,1,1,27,4,300,-6.00000
perturbed,1,1,27,4,1000,-6.00000
perturbed,1,2,27,4,100,7.00000
perturbed,1,2,27,4,300,16.00000
perturbed,1,2,27,4,1000,17.00000
perturbed,1,0,28,0,100,3.00000
perturbed,1,0,28,0,300,7.00000
perturbed,1,0,28,0,1000,15.00000
perturbed,1,1,28,0,100,-7.00000
perturbed,1,1,28,0,300,-6.00000
perturbed,1,1,28,0,1000,-1.00000
perturbed,1,2,28,0,100,0.00000
perturbed,1,2,28,0,300,4.00000
perturbed,1,2,28,0,1000,9.00000
perturbed,1,0,28,1,100,11.00000
perturbed,1,0,28,1,300,10.00000
perturbed,1,0,28,1,1000,14.00000
perturbed,1,1,28,1,100,-5.00000
perturbed,1,1,28,1,300,-7.00000
perturbed,1,1,28,1,1000,-1.00000
perturbed,1,2,28,1,100,2.00000
perturbed,1,2,28,1,300,2.00000
perturbed,1,2,28,1,1000,9.00000
perturbed,1,0,28,2,100,-5.00000
perturbed,1,0,28,2,300,5.00000
perturbed,1,0,28,2,1000,14.00000
perturbed,1,1,28,2,100,-5.00000
perturbed,1,1,28,2,300,-3.00000
perturbed,1,1,28,2,1000,-1.00000
perturbed,1,2,28,2,100,4.00000
perturbed,1,2,28,2,300,8.00000
perturbed,1,2,28,2,1000,9.00000
perturbed,1,0,28,3,100,5.00000
perturbed,1,0,28,3,300,5.00000
perturbed,1,0,28,3,1000,11.00000
perturbed,1,1,28,3,100,5.00000
perturbed,1,1,28,3,300,5.00000
perturbed,1,1,28,3,1000,-1.00000
perturbed,1,2,28,3,100,10.00000
perturbed,1,2,28,3,300,10.00000
perturbed,1,2,28,3,1000,9.00000
perturbed,1,0,28,4,100,-4.00000
perturbed,1,0,28,4,300,5.00000
perturbed,1,0,28,4,1000,14.00000
perturbed,1,1,28,4,100,-8.00000
perturbed,1,1,28,4,300,-8.00000
perturbed,1,1,28,4,1000,-1.00000
perturbed,1,2,28,4,100,1.00000
perturbed,1,2,28,4,300,2.00000
perturbed,1,2,28,4,1000,9.00000
perturbed,1,0,29,0,100,22.00000
perturbed,1,0,29,0,300,22.00000
perturbed,1,0,29,0,1000,24.00000
perturbed,1,1,29,0,100,31.00000
perturbed,1,1,29,0,300,41.00000
perturbed,1,1,29,0,1000,44.00000
perturbed,1,2,29,0,100,31.00000
perturbed,1,2,29,0,300,41.00000
perturbed,1,2,29,0,1000,44.00000
perturbed,1,0,29,1,100,12.00000
perturbed,1,0,29,1,300,24.00000
perturbed,1,0,29,1,1000,24.00000
perturbed,1,1,29,1,100,12.00000
perturbed,1,1,29,1,300,43.00000
perturbed,1,1,29,1,1000,44.00000
perturbed,1,2,29,1,100,12.00000
perturbed,1,2,29,1,300,43.00000
perturbed,1,2,29,1,1000,44.00000
perturbed,1,0,29,2,100,22.00000
perturbed,1,0,29,2,300,24.00000
perturbed,1,0,29,2,1000,24.00000
perturbed,1,1,29,2,100,40.00000
perturbed,1,1,29,2,300,42.00000
perturbed,1,1,29,2,1000,44.00000
perturbed,1,2,29,2,100,40.00000
perturbed,1,2,29,2,300,42.00000
perturbed,1,2,29,2,1000,44.00000
perturbed,1,0,29,3,100,-2.00000
perturbed,1,0,29,3,300,-1.00000
perturbed,1,0,29,3,1000,23.00000
perturbed,1,1,29,3,100,-2.00000
perturbed,1,1,29,3,300,-1.00000
perturbed,1,1,29,3,1000,43.00000
perturbed,1,2,29,3,100,-2.00000
perturbed,1,2,29,3,300,-1.00000
perturbed,1,2,29,3,1000,43.00000
perturbed,1,0,29,4,100,15.00000
perturbed,1,0,29,4,300,23.00000
perturbed,1,0,29,4,1000,24.00000
perturbed,1,1,29,4,100,29.00000
perturbed,1,1,29,4,300,42.00000
perturbed,1,1,29,4,1000,44.00000
perturbed,1,2,29,4,100,29.00000
perturbed,1,2,29,4,300,42.00000
perturbed,1,2,29,4,1000,44.00000
perturbed,1,0,30,0,100,-7.00000
perturbed,1,0,30,0,300,4.00000
perturbed,1,0,30,0,1000,3.00000
perturbed,1,1,30,0,100,-7.00000
perturbed,1,1,30,0,300,-6.00000
perturbed,1,1,30,0,1000,-7.00000
perturbed,1,2,30,0,100,1.00000
perturbed,1,2,30,0,300,13.00000
perturbed,1,2,30,0,1000,29.00000
perturbed,1,0,30,1,100,1.00000
perturbed,1,0,30,1,300,1.00000
perturbed,1,0,30,1,1000,3.00000
perturbed,1,1,30,1,100,1.00000
perturbed,1,1,30,1,300,1.00000
perturbed,1,1,30,1,1000,-7.00000
perturbed,1,2,30,1,100,1.00000
perturbed,1,2,30,1,300,1.00000
perturbed,1,2,30,1,1000,31.00000
perturbed,1,0,30,2,100,-8.00000
perturbed,1,0,30,2,300,-3.00000
perturbed,1,0,30,2,1000,2.00000
perturbed,1,1,30,2,100,-8.00000
perturbed,1,1,30,2,300,-8.00000
perturbed,1,1,30,2,1000,-7.00000
perturbed,1,2,30,2,100,24.00000
perturbed,1,2,30,2,300,30.00000
perturbed,1,2,30,2,1000,31.00000
perturbed,1,0,30,3,100,-1.00000
perturbed,1,0,30,3,300,3.00000
perturbed,1,0,30,3,1000,3.00000
perturbed,1,1,30,3,100,-4.00000
perturbed,1,1,30,3,300,-7.00000
perturbed,1,1,30,3,1000,-7.00000
perturbed,1,2,30,3,100,30.00000
perturbed,1,2,30,3,300,31.00000
perturbed,1,2,30,3,1000,31.00000
perturbed,1,0,30,4,100,-3.00000
perturbed,1,0,30,4,300,4.00000
perturbed,1,0,30,4,1000,3.00000
perturbed,1,1,30,4,100,-7.00000
perturbed,1,1,30,4,300,-6.00000
perturbed,1,1,30,4,1000,-7.00000
perturbed,1,2,30,4,100,24.00000
perturbed,1,2,30,4,300,27.00000
perturbed,1,2,30,4,1000,31.00000
perturbed,1,0,31,0,100,5.00000
perturbed,1,0,31,0,300,-3.00000
perturbed,1,0,31,0,1000,3.00000
perturbed,1,1,31,0,100,0.00000
perturbed,1,1,31,0,300,0.00000
perturbed,1,1,31,0,1000,-2.00000
perturbed,1,2,31,0,100,10.00000
perturbed,1,2,31,0,300,13.00000
perturbed,1,2,31,0,1000,15.00000
perturbed,1,0,31,1,100,4.00000
perturbed,1,0,31,1,300,14.00000
perturbed,1,0,31,1,1000,3.00000
perturbed,1,1,31,1,100,-3.00000
perturbed,1,1,31,1,300,-3.00000
perturbed,1,1,31,1,1000,-3.00000
perturbed,1,2,31,1,100,-6.00000
perturbed,1,2,31,1,300,3.00000
perturbed,1,2,31,1,1000,12.00000
perturbed,1,0,31,2,100,12.00000
perturbed,1,0,31,2,300,11.00000
perturbed,1,0,31,2,1000,3.00000
perturbed,1,1,31,2,100,0.00000
perturbed,1,1,31,2,300,0.00000
perturbed,1,1,31,2,1000,-3.00000
perturbed,1,2,31,2,100,11.00000
perturbed,1,2,31,2,300,18.00000
perturbed,1,2,31,2,1000,12.00000
perturbed,1,0,31,3,100,-3.00000
perturbed,1,0,31,3,300,10.00000
perturbed,1,0,31,3,1000,11.00000
perturbed,1,1,31,3,100,-5.00000
perturbed,1,1,31,3,300,-3.00000
perturbed,1,1,31,3,1000,-4.00000
perturbed,1,2,31,3,100,13.00000
perturbed,1,2,31,3,300,16.00000
perturbed,1,2,31,3,1000,12.00000
perturbed,1,0,31,4,100,-7.00000
perturbed,1,0,31,4,300,-12.00000
perturbed,1,0,31,4,1000,3.00000
perturbed,1,1,31,4,100,-3.00000
perturbed,1,1,31,4,300,0.00000
perturbed,1,1,31,4,1000,-3.00000
perturbed,1,2,31,4,100,1.00000
perturbed,1,2,31,4,300,4.00000
perturbed,1,2,31,4,1000,12.00000
perturbed,1,0,32,0,100,-46.00000
perturbed,1,0,32,0,300,-48.00000
perturbed,1,0,32,0,1000,-47.00000
perturbed,1,1,32,0,100,-28.00000
perturbed,1,1,32,0,300,-30.00000
perturbed,1,1,32,0,1000,-26.00000
perturbed,1,2,32,0,100,-46.00000
perturbed,1,2,32,0,300,-49.00000
perturbed,1,2,32,0,1000,-46.00000
perturbed,1,0,32,1,100,2.00000
perturbed,1,0,32,1,300,-35.00000
perturbed,1,0,32,1,1000,-48.00000
perturbed,1,1,32,1,100,3.00000
perturbed,1,1,32,1,300,-23.00000
perturbed,1,1,32,1,1000,-24.00000
perturbed,1,2,32,1,100,2.00000
perturbed,1,2,32,1,300,-42.00000
perturbed,1,2,32,1,1000,-44.00000
perturbed,1,0,32,2,100,2.00000
perturbed,1,0,32,2,300,2.00000
perturbed,1,0,32,2,1000,-48.00000
perturbed,1,1,32,2,100,2.00000
perturbed,1,1,32,2,300,2.00000
perturbed,1,1,32,2,1000,-23.00000
perturbed,1,2,32,2,100,2.00000
perturbed,1,2,32,2,300,2.00000
perturbed,1,2,32,2,1000,-43.00000
perturbed,1,0,32,3,100,-20.00000
perturbed,1,0,32,3,300,-35.00000
perturbed,1,0,32,3,1000,-44.00000
perturbed,1,1,32,3,100,-13.00000
perturbed,1,1,32,3,300,-22.00000
perturbed,1,1,32,3,1000,-21.00000
perturbed,1,2,32,3,100,-22.00000
perturbed,1,2,32,3,300,-33.00000
perturbed,1,2,32,3,1000,-36.00000
perturbed,1,0,32,4,100,-24.00000
perturbed,1,0,32,4,300,-39.00000
perturbed,1,0,32,4,1000,-48.00000
perturbed,1,1,32,4,100,-12.00000
perturbed,1,1,32,4,300,-25.00000
perturbed,1,1,32,4,1000,-25.00000
perturbed,1,2,32,4,100,-24.00000
perturbed,1,2,32,4,300,-44.00000
perturbed,1,2,32,4,1000,-45.00000
perturbed,1,0,33,0,100,-9.00000
perturbed,1,0,33,0,300,16.00000
perturbed,1,0,33,0,1000,5.00000
perturbed,1,1,33,0,100,-9.00000
perturbed,1,1,33,0,300,-12.00000
perturbed,1,1,33,0,1000,-18.00000
perturbed,1,2,33,0,100,2.00000
perturbed,1,2,33,0,300,4.00000
perturbed,1,2,33,0,1000,-2.00000
perturbed,1,0,33,1,100,-6.00000
perturbed,1,0,33,1,300,-16.00000
perturbed,1,0,33,1,1000,10.00000
perturbed,1,1,33,1,100,-2.00000
perturbed,1,1,33,1,300,-14.00000
perturbed,1,1,33,1,1000,-15.00000
perturbed,1,2,33,1,100,-4.00000
perturbed,1,2,33,1,300,0.00000
perturbed,1,2,33,1,1000,2.00000
perturbed,1,0,33,2,100,-17.00000
perturbed,1,0,33,2,300,-6.00000
perturbed,1,0,33,2,1000,-2.00000
perturbed,1,1,33,2,100,-10.00000
perturbed,1,1,33,2,300,-9.00000
perturbed,1,1,33,2,1000,-21.00000
perturbed,1,2,33,2,100,-11.00000
perturbed,1,2,33,2,300,-6.00000
perturbed,1,2,33,2,1000,-6.00000
perturbed,1,0,33,3,100,4.00000
perturbed,1,0,33,3,300,-11.00000
perturbed,1,0,33,3,1000,8.00000
perturbed,1,1,33,3,100,-3.00000
perturbed,1,1,33,3,300,-11.00000
perturbed,1,1,33,3,1000,-11.00000
perturbed,1,2,33,3,100,-2.00000
perturbed,1,2,33,3,300,-12.00000
perturbed,1,2,33,3,1000,-10.00000
perturbed,1,0,33,4,100,-8.00000
perturbed,1,0,33,4,300,-18.00000
perturbed,1,0,33,4,1000,9.00000
perturbed,1,1,33,4,100,-6.00000
perturbed,1,1,33,4,300,-11.00000
perturbed,1,1,33,4,1000,-11.00000
perturbed,1,2,33,4,100,-9.00000
perturbed,1,2,33,4,300,-14.00000
perturbed,1,2,33,4,1000,-7.00000
perturbed,1,0,34,0,100,18.00000
perturbed,1,0,34,0,300,28.00000
perturbed,1,0,34,0,1000,28.00000
perturbed,1,1,34,0,100,7.00000
perturbed,1,1,34,0,300,2.00000
perturbed,1,1,34,0,1000,4.00000
perturbed,1,2,34,0,100,-14.00000
perturbed,1,2,34,0,300,-13.00000
perturbed,1,2,34,0,1000,-11.00000
perturbed,1,0,34,1,100,4.00000
perturbed,1,0,34,1,300,27.00000
perturbed,1,0,34,1,1000,30.00000
perturbed,1,1,34,1,100,8.00000
perturbed,1,1,34,1,300,8.00000
perturbed,1,1,34,1,1000,4.00000
perturbed,1,2,34,1,100,7.00000
perturbed,1,2,34,1,300,9.00000
perturbed,1,2,34,1,1000,-11.00000
perturbed,1,0,34,2,100,7.00000
perturbed,1,0,34,2,300,6.00000
perturbed,1,0,34,2,1000,31.00000
perturbed,1,1,34,2,100,8.00000
perturbed,1,1,34,2,300,9.00000
perturbed,1,1,34,2,1000,5.00000
perturbed,1,2,34,2,100,8.00000
perturbed,1,2,34,2,300,9.00000
perturbed,1,2,34,2,1000,-10.00000
perturbed,1,0,34,3,100,2.00000
perturbed,1,0,34,3,300,2.00000
perturbed,1,0,34,3,1000,31.00000
perturbed,1,1,34,3,100,3.00000
perturbed,1,1,34,3,300,6.00000
perturbed,1,1,34,3,1000,4.00000
perturbed,1,2,34,3,100,9.00000
perturbed,1,2,34,3,300,11.00000
perturbed,1,2,34,3,1000,-9.00000
perturbed,1,0,34,4,100,5.00000
perturbed,1,0,34,4,300,32.00000
perturbed,1,0,34,4,1000,30.00000
perturbed,1,1,34,4,100,8.00000
perturbed,1,1,34,4,300,7.00000
perturbed,1,1,34,4,1000,4.00000
perturbed,1,2,34,4,100,8.00000
perturbed,1,2,34,4,300,-10.00000
perturbed,1,2,34,4,1000,-11.00000
perturbed,1,0,35,0,100,8.00000
perturbed,1,0,35,0,300,11.00000
perturbed,1,0,35,0,1000,7.00000
perturbed,1,1,35,0,100,11.00000
perturbed,1,1,35,0,300,18.00000
perturbed,1,1,35,0,1000,15.00000
perturbed,1,2,35,0,100,14.00000
perturbed,1,2,35,0,300,23.00000
perturbed,1,2,35,0,1000,25.00000
perturbed,1,0,35,1,100,5.00000
perturbed,1,0,35,1,300,8.00000
perturbed,1,0,35,1,1000,7.00000
perturbed,1,1,35,1,100,7.00000
perturbed,1,1,35,1,300,10.00000
perturbed,1,1,35,1,1000,15.00000
perturbed,1,2,35,1,100,10.00000
perturbed,1,2,35,1,300,18.00000
perturbed,1,2,35,1,1000,25.00000
perturbed,1,0,35,2,100,13.00000
perturbed,1,0,35,2,300,11.00000
perturbed,1,0,35,2,1000,8.00000
perturbed,1,1,35,2,100,15.00000
perturbed,1,1,35,2,300,16.00000
perturbed,1,1,35,2,1000,13.00000
perturbed,1,2,35,2,100,16.00000
perturbed,1,2,35,2,300,23.00000
perturbed,1,2,35,2,1000,23.00000
perturbed,1,0,35,3,100,-6.00000
perturbed,1,0,35,3,300,-1.00000
perturbed,1,0,35,3,1000,8.00000
perturbed,1,1,35,3,100,-6.00000
perturbed,1,1,35,3,300,-1.00000
perturbed,1,1,35,3,1000,15.00000
perturbed,1,2,35,3,100,2.00000
perturbed,1,2,35,3,300,9.00000
perturbed,1,2,35,3,1000,25.00000
perturbed,1,0,35,4,100,13.00000
perturbed,1,0,35,4,300,7.00000
perturbed,1,0,35,4,1000,8.00000
perturbed,1,1,35,4,100,18.00000
perturbed,1,1,35,4,300,15.00000
perturbed,1,1,35,4,1000,15.00000
perturbed,1,2,35,4,100,17.00000
perturbed,1,2,35,4,300,22.00000
perturbed,1,2,35,4,1000,25.00000
perturbed,1,0,36,0,100,4.00000
perturbed,1,0,36,0,300,1.00000
perturbed,1,0,36,0,1000,8.00000
perturbed,1,1,36,0,100,4.00000
perturbed,1,1,36,0,300,1.00000
perturbed,1,1,36,0,1000,26.00000
perturbed,1,2,36,0,100,4.00000
perturbed,1,2,36,0,300,10.00000
perturbed,1,2,36,0,1000,42.00000
perturbed,1,0,36,1,100,-2.00000
perturbed,1,0,36,1,300,4.00000
perturbed,1,0,36,1,1000,7.00000
perturbed,1,1,36,1,100,0.00000
perturbed,1,1,36,1,300,25.00000
perturbed,1,1,36,1,1000,25.00000
perturbed,1,2,36,1,100,6.00000
perturbed,1,2,36,1,300,32.00000
perturbed,1,2,36,1,1000,41.00000
perturbed,1,0,36,2,100,9.00000
perturbed,1,0,36,2,300,12.00000
perturbed,1,0,36,2,1000,7.00000
perturbed,1,1,36,2,100,30.00000
perturbed,1,1,36,2,300,34.00000
perturbed,1,1,36,2,1000,27.00000
perturbed,1,2,36,2,100,30.00000
perturbed,1,2,36,2,300,34.00000
perturbed,1,2,36,2,1000,43.00000
perturbed,1,0,36,3,100,-7.00000
perturbed,1,0,36,3,300,-7.00000
perturbed,1,0,36,3,1000,6.00000
perturbed,1,1,36,3,100,-7.00000
perturbed,1,1,36,3,300,-7.00000
perturbed,1,1,36,3,1000,23.00000
perturbed,1,2,36,3,100,7.00000
perturbed,1,2,36,3,300,9.00000
perturbed,1,2,36,3,1000,39.00000
perturbed,1,0,36,4,100,9.00000
perturbed,1,0,36,4,300,12.00000
perturbed,1,0,36,4,1000,9.00000
perturbed,1,1,36,4,100,30.00000
perturbed,1,1,36,4,300,34.00000
perturbed,1,1,36,4,1000,28.00000
perturbed,1,2,36,4,100,30.00000
perturbed,1,2,36,4,300,34.00000
perturbed,1,2,36,4,1000,43.00000
perturbed,1,0,37,0,100,20.00000
perturbed,1,0,37,0,300,18.00000
perturbed,1,0,37,0,1000,15.00000
perturbed,1,1,37,0,100,21.00000
perturbed,1,1,37,0,300,26.00000
perturbed,1,1,37,0,1000,27.00000
perturbed,1,2,37,0,100,21.00000
perturbed,1,2,37,0,300,25.00000
perturbed,1,2,37,0,1000,24.00000
perturbed,1,0,37,1,100,24.00000
perturbed,1,0,37,1,300,17.00000
perturbed,1,0,37,1,1000,19.00000
perturbed,1,1,37,1,100,32.00000
perturbed,1,1,37,1,300,28.00000
perturbed,1,1,37,1,1000,31.00000
perturbed,1,2,37,1,100,32.00000
perturbed,1,2,37,1,300,25.00000
perturbed,1,2,37,1,1000,28.00000
perturbed,1,0,37,2,100,21.00000
perturbed,1,0,37,2,300,21.00000
perturbed,1,0,37,2,1000,19.00000
perturbed,1,1,37,2,100,29.00000
perturbed,1,1,37,2,300,30.00000
perturbed,1,1,37,2,1000,31.00000
perturbed,1,2,37,2,100,29.00000
perturbed,1,2,37,2,300,30.00000
perturbed,1,2,37,2,1000,28.00000
perturbed,1,0,37,3,100,-7.00000
perturbed,1,0,37,3,300,9.00000
perturbed,1,0,37,3,1000,20.00000
perturbed,1,1,37,3,100,1.00000
perturbed,1,1,37,3,300,20.00000
perturbed,1,1,37,3,1000,32.00000
perturbed,1,2,37,3,100,0.00000
perturbed,1,2,37,3,300,17.00000
perturbed,1,2,37,3,1000,29.00000
perturbed,1,0,37,4,100,23.00000
perturbed,1,0,37,4,300,21.00000
perturbed,1,0,37,4,1000,25.00000
perturbed,1,1,37,4,100,26.00000
perturbed,1,1,37,4,300,30.00000
perturbed,1,1,37,4,1000,34.00000
perturbed,1,2,37,4,100,26.00000
perturbed,1,2,37,4,300,30.00000
perturbed,1,2,37,4,1000,34.00000
perturbed,1,0,38,0,100,-9.00000
perturbed,1,0,38,0,300,-11.00000
perturbed,1,0,38,0,1000,1.00000
perturbed,1,1,38,0,100,-2.00000
perturbed,1,1,38,0,300,-15.00000
perturbed,1,1,38,0,1000,-14.00000
perturbed,1,2,38,0,100,-7.00000
perturbed,1,2,38,0,300,-30.00000
perturbed,1,2,38,0,1000,-28.00000
perturbed,1,0,38,1,100,12.00000
perturbed,1,0,38,1,300,-2.00000
perturbed,1,0,38,1,1000,0.00000
perturbed,1,1,38,1,100,-8.00000
perturbed,1,1,38,1,300,-16.00000
perturbed,1,1,38,1,1000,-15.00000
perturbed,1,2,38,1,100,-13.00000
perturbed,1,2,38,1,300,-27.00000
perturbed,1,2,38,1,1000,-29.00000
perturbed,1,0,38,2,100,1.00000
perturbed,1,0,38,2,300,9.00000
perturbed,1,0,38,2,1000,2.00000
perturbed,1,1,38,2,100,-5.00000
perturbed,1,1,38,2,300,0.00000
perturbed,1,1,38,2,1000,-14.00000
perturbed,1,2,38,2,100,-4.00000
perturbed,1,2,38,2,300,-2.00000
perturbed,1,2,38,2,1000,-25.00000
perturbed,1,0,38,3,100,10.00000
perturbed,1,0,38,3,300,14.00000
perturbed,1,0,38,3,1000,1.00000
perturbed,1,1,38,3,100,-13.00000
perturbed,1,1,38,3,300,-10.00000
perturbed,1,1,38,3,1000,-14.00000
perturbed,1,2,38,3,100,-23.00000
perturbed,1,2,38,3,300,-20.00000
perturbed,1,2,38,3,1000,-28.00000
perturbed,1,0,38,4,100,0.00000
perturbed,1,0,38,4,300,5.00000
perturbed,1,0,38,4,1000,3.00000
perturbed,1,1,38,4,100,0.00000
perturbed,1,1,38,4,300,-12.00000
perturbed,1,1,38,4,1000,-12.00000
perturbed,1,2,38,4,100,0.00000
perturbed,1,2,38,4,300,-22.00000
perturbed,1,2,38,4,1000,-25.00000
perturbed,1,0,39,0,100,7.00000
perturbed,1,0,39,0,300,7.00000
perturbed,1,0,39,0,1000,11.00000
perturbed,1,1,39,0,100,2.00000
perturbed,1,1,39,0,300,2.00000
perturbed,1,1,39,0,1000,6.00000
perturbed,1,2,39,0,100,3.00000
perturbed,1,2,39,0,300,3.00000
perturbed,1,2,39,0,1000,7.00000
perturbed,1,0,39,1,100,1.00000
perturbed,1,0,39,1,300,11.00000
perturbed,1,0,39,1,1000,14.00000
perturbed,1,1,39,1,100,1.00000
perturbed,1,1,39,1,300,8.00000
perturbed,1,1,39,1,1000,9.00000
perturbed,1,2,39,1,100,2.00000
perturbed,1,2,39,1,300,9.00000
perturbed,1,2,39,1,1000,10.00000
perturbed,1,0,39,2,100,1.00000
perturbed,1,0,39,2,300,9.00000
perturbed,1,0,39,2,1000,11.00000
perturbed,1,1,39,2,100,0.00000
perturbed,1,1,39,2,300,8.00000
perturbed,1,1,39,2,1000,9.00000
perturbed,1,2,39,2,100,3.00000
perturbed,1,2,39,2,300,11.00000
perturbed,1,2,39,2,1000,10.00000
perturbed,1,0,39,3,100,6.00000
perturbed,1,0,39,3,300,13.00000
perturbed,1,0,39,3,1000,14.00000
perturbed,1,1,39,3,100,1.00000
perturbed,1,1,39,3,300,8.00000
perturbed,1,1,39,3,1000,9.00000
perturbed,1,2,39,3,100,2.00000
perturbed,1,2,39,3,300,9.00000
perturbed,1,2,39,3,1000,10.00000
perturbed,1,0,39,4,100,1.00000
perturbed,1,0,39,4,300,1.00000
perturbed,1,0,39,4,1000,13.00000
perturbed,1,1,39,4,100,1.00000
perturbed,1,1,39,4,300,1.00000
perturbed,1,1,39,4,1000,8.00000
perturbed,1,2,39,4,100,3.00000
perturbed,1,2,39,4,300,3.00000
perturbed,1,2,39,4,1000,9.00000
perturbed,1,0,40,0,100,4.00000
perturbed,1,0,40,0,300,-9.00000
perturbed,1,0,40,0,1000,-25.00000
perturbed,1,1,40,0,100,-4.00000
perturbed,1,1,40,0,300,-11.00000
perturbed,1,1,40,0,1000,-22.00000
perturbed,1,2,40,0,100,-2.00000
perturbed,1,2,40,0,300,-10.00000
perturbed,1,2,40,0,1000,-26.00000
perturbed,1,0,40,1,100,5.00000
perturbed,1,0,40,1,300,-19.00000
perturbed,1,0,40,1,1000,-25.00000
perturbed,1,1,40,1,100,-2.00000
perturbed,1,1,40,1,300,-19.00000
perturbed,1,1,40,1,1000,-22.00000
perturbed,1,2,40,1,100,9.00000
perturbed,1,2,40,1,300,-20.00000
perturbed,1,2,40,1,1000,-26.00000
perturbed,1,0,40,2,100,13.00000
perturbed,1,0,40,2,300,-23.00000
perturbed,1,0,40,2,1000,-25.00000
perturbed,1,1,40,2,100,0.00000
perturbed,1,1,40,2,300,-21.00000
perturbed,1,1,40,2,1000,-22.00000
perturbed,1,2,40,2,100,0.00000
perturbed,1,2,40,2,300,-29.00000
perturbed,1,2,40,2,1000,-26.00000
perturbed,1,0,40,3,100,5.00000
perturbed,1,0,40,3,300,-22.00000
perturbed,1,0,40,3,1000,-26.00000
perturbed,1,1,40,3,100,-1.00000
perturbed,1,1,40,3,300,-19.00000
perturbed,1,1,40,3,1000,-22.00000
perturbed,1,2,40,3,100,9.00000
perturbed,1,2,40,3,300,-22.00000
perturbed,1,2,40,3,1000,-25.00000
perturbed,1,0,40,4,100,-1.00000
perturbed,1,0,40,4,300,-23.00000
perturbed,1,0,40,4,1000,-25.00000
perturbed,1,1,40,4,100,-3.00000
perturbed,1,1,40,4,300,-20.00000
perturbed,1,1,40,4,1000,-22.00000
perturbed,1,2,40,4,100,-2.00000
perturbed,1,2,40,4,300,-23.00000
perturbed,1,2,40,4,1000,-26.00000
perturbed,1,0,41,0,100,7.00000
perturbed,1,0,41,0,300,11.00000
perturbed,1,0,41,0,1000,14.00000
perturbed,1,1,41,0,100,9.00000
perturbed,1,1,41,0,300,13.00000
perturbed,1,1,41,0,1000,16.00000
perturbed,1,2,41,0,100,10.00000
perturbed,1,2,41,0,300,16.00000
perturbed,1,2,41,0,1000,20.00000
perturbed,1,0,41,1,100,4.00000
perturbed,1,0,41,1,300,15.00000
perturbed,1,0,41,1,1000,15.00000
perturbed,1,1,41,1,100,6.00000
perturbed,1,1,41,1,300,17.00000
perturbed,1,1,41,1,1000,17.00000
perturbed,1,2,41,1,100,10.00000
perturbed,1,2,41,1,300,21.00000
perturbed,1,2,41,1,1000,21.00000
perturbed,1,0,41,2,100,18.00000
perturbed,1,0,41,2,300,15.00000
perturbed,1,0,41,2,1000,15.00000
perturbed,1,1,41,2,100,20.00000
perturbed,1,1,41,2,300,17.00000
perturbed,1,1,41,2,1000,17.00000
perturbed,1,2,41,2,100,20.00000
perturbed,1,2,41,2,300,20.00000
perturbed,1,2,41,2,1000,21.00000
perturbed,1,0,41,3,100,14.00000
perturbed,1,0,41,3,300,18.00000
perturbed,1,0,41,3,1000,14.00000
perturbed,1,1,41,3,100,14.00000
perturbed,1,1,41,3,300,20.00000
perturbed,1,1,41,3,1000,16.00000
perturbed,1,2,41,3,100,14.00000
perturbed,1,2,41,3,300,20.00000
perturbed,1,2,41,3,1000,21.00000
perturbed,1,0,41,4,100,15.00000
perturbed,1,0,41,4,300,15.00000
perturbed,1,0,41,4,1000,14.00000
perturbed,1,1,41,4,100,17.00000
perturbed,1,1,41,4,300,17.00000
perturbed,1,1,41,4,1000,16.00000
perturbed,1,2,41,4,100,17.00000
perturbed,1,2,41,4,300,18.00000
perturbed,1,2,41,4,1000,20.00000
perturbed,1,0,42,0,100,-6.00000
perturbed,1,0,42,0,300,-10.00000
perturbed,1,0,42,0,1000,-11.00000
perturbed,1,1,42,0,100,-6.00000
perturbed,1,1,42,0,300,-13.00000
perturbed,1,1,42,0,1000,-14.00000
perturbed,1,2,42,0,100,-1.00000
perturbed,1,2,42,0,300,-1.00000
perturbed,1,2,42,0,1000,4.00000
perturbed,1,0,42,1,100,1.00000
perturbed,1,0,42,1,300,1.00000
perturbed,1,0,42,1,1000,-6.00000
perturbed,1,1,42,1,100,-2.00000
perturbed,1,1,42,1,300,-2.00000
perturbed,1,1,42,1,1000,-9.00000
perturbed,1,2,42,1,100,0.00000
perturbed,1,2,42,1,300,0.00000
perturbed,1,2,42,1,1000,5.00000
perturbed,1,0,42,2,100,-8.00000
perturbed,1,0,42,2,300,-10.00000
perturbed,1,0,42,2,1000,-11.00000
perturbed,1,1,42,2,100,-10.00000
perturbed,1,1,42,2,300,-12.00000
perturbed,1,1,42,2,1000,-14.00000
perturbed,1,2,42,2,100,5.00000
perturbed,1,2,42,2,300,4.00000
perturbed,1,2,42,2,1000,4.00000
perturbed,1,0,42,3,100,-6.00000
perturbed,1,0,42,3,300,-8.00000
perturbed,1,0,42,3,1000,-11.00000
perturbed,1,1,42,3,100,-9.00000
perturbed,1,1,42,3,300,-11.00000
perturbed,1,1,42,3,1000,-14.00000
perturbed,1,2,42,3,100,3.00000
perturbed,1,2,42,3,300,4.00000
perturbed,1,2,42,3,1000,4.00000
perturbed,1,0,42,4,100,4.00000
perturbed,1,0,42,4,300,-4.00000
perturbed,1,0,42,4,1000,-11.00000
perturbed,1,1,42,4,100,1.00000
perturbed,1,1,42,4,300,-7.00000
perturbed,1,1,42,4,1000,-14.00000
perturbed,1,2,42,4,100,2.00000
perturbed,1,2,42,4,300,0.00000
perturbed,1,2,42,4,1000,4.00000
perturbed,1,0,43,0,100,2.00000
perturbed,1,0,43,0,300,25.00000
perturbed,1,0,43,0,1000,23.00000
perturbed,1,1,43,0,100,2.00000
perturbed,1,1,43,0,300,27.00000
perturbed,1,1,43,0,1000,26.00000
perturbed,1,2,43,0,100,2.00000
perturbed,1,2,43,0,300,27.00000
perturbed,1,2,43,0,1000,25.00000
perturbed,1,0,43,1,100,8.00000
perturbed,1,0,43,1,300,22.00000
perturbed,1,0,43,1,1000,25.00000
perturbed,1,1,43,1,100,8.00000
perturbed,1,1,43,1,300,24.00000
perturbed,1,1,43,1,1000,27.00000
perturbed,1,2,43,1,100,8.00000
perturbed,1,2,43,1,300,24.00000
perturbed,1,2,43,1,1000,27.00000
perturbed,1,0,43,2,100,15.00000
perturbed,1,0,43,2,300,16.00000
perturbed,1,0,43,2,1000,14.00000
perturbed,1,1,43,2,100,15.00000
perturbed,1,1,43,2,300,16.00000
perturbed,1,1,43,2,1000,15.00000
perturbed,1,2,43,2,100,15.00000
perturbed,1,2,43,2,300,16.00000
perturbed,1,2,43,2,1000,14.00000
perturbed,1,0,43,3,100,19.00000
perturbed,1,0,43,3,300,22.00000
perturbed,1,0,43,3,1000,23.00000
perturbed,1,1,43,3,100,20.00000
perturbed,1,1,43,3,300,25.00000
perturbed,1,1,43,3,1000,26.00000
perturbed,1,2,43,3,100,20.00000
perturbed,1,2,43,3,300,24.00000
perturbed,1,2,43,3,1000,25.00000
perturbed,1,0,43,4,100,1.00000
perturbed,1,0,43,4,300,22.00000
perturbed,1,0,43,4,1000,25.00000
perturbed,1,1,43,4,100,1.00000
perturbed,1,1,43,4,300,22.00000
perturbed,1,1,43,4,1000,27.00000
perturbed,1,2,43,4,100,1.00000
perturbed,1,2,43,4,300,22.00000
perturbed,1,2,43,4,1000,27.00000
perturbed,1,0,44,0,100,-1.00000
perturbed,1,0,44,0,300,-1.00000
perturbed,1,0,44,0,1000,-38.00000
perturbed,1,1,44,0,100,0.00000
perturbed,1,1,44,0,300,0.00000
perturbed,1,1,44,0,1000,-14.00000
perturbed,1,2,44,0,100,-1.00000
perturbed,1,2,44,0,300,-1.00000
perturbed,1,2,44,0,1000,-28.00000
perturbed,1,0,44,1,100,3.00000
perturbed,1,0,44,1,300,3.00000
perturbed,1,0,44,1,1000,-40.00000
perturbed,1,1,44,1,100,3.00000
perturbed,1,1,44,1,300,3.00000
perturbed,1,1,44,1,1000,-15.00000
perturbed,1,2,44,1,100,3.00000
perturbed,1,2,44,1,300,3.00000
perturbed,1,2,44,1,1000,-31.00000
perturbed,1,0,44,2,100,-12.00000
perturbed,1,0,44,2,300,-29.00000
perturbed,1,0,44,2,1000,-40.00000
perturbed,1,1,44,2,100,3.00000
perturbed,1,1,44,2,300,-4.00000
perturbed,1,1,44,2,1000,-15.00000
perturbed,1,2,44,2,100,2.00000
perturbed,1,2,44,2,300,-6.00000
perturbed,1,2,44,2,1000,-31.00000
perturbed,1,0,44,3,100,2.00000
perturbed,1,0,44,3,300,-30.00000
perturbed,1,0,44,3,1000,-38.00000
perturbed,1,1,44,3,100,2.00000
perturbed,1,1,44,3,300,-6.00000
perturbed,1,1,44,3,1000,-14.00000
perturbed,1,2,44,3,100,2.00000
perturbed,1,2,44,3,300,-17.00000
perturbed,1,2,44,3,1000,-28.00000
perturbed,1,0,44,4,100,3.00000
perturbed,1,0,44,4,300,-37.00000
perturbed,1,0,44,4,1000,-40.00000
perturbed,1,1,44,4,100,3.00000
perturbed,1,1,44,4,300,-9.00000
perturbed,1,1,44,4,1000,-15.00000
perturbed,1,2,44,4,100,3.00000
perturbed,1,2,44,4,300,-20.00000
perturbed,1,2,44,4,1000,-31.00000
perturbed,1,0,45,0,100,9.00000
perturbed,1,0,45,0,300,12.00000
perturbed,1,0,45,0,1000,12.00000
perturbed,1,1,45,0,100,9.00000
perturbed,1,1,45,0,300,17.00000
perturbed,1,1,45,0,1000,28.00000
perturbed,1,2,45,0,100,9.00000
perturbed,1,2,45,0,300,22.00000
perturbed,1,2,45,0,1000,33.00000
perturbed,1,0,45,1,100,10.00000
perturbed,1,0,45,1,300,13.00000
perturbed,1,0,45,1,1000,14.00000
perturbed,1,1,45,1,100,13.00000
perturbed,1,1,45,1,300,22.00000
perturbed,1,1,45,1,1000,27.00000
perturbed,1,2,45,1,100,13.00000
perturbed,1,2,45,1,300,22.00000
perturbed,1,2,45,1,1000,37.00000
perturbed,1,0,45,2,100,-3.00000
perturbed,1,0,45,2,300,12.00000
perturbed,1,0,45,2,1000,11.00000
perturbed,1,1,45,2,100,1.00000
perturbed,1,1,45,2,300,28.00000
perturbed,1,1,45,2,1000,27.00000
perturbed,1,2,45,2,100,9.00000
perturbed,1,2,45,2,300,36.00000
perturbed,1,2,45,2,1000,35.00000
perturbed,1,0,45,3,100,15.00000
perturbed,1,0,45,3,300,11.00000
perturbed,1,0,45,3,1000,12.00000
perturbed,1,1,45,3,100,15.00000
perturbed,1,1,45,3,300,24.00000
perturbed,1,1,45,3,1000,28.00000
perturbed,1,2,45,3,100,15.00000
perturbed,1,2,45,3,300,26.00000
perturbed,1,2,45,3,1000,30.00000
perturbed,1,0,45,4,100,0.00000
perturbed,1,0,45,4,300,6.00000
perturbed,1,0,45,4,1000,11.00000
perturbed,1,1,45,4,100,0.00000
perturbed,1,1,45,4,300,6.00000
perturbed,1,1,45,4,1000,25.00000
perturbed,1,2,45,4,100,10.00000
perturbed,1,2,45,4,300,16.00000
perturbed,1,2,45,4,1000,35.00000
perturbed,1,0,46,0,100,0.00000
perturbed,1,0,46,0,300,-7.00000
perturbed,1,0,46,0,1000,-15.00000
perturbed,1,1,46,0,100,-1.00000
perturbed,1,1,46,0,300,-8.00000
perturbed,1,1,46,0,1000,-13.00000
perturbed,1,2,46,0,100,0.00000
perturbed,1,2,46,0,300,3.00000
perturbed,1,2,46,0,1000,2.00000
perturbed,1,0,46,1,100,0.00000
perturbed,1,0,46,1,300,-2.00000
perturbed,1,0,46,1,1000,-15.00000
perturbed,1,1,46,1,100,0.00000
perturbed,1,1,46,1,300,-3.00000
perturbed,1,1,46,1,1000,-13.00000
perturbed,1,2,46,1,100,0.00000
perturbed,1,2,46,1,300,2.00000
perturbed,1,2,46,1,1000,0.00000
perturbed,1,0,46,2,100,-9.00000
perturbed,1,0,46,2,300,-10.00000
perturbed,1,0,46,2,1000,-17.00000
perturbed,1,1,46,2,100,-9.00000
perturbed,1,1,46,2,300,-10.00000
perturbed,1,1,46,2,1000,-16.00000
perturbed,1,2,46,2,100,1.00000
perturbed,1,2,46,2,300,1.00000
perturbed,1,2,46,2,1000,-1.00000
perturbed,1,0,46,3,100,-6.00000
perturbed,1,0,46,3,300,-7.00000
perturbed,1,0,46,3,1000,-11.00000
perturbed,1,1,46,3,100,-4.00000
perturbed,1,1,46,3,300,-5.00000
perturbed,1,1,46,3,1000,-9.00000
perturbed,1,2,46,3,100,-4.00000
perturbed,1,2,46,3,300,-6.00000
perturbed,1,2,46,3,1000,-1.00000
perturbed,1,0,46,4,100,-7.00000
perturbed,1,0,46,4,300,-5.00000
perturbed,1,0,46,4,1000,-13.00000
perturbed,1,1,46,4,100,-7.00000
perturbed,1,1,46,4,300,-5.00000
perturbed,1,1,46,4,1000,-11.00000
perturbed,1,2,46,4,100,0.00000
perturbed,1,2,46,4,300,9.00000
perturbed,1,2,46,4,1000,1.00000
perturbed,1,0,47,0,100,-14.00000
perturbed,1,0,47,0,300,-25.00000
perturbed,1,0,47,0,1000,-22.00000
perturbed,1,1,47,0,100,-3.00000
perturbed,1,1,47,0,300,-3.00000
perturbed,1,1,47,0,1000,-4.00000
perturbed,1,2,47,0,100,-4.00000
perturbed,1,2,47,0,300,-4.00000
perturbed,1,2,47,0,1000,0.00000
perturbed,1,0,47,1,100,-12.00000
perturbed,1,0,47,1,300,-18.00000
perturbed,1,0,47,1,1000,-15.00000
perturbed,1,1,47,1,100,1.00000
perturbed,1,1,47,1,300,-1.00000
perturbed,1,1,47,1,1000,-2.00000
perturbed,1,2,47,1,100,1.00000
perturbed,1,2,47,1,300,-1.00000
perturbed,1,2,47,1,1000,4.00000
perturbed,1,0,47,2,100,-8.00000
perturbed,1,0,47,2,300,-10.00000
perturbed,1,0,47,2,1000,-22.00000
perturbed,1,1,47,2,100,2.00000
perturbed,1,1,47,2,300,9.00000
perturbed,1,1,47,2,1000,-4.00000
perturbed,1,2,47,2,100,4.00000
perturbed,1,2,47,2,300,11.00000
perturbed,1,2,47,2,1000,1.00000
perturbed,1,0,47,3,100,2.00000
perturbed,1,0,47,3,300,-5.00000
perturbed,1,0,47,3,1000,-25.00000
perturbed,1,1,47,3,100,2.00000
perturbed,1,1,47,3,300,5.00000
perturbed,1,1,47,3,1000,-3.00000
perturbed,1,2,47,3,100,2.00000
perturbed,1,2,47,3,300,5.00000
perturbed,1,2,47,3,1000,-4.00000
perturbed,1,0,47,4,100,-3.00000
perturbed,1,0,47,4,300,4.00000
perturbed,1,0,47,4,1000,-18.00000
perturbed,1,1,47,4,100,-3.00000
perturbed,1,1,47,4,300,10.00000
perturbed,1,1,47,4,1000,-8.00000
perturbed,1,2,47,4,100,-2.00000
perturbed,1,2,47,4,300,11.00000
perturbed,1,2,47,4,1000,-4.00000
perturbed,1,0,48,0,100,4.00000
perturbed,1,0,48,0,300,-11.00000
perturbed,1,0,48,0,1000,-15.00000
perturbed,1,1,48,0,100,-2.00000
perturbed,1,1,48,0,300,-17.00000
perturbed,1,1,48,0,1000,-20.00000
perturbed,1,2,48,0,100,-1.00000
perturbed,1,2,48,0,300,6.00000
perturbed,1,2,48,0,1000,3.00000
perturbed,1,0,48,1,100,-3.00000
perturbed,1,0,48,1,300,-15.00000
perturbed,1,0,48,1,1000,-17.00000
perturbed,1,1,48,1,100,-2.00000
perturbed,1,1,48,1,300,-17.00000
perturbed,1,1,48,1,1000,-19.00000
perturbed,1,2,48,1,100,0.00000
perturbed,1,2,48,1,300,6.00000
perturbed,1,2,48,1,1000,4.00000
perturbed,1,0,48,2,100,-7.00000
perturbed,1,0,48,2,300,-3.00000
perturbed,1,0,48,2,1000,-15.00000
perturbed,1,1,48,2,100,-5.00000
perturbed,1,1,48,2,300,-9.00000
perturbed,1,1,48,2,1000,-21.00000
perturbed,1,2,48,2,100,-7.00000
perturbed,1,2,48,2,300,-5.00000
perturbed,1,2,48,2,1000,2.00000
perturbed,1,0,48,3,100,7.00000
perturbed,1,0,48,3,300,2.00000
perturbed,1,0,48,3,1000,-14.00000
perturbed,1,1,48,3,100,1.00000
perturbed,1,1,48,3,300,-2.00000
perturbed,1,1,48,3,1000,-21.00000
perturbed,1,2,48,3,100,4.00000
perturbed,1,2,48,3,300,1.00000
perturbed,1,2,48,3,1000,2.00000
perturbed,1,0,48,4,100,-4.00000
perturbed,1,0,48,4,300,-13.00000
perturbed,1,0,48,4,1000,-17.00000
perturbed,1,1,48,4,100,-9.00000
perturbed,1,1,48,4,300,-17.00000
perturbed,1,1,48,4,1000,-23.00000
perturbed,1,2,48,4,100,5.00000
perturbed,1,2,48,4,300,-6.00000
perturbed,1,2,48,4,1000,0.00000
perturbed,1,0,49,0,100,13.00000
perturbed,1,0,49,0,300,23.00000
perturbed,1,0,49,0,1000,18.00000
perturbed,1,1,49,0,100,19.00000
perturbed,1,1,49,0,300,33.00000
perturbed,1,1,49,0,1000,33.00000
perturbed,1,2,49,0,100,19.00000
perturbed,1,2,49,0,300,33.00000
perturbed,1,2,49,0,1000,42.00000
perturbed,1,0,49,1,100,6.00000
perturbed,1,0,49,1,300,13.00000
perturbed,1,0,49,1,1000,18.00000
perturbed,1,1,49,1,100,14.00000
perturbed,1,1,49,1,300,22.00000
perturbed,1,1,49,1,1000,33.00000
perturbed,1,2,49,1,100,16.00000
perturbed,1,2,49,1,300,32.00000
perturbed,1,2,49,1,1000,42.00000
perturbed,1,0,49,2,100,22.00000
perturbed,1,0,49,2,300,26.00000
perturbed,1,0,49,2,1000,26.00000
perturbed,1,1,49,2,100,35.00000
perturbed,1,1,49,2,300,41.00000
perturbed,1,1,49,2,1000,42.00000
perturbed,1,2,49,2,100,35.00000
perturbed,1,2,49,2,300,41.00000
perturbed,1,2,49,2,1000,42.00000
perturbed,1,0,49,3,100,-3.00000
perturbed,1,0,49,3,300,14.00000
perturbed,1,0,49,3,1000,18.00000
perturbed,1,1,49,3,100,-2.00000
perturbed,1,1,49,3,300,30.00000
perturbed,1,1,49,3,1000,33.00000
perturbed,1,2,49,3,100,8.00000
perturbed,1,2,49,3,300,40.00000
perturbed,1,2,49,3,1000,42.00000
perturbed,1,0,49,4,100,14.00000
perturbed,1,0,49,4,300,18.00000
perturbed,1,0,49,4,1000,18.00000
perturbed,1,1,49,4,100,25.00000
perturbed,1,1,49,4,300,33.00000
perturbed,1,1,49,4,1000,33.00000
perturbed,1,2,49,4,100,27.00000
perturbed,1,2,49,4,300,36.00000
perturbed,1,2,49,4,1000,42.00000
regular,2,0,0,0,100,0.00000
regular,2,0,0,0,300,2.00000
regular,2,0,0,0,1000,0.00000
regular,2,1,0,0,100,1.00000
regular,2,1,0,0,300,1.00000
regular,2,1,0,0,1000,1.00000
regular,2,2,0,0,100,2.00000
regular,2,2,0,0,300,14.00000
regular,2,2,0,0,1000,15.00000
regular,2,0,0,1,100,-1.00000
regular,2,0,0,1,300,1.00000
regular,2,0,0,1,1000,0.00000
regular,2,1,0,1,100,2.00000
regular,2,1,0,1,300,2.00000
regular,2,1,0,1,1000,1.00000
regular,2,2,0,1,100,1.00000
regular,2,2,0,1,300,17.00000
regular,2,2,0,1,1000,15.00000
regular,2,0,0,2,100,-4.00000
regular,2,0,0,2,300,-4.00000
regular,2,0,0,2,1000,0.00000
regular,2,1,0,2,100,-2.00000
regular,2,1,0,2,300,-4.00000
regular,2,1,0,2,1000,1.00000
regular,2,2,0,2,100,-4.00000
regular,2,2,0,2,300,2.00000
regular,2,2,0,2,1000,15.00000
regular,2,0,0,3,100,0.00000
regular,2,0,0,3,300,1.00000
regular,2,0,0,3,1000,-3.00000
regular,2,1,0,3,100,-1.00000
regular,2,1,0,3,300,-1.00000
regular,2,1,0,3,1000,-4.00000
regular,2,2,0,3,100,9.00000
regular,2,2,0,3,300,15.00000
regular,2,2,0,3,1000,12.00000
regular,2,0,0,4,100,-2.00000
regular,2,0,0,4,300,0.00000
regular,2,0,0,4,1000,0.00000
regular,2,1,0,4,100,-2.00000
regular,2,1,0,4,300,-2.00000
regular,2,1,0,4,1000,-2.00000
regular,2,2,0,4,100,0.00000
regular,2,2,0,4,300,12.00000
regular,2,2,0,4,1000,15.00000
regular,2,0,1,0,100,-44.00000
regular,2,0,1,0,300,-58.00000
regular,2,0,1,0,1000,-62.00000
regular,2,1,1,0,100,-17.00000
regular,2,1,1,0,300,-27.00000
regular,2,1,1,0,1000,-27.00000
regular,2,2,1,0,100,-43.00000
regular,2,2,1,0,300,-56.00000
regular,2,2,1,0,1000,-60.00000
regular,2,0,1,1,100,-45.00000
regular,2,0,1,1,300,-59.00000
regular,2,0,1,1,1000,-62.00000
regular,2,1,1,1,100,-21.00000
regular,2,1,1,1,300,-25.00000
regular,2,1,1,1,1000,-27.00000
regular,2,2,1,1,100,-44.00000
regular,2,2,1,1,300,-58.00000
regular,2,2,1,1,1000,-60.00000
regular,2,0,1,2,100,-2.00000
regular,2,0,1,2,300,-5.00000
regular,2,0,1,2,1000,-62.00000
regular,2,1,1,2,100,-2.00000
regular,2,1,1,2,300,-3.00000
regular,2,1,1,2,1000,-27.00000
regular,2,2,1,2,100,-4.00000
regular,2,2,1,2,300,-5.00000
regular,2,2,1,2,1000,-60.00000
regular,2,0,1,3,100,-27.00000
regular,2,0,1,3,300,-39.00000
regular,2,0,1,3,1000,-62.00000
regular,2,1,1,3,100,-19.00000
regular,2,1,1,3,300,-24.00000
regular,2,1,1,3,1000,-27.00000
regular,2,2,1,3,100,-22.00000
regular,2,2,1,3,300,-36.00000
regular,2,2,1,3,1000,-60.00000
regular,2,0,1,4,100,-37.00000
regular,2,0,1,4,300,-53.00000
regular,2,0,1,4,1000,-62.00000
regular,2,1,1,4,100,-11.00000
regular,2,1,1,4,300,-19.00000
regular,2,1,1,4,1000,-27.00000
regular,2,2,1,4,100,-34.00000
regular,2,2,1,4,300,-52.00000
regular,2,2,1,4,1000,-60.00000
regular,2,0,2,0,100,11.00000
regular,2,0,2,0,300,14.00000
regular,2,0,2,0,1000,15.00000
regular,2,1,2,0,100,14.00000
regular,2,1,2,0,300,17.00000
regular,2,1,2,0,1000,18.00000
regular,2,2,2,0,100,15.00000
regular,2,2,2,0,300,18.00000
regular,2,2,2,0,1000,18.00000
regular,2,0,2,1,100,1.00000
regular,2,0,2,1,300,0.00000
regular,2,0,2,1,1000,5.00000
regular,2,1,2,1,100,0.00000
regular,2,1,2,1,300,1.00000
regular,2,1,2,1,1000,6.00000
regular,2,2,2,1,100,-6.00000
regular,2,2,2,1,300,-6.00000
regular,2,2,2,1,1000,-1.00000
regular,2,0,2,2,100,1.00000
regular,2,0,2,2,300,4.00000
regular,2,0,2,2,1000,18.00000
regular,2,1,2,2,100,2.00000
regular,2,1,2,2,300,3.00000
regular,2,1,2,2,1000,18.00000
regular,2,2,2,2,100,-5.00000
regular,2,2,2,2,300,-5.00000
regular,2,2,2,2,1000,11.00000
regular,2,0,2,3,100,2.00000
regular,2,0,2,3,300,17.00000
regular,2,0,2,3,1000,17.00000
regular,2,1,2,3,100,1.00000
regular,2,1,2,3,300,16.00000
regular,2,1,2,3,1000,18.00000
regular,2,2,2,3,100,-7.00000
regular,2,2,2,3,300,9.00000
regular,2,2,2,3,1000,11.00000
regular,2,0,2,4,100,13.00000
regular,2,0,2,4,300,11.00000
regular,2,0,2,4,1000,18.00000
regular,2,1,2,4,100,14.00000
regular,2,1,2,4,300,14.00000
regular,2,1,2,4,1000,18.00000
regular,2,2,2,4,100,14.00000
regular,2,2,2,4,300,8.00000
regular,2,2,2,4,1000,11.00000
regular,2,0,3,0,100,0.00000
regular,2,0,3,0,300,4.00000
regular,2,0,3,0,1000,7.00000
regular,2,1,3,0,100,0.00000
regular,2,1,3,0,300,4.00000
regular,2,1,3,0,1000,9.00000
regular,2,2,3,0,100,0.00000
regular,2,2,3,0,300,6.00000
regular,2,2,3,0,1000,11.00000
regular,2,0,3,1,100,-2.00000
regular,2,0,3,1,300,-1.00000
regular,2,0,3,1,1000,7.00000
regular,2,1,3,1,100,-2.00000
regular,2,1,3,1,300,-1.00000
regular,2,1,3,1,1000,9.00000
regular,2,2,3,1,100,0.00000
regular,2,2,3,1,300,1.00000
regular,2,2,3,1,1000,11.00000
regular,2,0,3,2,100,-3.00000
regular,2,0,3,2,300,4.00000
regular,2,0,3,2,1000,7.00000
regular,2,1,3,2,100,-3.00000
regular,2,1,3,2,300,4.00000
regular,2,1,3,2,1000,9.00000
regular,2,2,3,2,100,-1.00000
regular,2,2,3,2,300,6.00000
regular,2,2,3,2,1000,11.00000
regular,2,0,3,3,100,4.00000
regular,2,0,3,3,300,7.00000
regular,2,0,3,3,1000,7.00000
regular,2,1,3,3,100,4.00000
regular,2,1,3,3,300,8.00000
regular,2,1,3,3,1000,9.00000
regular,2,2,3,3,100,6.00000
regular,2,2,3,3,300,10.00000
regular,2,2,3,3,1000,11.00000
regular,2,0,3,4,100,5.00000
regular,2,0,3,4,300,8.00000
regular,2,0,3,4,1000,9.00000
regular,2,1,3,4,100,5.00000
regular,2,1,3,4,300,10.00000
regular,2,1,3,4,1000,11.00000
regular,2,2,3,4,100,5.00000
regular,2,2,3,4,300,10.00000
regular,2,2,3,4,1000,11.00000
regular,2,0,4,0,100,0.00000
regular,2,0,4,0,300,0.00000
regular,2,0,4,0,1000,9.00000
regular,2,1,4,0,100,0.00000
regular,2,1,4,0,300,0.00000
regular,2,1,4,0,1000,1.00000
regular,2,2,4,0,100,0.00000
regular,2,2,4,0,300,-1.00000
regular,2,2,4,0,1000,3.00000
regular,2,0,4,1,100,-3.00000
regular,2,0,4,1,300,-3.00000
regular,2,0,4,1,1000,9.00000
regular,2,1,4,1,100,-3.00000
regular,2,1,4,1,300,-3.00000
regular,2,1,4,1,1000,1.00000
regular,2,2,4,1,100,0.00000
regular,2,2,4,1,300,0.00000
regular,2,2,4,1,1000,0.00000
regular,2,0,4,2,100,9.00000
regular,2,0,4,2,300,8.00000
regular,2,0,4,2,1000,10.00000
regular,2,1,4,2,100,-2.00000
regular,2,1,4,2,300,-3.00000
regular,2,1,4,2,1000,1.00000
regular,2,2,4,2,100,-1.00000
regular,2,2,4,2,300,-2.00000
regular,2,2,4,2,1000,4.00000
regular,2,0,4,3,100,-3.00000
regular,2,0,4,3,300,0.00000
regular,2,0,4,3,1000,9.00000
regular,2,1,4,3,100,-3.00000
regular,2,1,4,3,300,-2.00000
regular,2,1,4,3,1000,0.00000
regular,2,2,4,3,100,0.00000
regular,2,2,4,3,300,1.00000
regular,2,2,4,3,1000,2.00000
regular,2,0,4,4,100,1.00000
regular,2,0,4,4,300,9.00000
regular,2,0,4,4,1000,9.00000
regular,2,1,4,4,100,-1.00000
regular,2,1,4,4,300,0.00000
regular,2,1,4,4,1000,1.00000
regular,2,2,4,4,100,-1.00000
regular,2,2,4,4,300,2.00000
regular,2,2,4,4,1000,3.00000
regular,2,0,5,0,100,-7.00000
regular,2,0,5,0,300,-6.00000
regular,2,0,5,0,1000,0.00000
regular,2,1,5,0,100,-5.00000
regular,2,1,5,0,300,-4.00000
regular,2,1,5,0,1000,-4.00000
regular,2,2,5,0,100,-6.00000
regular,2,2,5,0,300,-6.00000
regular,2,2,5,0,1000,-3.00000
regular,2,0,5,1,100,0.00000
regular,2,0,5,1,300,7.00000
regular,2,0,5,1,1000,8.00000
regular,2,1,5,1,100,0.00000
regular,2,1,5,1,300,-4.00000
regular,2,1,5,1,1000,-2.00000
regular,2,2,5,1,100,0.00000
regular,2,2,5,1,300,0.00000
regular,2,2,5,1,1000,3.00000
regular,2,0,5,2,100,7.00000
regular,2,0,5,2,300,2.00000
regular,2,0,5,2,1000,0.00000
regular,2,1,5,2,100,0.00000
regular,2,1,5,2,300,-5.00000
regular,2,1,5,2,1000,-4.00000
regular,2,2,5,2,100,0.00000
regular,2,2,5,2,300,-3.00000
regular,2,2,5,2,1000,-3.00000
regular,2,0,5,3,100,-2.00000
regular,2,0,5,3,300,-4.00000
regular,2,0,5,3,1000,0.00000
regular,2,1,5,3,100,-4.00000
regular,2,1,5,3,300,-4.00000
regular,2,1,5,3,1000,-4.00000
regular,2,2,5,3,100,-2.00000
regular,2,2,5,3,300,-3.00000
regular,2,2,5,3,1000,-3.00000
regular,2,0,5,4,100,-2.00000
regular,2,0,5,4,300,12.00000
regular,2,0,5,4,1000,1.00000
regular,2,1,5,4,100,-2.00000
regular,2,1,5,4,300,-2.00000
regular,2,1,5,4,1000,-5.00000
regular,2,2,5,4,100,4.00000
regular,2,2,5,4,300,5.00000
regular,2,2,5,4,1000,-4.00000
regular,2,0,6,0,100,1.00000
regular,2,0,6,0,300,1.00000
regular,2,0,6,0,1000,35.00000
regular,2,1,6,0,100,3.00000
regular,2,1,6,0,300,3.00000
regular,2,1,6,0,1000,2.00000
regular,2,2,6,0,100,1.00000
regular,2,2,6,0,300,1.00000
regular,2,2,6,0,1000,20.00000
regular,2,0,6,1,100,1.00000
regular,2,0,6,1,300,20.00000
regular,2,0,6,1,1000,35.00000
regular,2,1,6,1,100,2.00000
regular,2,1,6,1,300,2.00000
regular,2,1,6,1,1000,2.00000
regular,2,2,6,1,100,4.00000
regular,2,2,6,1,300,3.00000
regular,2,2,6,1,1000,23.00000
regular,2,0,6,2,100,1.00000
regular,2,0,6,2,300,33.00000
regular,2,0,6,2,1000,35.00000
regular,2,1,6,2,100,1.00000
regular,2,1,6,2,300,1.00000
regular,2,1,6,2,1000,2.00000
regular,2,2,6,2,100,4.00000
regular,2,2,6,2,300,22.00000
regular,2,2,6,2,1000,25.00000
regular,2,0,6,3,100,6.00000
regular,2,0,6,3,300,33.00000
regular,2,0,6,3,1000,35.00000
regular,2,1,6,3,100,1.00000
regular,2,1,6,3,300,1.00000
regular,2,1,6,3,1000,2.00000
regular,2,2,6,3,100,1.00000
regular,2,2,6,3,300,21.00000
regular,2,2,6,3,1000,23.00000
regular,2,0,6,4,100,-1.00000
regular,2,0,6,4,300,5.00000
regular,2,0,6,4,1000,35.00000
regular,2,1,6,4,100,0.00000
regular,2,1,6,4,300,2.00000
regular,2,1,6,4,1000,2.00000
regular,2,2,6,4,100,1.00000
regular,2,2,6,4,300,0.00000
regular,2,2,6,4,1000,18.00000
regular,2,0,7,0,100,4.00000
regular,2,0,7,0,300,4.00000
regular,2,0,7,0,1000,4.00000
regular,2,1,7,0,100,4.00000
regular,2,1,7,0,300,4.00000
regular,2,1,7,0,1000,4.00000
regular,2,2,7,0,100,5.00000
regular,2,2,7,0,300,5.00000
regular,2,2,7,0,1000,9.00000
regular,2,0,7,1,100,2.00000
regular,2,0,7,1,300,1.00000
regular,2,0,7,1,1000,4.00000
regular,2,1,7,1,100,2.00000
regular,2,1,7,1,300,2.00000
regular,2,1,7,1,1000,4.00000
regular,2,2,7,1,100,2.00000
regular,2,2,7,1,300,8.00000
regular,2,2,7,1,1000,10.00000
regular,2,0,7,2,100,3.00000
regular,2,0,7,2,300,4.00000
regular,2,0,7,2,1000,4.00000
regular,2,1,7,2,100,4.00000
regular,2,1,7,2,300,4.00000
regular,2,1,7,2,1000,4.00000
regular,2,2,7,2,100,6.00000
regular,2,2,7,2,300,5.00000
regular,2,2,7,2,1000,9.00000
regular,2,0,7,3,100,0.00000
regular,2,0,7,3,300,4.00000
regular,2,0,7,3,1000,4.00000
regular,2,1,7,3,100,0.00000
regular,2,1,7,3,300,4.00000
regular,2,1,7,3,1000,4.00000
regular,2,2,7,3,100,1.00000
regular,2,2,7,3,300,5.00000
regular,2,2,7,3,1000,9.00000
regular,2,0,7,4,100,0.00000
regular,2,0,7,4,300,4.00000
regular,2,0,7,4,1000,4.00000
regular,2,1,7,4,100,0.00000
regular,2,1,7,4,300,4.00000
regular,2,1,7,4,1000,4.00000
regular,2,2,7,4,100,5.00000
regular,2,2,7,4,300,9.00000
regular,2,2,7,4,1000,9.00000
regular,2,0,8,0,100,2.00000
regular,2,0,8,0,300,9.00000
regular,2,0,8,0,1000,6.00000
regular,2,1,8,0,100,2.00000
regular,2,1,8,0,300,17.00000
regular,2,1,8,0,1000,18.00000
regular,2,2,8,0,100,2.00000
regular,2,2,8,0,300,17.00000
regular,2,2,8,0,1000,19.00000
regular,2,0,8,1,100,1.00000
regular,2,0,8,1,300,13.00000
regular,2,0,8,1,1000,6.00000
regular,2,1,8,1,100,1.00000
regular,2,1,8,1,300,14.00000
regular,2,1,8,1,1000,17.00000
regular,2,2,8,1,100,1.00000
regular,2,2,8,1,300,14.00000
regular,2,2,8,1,1000,18.00000
regular,2,0,8,2,100,-6.00000
regular,2,0,8,2,300,1.00000
regular,2,0,8,2,1000,6.00000
regular,2,1,8,2,100,3.00000
regular,2,1,8,2,300,12.00000
regular,2,1,8,2,1000,17.00000
regular,2,2,8,2,100,3.00000
regular,2,2,8,2,300,12.00000
regular,2,2,8,2,1000,18.00000
regular,2,0,8,3,100,2.00000
regular,2,0,8,3,300,6.00000
regular,2,0,8,3,1000,5.00000
regular,2,1,8,3,100,8.00000
regular,2,1,8,3,300,17.00000
regular,2,1,8,3,1000,18.00000
regular,2,2,8,3,100,8.00000
regular,2,2,8,3,300,17.00000
regular,2,2,8,3,1000,18.00000
regular,2,0,8,4,100,9.00000
regular,2,0,8,4,300,9.00000
regular,2,0,8,4,1000,5.00000
regular,2,1,8,4,100,18.00000
regular,2,1,8,4,300,19.00000
regular,2,1,8,4,1000,18.00000
regular,2,2,8,4,100,18.00000
regular,2,2,8,4,300,19.00000
regular,2,2,8,4,1000,18.00000
regular,2,0,9,0,100,0.00000
regular,2,0,9,0,300,0.00000
regular,2,0,9,0,1000,10.00000
regular,2,1,9,0,100,0.00000
regular,2,1,9,0,300,0.00000
regular,2,1,9,0,1000,13.00000
regular,2,2,9,0,100,1.00000
regular,2,2,9,0,300,1.00000
regular,2,2,9,0,1000,14.00000
regular,2,0,9,1,100,0.00000
regular,2,0,9,1,300,0.00000
regular,2,0,9,1,1000,10.00000
regular,2,1,9,1,100,0.00000
regular,2,1,9,1,300,0.00000
regular,2,1,9,1,1000,13.00000
regular,2,2,9,1,100,0.00000
regular,2,2,9,1,300,1.00000
regular,2,2,9,1,1000,14.00000
regular,2,0,9,2,100,0.00000
regular,2,0,9,2,300,0.00000
regular,2,0,9,2,1000,10.00000
regular,2,1,9,2,100,0.00000
regular,2,1,9,2,300,0.00000
regular,2,1,9,2,1000,13.00000
regular,2,2,9,2,100,1.00000
regular,2,2,9,2,300,1.00000
regular,2,2,9,2,1000,14.00000
regular,2,0,9,3,100,0.00000
regular,2,0,9,3,300,0.00000
regular,2,0,9,3,1000,10.00000
regular,2,1,9,3,100,0.00000
regular,2,1,9,3,300,0.00000
regular,2,1,9,3,1000,13.00000
regular,2,2,9,3,100,0.00000
regular,2,2,9,3,300,0.00000
regular,2,2,9,3,1000,14.00000
regular,2,0,9,4,100,0.00000
regular,2,0,9,4,300,9.00000
regular,2,0,9,4,1000,9.00000
regular,2,1,9,4,100,0.00000
regular,2,1,9,4,300,12.00000
regular,2,1,9,4,1000,12.00000
regular,2,2,9,4,100,0.00000
regular,2,2,9,4,300,12.00000
regular,2,2,9,4,1000,13.00000
regular,2,0,10,0,100,6.00000
regular,2,0,10,0,300,-14.00000
regular,2,0,10,0,1000,-13.00000
regular,2,1,10,0,100,1.00000
regular,2,1,10,0,300,-1.00000
regular,2,1,10,0,1000,0.00000
regular,2,2,10,0,100,3.00000
regular,2,2,10,0,300,-23.00000
regular,2,2,10,0,1000,-25.00000
regular,2,0,10,1,100,-9.00000
regular,2,0,10,1,300,-12.00000
regular,2,0,10,1,1000,-14.00000
regular,2,1,10,1,100,-1.00000
regular,2,1,10,1,300,0.00000
regular,2,1,10,1,1000,-1.00000
regular,2,2,10,1,100,-14.00000
regular,2,2,10,1,300,-17.00000
regular,2,2,10,1,1000,-26.00000
regular,2,0,10,2,100,-17.00000
regular,2,0,10,2,300,-15.00000
regular,2,0,10,2,1000,-13.00000
regular,2,1,10,2,100,1.00000
regular,2,1,10,2,300,-1.00000
regular,2,1,10,2,1000,0.00000
regular,2,2,10,2,100,-28.00000
regular,2,2,10,2,300,-30.00000
regular,2,2,10,2,1000,-25.00000
regular,2,0,10,3,100,3.00000
regular,2,0,10,3,300,-16.00000
regular,2,0,10,3,1000,-14.00000
regular,2,1,10,3,100,2.00000
regular,2,1,10,3,300,-1.00000
regular,2,1,10,3,1000,0.00000
regular,2,2,10,3,100,-3.00000
regular,2,2,10,3,300,-28.00000
regular,2,2,10,3,1000,-25.00000
regular,2,0,10,4,100,-17.00000
regular,2,0,10,4,300,-14.00000
regular,2,0,10,4,1000,-14.00000
regular,2,1,10,4,100,1.00000
regular,2,1,10,4,300,1.00000
regular,2,1,10,4,1000,0.00000
regular,2,2,10,4,100,-20.00000
regular,2,2,10,4,300,-19.00000
regular,2,2,10,4,1000,-22.00000
regular,2,0,11,0,100,-1.00000
regular,2,0,11,0,300,-14.00000
regular,2,0,11,0,1000,-16.00000
regular,2,1,11,0,100,-3.00000
regular,2,1,11,0,300,-9.00000
regular,2,1,11,0,1000,-9.00000
regular,2,2,11,0,100,2.00000
regular,2,2,11,0,300,-10.00000
regular,2,2,11,0,1000,-9.00000
regular,2,0,11,1,100,-13.00000
regular,2,0,11,1,300,-12.00000
regular,2,0,11,1,1000,-16.00000
regular,2,1,11,1,100,-7.00000
regular,2,1,11,1,300,-7.00000
regular,2,1,11,1,1000,-9.00000
regular,2,2,11,1,100,-9.00000
regular,2,2,11,1,300,-8.00000
regular,2,2,11,1,1000,-9.00000
regular,2,0,11,2,100,-15.00000
regular,2,0,11,2,300,-16.00000
regular,2,0,11,2,1000,-16.00000
regular,2,1,11,2,100,-7.00000
regular,2,1,11,2,300,-9.00000
regular,2,1,11,2,1000,-9.00000
regular,2,2,11,2,100,-14.00000
regular,2,2,11,2,300,-10.00000
regular,2,2,11,2,1000,-9.00000
regular,2,0,11,3,100,-9.00000
regular,2,0,11,3,300,-13.00000
regular,2,0,11,3,1000,-16.00000
regular,2,1,11,3,100,-8.00000
regular,2,1,11,3,300,-9.00000
regular,2,1,11,3,1000,-9.00000
regular,2,2,11,3,100,-3.00000
regular,2,2,11,3,300,-7.00000
regular,2,2,11,3,1000,-9.00000
regular,2,0,11,4,100,-2.00000
regular,2,0,11,4,300,-16.00000
regular,2,0,11,4,1000,-16.00000
regular,2,1,11,4,100,-2.00000
regular,2,1,11,4,300,-9.00000
regular,2,1,11,4,1000,-9.00000
regular,2,2,11,4,100,4.00000
regular,2,2,11,4,300,-9.00000
regular,2,2,11,4,1000,-9.00000
regular,2,0,12,0,100,-1.00000
regular,2,0,12,0,300,3.00000
regular,2,0,12,0,1000,2.00000
regular,2,1,12,0,100,-1.00000
regular,2,1,12,0,300,1.00000
regular,2,1,12,0,1000,1.00000
regular,2,2,12,0,100,14.00000
regular,2,2,12,0,300,16.00000
regular,2,2,12,0,1000,18.00000
regular,2,0,12,1,100,-1.00000
regular,2,0,12,1,300,0.00000
regular,2,0,12,1,1000,2.00000
regular,2,1,12,1,100,0.00000
regular,2,1,12,1,300,1.00000
regular,2,1,12,1,1000,1.00000
regular,2,2,12,1,100,0.00000
regular,2,2,12,1,300,18.00000
regular,2,2,12,1,1000,18.00000
regular,2,0,12,2,100,-1.00000
regular,2,0,12,2,300,0.00000
regular,2,0,12,2,1000,3.00000
regular,2,1,12,2,100,-1.00000
regular,2,1,12,2,300,0.00000
regular,2,1,12,2,1000,1.00000
regular,2,2,12,2,100,-1.00000
regular,2,2,12,2,300,0.00000
regular,2,2,12,2,1000,18.00000
regular,2,0,12,3,100,-2.00000
regular,2,0,12,3,300,0.00000
regular,2,0,12,3,1000,0.00000
regular,2,1,12,3,100,-1.00000
regular,2,1,12,3,300,1.00000
regular,2,1,12,3,1000,1.00000
regular,2,2,12,3,100,-1.00000
regular,2,2,12,3,300,1.00000
regular,2,2,12,3,1000,18.00000
regular,2,0,12,4,100,1.00000
regular,2,0,12,4,300,1.00000
regular,2,0,12,4,1000,2.00000
regular,2,1,12,4,100,1.00000
regular,2,1,12,4,300,1.00000
regular,2,1,12,4,1000,1.00000
regular,2,2,12,4,100,1.00000
regular,2,2,12,4,300,1.00000
regular,2,2,12,4,1000,18.00000
regular,2,0,13,0,100,0.00000
regular,2,0,13,0,300,0.00000
regular,2,0,13,0,1000,1.00000
regular,2,1,13,0,100,0.00000
regular,2,1,13,0,300,0.00000
regular,2,1,13,0,1000,18.00000
regular,2,2,13,0,100,0.00000
regular,2,2,13,0,300,0.00000
regular,2,2,13,0,1000,13.00000
regular,2,0,13,1,100,9.00000
regular,2,0,13,1,300,1.00000
regular,2,0,13,1,1000,-3.00000
regular,2,1,13,1,100,18.00000
regular,2,1,13,1,300,22.00000
regular,2,1,13,1,1000,22.00000
regular,2,2,13,1,100,17.00000
regular,2,2,13,1,300,21.00000
regular,2,2,13,1,1000,17.00000
regular,2,0,13,2,100,8.00000
regular,2,0,13,2,300,3.00000
regular,2,0,13,2,1000,0.00000
regular,2,1,13,2,100,14.00000
regular,2,1,13,2,300,24.00000
regular,2,1,13,2,1000,22.00000
regular,2,2,13,2,100,14.00000
regular,2,2,13,2,300,24.00000
regular,2,2,13,2,1000,19.00000
regular,2,0,13,3,100,2.00000
regular,2,0,13,3,300,1.00000
regular,2,0,13,3,1000,-5.00000
regular,2,1,13,3,100,2.00000
regular,2,1,13,3,300,16.00000
regular,2,1,13,3,1000,21.00000
regular,2,2,13,3,100,2.00000
regular,2,2,13,3,300,13.00000
regular,2,2,13,3,1000,17.00000
regular,2,0,13,4,100,0.00000
regular,2,0,13,4,300,0.00000
regular,2,0,13,4,1000,-2.00000
regular,2,1,13,4,100,0.00000
regular,2,1,13,4,300,0.00000
regular,2,1,13,4,1000,22.00000
regular,2,2,13,4,100,0.00000
regular,2,2,13,4,300,0.00000
regular,2,2,13,4,1000,17.00000
regular,2,0,14,0,100,-3.00000
regular,2,0,14,0,300,0.00000
regular,2,0,14,0,1000,-14.00000
regular,2,1,14,0,100,-2.00000
regular,2,1,14,0,300,-2.00000
regular,2,1,14,0,1000,-4.00000
regular,2,2,14,0,100,-13.00000
regular,2,2,14,0,300,-14.00000
regular,2,2,14,0,1000,-12.00000
regular,2,0,14,1,100,-6.00000
regular,2,0,14,1,300,-7.00000
regular,2,0,14,1,1000,-13.00000
regular,2,1,14,1,100,0.00000
regular,2,1,14,1,300,-2.00000
regular,2,1,14,1,1000,-3.00000
regular,2,2,14,1,100,3.00000
regular,2,2,14,1,300,-6.00000
regular,2,2,14,1,1000,-11.00000
regular,2,0,14,2,100,-7.00000
regular,2,0,14,2,300,-10.00000
regular,2,0,14,2,1000,-13.00000
regular,2,1,14,2,100,3.00000
regular,2,1,14,2,300,1.00000
regular,2,1,14,2,1000,-3.00000
regular,2,2,14,2,100,-7.00000
regular,2,2,14,2,300,-7.00000
regular,2,2,14,2,1000,-11.00000
regular,2,0,14,3,100,-1.00000
regular,2,0,14,3,300,-4.00000
regular,2,0,14,3,1000,-13.00000
regular,2,1,14,3,100,-1.00000
regular,2,1,14,3,300,-2.00000
regular,2,1,14,3,1000,-4.00000
regular,2,2,14,3,100,1.00000
regular,2,2,14,3,300,3.00000
regular,2,2,14,3,1000,-12.00000
regular,2,0,14,4,100,-11.00000
regular,2,0,14,4,300,-11.00000
regular,2,0,14,4,1000,-13.00000
regular,2,1,14,4,100,-4.00000
regular,2,1,14,4,300,-2.00000
regular,2,1,14,4,1000,-3.00000
regular,2,2,14,4,100,-7.00000
regular,2,2,14,4,300,-9.00000
regular,2,2,14,4,1000,-11.00000
regular,2,0,15,0,100,-5.00000
regular,2,0,15,0,300,-5.00000
regular,2,0,15,0,1000,-5.00000
regular,2,1,15,0,100,-3.00000
regular,2,1,15,0,300,-3.00000
regular,2,1,15,0,1000,-3.00000
regular,2,2,15,0,100,3.00000
regular,2,2,15,0,300,6.00000
regular,2,2,15,0,1000,10.00000
regular,2,0,15,1,100,-4.00000
regular,2,0,15,1,300,-5.00000
regular,2,0,15,1,1000,-5.00000
regular,2,1,15,1,100,-4.00000
regular,2,1,15,1,300,-3.00000
regular,2,1,15,1,1000,-3.00000
regular,2,2,15,1,100,12.00000
regular,2,2,15,1,300,13.00000
regular,2,2,15,1,1000,12.00000
regular,2,0,15,2,100,-4.00000
regular,2,0,15,2,300,-4.00000
regular,2,0,15,2,1000,-5.00000
regular,2,1,15,2,100,-4.00000
regular,2,1,15,2,300,-4.00000
regular,2,1,15,2,1000,-3.00000
regular,2,2,15,2,100,12.00000
regular,2,2,15,2,300,12.00000
regular,2,2,15,2,1000,11.00000
regular,2,0,15,3,100,0.00000
regular,2,0,15,3,300,-1.00000
regular,2,0,15,3,1000,-4.00000
regular,2,1,15,3,100,0.00000
regular,2,1,15,3,300,-1.00000
regular,2,1,15,3,1000,-2.00000
regular,2,2,15,3,100,4.00000
regular,2,2,15,3,300,8.00000
regular,2,2,15,3,1000,12.00000
regular,2,0,15,4,100,-6.00000
regular,2,0,15,4,300,-6.00000
regular,2,0,15,4,1000,-5.00000
regular,2,1,15,4,100,-4.00000
regular,2,1,15,4,300,-4.00000
regular,2,1,15,4,1000,-3.00000
regular,2,2,15,4,100,5.00000
regular,2,2,15,4,300,5.00000
regular,2,2,15,4,1000,7.00000
regular,2,0,16,0,100,-7.00000
regular,2,0,16,0,300,-9.00000
regular,2,0,16,0,1000,-7.00000
regular,2,1,16,0,100,0.00000
regular,2,1,16,0,300,-2.00000
regular,2,1,16,0,1000,-3.00000
regular,2,2,16,0,100,1.00000
regular,2,2,16,0,300,4.00000
regular,2,2,16,0,1000,4.00000
regular,2,0,16,1,100,2.00000
regular,2,0,16,1,300,-1.00000
regular,2,0,16,1,1000,-8.00000
regular,2,1,16,1,100,-1.00000
regular,2,1,16,1,300,-4.00000
regular,2,1,16,1,1000,-4.00000
regular,2,2,16,1,100,4.00000
regular,2,2,16,1,300,4.00000
regular,2,2,16,1,1000,3.00000
regular,2,0,16,2,100,-1.00000
regular,2,0,16,2,300,-6.00000
regular,2,0,16,2,1000,-8.00000
regular,2,1,16,2,100,-3.00000
regular,2,1,16,2,300,-1.00000
regular,2,1,16,2,1000,-4.00000
regular,2,2,16,2,100,-2.00000
regular,2,2,16,2,300,3.00000
regular,2,2,16,2,1000,3.00000
regular,2,0,16,3,100,-2.00000
regular,2,0,16,3,300,-1.00000
regular,2,0,16,3,1000,-1.00000
regular,2,1,16,3,100,-2.00000
regular,2,1,16,3,300,-2.00000
regular,2,1,16,3,1000,-4.00000
regular,2,2,16,3,100,2.00000
regular,2,2,16,3,300,5.00000
regular,2,2,16,3,1000,3.00000
regular,2,0,16,4,100,-1.00000
regular,2,0,16,4,300,0.00000
regular,2,0,16,4,1000,-1.00000
regular,2,1,16,4,100,-3.00000
regular,2,1,16,4,300,-3.00000
regular,2,1,16,4,1000,-4.00000
regular,2,2,16,4,100,5.00000
regular,2,2,16,4,300,4.00000
regular,2,2,16,4,1000,3.00000
regular,2,0,17,0,100,-1.00000
regular,2,0,17,0,300,-1.00000
regular,2,0,17,0,1000,19.00000
regular,2,1,17,0,100,-2.00000
regular,2,1,17,0,300,-4.00000
regular,2,1,17,0,1000,-4.00000
regular,2,2,17,0,100,6.00000
regular,2,2,17,0,300,17.00000
regular,2,2,17,0,1000,26.00000
regular,2,0,17,1,100,4.00000
regular,2,0,17,1,300,4.00000
regular,2,0,17,1,1000,7.00000
regular,2,1,17,1,100,-4.00000
regular,2,1,17,1,300,-4.00000
regular,2,1,17,1,1000,-4.00000
regular,2,2,17,1,100,24.00000
regular,2,2,17,1,300,24.00000
regular,2,2,17,1,1000,27.00000
regular,2,0,17,2,100,-2.00000
regular,2,0,17,2,300,10.00000
regular,2,0,17,2,1000,16.00000
regular,2,1,17,2,100,-3.00000
regular,2,1,17,2,300,-4.00000
regular,2,1,17,2,1000,-4.00000
regular,2,2,17,2,100,10.00000
regular,2,2,17,2,300,26.00000
regular,2,2,17,2,1000,27.00000
regular,2,0,17,3,100,5.00000
regular,2,0,17,3,300,17.00000
regular,2,0,17,3,1000,20.00000
regular,2,1,17,3,100,-6.00000
regular,2,1,17,3,300,-6.00000
regular,2,1,17,3,1000,-4.00000
regular,2,2,17,3,100,22.00000
regular,2,2,17,3,300,23.00000
regular,2,2,17,3,1000,27.00000
regular,2,0,17,4,100,0.00000
regular,2,0,17,4,300,21.00000
regular,2,0,17,4,1000,20.00000
regular,2,1,17,4,100,0.00000
regular,2,1,17,4,300,-1.00000
regular,2,1,17,4,1000,-4.00000
regular,2,2,17,4,100,11.00000
regular,2,2,17,4,300,22.00000
regular,2,2,17,4,1000,27.00000
regular,2,0,18,0,100,6.00000
regular,2,0,18,0,300,5.00000
regular,2,0,18,0,1000,6.00000
regular,2,1,18,0,100,0.00000
regular,2,1,18,0,300,-3.00000
regular,2,1,18,0,1000,8.00000
regular,2,2,18,0,100,8.00000
regular,2,2,18,0,300,5.00000
regular,2,2,18,0,1000,16.00000
regular,2,0,18,1,100,4.00000
regular,2,0,18,1,300,9.00000
regular,2,0,18,1,1000,13.00000
regular,2,1,18,1,100,10.00000
regular,2,1,18,1,300,15.00000
regular,2,1,18,1,1000,15.00000
regular,2,2,18,1,100,10.00000
regular,2,2,18,1,300,22.00000
regular,2,2,18,1,1000,23.00000
regular,2,0,18,2,100,3.00000
regular,2,0,18,2,300,8.00000
regular,2,0,18,2,1000,12.00000
regular,2,1,18,2,100,0.00000
regular,2,1,18,2,300,7.00000
regular,2,1,18,2,1000,15.00000
regular,2,2,18,2,100,7.00000
regular,2,2,18,2,300,15.00000
regular,2,2,18,2,1000,23.00000
regular,2,0,18,3,100,7.00000
regular,2,0,18,3,300,7.00000
regular,2,0,18,3,1000,13.00000
regular,2,1,18,3,100,16.00000
regular,2,1,18,3,300,17.00000
regular,2,1,18,3,1000,15.00000
regular,2,2,18,3,100,17.00000
regular,2,2,18,3,300,18.00000
regular,2,2,18,3,1000,23.00000
regular,2,0,18,4,100,5.00000
regular,2,0,18,4,300,6.00000
regular,2,0,18,4,1000,15.00000
regular,2,1,18,4,100,-2.00000
regular,2,1,18,4,300,-2.00000
regular,2,1,18,4,1000,7.00000
regular,2,2,18,4,100,7.00000
regular,2,2,18,4,300,7.00000
regular,2,2,18,4,1000,15.00000
regular,2,0,19,0,100,3.00000
regular,2,0,19,0,300,5.00000
regular,2,0,19,0,1000,7.00000
regular,2,1,19,0,100,-1.00000
regular,2,1,19,0,300,0.00000
regular,2,1,19,0,1000,5.00000
regular,2,2,19,0,100,16.00000
regular,2,2,19,0,300,20.00000
regular,2,2,19,0,1000,26.00000
regular,2,0,19,1,100,2.00000
regular,2,0,19,1,300,2.00000
regular,2,0,19,1,1000,6.00000
regular,2,1,19,1,100,2.00000
regular,2,1,19,1,300,2.00000
regular,2,1,19,1,1000,5.00000
regular,2,2,19,1,100,10.00000
regular,2,2,19,1,300,10.00000
regular,2,2,19,1,1000,26.00000
regular,2,0,19,2,100,2.00000
regular,2,0,19,2,300,7.00000
regular,2,0,19,2,1000,7.00000
regular,2,1,19,2,100,4.00000
regular,2,1,19,2,300,4.00000
regular,2,1,19,2,1000,5.00000
regular,2,2,19,2,100,4.00000
regular,2,2,19,2,300,23.00000
regular,2,2,19,2,1000,26.00000
regular,2,0,19,3,100,4.00000
regular,2,0,19,3,300,5.00000
regular,2,0,19,3,1000,7.00000
regular,2,1,19,3,100,4.00000
regular,2,1,19,3,300,4.00000
regular,2,1,19,3,1000,5.00000
regular,2,2,19,3,100,4.00000
regular,2,2,19,3,300,15.00000
regular,2,2,19,3,1000,26.00000
regular,2,0,19,4,100,0.00000
regular,2,0,19,4,300,5.00000
regular,2,0,19,4,1000,7.00000
regular,2,1,19,4,100,0.00000
regular,2,1,19,4,300,0.00000
regular,2,1,19,4,1000,5.00000
regular,2,2,19,4,100,1.00000
regular,2,2,19,4,300,18.00000
regular,2,2,19,4,1000,26.00000
regular,2,0,20,0,100,2.00000
regular,2,0,20,0,300,19.00000
regular,2,0,20,0,1000,22.00000
regular,2,1,20,0,100,-1.00000
regular,2,1,20,0,300,0.00000
regular,2,1,20,0,1000,0.00000
regular,2,2,20,0,100,7.00000
regular,2,2,20,0,300,22.00000
regular,2,2,20,0,1000,33.00000
regular,2,0,20,1,100,9.00000
regular,2,0,20,1,300,19.00000
regular,2,0,20,1,1000,22.00000
regular,2,1,20,1,100,-3.00000
regular,2,1,20,1,300,0.00000
regular,2,1,20,1,1000,0.00000
regular,2,2,20,1,100,15.00000
regular,2,2,20,1,300,28.00000
regular,2,2,20,1,1000,32.00000
regular,2,0,20,2,100,20.00000
regular,2,0,20,2,300,21.00000
regular,2,0,20,2,1000,22.00000
regular,2,1,20,2,100,-2.00000
regular,2,1,20,2,300,-2.00000
regular,2,1,20,2,1000,0.00000
regular,2,2,20,2,100,18.00000
regular,2,2,20,2,300,24.00000
regular,2,2,20,2,1000,32.00000
regular,2,0,20,3,100,15.00000
regular,2,0,20,3,300,17.00000
regular,2,0,20,3,1000,22.00000
regular,2,1,20,3,100,-3.00000
regular,2,1,20,3,300,-3.00000
regular,2,1,20,3,1000,0.00000
regular,2,2,20,3,100,21.00000
regular,2,2,20,3,300,28.00000
regular,2,2,20,3,1000,33.00000
regular,2,0,20,4,100,9.00000
regular,2,0,20,4,300,20.00000
regular,2,0,20,4,1000,22.00000
regular,2,1,20,4,100,-2.00000
regular,2,1,20,4,300,-3.00000
regular,2,1,20,4,1000,-1.00000
regular,2,2,20,4,100,16.00000
regular,2,2,20,4,300,28.00000
regular,2,2,20,4,1000,32.00000
regular,2,0,21,0,100,0.00000
regular,2,0,21,0,300,11.00000
regular,2,0,21,0,1000,18.00000
regular,2,1,21,0,100,-1.00000
regular,2,1,21,0,300,-1.00000
regular,2,1,21,0,1000,14.00000
regular,2,2,21,0,100,12.00000
regular,2,2,21,0,300,13.00000
regular,2,2,21,0,1000,29.00000
regular,2,0,21,1,100,11.00000
regular,2,0,21,1,300,11.00000
regular,2,0,21,1,1000,14.00000
regular,2,1,21,1,100,-1.00000
regular,2,1,21,1,300,-1.00000
regular,2,1,21,1,1000,2.00000
regular,2,2,21,1,100,15.00000
regular,2,2,21,1,300,14.00000
regular,2,2,21,1,1000,19.00000
regular,2,0,21,2,100,9.00000
regular,2,0,21,2,300,8.00000
regular,2,0,21,2,1000,18.00000
regular,2,1,21,2,100,2.00000
regular,2,1,21,2,300,1.00000
regular,2,1,21,2,1000,14.00000
regular,2,2,21,2,100,18.00000
regular,2,2,21,2,300,20.00000
regular,2,2,21,2,1000,31.00000
regular,2,0,21,3,100,1.00000
regular,2,0,21,3,300,2.00000
regular,2,0,21,3,1000,13.00000
regular,2,1,21,3,100,-1.00000
regular,2,1,21,3,300,-1.00000
regular,2,1,21,3,1000,2.00000
regular,2,2,21,3,100,11.00000
regular,2,2,21,3,300,15.00000
regular,2,2,21,3,1000,19.00000
regular,2,0,21,4,100,6.00000
regular,2,0,21,4,300,19.00000
regular,2,0,21,4,1000,16.00000
regular,2,1,21,4,100,-1.00000
regular,2,1,21,4,300,11.00000
regular,2,1,21,4,1000,15.00000
regular,2,2,21,4,100,16.00000
regular,2,2,21,4,300,28.00000
regular,2,2,21,4,1000,32.00000
regular,2,0,22,0,100,0.00000
regular,2,0,22,0,300,2.00000
regular,2,0,22,0,1000,-4.00000
regular,2,1,22,0,100,2.00000
regular,2,1,22,0,300,6.00000
regular,2,1,22,0,1000,-3.00000
regular,2,2,22,0,100,2.00000
regular,2,2,22,0,300,6.00000
regular,2,2,22,0,1000,-5.00000
regular,2,0,22,1,100,-8.00000
regular,2,0,22,1,300,-8.00000
regular,2,0,22,1,1000,-7.00000
regular,2,1,22,1,100,-6.00000
regular,2,1,22,1,300,-4.00000
regular,2,1,22,1,1000,-4.00000
regular,2,2,22,1,100,-6.00000
regular,2,2,22,1,300,-4.00000
regular,2,2,22,1,1000,-16.00000
regular,2,0,22,2,100,-11.00000
regular,2,0,22,2,300,-12.00000
regular,2,0,22,2,1000,-12.00000
regular,2,1,22,2,100,-8.00000
regular,2,1,22,2,300,-8.00000
regular,2,1,22,2,1000,-8.00000
regular,2,2,22,2,100,-8.00000
regular,2,2,22,2,300,-10.00000
regular,2,2,22,2,1000,-10.00000
regular,2,0,22,3,100,-2.00000
regular,2,0,22,3,300,2.00000
regular,2,0,22,3,1000,2.00000
regular,2,1,22,3,100,1.00000
regular,2,1,22,3,300,5.00000
regular,2,1,22,3,1000,5.00000
regular,2,2,22,3,100,1.00000
regular,2,2,22,3,300,5.00000
regular,2,2,22,3,1000,-7.00000
regular,2,0,22,4,100,4.00000
regular,2,0,22,4,300,-7.00000
regular,2,0,22,4,1000,-8.00000
regular,2,1,22,4,100,3.00000
regular,2,1,22,4,300,-5.00000
regular,2,1,22,4,1000,-4.00000
regular,2,2,22,4,100,3.00000
regular,2,2,22,4,300,-8.00000
regular,2,2,22,4,1000,-7.00000
regular,2,0,23,0,100,1.00000
regular,2,0,23,0,300,-11.00000
regular,2,0,23,0,1000,-14.00000
regular,2,1,23,0,100,2.00000
regular,2,1,23,0,300,-5.00000
regular,2,1,23,0,1000,-7.00000
regular,2,2,23,0,100,4.00000
regular,2,2,23,0,300,-7.00000
regular,2,2,23,0,1000,-9.00000
regular,2,0,23,1,100,-9.00000
regular,2,0,23,1,300,-11.00000
regular,2,0,23,1,1000,-23.00000
regular,2,1,23,1,100,-6.00000
regular,2,1,23,1,300,-8.00000
regular,2,1,23,1,1000,-16.00000
regular,2,2,23,1,100,-9.00000
regular,2,2,23,1,300,-11.00000
regular,2,2,23,1,1000,-18.00000
regular,2,0,23,2,100,5.00000
regular,2,0,23,2,300,5.00000
regular,2,0,23,2,1000,2.00000
regular,2,1,23,2,100,7.00000
regular,2,1,23,2,300,8.00000
regular,2,1,23,2,1000,5.00000
regular,2,2,23,2,100,7.00000
regular,2,2,23,2,300,8.00000
regular,2,2,23,2,1000,9.00000
regular,2,0,23,3,100,-6.00000
regular,2,0,23,3,300,-9.00000
regular,2,0,23,3,1000,-13.00000
regular,2,1,23,3,100,-7.00000
regular,2,1,23,3,300,-5.00000
regular,2,1,23,3,1000,-6.00000
regular,2,2,23,3,100,-4.00000
regular,2,2,23,3,300,-5.00000
regular,2,2,23,3,1000,-7.00000
regular,2,0,23,4,100,-7.00000
regular,2,0,23,4,300,-12.00000
regular,2,0,23,4,1000,-15.00000
regular,2,1,23,4,100,-5.00000
regular,2,1,23,4,300,-8.00000
regular,2,1,23,4,1000,-8.00000
regular,2,2,23,4,100,-5.00000
regular,2,2,23,4,300,-8.00000
regular,2,2,23,4,1000,-8.00000
regular,2,0,24,0,100,-3.00000
regular,2,0,24,0,300,-4.00000
regular,2,0,24,0,1000,5.00000
regular,2,1,24,0,100,1.00000
regular,2,1,24,0,300,-2.00000
regular,2,1,24,0,1000,-1.00000
regular,2,2,24,0,100,1.00000
regular,2,2,24,0,300,1.00000
regular,2,2,24,0,1000,3.00000
regular,2,0,24,1,100,6.00000
regular,2,0,24,1,300,-5.00000
regular,2,0,24,1,1000,11.00000
regular,2,1,24,1,100,10.00000
regular,2,1,24,1,300,1.00000
regular,2,1,24,1,1000,0.00000
regular,2,2,24,1,100,10.00000
regular,2,2,24,1,300,-4.00000
regular,2,2,24,1,1000,6.00000
regular,2,0,24,2,100,7.00000
regular,2,0,24,2,300,17.00000
regular,2,0,24,2,1000,19.00000
regular,2,1,24,2,100,1.00000
regular,2,1,24,2,300,-1.00000
regular,2,1,24,2,1000,4.00000
regular,2,2,24,2,100,3.00000
regular,2,2,24,2,300,8.00000
regular,2,2,24,2,1000,10.00000
regular,2,0,24,3,100,6.00000
regular,2,0,24,3,300,16.00000
regular,2,0,24,3,1000,21.00000
regular,2,1,24,3,100,1.00000
regular,2,1,24,3,300,0.00000
regular,2,1,24,3,1000,7.00000
regular,2,2,24,3,100,11.00000
regular,2,2,24,3,300,8.00000
regular,2,2,24,3,1000,15.00000
regular,2,0,24,4,100,5.00000
regular,2,0,24,4,300,5.00000
regular,2,0,24,4,1000,22.00000
regular,2,1,24,4,100,-3.00000
regular,2,1,24,4,300,-3.00000
regular,2,1,24,4,1000,8.00000
regular,2,2,24,4,100,8.00000
regular,2,2,24,4,300,8.00000
regular,2,2,24,4,1000,16.00000
regular,2,0,25,0,100,-24.00000
regular,2,0,25,0,300,-36.00000
regular,2,0,25,0,1000,-41.00000
regular,2,1,25,0,100,-7.00000
regular,2,1,25,0,300,-1.00000
regular,2,1,25,0,1000,2.00000
regular,2,2,25,0,100,-21.00000
regular,2,2,25,0,300,-19.00000
regular,2,2,25,0,1000,-21.00000
regular,2,0,25,1,100,-22.00000
regular,2,0,25,1,300,-39.00000
regular,2,0,25,1,1000,-39.00000
regular,2,1,25,1,100,-4.00000
regular,2,1,25,1,300,3.00000
regular,2,1,25,1,1000,3.00000
regular,2,2,25,1,100,-10.00000
regular,2,2,25,1,300,-20.00000
regular,2,2,25,1,1000,-20.00000
regular,2,0,25,2,100,1.00000
regular,2,0,25,2,300,-18.00000
regular,2,0,25,2,1000,-39.00000
regular,2,1,25,2,100,3.00000
regular,2,1,25,2,300,1.00000
regular,2,1,25,2,1000,-1.00000
regular,2,2,25,2,100,3.00000
regular,2,2,25,2,300,-1.00000
regular,2,2,25,2,1000,-22.00000
regular,2,0,25,3,100,-22.00000
regular,2,0,25,3,300,-39.00000
regular,2,0,25,3,1000,-41.00000
regular,2,1,25,3,100,-6.00000
regular,2,1,25,3,300,0.00000
regular,2,1,25,3,1000,1.00000
regular,2,2,25,3,100,-26.00000
regular,2,2,25,3,300,-23.00000
regular,2,2,25,3,1000,-22.00000
regular,2,0,25,4,100,-21.00000
regular,2,0,25,4,300,-42.00000
regular,2,0,25,4,1000,-41.00000
regular,2,1,25,4,100,0.00000
regular,2,1,25,4,300,-1.00000
regular,2,1,25,4,1000,2.00000
regular,2,2,25,4,100,-12.00000
regular,2,2,25,4,300,-23.00000
regular,2,2,25,4,1000,-21.00000
regular,2,0,26,0,100,0.00000
regular,2,0,26,0,300,-3.00000
regular,2,0,26,0,1000,-3.00000
regular,2,1,26,0,100,-1.00000
regular,2,1,26,0,300,-1.00000
regular,2,1,26,0,1000,-1.00000
regular,2,2,26,0,100,-2.00000
regular,2,2,26,0,300,-26.00000
regular,2,2,26,0,1000,-16.00000
regular,2,0,26,1,100,0.00000
regular,2,0,26,1,300,0.00000
regular,2,0,26,1,1000,-1.00000
regular,2,1,26,1,100,0.00000
regular,2,1,26,1,300,0.00000
regular,2,1,26,1,1000,-1.00000
regular,2,2,26,1,100,1.00000
regular,2,2,26,1,300,3.00000
regular,2,2,26,1,1000,-14.00000
regular,2,0,26,2,100,0.00000
regular,2,0,26,2,300,6.00000
regular,2,0,26,2,1000,-2.00000
regular,2,1,26,2,100,0.00000
regular,2,1,26,2,300,0.00000
regular,2,1,26,2,1000,0.00000
regular,2,2,26,2,100,2.00000
regular,2,2,26,2,300,2.00000
regular,2,2,26,2,1000,-15.00000
regular,2,0,26,3,100,0.00000
regular,2,0,26,3,300,6.00000
regular,2,0,26,3,1000,-2.00000
regular,2,1,26,3,100,0.00000
regular,2,1,26,3,300,0.00000
regular,2,1,26,3,1000,0.00000
regular,2,2,26,3,100,6.00000
regular,2,2,26,3,300,8.00000
regular,2,2,26,3,1000,-15.00000
regular,2,0,26,4,100,-3.00000
regular,2,0,26,4,300,0.00000
regular,2,0,26,4,1000,-2.00000
regular,2,1,26,4,100,-1.00000
regular,2,1,26,4,300,-1.00000
regular,2,1,26,4,1000,-1.00000
regular,2,2,26,4,100,-18.00000
regular,2,2,26,4,300,-9.00000
regular,2,2,26,4,1000,-15.00000
regular,2,0,27,0,100,-8.00000
regular,2,0,27,0,300,-33.00000
regular,2,0,27,0,1000,-32.00000
regular,2,1,27,0,100,-2.00000
regular,2,1,27,0,300,-19.00000
regular,2,1,27,0,1000,-17.00000
regular,2,2,27,0,100,-1.00000
regular,2,2,27,0,300,-21.00000
regular,2,2,27,0,1000,-19.00000
regular,2,0,27,1,100,3.00000
regular,2,0,27,1,300,-29.00000
regular,2,0,27,1,1000,-32.00000
regular,2,1,27,1,100,5.00000
regular,2,1,27,1,300,-16.00000
regular,2,1,27,1,1000,-17.00000
regular,2,2,27,1,100,9.00000
regular,2,2,27,1,300,-17.00000
regular,2,2,27,1,1000,-19.00000
regular,2,0,27,2,100,0.00000
regular,2,0,27,2,300,-11.00000
regular,2,0,27,2,1000,-32.00000
regular,2,1,27,2,100,6.00000
regular,2,1,27,2,300,0.00000
regular,2,1,27,2,1000,-17.00000
regular,2,2,27,2,100,9.00000
regular,2,2,27,2,300,1.00000
regular,2,2,27,2,1000,-19.00000
regular,2,0,27,3,100,-18.00000
regular,2,0,27,3,300,-32.00000
regular,2,0,27,3,1000,-32.00000
regular,2,1,27,3,100,-10.00000
regular,2,1,27,3,300,-18.00000
regular,2,1,27,3,1000,-17.00000
regular,2,2,27,3,100,-13.00000
regular,2,2,27,3,300,-24.00000
regular,2,2,27,3,1000,-19.00000
regular,2,0,27,4,100,1.00000
regular,2,0,27,4,300,1.00000
regular,2,0,27,4,1000,-29.00000
regular,2,1,27,4,100,1.00000
regular,2,1,27,4,300,1.00000
regular,2,1,27,4,1000,-14.00000
regular,2,2,27,4,100,4.00000
regular,2,2,27,4,300,4.00000
regular,2,2,27,4,1000,-16.00000
regular,2,0,28,0,100,8.00000
regular,2,0,28,0,300,-2.00000
regular,2,0,28,0,1000,1.00000
regular,2,1,28,0,100,10.00000
regular,2,1,28,0,300,3.00000
regular,2,1,28,0,1000,3.00000
regular,2,2,28,0,100,9.00000
regular,2,2,28,0,300,1.00000
regular,2,2,28,0,1000,3.00000
regular,2,0,28,1,100,6.00000
regular,2,0,28,1,300,9.00000
regular,2,0,28,1,1000,7.00000
regular,2,1,28,1,100,2.00000
regular,2,1,28,1,300,10.00000
regular,2,1,28,1,1000,8.00000
regular,2,2,28,1,100,2.00000
regular,2,2,28,1,300,10.00000
regular,2,2,28,1,1000,8.00000
regular,2,0,28,2,100,-5.00000
regular,2,0,28,2,300,-2.00000
regular,2,0,28,2,1000,-2.00000
regular,2,1,28,2,100,-1.00000
regular,2,1,28,2,300,2.00000
regular,2,1,28,2,1000,2.00000
regular,2,2,28,2,100,0.00000
regular,2,2,28,2,300,1.00000
regular,2,2,28,2,1000,1.00000
regular,2,0,28,3,100,7.00000
regular,2,0,28,3,300,1.00000
regular,2,0,28,3,1000,1.00000
regular,2,1,28,3,100,2.00000
regular,2,1,28,3,300,3.00000
regular,2,1,28,3,1000,3.00000
regular,2,2,28,3,100,2.00000
regular,2,2,28,3,300,2.00000
regular,2,2,28,3,1000,2.00000
regular,2,0,28,4,100,-5.00000
regular,2,0,28,4,300,2.00000
regular,2,0,28,4,1000,1.00000
regular,2,1,28,4,100,1.00000
regular,2,1,28,4,300,3.00000
regular,2,1,28,4,1000,2.00000
regular,2,2,28,4,100,0.00000
regular,2,2,28,4,300,2.00000
regular,2,2,28,4,1000,2.00000
regular,2,0,29,0,100,-42.00000
regular,2,0,29,0,300,-50.00000
regular,2,0,29,0,1000,-49.00000
regular,2,1,29,0,100,-28.00000
regular,2,1,29,0,300,-31.00000
regular,2,1,29,0,1000,-31.00000
regular,2,2,29,0,100,-38.00000
regular,2,2,29,0,300,-46.00000
regular,2,2,29,0,1000,-49.00000
regular,2,0,29,1,100,-23.00000
regular,2,0,29,1,300,-28.00000
regular,2,0,29,1,1000,-49.00000
regular,2,1,29,1,100,-12.00000
regular,2,1,29,1,300,-13.00000
regular,2,1,29,1,1000,-31.00000
regular,2,2,29,1,100,-25.00000
regular,2,2,29,1,300,-33.00000
regular,2,2,29,1,1000,-51.00000
regular,2,0,29,2,100,-29.00000
regular,2,0,29,2,300,-50.00000
regular,2,0,29,2,1000,-49.00000
regular,2,1,29,2,100,-18.00000
regular,2,1,29,2,300,-32.00000
regular,2,1,29,2,1000,-31.00000
regular,2,2,29,2,100,-30.00000
regular,2,2,29,2,300,-48.00000
regular,2,2,29,2,1000,-51.00000
regular,2,0,29,3,100,-33.00000
regular,2,0,29,3,300,-45.00000
regular,2,0,29,3,1000,-46.00000
regular,2,1,29,3,100,-27.00000
regular,2,1,29,3,300,-29.00000
regular,2,1,29,3,1000,-29.00000
regular,2,2,29,3,100,-35.00000
regular,2,2,29,3,300,-44.00000
regular,2,2,29,3,1000,-49.00000
regular,2,0,29,4,100,-16.00000
regular,2,0,29,4,300,-26.00000
regular,2,0,29,4,1000,-45.00000
regular,2,1,29,4,100,-5.00000
regular,2,1,29,4,300,-13.00000
regular,2,1,29,4,1000,-29.00000
regular,2,2,29,4,100,-17.00000
regular,2,2,29,4,300,-31.00000
regular,2,2,29,4,1000,-49.00000
regular,2,0,30,0,100,-14.00000
regular,2,0,30,0,300,-16.00000
regular,2,0,30,0,1000,-17.00000
regular,2,1,30,0,100,-6.00000
regular,2,1,30,0,300,-7.00000
regular,2,1,30,0,1000,-8.00000
regular,2,2,30,0,100,-17.00000
regular,2,2,30,0,300,-16.00000
regular,2,2,30,0,1000,-16.00000
regular,2,0,30,1,100,-9.00000
regular,2,0,30,1,300,-13.00000
regular,2,0,30,1,1000,-17.00000
regular,2,1,30,1,100,-6.00000
regular,2,1,30,1,300,-8.00000
regular,2,1,30,1,1000,-8.00000
regular,2,2,30,1,100,-6.00000
regular,2,2,30,1,300,-8.00000
regular,2,2,30,1,1000,-15.00000
regular,2,0,30,2,100,-7.00000
regular,2,0,30,2,300,-17.00000
regular,2,0,30,2,1000,-17.00000
regular,2,1,30,2,100,-5.00000
regular,2,1,30,2,300,-8.00000
regular,2,1,30,2,1000,-8.00000
regular,2,2,30,2,100,-1.00000
regular,2,2,30,2,300,-16.00000
regular,2,2,30,2,1000,-16.00000
regular,2,0,30,3,100,-13.00000
regular,2,0,30,3,300,-18.00000
regular,2,0,30,3,1000,-17.00000
regular,2,1,30,3,100,-4.00000
regular,2,1,30,3,300,-7.00000
regular,2,1,30,3,1000,-8.00000
regular,2,2,30,3,100,-16.00000
regular,2,2,30,3,300,-15.00000
regular,2,2,30,3,1000,-15.00000
regular,2,0,30,4,100,-6.00000
regular,2,0,30,4,300,-17.00000
regular,2,0,30,4,1000,-16.00000
regular,2,1,30,4,100,-6.00000
regular,2,1,30,4,300,-8.00000
regular,2,1,30,4,1000,-7.00000
regular,2,2,30,4,100,-1.00000
regular,2,2,30,4,300,-17.00000
regular,2,2,30,4,1000,-14.00000
regular,2,0,31,0,100,-16.00000
regular,2,0,31,0,300,-21.00000
regular,2,0,31,0,1000,-19.00000
regular,2,1,31,0,100,-8.00000
regular,2,1,31,0,300,-13.00000
regular,2,1,31,0,1000,-13.00000
regular,2,2,31,0,100,-12.00000
regular,2,2,31,0,300,-17.00000
regular,2,2,31,0,1000,-17.00000
regular,2,0,31,1,100,-16.00000
regular,2,0,31,1,300,-15.00000
regular,2,0,31,1,1000,-19.00000
regular,2,1,31,1,100,-11.00000
regular,2,1,31,1,300,-11.00000
regular,2,1,31,1,1000,-13.00000
regular,2,2,31,1,100,-9.00000
regular,2,2,31,1,300,-15.00000
regular,2,2,31,1,1000,-17.00000
regular,2,0,31,2,100,-13.00000
regular,2,0,31,2,300,-22.00000
regular,2,0,31,2,1000,-19.00000
regular,2,1,31,2,100,-9.00000
regular,2,1,31,2,300,-13.00000
regular,2,1,31,2,1000,-13.00000
regular,2,2,31,2,100,-13.00000
regular,2,2,31,2,300,-21.00000
regular,2,2,31,2,1000,-17.00000
regular,2,0,31,3,100,3.00000
regular,2,0,31,3,300,2.00000
regular,2,0,31,3,1000,-22.00000
regular,2,1,31,3,100,-4.00000
regular,2,1,31,3,300,-5.00000
regular,2,1,31,3,1000,-15.00000
regular,2,2,31,3,100,2.00000
regular,2,2,31,3,300,3.00000
regular,2,2,31,3,1000,-21.00000
regular,2,0,31,4,100,-20.00000
regular,2,0,31,4,300,-16.00000
regular,2,0,31,4,1000,-19.00000
regular,2,1,31,4,100,-8.00000
regular,2,1,31,4,300,-11.00000
regular,2,1,31,4,1000,-13.00000
regular,2,2,31,4,100,-17.00000
regular,2,2,31,4,300,-15.00000
regular,2,2,31,4,1000,-17.00000
regular,2,0,32,0,100,-4.00000
regular,2,0,32,0,300,-6.00000
regular,2,0,32,0,1000,-4.00000
regular,2,1,32,0,100,-3.00000
regular,2,1,32,0,300,-5.00000
regular,2,1,32,0,1000,-8.00000
regular,2,2,32,0,100,-2.00000
regular,2,2,32,0,300,3.00000
regular,2,2,32,0,1000,0.00000
regular,2,0,32,1,100,0.00000
regular,2,0,32,1,300,-1.00000
regular,2,0,32,1,1000,-1.00000
regular,2,1,32,1,100,0.00000
regular,2,1,32,1,300,-6.00000
regular,2,1,32,1,1000,-6.00000
regular,2,2,32,1,100,-1.00000
regular,2,2,32,1,300,-1.00000
regular,2,2,32,1,1000,2.00000
regular,2,0,32,2,100,-8.00000
regular,2,0,32,2,300,0.00000
regular,2,0,32,2,1000,-2.00000
regular,2,1,32,2,100,-3.00000
regular,2,1,32,2,300,-3.00000
regular,2,1,32,2,1000,-6.00000
regular,2,2,32,2,100,-4.00000
regular,2,2,32,2,300,3.00000
regular,2,2,32,2,1000,2.00000
regular,2,0,32,3,100,4.00000
regular,2,0,32,3,300,0.00000
regular,2,0,32,3,1000,-4.00000
regular,2,1,32,3,100,2.00000
regular,2,1,32,3,300,-3.00000
regular,2,1,32,3,1000,-8.00000
regular,2,2,32,3,100,6.00000
regular,2,2,32,3,300,5.00000
regular,2,2,32,3,1000,0.00000
regular,2,0,32,4,100,-2.00000
regular,2,0,32,4,300,-8.00000
regular,2,0,32,4,1000,-4.00000
regular,2,1,32,4,100,-2.00000
regular,2,1,32,4,300,-4.00000
regular,2,1,32,4,1000,-8.00000
regular,2,2,32,4,100,3.00000
regular,2,2,32,4,300,-3.00000
regular,2,2,32,4,1000,0.00000
regular,2,0,33,0,100,-14.00000
regular,2,0,33,0,300,-47.00000
regular,2,0,33,0,1000,-45.00000
regular,2,1,33,0,100,-4.00000
regular,2,1,33,0,300,-13.00000
regular,2,1,33,0,1000,-10.00000
regular,2,2,33,0,100,-11.00000
regular,2,2,33,0,300,-39.00000
regular,2,2,33,0,1000,-37.00000
regular,2,0,33,1,100,-8.00000
regular,2,0,33,1,300,-34.00000
regular,2,0,33,1,1000,-45.00000
regular,2,1,33,1,100,-3.00000
regular,2,1,33,1,300,-12.00000
regular,2,1,33,1,1000,-10.00000
regular,2,2,33,1,100,-6.00000
regular,2,2,33,1,300,-29.00000
regular,2,2,33,1,1000,-37.00000
regular,2,0,33,2,100,-1.00000
regular,2,0,33,2,300,-44.00000
regular,2,0,33,2,1000,-45.00000
regular,2,1,33,2,100,0.00000
regular,2,1,33,2,300,-12.00000
regular,2,1,33,2,1000,-10.00000
regular,2,2,33,2,100,3.00000
regular,2,2,33,2,300,-37.00000
regular,2,2,33,2,1000,-37.00000
regular,2,0,33,3,100,1.00000
regular,2,0,33,3,300,1.00000
regular,2,0,33,3,1000,-40.00000
regular,2,1,33,3,100,1.00000
regular,2,1,33,3,300,3.00000
regular,2,1,33,3,1000,-7.00000
regular,2,2,33,3,100,4.00000
regular,2,2,33,3,300,6.00000
regular,2,2,33,3,1000,-34.00000
regular,2,0,33,4,100,-19.00000
regular,2,0,33,4,300,-45.00000
regular,2,0,33,4,1000,-45.00000
regular,2,1,33,4,100,-9.00000
regular,2,1,33,4,300,-11.00000
regular,2,1,33,4,1000,-11.00000
regular,2,2,33,4,100,-12.00000
regular,2,2,33,4,300,-34.00000
regular,2,2,33,4,1000,-35.00000
regular,2,0,34,0,100,15.00000
regular,2,0,34,0,300,18.00000
regular,2,0,34,0,1000,23.00000
regular,2,1,34,0,100,4.00000
regular,2,1,34,0,300,5.00000
regular,2,1,34,0,1000,8.00000
regular,2,2,34,0,100,7.00000
regular,2,2,34,0,300,5.00000
regular,2,2,34,0,1000,8.00000
regular,2,0,34,1,100,3.00000
regular,2,0,34,1,300,14.00000
regular,2,0,34,1,1000,15.00000
regular,2,1,34,1,100,4.00000
regular,2,1,34,1,300,6.00000
regular,2,1,34,1,1000,8.00000
regular,2,2,34,1,100,6.00000
regular,2,2,34,1,300,9.00000
regular,2,2,34,1,1000,11.00000
regular,2,0,34,2,100,13.00000
regular,2,0,34,2,300,19.00000
regular,2,0,34,2,1000,23.00000
regular,2,1,34,2,100,0.00000
regular,2,1,34,2,300,7.00000
regular,2,1,34,2,1000,8.00000
regular,2,2,34,2,100,3.00000
regular,2,2,34,2,300,11.00000
regular,2,2,34,2,1000,8.00000
regular,2,0,34,3,100,4.00000
regular,2,0,34,3,300,18.00000
regular,2,0,34,3,1000,23.00000
regular,2,1,34,3,100,5.00000
regular,2,1,34,3,300,7.00000
regular,2,1,34,3,1000,8.00000
regular,2,2,34,3,100,8.00000
regular,2,2,34,3,300,6.00000
regular,2,2,34,3,1000,7.00000
regular,2,0,34,4,100,4.00000
regular,2,0,34,4,300,11.00000
regular,2,0,34,4,1000,22.00000
regular,2,1,34,4,100,3.00000
regular,2,1,34,4,300,3.00000
regular,2,1,34,4,1000,8.00000
regular,2,2,34,4,100,7.00000
regular,2,2,34,4,300,4.00000
regular,2,2,34,4,1000,7.00000
regular,2,0,35,0,100,3.00000
regular,2,0,35,0,300,3.00000
regular,2,0,35,0,1000,1.00000
regular,2,1,35,0,100,9.00000
regular,2,1,35,0,300,9.00000
regular,2,1,35,0,1000,8.00000
regular,2,2,35,0,100,10.00000
regular,2,2,35,0,300,10.00000
regular,2,2,35,0,1000,11.00000
regular,2,0,35,1,100,-2.00000
regular,2,0,35,1,300,3.00000
regular,2,0,35,1,1000,1.00000
regular,2,1,35,1,100,-2.00000
regular,2,1,35,1,300,8.00000
regular,2,1,35,1,1000,8.00000
regular,2,2,35,1,100,1.00000
regular,2,2,35,1,300,11.00000
regular,2,2,35,1,1000,11.00000
regular,2,0,35,2,100,2.00000
regular,2,0,35,2,300,4.00000
regular,2,0,35,2,1000,1.00000
regular,2,1,35,2,100,7.00000
regular,2,1,35,2,300,10.00000
regular,2,1,35,2,1000,7.00000
regular,2,2,35,2,100,7.00000
regular,2,2,35,2,300,10.00000
regular,2,2,35,2,1000,8.00000
regular,2,0,35,3,100,-6.00000
regular,2,0,35,3,300,0.00000
regular,2,0,35,3,1000,1.00000
regular,2,1,35,3,100,-3.00000
regular,2,1,35,3,300,4.00000
regular,2,1,35,3,1000,8.00000
regular,2,2,35,3,100,-2.00000
regular,2,2,35,3,300,5.00000
regular,2,2,35,3,1000,11.00000
regular,2,0,35,4,100,-2.00000
regular,2,0,35,4,300,2.00000
regular,2,0,35,4,1000,1.00000
regular,2,1,35,4,100,-2.00000
regular,2,1,35,4,300,6.00000
regular,2,1,35,4,1000,8.00000
regular,2,2,35,4,100,1.00000
regular,2,2,35,4,300,9.00000
regular,2,2,35,4,1000,11.00000
regular,2,0,36,0,100,-2.00000
regular,2,0,36,0,300,4.00000
regular,2,0,36,0,1000,8.00000
regular,2,1,36,0,100,-5.00000
regular,2,1,36,0,300,-4.00000
regular,2,1,36,0,1000,-4.00000
regular,2,2,36,0,100,13.00000
regular,2,2,36,0,300,16.00000
regular,2,2,36,0,1000,16.00000
regular,2,0,36,1,100,2.00000
regular,2,0,36,1,300,0.00000
regular,2,0,36,1,1000,18.00000
regular,2,1,36,1,100,2.00000
regular,2,1,36,1,300,0.00000
regular,2,1,36,1,1000,-4.00000
regular,2,2,36,1,100,2.00000
regular,2,2,36,1,300,1.00000
regular,2,2,36,1,1000,17.00000
regular,2,0,36,2,100,2.00000
regular,2,0,36,2,300,6.00000
regular,2,0,36,2,1000,15.00000
regular,2,1,36,2,100,-2.00000
regular,2,1,36,2,300,-4.00000
regular,2,1,36,2,1000,-4.00000
regular,2,2,36,2,100,9.00000
regular,2,2,36,2,300,16.00000
regular,2,2,36,2,1000,16.00000
regular,2,0,36,3,100,14.00000
regular,2,0,36,3,300,18.00000
regular,2,0,36,3,1000,18.00000
regular,2,1,36,3,100,-4.00000
regular,2,1,36,3,300,-4.00000
regular,2,1,36,3,1000,-4.00000
regular,2,2,36,3,100,11.00000
regular,2,2,36,3,300,17.00000
regular,2,2,36,3,1000,17.00000
regular,2,0,36,4,100,5.00000
regular,2,0,36,4,300,15.00000
regular,2,0,36,4,1000,18.00000
regular,2,1,36,4,100,0.00000
regular,2,1,36,4,300,-4.00000
regular,2,1,36,4,1000,-4.00000
regular,2,2,36,4,100,5.00000
regular,2,2,36,4,300,17.00000
regular,2,2,36,4,1000,17.00000
regular,2,0,37,0,100,-10.00000
regular,2,0,37,0,300,-16.00000
regular,2,0,37,0,1000,-16.00000
regular,2,1,37,0,100,-5.00000
regular,2,1,37,0,300,-10.00000
regular,2,1,37,0,1000,-10.00000
regular,2,2,37,0,100,-6.00000
regular,2,2,37,0,300,-5.00000
regular,2,2,37,0,1000,-3.00000
regular,2,0,37,1,100,-5.00000
regular,2,0,37,1,300,-5.00000
regular,2,0,37,1,1000,-16.00000
regular,2,1,37,1,100,-5.00000
regular,2,1,37,1,300,-5.00000
regular,2,1,37,1,1000,-10.00000
regular,2,2,37,1,100,0.00000
regular,2,2,37,1,300,1.00000
regular,2,2,37,1,1000,-3.00000
regular,2,0,37,2,100,-9.00000
regular,2,0,37,2,300,-9.00000
regular,2,0,37,2,1000,-10.00000
regular,2,1,37,2,100,-7.00000
regular,2,1,37,2,300,-7.00000
regular,2,1,37,2,1000,-7.00000
regular,2,2,37,2,100,2.00000
regular,2,2,37,2,300,2.00000
regular,2,2,37,2,1000,2.00000
regular,2,0,37,3,100,-9.00000
regular,2,0,37,3,300,-14.00000
regular,2,0,37,3,1000,-16.00000
regular,2,1,37,3,100,-4.00000
regular,2,1,37,3,300,-8.00000
regular,2,1,37,3,1000,-10.00000
regular,2,2,37,3,100,-9.00000
regular,2,2,37,3,300,-3.00000
regular,2,2,37,3,1000,-3.00000
regular,2,0,37,4,100,-14.00000
regular,2,0,37,4,300,-13.00000
regular,2,0,37,4,1000,-16.00000
regular,2,1,37,4,100,-8.00000
regular,2,1,37,4,300,-7.00000
regular,2,1,37,4,1000,-10.00000
regular,2,2,37,4,100,-10.00000
regular,2,2,37,4,300,-10.00000
regular,2,2,37,4,1000,-3.00000
regular,2,0,38,0,100,-13.00000
regular,2,0,38,0,300,-22.00000
regular,2,0,38,0,1000,-24.00000
regular,2,1,38,0,100,-3.00000
regular,2,1,38,0,300,-1.00000
regular,2,1,38,0,1000,-4.00000
regular,2,2,38,0,100,-12.00000
regular,2,2,38,0,300,-17.00000
regular,2,2,38,0,1000,-17.00000
regular,2,0,38,1,100,-1.00000
regular,2,0,38,1,300,-2.00000
regular,2,0,38,1,1000,-10.00000
regular,2,1,38,1,100,3.00000
regular,2,1,38,1,300,2.00000
regular,2,1,38,1,1000,-2.00000
regular,2,2,38,1,100,8.00000
regular,2,2,38,1,300,7.00000
regular,2,2,38,1,1000,0.00000
regular,2,0,38,2,100,3.00000
regular,2,0,38,2,300,0.00000
regular,2,0,38,2,1000,-24.00000
regular,2,1,38,2,100,5.00000
regular,2,1,38,2,300,4.00000
regular,2,1,38,2,1000,-4.00000
regular,2,2,38,2,100,6.00000
regular,2,2,38,2,300,9.00000
regular,2,2,38,2,1000,-16.00000
regular,2,0,38,3,100,-6.00000
regular,2,0,38,3,300,-22.00000
regular,2,0,38,3,1000,-24.00000
regular,2,1,38,3,100,1.00000
regular,2,1,38,3,300,-6.00000
regular,2,1,38,3,1000,-6.00000
regular,2,2,38,3,100,-3.00000
regular,2,2,38,3,300,-15.00000
regular,2,2,38,3,1000,-19.00000
regular,2,0,38,4,100,1.00000
regular,2,0,38,4,300,-12.00000
regular,2,0,38,4,1000,-22.00000
regular,2,1,38,4,100,1.00000
regular,2,1,38,4,300,-1.00000
regular,2,1,38,4,1000,-2.00000
regular,2,2,38,4,100,2.00000
regular,2,2,38,4,300,-3.00000
regular,2,2,38,4,1000,-15.00000
regular,2,0,39,0,100,3.00000
regular,2,0,39,0,300,3.00000
regular,2,0,39,0,1000,8.00000
regular,2,1,39,0,100,-2.00000
regular,2,1,39,0,300,-2.00000
regular,2,1,39,0,1000,-2.00000
regular,2,2,39,0,100,17.00000
regular,2,2,39,0,300,17.00000
regular,2,2,39,0,1000,38.00000
regular,2,0,39,1,100,-1.00000
regular,2,0,39,1,300,3.00000
regular,2,0,39,1,1000,6.00000
regular,2,1,39,1,100,-1.00000
regular,2,1,39,1,300,-2.00000
regular,2,1,39,1,1000,-2.00000
regular,2,2,39,1,100,1.00000
regular,2,2,39,1,300,30.00000
regular,2,2,39,1,1000,37.00000
regular,2,0,39,2,100,2.00000
regular,2,0,39,2,300,2.00000
regular,2,0,39,2,1000,9.00000
regular,2,1,39,2,100,-1.00000
regular,2,1,39,2,300,-1.00000
regular,2,1,39,2,1000,-2.00000
regular,2,2,39,2,100,10.00000
regular,2,2,39,2,300,10.00000
regular,2,2,39,2,1000,38.00000
regular,2,0,39,3,100,-2.00000
regular,2,0,39,3,300,1.00000
regular,2,0,39,3,1000,5.00000
regular,2,1,39,3,100,-3.00000
regular,2,1,39,3,300,-3.00000
regular,2,1,39,3,1000,-2.00000
regular,2,2,39,3,100,7.00000
regular,2,2,39,3,300,26.00000
regular,2,2,39,3,1000,35.00000
regular,2,0,39,4,100,6.00000
regular,2,0,39,4,300,7.00000
regular,2,0,39,4,1000,9.00000
regular,2,1,39,4,100,-3.00000
regular,2,1,39,4,300,-3.00000
regular,2,1,39,4,1000,-2.00000
regular,2,2,39,4,100,17.00000
regular,2,2,39,4,300,35.00000
regular,2,2,39,4,1000,38.00000
regular,2,0,40,0,100,-3.00000
regular,2,0,40,0,300,-3.00000
regular,2,0,40,0,1000,-2.00000
regular,2,1,40,0,100,-1.00000
regular,2,1,40,0,300,3.00000
regular,2,1,40,0,1000,4.00000
regular,2,2,40,0,100,0.00000
regular,2,2,40,0,300,4.00000
regular,2,2,40,0,1000,5.00000
regular,2,0,40,1,100,-1.00000
regular,2,0,40,1,300,-2.00000
regular,2,0,40,1,1000,-1.00000
regular,2,1,40,1,100,1.00000
regular,2,1,40,1,300,3.00000
regular,2,1,40,1,1000,4.00000
regular,2,2,40,1,100,2.00000
regular,2,2,40,1,300,4.00000
regular,2,2,40,1,1000,5.00000
regular,2,0,40,2,100,-3.00000
regular,2,0,40,2,300,-1.00000
regular,2,0,40,2,1000,-2.00000
regular,2,1,40,2,100,-2.00000
regular,2,1,40,2,300,2.00000
regular,2,1,40,2,1000,4.00000
regular,2,2,40,2,100,-1.00000
regular,2,2,40,2,300,3.00000
regular,2,2,40,2,1000,5.00000
regular,2,0,40,3,100,-3.00000
regular,2,0,40,3,300,-2.00000
regular,2,0,40,3,1000,-2.00000
regular,2,1,40,3,100,-2.00000
regular,2,1,40,3,300,0.00000
regular,2,1,40,3,1000,4.00000
regular,2,2,40,3,100,-1.00000
regular,2,2,40,3,300,1.00000
regular,2,2,40,3,1000,5.00000
regular,2,0,40,4,100,-2.00000
regular,2,0,40,4,300,-1.00000
regular,2,0,40,4,1000,-2.00000
regular,2,1,40,4,100,-2.00000
regular,2,1,40,4,300,1.00000
regular,2,1,40,4,1000,3.00000
regular,2,2,40,4,100,-1.00000
regular,2,2,40,4,300,2.00000
regular,2,2,40,4,1000,4.00000
regular,2,0,41,0,100,-18.00000
regular,2,0,41,0,300,-16.00000
regular,2,0,41,0,1000,-9.00000
regular,2,1,41,0,100,-5.00000
regular,2,1,41,0,300,-4.00000
regular,2,1,41,0,1000,7.00000
regular,2,2,41,0,100,-6.00000
regular,2,2,41,0,300,-5.00000
regular,2,2,41,0,1000,6.00000
regular,2,0,41,1,100,8.00000
regular,2,0,41,1,300,-9.00000
regular,2,0,41,1,1000,-9.00000
regular,2,1,41,1,100,8.00000
regular,2,1,41,1,300,-2.00000
regular,2,1,41,1,1000,6.00000
regular,2,2,41,1,100,8.00000
regular,2,2,41,1,300,-3.00000
regular,2,2,41,1,1000,5.00000
regular,2,0,41,2,100,-5.00000
regular,2,0,41,2,300,-6.00000
regular,2,0,41,2,1000,-9.00000
regular,2,1,41,2,100,0.00000
regular,2,1,41,2,300,9.00000
regular,2,1,41,2,1000,7.00000
regular,2,2,41,2,100,-1.00000
regular,2,2,41,2,300,8.00000
regular,2,2,41,2,1000,6.00000
regular,2,0,41,3,100,-3.00000
regular,2,0,41,3,300,-4.00000
regular,2,0,41,3,1000,-9.00000
regular,2,1,41,3,100,10.00000
regular,2,1,41,3,300,8.00000
regular,2,1,41,3,1000,7.00000
regular,2,2,41,3,100,10.00000
regular,2,2,41,3,300,8.00000
regular,2,2,41,3,1000,6.00000
regular,2,0,41,4,100,-9.00000
regular,2,0,41,4,300,-10.00000
regular,2,0,41,4,1000,-9.00000
regular,2,1,41,4,100,6.00000
regular,2,1,41,4,300,6.00000
regular,2,1,41,4,1000,7.00000
regular,2,2,41,4,100,5.00000
regular,2,2,41,4,300,5.00000
regular,2,2,41,4,1000,6.00000
regular,2,0,42,0,100,2.00000
regular,2,0,42,0,300,-1.00000
regular,2,0,42,0,1000,-2.00000
regular,2,1,42,0,100,11.00000
regular,2,1,42,0,300,15.00000
regular,2,1,42,0,1000,17.00000
regular,2,2,42,0,100,10.00000
regular,2,2,42,0,300,13.00000
regular,2,2,42,0,1000,15.00000
regular,2,0,42,1,100,-8.00000
regular,2,0,42,1,300,-6.00000
regular,2,0,42,1,1000,-2.00000
regular,2,1,42,1,100,3.00000
regular,2,1,42,1,300,6.00000
regular,2,1,42,1,1000,17.00000
regular,2,2,42,1,100,3.00000
regular,2,2,42,1,300,6.00000
regular,2,2,42,1,1000,15.00000
regular,2,0,42,2,100,-5.00000
regular,2,0,42,2,300,-7.00000
regular,2,0,42,2,1000,-2.00000
regular,2,1,42,2,100,-2.00000
regular,2,1,42,2,300,-1.00000
regular,2,1,42,2,1000,17.00000
regular,2,2,42,2,100,-4.00000
regular,2,2,42,2,300,-3.00000
regular,2,2,42,2,1000,15.00000
regular,2,0,42,3,100,0.00000
regular,2,0,42,3,300,-3.00000
regular,2,0,42,3,1000,-1.00000
regular,2,1,42,3,100,2.00000
regular,2,1,42,3,300,13.00000
regular,2,1,42,3,1000,17.00000
regular,2,2,42,3,100,2.00000
regular,2,2,42,3,300,13.00000
regular,2,2,42,3,1000,16.00000
regular,2,0,42,4,100,0.00000
regular,2,0,42,4,300,6.00000
regular,2,0,42,4,1000,1.00000
regular,2,1,42,4,100,0.00000
regular,2,1,42,4,300,15.00000
regular,2,1,42,4,1000,18.00000
regular,2,2,42,4,100,0.00000
regular,2,2,42,4,300,15.00000
regular,2,2,42,4,1000,18.00000
regular,2,0,43,0,100,8.00000
regular,2,0,43,0,300,8.00000
regular,2,0,43,0,1000,0.00000
regular,2,1,43,0,100,1.00000
regular,2,1,43,0,300,0.00000
regular,2,1,43,0,1000,-5.00000
regular,2,2,43,0,100,4.00000
regular,2,2,43,0,300,-25.00000
regular,2,2,43,0,1000,-35.00000
regular,2,0,43,1,100,-7.00000
regular,2,0,43,1,300,-3.00000
regular,2,0,43,1,1000,2.00000
regular,2,1,43,1,100,0.00000
regular,2,1,43,1,300,0.00000
regular,2,1,43,1,1000,-3.00000
regular,2,2,43,1,100,-22.00000
regular,2,2,43,1,300,-19.00000
regular,2,2,43,1,1000,-33.00000
regular,2,0,43,2,100,21.00000
regular,2,0,43,2,300,9.00000
regular,2,0,43,2,1000,5.00000
regular,2,1,43,2,100,-1.00000
regular,2,1,43,2,300,0.00000
regular,2,1,43,2,1000,0.00000
regular,2,2,43,2,100,-5.00000
regular,2,2,43,2,300,-27.00000
regular,2,2,43,2,1000,-30.00000
regular,2,0,43,3,100,-14.00000
regular,2,0,43,3,300,-5.00000
regular,2,0,43,3,1000,0.00000
regular,2,1,43,3,100,-2.00000
regular,2,1,43,3,300,-2.00000
regular,2,1,43,3,1000,-5.00000
regular,2,2,43,3,100,-18.00000
regular,2,2,43,3,300,-33.00000
regular,2,2,43,3,1000,-35.00000
regular,2,0,43,4,100,16.00000
regular,2,0,43,4,300,-1.00000
regular,2,0,43,4,1000,3.00000
regular,2,1,43,4,100,1.00000
regular,2,1,43,4,300,-2.00000
regular,2,1,43,4,1000,-2.00000
regular,2,2,43,4,100,-2.00000
regular,2,2,43,4,300,-32.00000
regular,2,2,43,4,1000,-32.00000
regular,2,0,44,0,100,-6.00000
regular,2,0,44,0,300,-15.00000
regular,2,0,44,0,1000,-16.00000
regular,2,1,44,0,100,-2.00000
regular,2,1,44,0,300,-7.00000
regular,2,1,44,0,1000,-6.00000
regular,2,2,44,0,100,-4.00000
regular,2,2,44,0,300,-4.00000
regular,2,2,44,0,1000,-4.00000
regular,2,0,44,1,100,-1.00000
regular,2,0,44,1,300,-1.00000
regular,2,0,44,1,1000,-13.00000
regular,2,1,44,1,100,-2.00000
regular,2,1,44,1,300,-2.00000
regular,2,1,44,1,1000,-5.00000
regular,2,2,44,1,100,3.00000
regular,2,2,44,1,300,7.00000
regular,2,2,44,1,1000,2.00000
regular,2,0,44,2,100,-17.00000
regular,2,0,44,2,300,-17.00000
regular,2,0,44,2,1000,-16.00000
regular,2,1,44,2,100,-8.00000
regular,2,1,44,2,300,-7.00000
regular,2,1,44,2,1000,-6.00000
regular,2,2,44,2,100,-5.00000
regular,2,2,44,2,300,-5.00000
regular,2,2,44,2,1000,0.00000
regular,2,0,44,3,100,-9.00000
regular,2,0,44,3,300,-11.00000
regular,2,0,44,3,1000,-16.00000
regular,2,1,44,3,100,-2.00000
regular,2,1,44,3,300,-5.00000
regular,2,1,44,3,1000,-6.00000
regular,2,2,44,3,100,-1.00000
regular,2,2,44,3,300,-1.00000
regular,2,2,44,3,1000,-4.00000
regular,2,0,44,4,100,0.00000
regular,2,0,44,4,300,5.00000
regular,2,0,44,4,1000,-10.00000
regular,2,1,44,4,100,0.00000
regular,2,1,44,4,300,0.00000
regular,2,1,44,4,1000,-5.00000
regular,2,2,44,4,100,6.00000
regular,2,2,44,4,300,9.00000
regular,2,2,44,4,1000,1.00000
regular,2,0,45,0,100,6.00000
regular,2,0,45,0,300,13.00000
regular,2,0,45,0,1000,16.00000
regular,2,1,45,0,100,2.00000
regular,2,1,45,0,300,8.00000
regular,2,1,45,0,1000,14.00000
regular,2,2,45,0,100,10.00000
regular,2,2,45,0,300,31.00000
regular,2,2,45,0,1000,38.00000
regular,2,0,45,1,100,9.00000
regular,2,0,45,1,300,9.00000
regular,2,0,45,1,1000,10.00000
regular,2,1,45,1,100,0.00000
regular,2,1,45,1,300,0.00000
regular,2,1,45,1,1000,0.00000
regular,2,2,45,1,100,17.00000
regular,2,2,45,1,300,19.00000
regular,2,2,45,1,1000,24.00000
regular,2,0,45,2,100,3.00000
regular,2,0,45,2,300,7.00000
regular,2,0,45,2,1000,15.00000
regular,2,1,45,2,100,10.00000
regular,2,1,45,2,300,10.00000
regular,2,1,45,2,1000,14.00000
regular,2,2,45,2,100,10.00000
regular,2,2,45,2,300,10.00000
regular,2,2,45,2,1000,27.00000
regular,2,0,45,3,100,0.00000
regular,2,0,45,3,300,6.00000
regular,2,0,45,3,1000,6.00000
regular,2,1,45,3,100,0.00000
regular,2,1,45,3,300,11.00000
regular,2,1,45,3,1000,14.00000
regular,2,2,45,3,100,0.00000
regular,2,2,45,3,300,11.00000
regular,2,2,45,3,1000,14.00000
regular,2,0,45,4,100,0.00000
regular,2,0,45,4,300,3.00000
regular,2,0,45,4,1000,9.00000
regular,2,1,45,4,100,0.00000
regular,2,1,45,4,300,0.00000
regular,2,1,45,4,1000,1.00000
regular,2,2,45,4,100,0.00000
regular,2,2,45,4,300,6.00000
regular,2,2,45,4,1000,25.00000
regular,2,0,46,0,100,-31.00000
regular,2,0,46,0,300,-51.00000
regular,2,0,46,0,1000,-60.00000
regular,2,1,46,0,100,-18.00000
regular,2,1,46,0,300,-29.00000
regular,2,1,46,0,1000,-30.00000
regular,2,2,46,0,100,-24.00000
regular,2,2,46,0,300,-36.00000
regular,2,2,46,0,1000,-37.00000
regular,2,0,46,1,100,-2.00000
regular,2,0,46,1,300,-34.00000
regular,2,0,46,1,1000,-62.00000
regular,2,1,46,1,100,-2.00000
regular,2,1,46,1,300,-5.00000
regular,2,1,46,1,1000,-20.00000
regular,2,2,46,1,100,0.00000
regular,2,2,46,1,300,-3.00000
regular,2,2,46,1,1000,-27.00000
regular,2,0,46,2,100,-2.00000
regular,2,0,46,2,300,-2.00000
regular,2,0,46,2,1000,-62.00000
regular,2,1,46,2,100,-2.00000
regular,2,1,46,2,300,-2.00000
regular,2,1,46,2,1000,-20.00000
regular,2,2,46,2,100,0.00000
regular,2,2,46,2,300,0.00000
regular,2,2,46,2,1000,-26.00000
regular,2,0,46,3,100,-39.00000
regular,2,0,46,3,300,-55.00000
regular,2,0,46,3,1000,-62.00000
regular,2,1,46,3,100,-29.00000
regular,2,1,46,3,300,-23.00000
regular,2,1,46,3,1000,-20.00000
regular,2,2,46,3,100,-28.00000
regular,2,2,46,3,300,-23.00000
regular,2,2,46,3,1000,-27.00000
regular,2,0,46,4,100,-2.00000
regular,2,0,46,4,300,-2.00000
regular,2,0,46,4,1000,-61.00000
regular,2,1,46,4,100,-2.00000
regular,2,1,46,4,300,-2.00000
regular,2,1,46,4,1000,-20.00000
regular,2,2,46,4,100,0.00000
regular,2,2,46,4,300,0.00000
regular,2,2,46,4,1000,-26.00000
regular,2,0,47,0,100,9.00000
regular,2,0,47,0,300,9.00000
regular,2,0,47,0,1000,8.00000
regular,2,1,47,0,100,15.00000
regular,2,1,47,0,300,33.00000
regular,2,1,47,0,1000,32.00000
regular,2,2,47,0,100,15.00000
regular,2,2,47,0,300,33.00000
regular,2,2,47,0,1000,31.00000
regular,2,0,47,1,100,1.00000
regular,2,0,47,1,300,9.00000
regular,2,0,47,1,1000,8.00000
regular,2,1,47,1,100,8.00000
regular,2,1,47,1,300,29.00000
regular,2,1,47,1,1000,32.00000
regular,2,2,47,1,100,7.00000
regular,2,2,47,1,300,28.00000
regular,2,2,47,1,1000,31.00000
regular,2,0,47,2,100,-1.00000
regular,2,0,47,2,300,6.00000
regular,2,0,47,2,1000,8.00000
regular,2,1,47,2,100,-1.00000
regular,2,1,47,2,300,30.00000
regular,2,1,47,2,1000,32.00000
regular,2,2,47,2,100,-2.00000
regular,2,2,47,2,300,29.00000
regular,2,2,47,2,1000,31.00000
regular,2,0,47,3,100,-1.00000
regular,2,0,47,3,300,14.00000
regular,2,0,47,3,1000,11.00000
regular,2,1,47,3,100,-1.00000
regular,2,1,47,3,300,24.00000
regular,2,1,47,3,1000,31.00000
regular,2,2,47,3,100,-2.00000
regular,2,2,47,3,300,23.00000
regular,2,2,47,3,1000,30.00000
regular,2,0,47,4,100,0.00000
regular,2,0,47,4,300,12.00000
regular,2,0,47,4,1000,11.00000
regular,2,1,47,4,100,0.00000
regular,2,1,47,4,300,17.00000
regular,2,1,47,4,1000,16.00000
regular,2,2,47,4,100,0.00000
regular,2,2,47,4,300,16.00000
regular,2,2,47,4,1000,15.00000
regular,2,0,48,0,100,-1.00000
regular,2,0,48,0,300,-6.00000
regular,2,0,48,0,1000,-9.00000
regular,2,1,48,0,100,3.00000
regular,2,1,48,0,300,2.00000
regular,2,1,48,0,1000,5.00000
regular,2,2,48,0,100,-1.00000
regular,2,2,48,0,300,-5.00000
regular,2,2,48,0,1000,-2.00000
regular,2,0,48,1,100,2.00000
regular,2,0,48,1,300,2.00000
regular,2,0,48,1,1000,2.00000
regular,2,1,48,1,100,5.00000
regular,2,1,48,1,300,5.00000
regular,2,1,48,1,1000,5.00000
regular,2,2,48,1,100,6.00000
regular,2,2,48,1,300,6.00000
regular,2,2,48,1,1000,6.00000
regular,2,0,48,2,100,5.00000
regular,2,0,48,2,300,5.00000
regular,2,0,48,2,1000,-4.00000
regular,2,1,48,2,100,5.00000
regular,2,1,48,2,300,5.00000
regular,2,1,48,2,1000,5.00000
regular,2,2,48,2,100,5.00000
regular,2,2,48,2,300,5.00000
regular,2,2,48,2,1000,3.00000
regular,2,0,48,3,100,0.00000
regular,2,0,48,3,300,0.00000
regular,2,0,48,3,1000,-8.00000
regular,2,1,48,3,100,5.00000
regular,2,1,48,3,300,5.00000
regular,2,1,48,3,1000,5.00000
regular,2,2,48,3,100,5.00000
regular,2,2,48,3,300,6.00000
regular,2,2,48,3,1000,-1.00000
regular,2,0,48,4,100,4.00000
regular,2,0,48,4,300,-5.00000
regular,2,0,48,4,1000,-9.00000
regular,2,1,48,4,100,7.00000
regular,2,1,48,4,300,4.00000
regular,2,1,48,4,1000,5.00000
regular,2,2,48,4,100,7.00000
regular,2,2,48,4,300,1.00000
regular,2,2,48,4,1000,-2.00000
regular,2,0,49,0,100,3.00000
regular,2,0,49,0,300,10.00000
regular,2,0,49,0,1000,12.00000
regular,2,1,49,0,100,3.00000
regular,2,1,49,0,300,4.00000
regular,2,1,49,0,1000,4.00000
regular,2,2,49,0,100,4.00000
regular,2,2,49,0,300,6.00000
regular,2,2,49,0,1000,7.00000
regular,2,0,49,1,100,6.00000
regular,2,0,49,1,300,9.00000
regular,2,0,49,1,1000,12.00000
regular,2,1,49,1,100,-2.00000
regular,2,1,49,1,300,1.00000
regular,2,1,49,1,1000,4.00000
regular,2,2,49,1,100,0.00000
regular,2,2,49,1,300,3.00000
regular,2,2,49,1,1000,7.00000
regular,2,0,49,2,100,7.00000
regular,2,0,49,2,300,9.00000
regular,2,0,49,2,1000,12.00000
regular,2,1,49,2,100,1.00000
regular,2,1,49,2,300,1.00000
regular,2,1,49,2,1000,4.00000
regular,2,2,49,2,100,3.00000
regular,2,2,49,2,300,4.00000
regular,2,2,49,2,1000,7.00000
regular,2,0,49,3,100,8.00000
regular,2,0,49,3,300,10.00000
regular,2,0,49,3,1000,12.00000
regular,2,1,49,3,100,2.00000
regular,2,1,49,3,300,4.00000
regular,2,1,49,3,1000,4.00000
regular,2,2,49,3,100,4.00000
regular,2,2,49,3,300,6.00000
regular,2,2,49,3,1000,7.00000
regular,2,0,49,4,100,3.00000
regular,2,0,49,4,300,5.00000
regular,2,0,49,4,1000,11.00000
regular,2,1,49,4,100,3.00000
regular,2,1,49,4,300,5.00000
regular,2,1,49,4,1000,4.00000
regular,2,2,49,4,100,3.00000
regular,2,2,49,4,300,5.00000
regular,2,2,49,4,1000,7.00000
perturbed,2,0,0,0,100,0.00000
perturbed,2,0,0,0,300,1.00000
perturbed,2,0,0,0,1000,5.00000
perturbed,2,1,0,0,100,0.00000
perturbed,2,1,0,0,300,15.00000
perturbed,2,1,0,0,1000,16.00000
perturbed,2,2,0,0,100,34.00000
perturbed,2,2,0,0,300,64.00000
perturbed,2,2,0,0,1000,63.00000
perturbed,2,0,0,1,100,0.00000
perturbed,2,0,0,1,300,0.00000
perturbed,2,0,0,1,1000,6.00000
perturbed,2,1,0,1,100,9.00000
perturbed,2,1,0,1,300,9.00000
perturbed,2,1,0,1,1000,16.00000
perturbed,2,2,0,1,100,43.00000
perturbed,2,2,0,1,300,58.00000
perturbed,2,2,0,1,1000,62.00000
perturbed,2,0,0,2,100,-1.00000
perturbed,2,0,0,2,300,-1.00000
perturbed,2,0,0,2,1000,6.00000
perturbed,2,1,0,2,100,-1.00000
perturbed,2,1,0,2,300,2.00000
perturbed,2,1,0,2,1000,17.00000
perturbed,2,2,0,2,100,41.00000
perturbed,2,2,0,2,300,48.00000
perturbed,2,2,0,2,1000,63.00000
perturbed,2,0,0,3,100,2.00000
perturbed,2,0,0,3,300,2.00000
perturbed,2,0,0,3,1000,2.00000
perturbed,2,1,0,3,100,2.00000
perturbed,2,1,0,3,300,5.00000
perturbed,2,1,0,3,1000,11.00000
perturbed,2,2,0,3,100,4.00000
perturbed,2,2,0,3,300,46.00000
perturbed,2,2,0,3,1000,58.00000
perturbed,2,0,0,4,100,2.00000
perturbed,2,0,0,4,300,2.00000
perturbed,2,0,0,4,1000,6.00000
perturbed,2,1,0,4,100,14.00000
perturbed,2,1,0,4,300,16.00000
perturbed,2,1,0,4,1000,17.00000
perturbed,2,2,0,4,100,51.00000
perturbed,2,2,0,4,300,60.00000
perturbed,2,2,0,4,1000,63.00000
perturbed,2,0,1,0,100,-13.00000
perturbed,2,0,1,0,300,-40.00000
perturbed,2,0,1,0,1000,-47.00000
perturbed,2,1,1,0,100,-4.00000
perturbed,2,1,1,0,300,-28.00000
perturbed,2,1,1,0,1000,-36.00000
perturbed,2,2,1,0,100,-20.00000
perturbed,2,2,1,0,300,-47.00000
perturbed,2,2,1,0,1000,-56.00000
perturbed,2,0,1,1,100,1.00000
perturbed,2,0,1,1,300,1.00000
perturbed,2,0,1,1,1000,-44.00000
perturbed,2,1,1,1,100,1.00000
perturbed,2,1,1,1,300,1.00000
perturbed,2,1,1,1,1000,-32.00000
perturbed,2,2,1,1,100,0.00000
perturbed,2,2,1,1,300,0.00000
perturbed,2,2,1,1,1000,-52.00000
perturbed,2,0,1,2,100,-31.00000
perturbed,2,0,1,2,300,-40.00000
perturbed,2,0,1,2,1000,-47.00000
perturbed,2,1,1,2,100,-21.00000
perturbed,2,1,1,2,300,-28.00000
perturbed,2,1,1,2,1000,-36.00000
perturbed,2,2,1,2,100,-36.00000
perturbed,2,2,1,2,300,-47.00000
perturbed,2,2,1,2,1000,-56.00000
perturbed,2,0,1,3,100,-14.00000
perturbed,2,0,1,3,300,-42.00000
perturbed,2,0,1,3,1000,-47.00000
perturbed,2,1,1,3,100,-12.00000
perturbed,2,1,1,3,300,-31.00000
perturbed,2,1,1,3,1000,-36.00000
perturbed,2,2,1,3,100,-17.00000
perturbed,2,2,1,3,300,-50.00000
perturbed,2,2,1,3,1000,-56.00000
perturbed,2,0,1,4,100,-17.00000
perturbed,2,0,1,4,300,-24.00000
perturbed,2,0,1,4,1000,-47.00000
perturbed,2,1,1,4,100,-7.00000
perturbed,2,1,1,4,300,-14.00000
perturbed,2,1,1,4,1000,-36.00000
perturbed,2,2,1,4,100,-24.00000
perturbed,2,2,1,4,300,-32.00000
perturbed,2,2,1,4,1000,-56.00000
perturbed,2,0,2,0,100,3.00000
perturbed,2,0,2,0,300,5.00000
perturbed,2,0,2,0,1000,6.00000
perturbed,2,1,2,0,100,3.00000
perturbed,2,1,2,0,300,10.00000
perturbed,2,1,2,0,1000,12.00000
perturbed,2,2,2,0,100,5.00000
perturbed,2,2,2,0,300,12.00000
perturbed,2,2,2,0,1000,46.00000
perturbed,2,0,2,1,100,3.00000
perturbed,2,0,2,1,300,4.00000
perturbed,2,0,2,1,1000,6.00000
perturbed,2,1,2,1,100,3.00000
perturbed,2,1,2,1,300,11.00000
perturbed,2,1,2,1,1000,12.00000
perturbed,2,2,2,1,100,29.00000
perturbed,2,2,2,1,300,50.00000
perturbed,2,2,2,1,1000,50.00000
perturbed,2,0,2,2,100,2.00000
perturbed,2,0,2,2,300,2.00000
perturbed,2,0,2,2,1000,3.00000
perturbed,2,1,2,2,100,2.00000
perturbed,2,1,2,2,300,6.00000
perturbed,2,1,2,2,1000,10.00000
perturbed,2,2,2,2,100,6.00000
perturbed,2,2,2,2,300,40.00000
perturbed,2,2,2,2,1000,50.00000
perturbed,2,0,2,3,100,3.00000
perturbed,2,0,2,3,300,6.00000
perturbed,2,0,2,3,1000,6.00000
perturbed,2,1,2,3,100,8.00000
perturbed,2,1,2,3,300,11.00000
perturbed,2,1,2,3,1000,12.00000
perturbed,2,2,2,3,100,44.00000
perturbed,2,2,2,3,300,50.00000
perturbed,2,2,2,3,1000,51.00000
perturbed,2,0,2,4,100,4.00000
perturbed,2,0,2,4,300,3.00000
perturbed,2,0,2,4,1000,6.00000
perturbed,2,1,2,4,100,4.00000
perturbed,2,1,2,4,300,4.00000
perturbed,2,1,2,4,1000,5.00000
perturbed,2,2,2,4,100,0.00000
perturbed,2,2,2,4,300,16.00000
perturbed,2,2,2,4,1000,45.00000
perturbed,2,0,3,0,100,-2.00000
perturbed,2,0,3,0,300,4.00000
perturbed,2,0,3,0,1000,-21.00000
perturbed,2,1,3,0,100,-3.00000
perturbed,2,1,3,0,300,-2.00000
perturbed,2,1,3,0,1000,-26.00000
perturbed,2,2,3,0,100,-16.00000
perturbed,2,2,3,0,300,-16.00000
perturbed,2,2,3,0,1000,-39.00000
perturbed,2,0,3,1,100,3.00000
perturbed,2,0,3,1,300,-20.00000
perturbed,2,0,3,1,1000,-19.00000
perturbed,2,1,3,1,100,4.00000
perturbed,2,1,3,1,300,-23.00000
perturbed,2,1,3,1,1000,-24.00000
perturbed,2,2,3,1,100,8.00000
perturbed,2,2,3,1,300,-33.00000
perturbed,2,2,3,1,1000,-37.00000
perturbed,2,0,3,2,100,-25.00000
perturbed,2,0,3,2,300,-24.00000
perturbed,2,0,3,2,1000,-27.00000
perturbed,2,1,3,2,100,-25.00000
perturbed,2,1,3,2,300,-24.00000
perturbed,2,1,3,2,1000,-27.00000
perturbed,2,2,3,2,100,-44.00000
perturbed,2,2,3,2,300,-36.00000
perturbed,2,2,3,2,1000,-39.00000
perturbed,2,0,3,3,100,-28.00000
perturbed,2,0,3,3,300,-28.00000
perturbed,2,0,3,3,1000,-21.00000
perturbed,2,1,3,3,100,-27.00000
perturbed,2,1,3,3,300,-26.00000
perturbed,2,1,3,3,1000,-26.00000
perturbed,2,2,3,3,100,-30.00000
perturbed,2,2,3,3,300,-29.00000
perturbed,2,2,3,3,1000,-38.00000
perturbed,2,0,3,4,100,8.00000
perturbed,2,0,3,4,300,13.00000
perturbed,2,0,3,4,1000,-22.00000
perturbed,2,1,3,4,100,4.00000
perturbed,2,1,3,4,300,5.00000
perturbed,2,1,3,4,1000,-27.00000
perturbed,2,2,3,4,100,-6.00000
perturbed,2,2,3,4,300,-5.00000
perturbed,2,2,3,4,1000,-40.00000
perturbed,2,0,4,0,100,1.00000
perturbed,2,0,4,0,300,3.00000
perturbed,2,0,4,0,1000,-12.00000
perturbed,2,1,4,0,100,4.00000
perturbed,2,1,4,0,300,6.00000
perturbed,2,1,4,0,1000,-6.00000
perturbed,2,2,4,0,100,22.00000
perturbed,2,2,4,0,300,24.00000
perturbed,2,2,4,0,1000,6.00000
perturbed,2,0,4,1,100,-3.00000
perturbed,2,0,4,1,300,-1.00000
perturbed,2,0,4,1,1000,-1.00000
perturbed,2,1,4,1,100,2.00000
perturbed,2,1,4,1,300,4.00000
perturbed,2,1,4,1,1000,5.00000
perturbed,2,2,4,1,100,8.00000
perturbed,2,2,4,1,300,16.00000
perturbed,2,2,4,1,1000,15.00000
perturbed,2,0,4,2,100,12.00000
perturbed,2,0,4,2,300,13.00000
perturbed,2,0,4,2,1000,14.00000
perturbed,2,1,4,2,100,13.00000
perturbed,2,1,4,2,300,14.00000
perturbed,2,1,4,2,1000,18.00000
perturbed,2,2,4,2,100,6.00000
perturbed,2,2,4,2,300,20.00000
perturbed,2,2,4,2,1000,25.00000
perturbed,2,0,4,3,100,-13.00000
perturbed,2,0,4,3,300,-10.00000
perturbed,2,0,4,3,1000,-1.00000
perturbed,2,1,4,3,100,-10.00000
perturbed,2,1,4,3,300,-7.00000
perturbed,2,1,4,3,1000,4.00000
perturbed,2,2,4,3,100,-18.00000
perturbed,2,2,4,3,300,-18.00000
perturbed,2,2,4,3,1000,5.00000
perturbed,2,0,4,4,100,-6.00000
perturbed,2,0,4,4,300,-8.00000
perturbed,2,0,4,4,1000,-3.00000
perturbed,2,1,4,4,100,-3.00000
perturbed,2,1,4,4,300,-5.00000
perturbed,2,1,4,4,1000,6.00000
perturbed,2,2,4,4,100,-3.00000
perturbed,2,2,4,4,300,-6.00000
perturbed,2,2,4,4,1000,5.00000
perturbed,2,0,5,0,100,-15.00000
perturbed,2,0,5,0,300,-29.00000
perturbed,2,0,5,0,1000,-29.00000
perturbed,2,1,5,0,100,-7.00000
perturbed,2,1,5,0,300,-25.00000
perturbed,2,1,5,0,1000,-22.00000
perturbed,2,2,5,0,100,-24.00000
perturbed,2,2,5,0,300,-43.00000
perturbed,2,2,5,0,1000,-45.00000
perturbed,2,0,5,1,100,-12.00000
perturbed,2,0,5,1,300,-9.00000
perturbed,2,0,5,1,1000,-29.00000
perturbed,2,1,5,1,100,0.00000
perturbed,2,1,5,1,300,3.00000
perturbed,2,1,5,1,1000,-21.00000
perturbed,2,2,5,1,100,-17.00000
perturbed,2,2,5,1,300,-17.00000
perturbed,2,2,5,1,1000,-44.00000
perturbed,2,0,5,2,100,-32.00000
perturbed,2,0,5,2,300,-30.00000
perturbed,2,0,5,2,1000,-29.00000
perturbed,2,1,5,2,100,-32.00000
perturbed,2,1,5,2,300,-23.00000
perturbed,2,1,5,2,1000,-21.00000
perturbed,2,2,5,2,100,-37.00000
perturbed,2,2,5,2,300,-44.00000
perturbed,2,2,5,2,1000,-45.00000
perturbed,2,0,5,3,100,-18.00000
perturbed,2,0,5,3,300,-22.00000
perturbed,2,0,5,3,1000,-25.00000
perturbed,2,1,5,3,100,-20.00000
perturbed,2,1,5,3,300,-22.00000
perturbed,2,1,5,3,1000,-16.00000
perturbed,2,2,5,3,100,-24.00000
perturbed,2,2,5,3,300,-30.00000
perturbed,2,2,5,3,1000,-38.00000
perturbed,2,0,5,4,100,-15.00000
perturbed,2,0,5,4,300,-31.00000
perturbed,2,0,5,4,1000,-28.00000
perturbed,2,1,5,4,100,-16.00000
perturbed,2,1,5,4,300,-30.00000
perturbed,2,1,5,4,1000,-21.00000
perturbed,2,2,5,4,100,-24.00000
perturbed,2,2,5,4,300,-43.00000
perturbed,2,2,5,4,1000,-45.00000
perturbed,2,0,6,0,100,-1.00000
perturbed,2,0,6,0,300,-3.00000
perturbed,2,0,6,0,1000,-15.00000
perturbed,2,1,6,0,100,0.00000
perturbed,2,1,6,0,300,-3.00000
perturbed,2,1,6,0,1000,13.00000
perturbed,2,2,6,0,100,4.00000
perturbed,2,2,6,0,300,19.00000
perturbed,2,2,6,0,1000,3.00000
perturbed,2,0,6,1,100,-3.00000
perturbed,2,0,6,1,300,-3.00000
perturbed,2,0,6,1,1000,-3.00000
perturbed,2,1,6,1,100,8.00000
perturbed,2,1,6,1,300,8.00000
perturbed,2,1,6,1,1000,8.00000
perturbed,2,2,6,1,100,-3.00000
perturbed,2,2,6,1,300,18.00000
perturbed,2,2,6,1,1000,18.00000
perturbed,2,0,6,2,100,-7.00000
perturbed,2,0,6,2,300,-12.00000
perturbed,2,0,6,2,1000,-14.00000
perturbed,2,1,6,2,100,3.00000
perturbed,2,1,6,2,300,13.00000
perturbed,2,1,6,2,1000,14.00000
perturbed,2,2,6,2,100,-2.00000
perturbed,2,2,6,2,300,-10.00000
perturbed,2,2,6,2,1000,-15.00000
perturbed,2,0,6,3,100,-2.00000
perturbed,2,0,6,3,300,-13.00000
perturbed,2,0,6,3,1000,-13.00000
perturbed,2,1,6,3,100,18.00000
perturbed,2,1,6,3,300,15.00000
perturbed,2,1,6,3,1000,15.00000
perturbed,2,2,6,3,100,-14.00000
perturbed,2,2,6,3,300,-25.00000
perturbed,2,2,6,3,1000,3.00000
perturbed,2,0,6,4,100,-2.00000
perturbed,2,0,6,4,300,-2.00000
perturbed,2,0,6,4,1000,-13.00000
perturbed,2,1,6,4,100,-1.00000
perturbed,2,1,6,4,300,-1.00000
perturbed,2,1,6,4,1000,14.00000
perturbed,2,2,6,4,100,13.00000
perturbed,2,2,6,4,300,20.00000
perturbed,2,2,6,4,1000,5.00000
perturbed,2,0,7,0,100,-1.00000
perturbed,2,0,7,0,300,-2.00000
perturbed,2,0,7,0,1000,-1.00000
perturbed,2,1,7,0,100,18.00000
perturbed,2,1,7,0,300,19.00000
perturbed,2,1,7,0,1000,18.00000
perturbed,2,2,7,0,100,16.00000
perturbed,2,2,7,0,300,33.00000
perturbed,2,2,7,0,1000,32.00000
perturbed,2,0,7,1,100,-2.00000
perturbed,2,0,7,1,300,-2.00000
perturbed,2,0,7,1,1000,0.00000
perturbed,2,1,7,1,100,19.00000
perturbed,2,1,7,1,300,20.00000
perturbed,2,1,7,1,1000,19.00000
perturbed,2,2,7,1,100,17.00000
perturbed,2,2,7,1,300,32.00000
perturbed,2,2,7,1,1000,37.00000
perturbed,2,0,7,2,100,-2.00000
perturbed,2,0,7,2,300,-1.00000
perturbed,2,0,7,2,1000,0.00000
perturbed,2,1,7,2,100,16.00000
perturbed,2,1,7,2,300,15.00000
perturbed,2,1,7,2,1000,17.00000
perturbed,2,2,7,2,100,34.00000
perturbed,2,2,7,2,300,33.00000
perturbed,2,2,7,2,1000,33.00000
perturbed,2,0,7,3,100,-3.00000
perturbed,2,0,7,3,300,-3.00000
perturbed,2,0,7,3,1000,-2.00000
perturbed,2,1,7,3,100,14.00000
perturbed,2,1,7,3,300,17.00000
perturbed,2,1,7,3,1000,19.00000
perturbed,2,2,7,3,100,25.00000
perturbed,2,2,7,3,300,23.00000
perturbed,2,2,7,3,1000,33.00000
perturbed,2,0,7,4,100,-3.00000
perturbed,2,0,7,4,300,-2.00000
perturbed,2,0,7,4,1000,0.00000
perturbed,2,1,7,4,100,13.00000
perturbed,2,1,7,4,300,12.00000
perturbed,2,1,7,4,1000,18.00000
perturbed,2,2,7,4,100,15.00000
perturbed,2,2,7,4,300,21.00000
perturbed,2,2,7,4,1000,32.00000
perturbed,2,0,8,0,100,8.00000
perturbed,2,0,8,0,300,8.00000
perturbed,2,0,8,0,1000,8.00000
perturbed,2,1,8,0,100,12.00000
perturbed,2,1,8,0,300,13.00000
perturbed,2,1,8,0,1000,13.00000
perturbed,2,2,8,0,100,4.00000
perturbed,2,2,8,0,300,6.00000
perturbed,2,2,8,0,1000,6.00000
perturbed,2,0,8,1,100,3.00000
perturbed,2,0,8,1,300,3.00000
perturbed,2,0,8,1,1000,7.00000
perturbed,2,1,8,1,100,5.00000
perturbed,2,1,8,1,300,5.00000
perturbed,2,1,8,1,1000,11.00000
perturbed,2,2,8,1,100,15.00000
perturbed,2,2,8,1,300,20.00000
perturbed,2,2,8,1,1000,27.00000
perturbed,2,0,8,2,100,1.00000
perturbed,2,0,8,2,300,1.00000
perturbed,2,0,8,2,1000,8.00000
perturbed,2,1,8,2,100,4.00000
perturbed,2,1,8,2,300,5.00000
perturbed,2,1,8,2,1000,13.00000
perturbed,2,2,8,2,100,6.00000
perturbed,2,2,8,2,300,18.00000
perturbed,2,2,8,2,1000,19.00000
perturbed,2,0,8,3,100,1.00000
perturbed,2,0,8,3,300,7.00000
perturbed,2,0,8,3,1000,8.00000
perturbed,2,1,8,3,100,2.00000
perturbed,2,1,8,3,300,11.00000
perturbed,2,1,8,3,1000,13.00000
perturbed,2,2,8,3,100,28.00000
perturbed,2,2,8,3,300,17.00000
perturbed,2,2,8,3,1000,27.00000
perturbed,2,0,8,4,100,5.00000
perturbed,2,0,8,4,300,5.00000
perturbed,2,0,8,4,1000,8.00000
perturbed,2,1,8,4,100,8.00000
perturbed,2,1,8,4,300,8.00000
perturbed,2,1,8,4,1000,13.00000
perturbed,2,2,8,4,100,7.00000
perturbed,2,2,8,4,300,30.00000
perturbed,2,2,8,4,1000,26.00000
perturbed,2,0,9,0,100,-16.00000
perturbed,2,0,9,0,300,-23.00000
perturbed,2,0,9,0,1000,-40.00000
perturbed,2,1,9,0,100,-14.00000
perturbed,2,1,9,0,300,-22.00000
perturbed,2,1,9,0,1000,-37.00000
perturbed,2,2,9,0,100,-27.00000
perturbed,2,2,9,0,300,-35.00000
perturbed,2,2,9,0,1000,-52.00000
perturbed,2,0,9,1,100,-24.00000
perturbed,2,0,9,1,300,-43.00000
perturbed,2,0,9,1,1000,-40.00000
perturbed,2,1,9,1,100,-21.00000
perturbed,2,1,9,1,300,-40.00000
perturbed,2,1,9,1,1000,-37.00000
perturbed,2,2,9,1,100,-30.00000
perturbed,2,2,9,1,300,-52.00000
perturbed,2,2,9,1,1000,-52.00000
perturbed,2,0,9,2,100,-3.00000
perturbed,2,0,9,2,300,-39.00000
perturbed,2,0,9,2,1000,-41.00000
perturbed,2,1,9,2,100,-3.00000
perturbed,2,1,9,2,300,-36.00000
perturbed,2,1,9,2,1000,-38.00000
perturbed,2,2,9,2,100,-12.00000
perturbed,2,2,9,2,300,-50.00000
perturbed,2,2,9,2,1000,-52.00000
perturbed,2,0,9,3,100,-35.00000
perturbed,2,0,9,3,300,-41.00000
perturbed,2,0,9,3,1000,-40.00000
perturbed,2,1,9,3,100,-33.00000
perturbed,2,1,9,3,300,-39.00000
perturbed,2,1,9,3,1000,-37.00000
perturbed,2,2,9,3,100,-47.00000
perturbed,2,2,9,3,300,-53.00000
perturbed,2,2,9,3,1000,-52.00000
perturbed,2,0,9,4,100,4.00000
perturbed,2,0,9,4,300,-4.00000
perturbed,2,0,9,4,1000,-39.00000
perturbed,2,1,9,4,100,4.00000
perturbed,2,1,9,4,300,-2.00000
perturbed,2,1,9,4,1000,-36.00000
perturbed,2,2,9,4,100,-5.00000
perturbed,2,2,9,4,300,-16.00000
perturbed,2,2,9,4,1000,-51.00000
perturbed,2,0,10,0,100,11.00000
perturbed,2,0,10,0,300,14.00000
perturbed,2,0,10,0,1000,21.00000
perturbed,2,1,10,0,100,8.00000
perturbed,2,1,10,0,300,5.00000
perturbed,2,1,10,0,1000,12.00000
perturbed,2,2,10,0,100,10.00000
perturbed,2,2,10,0,300,5.00000
perturbed,2,2,10,0,1000,13.00000
perturbed,2,0,10,1,100,10.00000
perturbed,2,0,10,1,300,20.00000
perturbed,2,0,10,1,1000,20.00000
perturbed,2,1,10,1,100,4.00000
perturbed,2,1,10,1,300,12.00000
perturbed,2,1,10,1,1000,12.00000
perturbed,2,2,10,1,100,-5.00000
perturbed,2,2,10,1,300,1.00000
perturbed,2,2,10,1,1000,13.00000
perturbed,2,0,10,2,100,10.00000
perturbed,2,0,10,2,300,16.00000
perturbed,2,0,10,2,1000,21.00000
perturbed,2,1,10,2,100,5.00000
perturbed,2,1,10,2,300,11.00000
perturbed,2,1,10,2,1000,12.00000
perturbed,2,2,10,2,100,-12.00000
perturbed,2,2,10,2,300,10.00000
perturbed,2,2,10,2,1000,11.00000
perturbed,2,0,10,3,100,17.00000
perturbed,2,0,10,3,300,22.00000
perturbed,2,0,10,3,1000,21.00000
perturbed,2,1,10,3,100,7.00000
perturbed,2,1,10,3,300,12.00000
perturbed,2,1,10,3,1000,12.00000
perturbed,2,2,10,3,100,-10.00000
perturbed,2,2,10,3,300,3.00000
perturbed,2,2,10,3,1000,13.00000
perturbed,2,0,10,4,100,14.00000
perturbed,2,0,10,4,300,21.00000
perturbed,2,0,10,4,1000,21.00000
perturbed,2,1,10,4,100,13.00000
perturbed,2,1,10,4,300,12.00000
perturbed,2,1,10,4,1000,12.00000
perturbed,2,2,10,4,100,12.00000
perturbed,2,2,10,4,300,13.00000
perturbed,2,2,10,4,1000,13.00000
perturbed,2,0,11,0,100,-2.00000
perturbed,2,0,11,0,300,-2.00000
perturbed,2,0,11,0,1000,-17.00000
perturbed,2,1,11,0,100,4.00000
perturbed,2,1,11,0,300,4.00000
perturbed,2,1,11,0,1000,15.00000
perturbed,2,2,11,0,100,-3.00000
perturbed,2,2,11,0,300,11.00000
perturbed,2,2,11,0,1000,-16.00000
perturbed,2,0,11,1,100,-1.00000
perturbed,2,0,11,1,300,-9.00000
perturbed,2,0,11,1,1000,-20.00000
perturbed,2,1,11,1,100,3.00000
perturbed,2,1,11,1,300,5.00000
perturbed,2,1,11,1,1000,11.00000
perturbed,2,2,11,1,100,3.00000
perturbed,2,2,11,1,300,-14.00000
perturbed,2,2,11,1,1000,-16.00000
perturbed,2,0,11,2,100,-3.00000
perturbed,2,0,11,2,300,4.00000
perturbed,2,0,11,2,1000,-17.00000
perturbed,2,1,11,2,100,0.00000
perturbed,2,1,11,2,300,10.00000
perturbed,2,1,11,2,1000,15.00000
perturbed,2,2,11,2,100,-7.00000
perturbed,2,2,11,2,300,-9.00000
perturbed,2,2,11,2,1000,-16.00000
perturbed,2,0,11,3,100,-6.00000
perturbed,2,0,11,3,300,-4.00000
perturbed,2,0,11,3,1000,-17.00000
perturbed,2,1,11,3,100,0.00000
perturbed,2,1,11,3,300,3.00000
perturbed,2,1,11,3,1000,15.00000
perturbed,2,2,11,3,100,0.00000
perturbed,2,2,11,3,300,6.00000
perturbed,2,2,11,3,1000,-16.00000
perturbed,2,0,11,4,100,-5.00000
perturbed,2,0,11,4,300,-18.00000
perturbed,2,0,11,4,1000,-17.00000
perturbed,2,1,11,4,100,1.00000
perturbed,2,1,11,4,300,8.00000
perturbed,2,1,11,4,1000,15.00000
perturbed,2,2,11,4,100,-13.00000
perturbed,2,2,11,4,300,-34.00000
perturbed,2,2,11,4,1000,-17.00000
perturbed,2,0,12,0,100,3.00000
perturbed,2,0,12,0,300,13.00000
perturbed,2,0,12,0,1000,-1.00000
perturbed,2,1,12,0,100,4.00000
perturbed,2,1,12,0,300,15.00000
perturbed,2,1,12,0,1000,9.00000
perturbed,2,2,12,0,100,9.00000
perturbed,2,2,12,0,300,20.00000
perturbed,2,2,12,0,1000,0.00000
perturbed,2,0,12,1,100,3.00000
perturbed,2,0,12,1,300,3.00000
perturbed,2,0,12,1,1000,-1.00000
perturbed,2,1,12,1,100,4.00000
perturbed,2,1,12,1,300,4.00000
perturbed,2,1,12,1,1000,8.00000
perturbed,2,2,12,1,100,14.00000
perturbed,2,2,12,1,300,14.00000
perturbed,2,2,12,1,1000,0.00000
perturbed,2,0,12,2,100,-1.00000
perturbed,2,0,12,2,300,-8.00000
perturbed,2,0,12,2,1000,-3.00000
perturbed,2,1,12,2,100,0.00000
perturbed,2,1,12,2,300,-3.00000
perturbed,2,1,12,2,1000,6.00000
perturbed,2,2,12,2,100,21.00000
perturbed,2,2,12,2,300,3.00000
perturbed,2,2,12,2,1000,-3.00000
perturbed,2,0,12,3,100,2.00000
perturbed,2,0,12,3,300,2.00000
perturbed,2,0,12,3,1000,-1.00000
perturbed,2,1,12,3,100,2.00000
perturbed,2,1,12,3,300,2.00000
perturbed,2,1,12,3,1000,8.00000
perturbed,2,2,12,3,100,14.00000
perturbed,2,2,12,3,300,21.00000
perturbed,2,2,12,3,1000,-3.00000
perturbed,2,0,12,4,100,10.00000
perturbed,2,0,12,4,300,-2.00000
perturbed,2,0,12,4,1000,-3.00000
perturbed,2,1,12,4,100,17.00000
perturbed,2,1,12,4,300,7.00000
perturbed,2,1,12,4,1000,6.00000
perturbed,2,2,12,4,100,-8.00000
perturbed,2,2,12,4,300,-23.00000
perturbed,2,2,12,4,1000,-26.00000
perturbed,2,0,13,0,100,-1.00000
perturbed,2,0,13,0,300,-23.00000
perturbed,2,0,13,0,1000,-29.00000
perturbed,2,1,13,0,100,1.00000
perturbed,2,1,13,0,300,-21.00000
perturbed,2,1,13,0,1000,-26.00000
perturbed,2,2,13,0,100,17.00000
perturbed,2,2,13,0,300,-4.00000
perturbed,2,2,13,0,1000,-9.00000
perturbed,2,0,13,1,100,-18.00000
perturbed,2,0,13,1,300,-21.00000
perturbed,2,0,13,1,1000,-29.00000
perturbed,2,1,13,1,100,-16.00000
perturbed,2,1,13,1,300,-18.00000
perturbed,2,1,13,1,1000,-26.00000
perturbed,2,2,13,1,100,-21.00000
perturbed,2,2,13,1,300,-24.00000
perturbed,2,2,13,1,1000,-10.00000
perturbed,2,0,13,2,100,-1.00000
perturbed,2,0,13,2,300,0.00000
perturbed,2,0,13,2,1000,-29.00000
perturbed,2,1,13,2,100,-1.00000
perturbed,2,1,13,2,300,0.00000
perturbed,2,1,13,2,1000,-26.00000
perturbed,2,2,13,2,100,24.00000
perturbed,2,2,13,2,300,29.00000
perturbed,2,2,13,2,1000,-9.00000
perturbed,2,0,13,3,100,-1.00000
perturbed,2,0,13,3,300,-9.00000
perturbed,2,0,13,3,1000,-16.00000
perturbed,2,1,13,3,100,1.00000
perturbed,2,1,13,3,300,-6.00000
perturbed,2,1,13,3,1000,-13.00000
perturbed,2,2,13,3,100,4.00000
perturbed,2,2,13,3,300,6.00000
perturbed,2,2,13,3,1000,4.00000
perturbed,2,0,13,4,100,0.00000
perturbed,2,0,13,4,300,0.00000
perturbed,2,0,13,4,1000,-29.00000
perturbed,2,1,13,4,100,0.00000
perturbed,2,1,13,4,300,0.00000
perturbed,2,1,13,4,1000,-26.00000
perturbed,2,2,13,4,100,27.00000
perturbed,2,2,13,4,300,27.00000
perturbed,2,2,13,4,1000,-9.00000
perturbed,2,0,14,0,100,0.00000
perturbed,2,0,14,0,300,2.00000
perturbed,2,0,14,0,1000,11.00000
perturbed,2,1,14,0,100,-1.00000
perturbed,2,1,14,0,300,1.00000
perturbed,2,1,14,0,1000,10.00000
perturbed,2,2,14,0,100,16.00000
perturbed,2,2,14,0,300,20.00000
perturbed,2,2,14,0,1000,21.00000
perturbed,2,0,14,1,100,2.00000
perturbed,2,0,14,1,300,9.00000
perturbed,2,0,14,1,1000,11.00000
perturbed,2,1,14,1,100,2.00000
perturbed,2,1,14,1,300,10.00000
perturbed,2,1,14,1,1000,10.00000
perturbed,2,2,14,1,100,21.00000
perturbed,2,2,14,1,300,21.00000
perturbed,2,2,14,1,1000,21.00000
perturbed,2,0,14,2,100,2.00000
perturbed,2,0,14,2,300,11.00000
perturbed,2,0,14,2,1000,11.00000
perturbed,2,1,14,2,100,1.00000
perturbed,2,1,14,2,300,10.00000
perturbed,2,1,14,2,1000,10.00000
perturbed,2,2,14,2,100,6.00000
perturbed,2,2,14,2,300,12.00000
perturbed,2,2,14,2,1000,20.00000
perturbed,2,0,14,3,100,8.00000
perturbed,2,0,14,3,300,9.00000
perturbed,2,0,14,3,1000,10.00000
perturbed,2,1,14,3,100,8.00000
perturbed,2,1,14,3,300,7.00000
perturbed,2,1,14,3,1000,9.00000
perturbed,2,2,14,3,100,17.00000
perturbed,2,2,14,3,300,21.00000
perturbed,2,2,14,3,1000,21.00000
perturbed,2,0,14,4,100,0.00000
perturbed,2,0,14,4,300,1.00000
perturbed,2,0,14,4,1000,10.00000
perturbed,2,1,14,4,100,1.00000
perturbed,2,1,14,4,300,2.00000
perturbed,2,1,14,4,1000,11.00000
perturbed,2,2,14,4,100,21.00000
perturbed,2,2,14,4,300,21.00000
perturbed,2,2,14,4,1000,22.00000
perturbed,2,0,15,0,100,4.00000
perturbed,2,0,15,0,300,4.00000
perturbed,2,0,15,0,1000,3.00000
perturbed,2,1,15,0,100,4.00000
perturbed,2,1,15,0,300,8.00000
perturbed,2,1,15,0,1000,9.00000
perturbed,2,2,15,0,100,45.00000
perturbed,2,2,15,0,300,48.00000
perturbed,2,2,15,0,1000,52.00000
perturbed,2,0,15,1,100,4.00000
perturbed,2,0,15,1,300,4.00000
perturbed,2,0,15,1,1000,3.00000
perturbed,2,1,15,1,100,5.00000
perturbed,2,1,15,1,300,7.00000
perturbed,2,1,15,1,1000,9.00000
perturbed,2,2,15,1,100,43.00000
perturbed,2,2,15,1,300,47.00000
perturbed,2,2,15,1,1000,53.00000
perturbed,2,0,15,2,100,2.00000
perturbed,2,0,15,2,300,2.00000
perturbed,2,0,15,2,1000,3.00000
perturbed,2,1,15,2,100,5.00000
perturbed,2,1,15,2,300,5.00000
perturbed,2,1,15,2,1000,9.00000
perturbed,2,2,15,2,100,1.00000
perturbed,2,2,15,2,300,22.00000
perturbed,2,2,15,2,1000,53.00000
perturbed,2,0,15,3,100,2.00000
perturbed,2,0,15,3,300,3.00000
perturbed,2,0,15,3,1000,3.00000
perturbed,2,1,15,3,100,5.00000
perturbed,2,1,15,3,300,7.00000
perturbed,2,1,15,3,1000,9.00000
perturbed,2,2,15,3,100,0.00000
perturbed,2,2,15,3,300,5.00000
perturbed,2,2,15,3,1000,53.00000
perturbed,2,0,15,4,100,0.00000
perturbed,2,0,15,4,300,1.00000
perturbed,2,0,15,4,1000,3.00000
perturbed,2,1,15,4,100,5.00000
perturbed,2,1,15,4,300,6.00000
perturbed,2,1,15,4,1000,9.00000
perturbed,2,2,15,4,100,31.00000
perturbed,2,2,15,4,300,49.00000
perturbed,2,2,15,4,1000,53.00000
perturbed,2,0,16,0,100,0.00000
perturbed,2,0,16,0,300,4.00000
perturbed,2,0,16,0,1000,-4.00000
perturbed,2,1,16,0,100,0.00000
perturbed,2,1,16,0,300,4.00000
perturbed,2,1,16,0,1000,6.00000
perturbed,2,2,16,0,100,16.00000
perturbed,2,2,16,0,300,18.00000
perturbed,2,2,16,0,1000,10.00000
perturbed,2,0,16,1,100,4.00000
perturbed,2,0,16,1,300,8.00000
perturbed,2,0,16,1,1000,2.00000
perturbed,2,1,16,1,100,4.00000
perturbed,2,1,16,1,300,7.00000
perturbed,2,1,16,1,1000,10.00000
perturbed,2,2,16,1,100,6.00000
perturbed,2,2,16,1,300,13.00000
perturbed,2,2,16,1,1000,9.00000
perturbed,2,0,16,2,100,4.00000
perturbed,2,0,16,2,300,-1.00000
perturbed,2,0,16,2,1000,2.00000
perturbed,2,1,16,2,100,4.00000
perturbed,2,1,16,2,300,8.00000
perturbed,2,1,16,2,1000,8.00000
perturbed,2,2,16,2,100,13.00000
perturbed,2,2,16,2,300,6.00000
perturbed,2,2,16,2,1000,7.00000
perturbed,2,0,16,3,100,5.00000
perturbed,2,0,16,3,300,7.00000
perturbed,2,0,16,3,1000,2.00000
perturbed,2,1,16,3,100,8.00000
perturbed,2,1,16,3,300,5.00000
perturbed,2,1,16,3,1000,10.00000
perturbed,2,2,16,3,100,21.00000
perturbed,2,2,16,3,300,21.00000
perturbed,2,2,16,3,1000,14.00000
perturbed,2,0,16,4,100,4.00000
perturbed,2,0,16,4,300,10.00000
perturbed,2,0,16,4,1000,4.00000
perturbed,2,1,16,4,100,4.00000
perturbed,2,1,16,4,300,12.00000
perturbed,2,1,16,4,1000,12.00000
perturbed,2,2,16,4,100,10.00000
perturbed,2,2,16,4,300,23.00000
perturbed,2,2,16,4,1000,17.00000
perturbed,2,0,17,0,100,0.00000
perturbed,2,0,17,0,300,4.00000
perturbed,2,0,17,0,1000,6.00000
perturbed,2,1,17,0,100,-12.00000
perturbed,2,1,17,0,300,-13.00000
perturbed,2,1,17,0,1000,-5.00000
perturbed,2,2,17,0,100,-24.00000
perturbed,2,2,17,0,300,-24.00000
perturbed,2,2,17,0,1000,-2.00000
perturbed,2,0,17,1,100,-1.00000
perturbed,2,0,17,1,300,4.00000
perturbed,2,0,17,1,1000,7.00000
perturbed,2,1,17,1,100,3.00000
perturbed,2,1,17,1,300,-7.00000
perturbed,2,1,17,1,1000,-6.00000
perturbed,2,2,17,1,100,25.00000
perturbed,2,2,17,1,300,-1.00000
perturbed,2,2,17,1,1000,-2.00000
perturbed,2,0,17,2,100,2.00000
perturbed,2,0,17,2,300,2.00000
perturbed,2,0,17,2,1000,7.00000
perturbed,2,1,17,2,100,7.00000
perturbed,2,1,17,2,300,-1.00000
perturbed,2,1,17,2,1000,-5.00000
perturbed,2,2,17,2,100,13.00000
perturbed,2,2,17,2,300,6.00000
perturbed,2,2,17,2,1000,-2.00000
perturbed,2,0,17,3,100,3.00000
perturbed,2,0,17,3,300,6.00000
perturbed,2,0,17,3,1000,6.00000
perturbed,2,1,17,3,100,6.00000
perturbed,2,1,17,3,300,7.00000
perturbed,2,1,17,3,1000,-5.00000
perturbed,2,2,17,3,100,18.00000
perturbed,2,2,17,3,300,22.00000
perturbed,2,2,17,3,1000,-1.00000
perturbed,2,0,17,4,100,-1.00000
perturbed,2,0,17,4,300,6.00000
perturbed,2,0,17,4,1000,6.00000
perturbed,2,1,17,4,100,2.00000
perturbed,2,1,17,4,300,5.00000
perturbed,2,1,17,4,1000,-4.00000
perturbed,2,2,17,4,100,24.00000
perturbed,2,2,17,4,300,22.00000
perturbed,2,2,17,4,1000,0.00000
perturbed,2,0,18,0,100,-10.00000
perturbed,2,0,18,0,300,-19.00000
perturbed,2,0,18,0,1000,-15.00000
perturbed,2,1,18,0,100,-5.00000
perturbed,2,1,18,0,300,-7.00000
perturbed,2,1,18,0,1000,0.00000
perturbed,2,2,18,0,100,-4.00000
perturbed,2,2,18,0,300,-15.00000
perturbed,2,2,18,0,1000,-17.00000
perturbed,2,0,18,1,100,4.00000
perturbed,2,0,18,1,300,4.00000
perturbed,2,0,18,1,1000,-11.00000
perturbed,2,1,18,1,100,7.00000
perturbed,2,1,18,1,300,7.00000
perturbed,2,1,18,1,1000,4.00000
perturbed,2,2,18,1,100,13.00000
perturbed,2,2,18,1,300,13.00000
perturbed,2,2,18,1,1000,-13.00000
perturbed,2,0,18,2,100,10.00000
perturbed,2,0,18,2,300,-5.00000
perturbed,2,0,18,2,1000,-5.00000
perturbed,2,1,18,2,100,11.00000
perturbed,2,1,18,2,300,7.00000
perturbed,2,1,18,2,1000,7.00000
perturbed,2,2,18,2,100,7.00000
perturbed,2,2,18,2,300,-11.00000
perturbed,2,2,18,2,1000,-11.00000
perturbed,2,0,18,3,100,5.00000
perturbed,2,0,18,3,300,7.00000
perturbed,2,0,18,3,1000,-12.00000
perturbed,2,1,18,3,100,8.00000
perturbed,2,1,18,3,300,10.00000
perturbed,2,1,18,3,1000,0.00000
perturbed,2,2,18,3,100,12.00000
perturbed,2,2,18,3,300,13.00000
perturbed,2,2,18,3,1000,-17.00000
perturbed,2,0,18,4,100,6.00000
perturbed,2,0,18,4,300,10.00000
perturbed,2,0,18,4,1000,-15.00000
perturbed,2,1,18,4,100,8.00000
perturbed,2,1,18,4,300,15.00000
perturbed,2,1,18,4,1000,0.00000
perturbed,2,2,18,4,100,5.00000
perturbed,2,2,18,4,300,8.00000
perturbed,2,2,18,4,1000,-18.00000
perturbed,2,0,19,0,100,0.00000
perturbed,2,0,19,0,300,-18.00000
perturbed,2,0,19,0,1000,-19.00000
perturbed,2,1,19,0,100,1.00000
perturbed,2,1,19,0,300,-16.00000
perturbed,2,1,19,0,1000,-16.00000
perturbed,2,2,19,0,100,19.00000
perturbed,2,2,19,0,300,4.00000
perturbed,2,2,19,0,1000,-3.00000
perturbed,2,0,19,1,100,-15.00000
perturbed,2,0,19,1,300,-16.00000
perturbed,2,0,19,1,1000,-20.00000
perturbed,2,1,19,1,100,-15.00000
perturbed,2,1,19,1,300,-12.00000
perturbed,2,1,19,1,1000,-16.00000
perturbed,2,2,19,1,100,-20.00000
perturbed,2,2,19,1,300,-2.00000
perturbed,2,2,19,1,1000,-7.00000
perturbed,2,0,19,2,100,-12.00000
perturbed,2,0,19,2,300,-13.00000
perturbed,2,0,19,2,1000,-13.00000
perturbed,2,1,19,2,100,-8.00000
perturbed,2,1,19,2,300,-9.00000
perturbed,2,1,19,2,1000,-9.00000
perturbed,2,2,19,2,100,-9.00000
perturbed,2,2,19,2,300,2.00000
perturbed,2,2,19,2,1000,2.00000
perturbed,2,0,19,3,100,-3.00000
perturbed,2,0,19,3,300,-24.00000
perturbed,2,0,19,3,1000,-20.00000
perturbed,2,1,19,3,100,0.00000
perturbed,2,1,19,3,300,-21.00000
perturbed,2,1,19,3,1000,-16.00000
perturbed,2,2,19,3,100,20.00000
perturbed,2,2,19,3,300,-2.00000
perturbed,2,2,19,3,1000,-5.00000
perturbed,2,0,19,4,100,-21.00000
perturbed,2,0,19,4,300,-23.00000
perturbed,2,0,19,4,1000,-20.00000
perturbed,2,1,19,4,100,-21.00000
perturbed,2,1,19,4,300,-22.00000
perturbed,2,1,19,4,1000,-16.00000
perturbed,2,2,19,4,100,-24.00000
perturbed,2,2,19,4,300,-26.00000
perturbed,2,2,19,4,1000,-5.00000
perturbed,2,0,20,0,100,5.00000
perturbed,2,0,20,0,300,9.00000
perturbed,2,0,20,0,1000,13.00000
perturbed,2,1,20,0,100,12.00000
perturbed,2,1,20,0,300,13.00000
perturbed,2,1,20,0,1000,18.00000
perturbed,2,2,20,0,100,4.00000
perturbed,2,2,20,0,300,5.00000
perturbed,2,2,20,0,1000,21.00000
perturbed,2,0,20,1,100,5.00000
perturbed,2,0,20,1,300,10.00000
perturbed,2,0,20,1,1000,13.00000
perturbed,2,1,20,1,100,6.00000
perturbed,2,1,20,1,300,19.00000
perturbed,2,1,20,1,1000,19.00000
perturbed,2,2,20,1,100,-1.00000
perturbed,2,2,20,1,300,20.00000
perturbed,2,2,20,1,1000,22.00000
perturbed,2,0,20,2,100,3.00000
perturbed,2,0,20,2,300,2.00000
perturbed,2,0,20,2,1000,13.00000
perturbed,2,1,20,2,100,4.00000
perturbed,2,1,20,2,300,4.00000
perturbed,2,1,20,2,1000,18.00000
perturbed,2,2,20,2,100,13.00000
perturbed,2,2,20,2,300,12.00000
perturbed,2,2,20,2,1000,21.00000
perturbed,2,0,20,3,100,13.00000
perturbed,2,0,20,3,300,13.00000
perturbed,2,0,20,3,1000,13.00000
perturbed,2,1,20,3,100,17.00000
perturbed,2,1,20,3,300,18.00000
perturbed,2,1,20,3,1000,17.00000
perturbed,2,2,20,3,100,6.00000
perturbed,2,2,20,3,300,8.00000
perturbed,2,2,20,3,1000,22.00000
perturbed,2,0,20,4,100,6.00000
perturbed,2,0,20,4,300,13.00000
perturbed,2,0,20,4,1000,13.00000
perturbed,2,1,20,4,100,7.00000
perturbed,2,1,20,4,300,19.00000
perturbed,2,1,20,4,1000,19.00000
perturbed,2,2,20,4,100,1.00000
perturbed,2,2,20,4,300,14.00000
perturbed,2,2,20,4,1000,13.00000
perturbed,2,0,21,0,100,2.00000
perturbed,2,0,21,0,300,9.00000
perturbed,2,0,21,0,1000,10.00000
perturbed,2,1,21,0,100,3.00000
perturbed,2,1,21,0,300,22.00000
perturbed,2,1,21,0,1000,24.00000
perturbed,2,2,21,0,100,13.00000
perturbed,2,2,21,0,300,4.00000
perturbed,2,2,21,0,1000,0.00000
perturbed,2,0,21,1,100,3.00000
perturbed,2,0,21,1,300,-1.00000
perturbed,2,0,21,1,1000,10.00000
perturbed,2,1,21,1,100,4.00000
perturbed,2,1,21,1,300,8.00000
perturbed,2,1,21,1,1000,23.00000
perturbed,2,2,21,1,100,4.00000
perturbed,2,2,21,1,300,-1.00000
perturbed,2,2,21,1,1000,0.00000
perturbed,2,0,21,2,100,-7.00000
perturbed,2,0,21,2,300,7.00000
perturbed,2,0,21,2,1000,10.00000
perturbed,2,1,21,2,100,3.00000
perturbed,2,1,21,2,300,20.00000
perturbed,2,1,21,2,1000,24.00000
perturbed,2,2,21,2,100,-9.00000
perturbed,2,2,21,2,300,-4.00000
perturbed,2,2,21,2,1000,0.00000
perturbed,2,0,21,3,100,7.00000
perturbed,2,0,21,3,300,14.00000
perturbed,2,0,21,3,1000,10.00000
perturbed,2,1,21,3,100,7.00000
perturbed,2,1,21,3,300,26.00000
perturbed,2,1,21,3,1000,24.00000
perturbed,2,2,21,3,100,12.00000
perturbed,2,2,21,3,300,6.00000
perturbed,2,2,21,3,1000,0.00000
perturbed,2,0,21,4,100,1.00000
perturbed,2,0,21,4,300,16.00000
perturbed,2,0,21,4,1000,11.00000
perturbed,2,1,21,4,100,1.00000
perturbed,2,1,21,4,300,21.00000
perturbed,2,1,21,4,1000,25.00000
perturbed,2,2,21,4,100,13.00000
perturbed,2,2,21,4,300,12.00000
perturbed,2,2,21,4,1000,1.00000
perturbed,2,0,22,0,100,-4.00000
perturbed,2,0,22,0,300,-3.00000
perturbed,2,0,22,0,1000,-2.00000
perturbed,2,1,22,0,100,-1.00000
perturbed,2,1,22,0,300,-4.00000
perturbed,2,1,22,0,1000,8.00000
perturbed,2,2,22,0,100,-8.00000
perturbed,2,2,22,0,300,0.00000
perturbed,2,2,22,0,1000,1.00000
perturbed,2,0,22,1,100,-5.00000
perturbed,2,0,22,1,300,-5.00000
perturbed,2,0,22,1,1000,-5.00000
perturbed,2,1,22,1,100,-3.00000
perturbed,2,1,22,1,300,7.00000
perturbed,2,1,22,1,1000,6.00000
perturbed,2,2,22,1,100,-9.00000
perturbed,2,2,22,1,300,-21.00000
perturbed,2,2,22,1,1000,-6.00000
perturbed,2,0,22,2,100,-6.00000
perturbed,2,0,22,2,300,-6.00000
perturbed,2,0,22,2,1000,-4.00000
perturbed,2,1,22,2,100,-4.00000
perturbed,2,1,22,2,300,-5.00000
perturbed,2,1,22,2,1000,8.00000
perturbed,2,2,22,2,100,-16.00000
perturbed,2,2,22,2,300,-1.00000
perturbed,2,2,22,2,1000,-2.00000
perturbed,2,0,22,3,100,-6.00000
perturbed,2,0,22,3,300,2.00000
perturbed,2,0,22,3,1000,-4.00000
perturbed,2,1,22,3,100,-3.00000
perturbed,2,1,22,3,300,7.00000
perturbed,2,1,22,3,1000,10.00000
perturbed,2,2,22,3,100,-10.00000
perturbed,2,2,22,3,300,8.00000
perturbed,2,2,22,3,1000,2.00000
perturbed,2,0,22,4,100,-2.00000
perturbed,2,0,22,4,300,-3.00000
perturbed,2,0,22,4,1000,-4.00000
perturbed,2,1,22,4,100,-5.00000
perturbed,2,1,22,4,300,-4.00000
perturbed,2,1,22,4,1000,8.00000
perturbed,2,2,22,4,100,-18.00000
perturbed,2,2,22,4,300,-1.00000
perturbed,2,2,22,4,1000,-5.00000
perturbed,2,0,23,0,100,-9.00000
perturbed,2,0,23,0,300,-15.00000
perturbed,2,0,23,0,1000,-16.00000
perturbed,2,1,23,0,100,-5.00000
perturbed,2,1,23,0,300,-4.00000
perturbed,2,1,23,0,1000,-1.00000
perturbed,2,2,23,0,100,-3.00000
perturbed,2,2,23,0,300,-13.00000
perturbed,2,2,23,0,1000,-13.00000
perturbed,2,0,23,1,100,1.00000
perturbed,2,0,23,1,300,1.00000
perturbed,2,0,23,1,1000,-17.00000
perturbed,2,1,23,1,100,1.00000
perturbed,2,1,23,1,300,1.00000
perturbed,2,1,23,1,1000,-2.00000
perturbed,2,2,23,1,100,8.00000
perturbed,2,2,23,1,300,9.00000
perturbed,2,2,23,1,1000,-14.00000
perturbed,2,0,23,2,100,4.00000
perturbed,2,0,23,2,300,5.00000
perturbed,2,0,23,2,1000,-15.00000
perturbed,2,1,23,2,100,9.00000
perturbed,2,1,23,2,300,11.00000
perturbed,2,1,23,2,1000,-1.00000
perturbed,2,2,23,2,100,8.00000
perturbed,2,2,23,2,300,13.00000
perturbed,2,2,23,2,1000,-10.00000
perturbed,2,0,23,3,100,6.00000
perturbed,2,0,23,3,300,5.00000
perturbed,2,0,23,3,1000,-15.00000
perturbed,2,1,23,3,100,7.00000
perturbed,2,1,23,3,300,10.00000
perturbed,2,1,23,3,1000,-2.00000
perturbed,2,2,23,3,100,2.00000
perturbed,2,2,23,3,300,6.00000
perturbed,2,2,23,3,1000,-11.00000
perturbed,2,0,23,4,100,3.00000
perturbed,2,0,23,4,300,6.00000
perturbed,2,0,23,4,1000,-16.00000
perturbed,2,1,23,4,100,9.00000
perturbed,2,1,23,4,300,12.00000
perturbed,2,1,23,4,1000,-2.00000
perturbed,2,2,23,4,100,5.00000
perturbed,2,2,23,4,300,13.00000
perturbed,2,2,23,4,1000,-13.00000
perturbed,2,0,24,0,100,9.00000
perturbed,2,0,24,0,300,6.00000
perturbed,2,0,24,0,1000,6.00000
perturbed,2,1,24,0,100,16.00000
perturbed,2,1,24,0,300,11.00000
perturbed,2,1,24,0,1000,13.00000
perturbed,2,2,24,0,100,4.00000
perturbed,2,2,24,0,300,-14.00000
perturbed,2,2,24,0,1000,-14.00000
perturbed,2,0,24,1,100,11.00000
perturbed,2,0,24,1,300,7.00000
perturbed,2,0,24,1,1000,2.00000
perturbed,2,1,24,1,100,9.00000
perturbed,2,1,24,1,300,6.00000
perturbed,2,1,24,1,1000,7.00000
perturbed,2,2,24,1,100,-7.00000
perturbed,2,2,24,1,300,-8.00000
perturbed,2,2,24,1,1000,-14.00000
perturbed,2,0,24,2,100,2.00000
perturbed,2,0,24,2,300,5.00000
perturbed,2,0,24,2,1000,6.00000
perturbed,2,1,24,2,100,3.00000
perturbed,2,1,24,2,300,4.00000
perturbed,2,1,24,2,1000,13.00000
perturbed,2,2,24,2,100,-2.00000
perturbed,2,2,24,2,300,-11.00000
perturbed,2,2,24,2,1000,-14.00000
perturbed,2,0,24,3,100,11.00000
perturbed,2,0,24,3,300,3.00000
perturbed,2,0,24,3,1000,6.00000
perturbed,2,1,24,3,100,10.00000
perturbed,2,1,24,3,300,1.00000
perturbed,2,1,24,3,1000,13.00000
perturbed,2,2,24,3,100,-3.00000
perturbed,2,2,24,3,300,-12.00000
perturbed,2,2,24,3,1000,-14.00000
perturbed,2,0,24,4,100,3.00000
perturbed,2,0,24,4,300,3.00000
perturbed,2,0,24,4,1000,3.00000
perturbed,2,1,24,4,100,1.00000
perturbed,2,1,24,4,300,1.00000
perturbed,2,1,24,4,1000,1.00000
perturbed,2,2,24,4,100,-12.00000
perturbed,2,2,24,4,300,-11.00000
perturbed,2,2,24,4,1000,-11.00000
perturbed,2,0,25,0,100,2.00000
perturbed,2,0,25,0,300,6.00000
perturbed,2,0,25,0,1000,3.00000
perturbed,2,1,25,0,100,2.00000
perturbed,2,1,25,0,300,5.00000
perturbed,2,1,25,0,1000,5.00000
perturbed,2,2,25,0,100,23.00000
perturbed,2,2,25,0,300,19.00000
perturbed,2,2,25,0,1000,20.00000
perturbed,2,0,25,1,100,2.00000
perturbed,2,0,25,1,300,-1.00000
perturbed,2,0,25,1,1000,4.00000
perturbed,2,1,25,1,100,7.00000
perturbed,2,1,25,1,300,4.00000
perturbed,2,1,25,1,1000,6.00000
perturbed,2,2,25,1,100,30.00000
perturbed,2,2,25,1,300,18.00000
perturbed,2,2,25,1,1000,20.00000
perturbed,2,0,25,2,100,6.00000
perturbed,2,0,25,2,300,4.00000
perturbed,2,0,25,2,1000,4.00000
perturbed,2,1,25,2,100,1.00000
perturbed,2,1,25,2,300,2.00000
perturbed,2,1,25,2,1000,6.00000
perturbed,2,2,25,2,100,16.00000
perturbed,2,2,25,2,300,12.00000
perturbed,2,2,25,2,1000,20.00000
perturbed,2,0,25,3,100,2.00000
perturbed,2,0,25,3,300,4.00000
perturbed,2,0,25,3,1000,5.00000
perturbed,2,1,25,3,100,3.00000
perturbed,2,1,25,3,300,7.00000
perturbed,2,1,25,3,1000,6.00000
perturbed,2,2,25,3,100,17.00000
perturbed,2,2,25,3,300,20.00000
perturbed,2,2,25,3,1000,19.00000
perturbed,2,0,25,4,100,0.00000
perturbed,2,0,25,4,300,3.00000
perturbed,2,0,25,4,1000,4.00000
perturbed,2,1,25,4,100,3.00000
perturbed,2,1,25,4,300,6.00000
perturbed,2,1,25,4,1000,1.00000
perturbed,2,2,25,4,100,11.00000
perturbed,2,2,25,4,300,25.00000
perturbed,2,2,25,4,1000,15.00000
perturbed,2,0,26,0,100,-3.00000
perturbed,2,0,26,0,300,2.00000
perturbed,2,0,26,0,1000,2.00000
perturbed,2,1,26,0,100,3.00000
perturbed,2,1,26,0,300,4.00000
perturbed,2,1,26,0,1000,6.00000
perturbed,2,2,26,0,100,-24.00000
perturbed,2,2,26,0,300,-28.00000
perturbed,2,2,26,0,1000,-26.00000
perturbed,2,0,26,1,100,10.00000
perturbed,2,0,26,1,300,5.00000
perturbed,2,0,26,1,1000,5.00000
perturbed,2,1,26,1,100,12.00000
perturbed,2,1,26,1,300,8.00000
perturbed,2,1,26,1,1000,8.00000
perturbed,2,2,26,1,100,4.00000
perturbed,2,2,26,1,300,-21.00000
perturbed,2,2,26,1,1000,-23.00000
perturbed,2,0,26,2,100,7.00000
perturbed,2,0,26,2,300,9.00000
perturbed,2,0,26,2,1000,2.00000
perturbed,2,1,26,2,100,9.00000
perturbed,2,1,26,2,300,9.00000
perturbed,2,1,26,2,1000,7.00000
perturbed,2,2,26,2,100,-10.00000
perturbed,2,2,26,2,300,-12.00000
perturbed,2,2,26,2,1000,-26.00000
perturbed,2,0,26,3,100,-8.00000
perturbed,2,0,26,3,300,4.00000
perturbed,2,0,26,3,1000,2.00000
perturbed,2,1,26,3,100,-2.00000
perturbed,2,1,26,3,300,9.00000
perturbed,2,1,26,3,1000,6.00000
perturbed,2,2,26,3,100,-23.00000
perturbed,2,2,26,3,300,-21.00000
perturbed,2,2,26,3,1000,-27.00000
perturbed,2,0,26,4,100,7.00000
perturbed,2,0,26,4,300,1.00000
perturbed,2,0,26,4,1000,1.00000
perturbed,2,1,26,4,100,11.00000
perturbed,2,1,26,4,300,5.00000
perturbed,2,1,26,4,1000,4.00000
perturbed,2,2,26,4,100,-24.00000
perturbed,2,2,26,4,300,-29.00000
perturbed,2,2,26,4,1000,-27.00000
perturbed,2,0,27,0,100,-3.00000
perturbed,2,0,27,0,300,7.00000
perturbed,2,0,27,0,1000,7.00000
perturbed,2,1,27,0,100,-1.00000
perturbed,2,1,27,0,300,17.00000
perturbed,2,1,27,0,1000,22.00000
perturbed,2,2,27,0,100,-12.00000
perturbed,2,2,27,0,300,-20.00000
perturbed,2,2,27,0,1000,-23.00000
perturbed,2,0,27,1,100,4.00000
perturbed,2,0,27,1,300,8.00000
perturbed,2,0,27,1,1000,7.00000
perturbed,2,1,27,1,100,17.00000
perturbed,2,1,27,1,300,19.00000
perturbed,2,1,27,1,1000,22.00000
perturbed,2,2,27,1,100,-21.00000
perturbed,2,2,27,1,300,-20.00000
perturbed,2,2,27,1,1000,-23.00000
perturbed,2,0,27,2,100,5.00000
perturbed,2,0,27,2,300,6.00000
perturbed,2,0,27,2,1000,7.00000
perturbed,2,1,27,2,100,13.00000
perturbed,2,1,27,2,300,15.00000
perturbed,2,1,27,2,1000,22.00000
perturbed,2,2,27,2,100,-18.00000
perturbed,2,2,27,2,300,-20.00000
perturbed,2,2,27,2,1000,-23.00000
perturbed,2,0,27,3,100,8.00000
perturbed,2,0,27,3,300,1.00000
perturbed,2,0,27,3,1000,7.00000
perturbed,2,1,27,3,100,15.00000
perturbed,2,1,27,3,300,15.00000
perturbed,2,1,27,3,1000,22.00000
perturbed,2,2,27,3,100,-11.00000
perturbed,2,2,27,3,300,-23.00000
perturbed,2,2,27,3,1000,-23.00000
perturbed,2,0,27,4,100,12.00000
perturbed,2,0,27,4,300,12.00000
perturbed,2,0,27,4,1000,7.00000
perturbed,2,1,27,4,100,19.00000
perturbed,2,1,27,4,300,19.00000
perturbed,2,1,27,4,1000,22.00000
perturbed,2,2,27,4,100,-18.00000
perturbed,2,2,27,4,300,-18.00000
perturbed,2,2,27,4,1000,-23.00000
perturbed,2,0,28,0,100,-9.00000
perturbed,2,0,28,0,300,-18.00000
perturbed,2,0,28,0,1000,-14.00000
perturbed,2,1,28,0,100,-8.00000
perturbed,2,1,28,0,300,-15.00000
perturbed,2,1,28,0,1000,-9.00000
perturbed,2,2,28,0,100,-8.00000
perturbed,2,2,28,0,300,-31.00000
perturbed,2,2,28,0,1000,-26.00000
perturbed,2,0,28,1,100,6.00000
perturbed,2,0,28,1,300,-8.00000
perturbed,2,0,28,1,1000,-15.00000
perturbed,2,1,28,1,100,8.00000
perturbed,2,1,28,1,300,-3.00000
perturbed,2,1,28,1,1000,-7.00000
perturbed,2,2,28,1,100,-2.00000
perturbed,2,2,28,1,300,-22.00000
perturbed,2,2,28,1,1000,-29.00000
perturbed,2,0,28,2,100,0.00000
perturbed,2,0,28,2,300,-4.00000
perturbed,2,0,28,2,1000,-14.00000
perturbed,2,1,28,2,100,2.00000
perturbed,2,1,28,2,300,-1.00000
perturbed,2,1,28,2,1000,-7.00000
perturbed,2,2,28,2,100,-6.00000
perturbed,2,2,28,2,300,-11.00000
perturbed,2,2,28,2,1000,-26.00000
perturbed,2,0,28,3,100,4.00000
perturbed,2,0,28,3,300,3.00000
perturbed,2,0,28,3,1000,-13.00000
perturbed,2,1,28,3,100,5.00000
perturbed,2,1,28,3,300,3.00000
perturbed,2,1,28,3,1000,-5.00000
perturbed,2,2,28,3,100,-12.00000
perturbed,2,2,28,3,300,-9.00000
perturbed,2,2,28,3,1000,-25.00000
perturbed,2,0,28,4,100,1.00000
perturbed,2,0,28,4,300,-10.00000
perturbed,2,0,28,4,1000,-15.00000
perturbed,2,1,28,4,100,5.00000
perturbed,2,1,28,4,300,-3.00000
perturbed,2,1,28,4,1000,-7.00000
perturbed,2,2,28,4,100,-7.00000
perturbed,2,2,28,4,300,-22.00000
perturbed,2,2,28,4,1000,-27.00000
perturbed,2,0,29,0,100,-24.00000
perturbed,2,0,29,0,300,-56.00000
perturbed,2,0,29,0,1000,-58.00000
perturbed,2,1,29,0,100,-17.00000
perturbed,2,1,29,0,300,-41.00000
perturbed,2,1,29,0,1000,-42.00000
perturbed,2,2,29,0,100,-30.00000
perturbed,2,2,29,0,300,-63.00000
perturbed,2,2,29,0,1000,-65.00000
perturbed,2,0,29,1,100,-3.00000
perturbed,2,0,29,1,300,-32.00000
perturbed,2,0,29,1,1000,-58.00000
perturbed,2,1,29,1,100,-1.00000
perturbed,2,1,29,1,300,-23.00000
perturbed,2,1,29,1,1000,-42.00000
perturbed,2,2,29,1,100,-8.00000
perturbed,2,2,29,1,300,-39.00000
perturbed,2,2,29,1,1000,-65.00000
perturbed,2,0,29,2,100,-28.00000
perturbed,2,0,29,2,300,-48.00000
perturbed,2,0,29,2,1000,-60.00000
perturbed,2,1,29,2,100,-18.00000
perturbed,2,1,29,2,300,-35.00000
perturbed,2,1,29,2,1000,-44.00000
perturbed,2,2,29,2,100,-30.00000
perturbed,2,2,29,2,300,-51.00000
perturbed,2,2,29,2,1000,-64.00000
perturbed,2,0,29,3,100,4.00000
perturbed,2,0,29,3,300,4.00000
perturbed,2,0,29,3,1000,-55.00000
perturbed,2,1,29,3,100,0.00000
perturbed,2,1,29,3,300,0.00000
perturbed,2,1,29,3,1000,-42.00000
perturbed,2,2,29,3,100,-4.00000
perturbed,2,2,29,3,300,-4.00000
perturbed,2,2,29,3,1000,-65.00000
perturbed,2,0,29,4,100,-32.00000
perturbed,2,0,29,4,300,-56.00000
perturbed,2,0,29,4,1000,-59.00000
perturbed,2,1,29,4,100,-26.00000
perturbed,2,1,29,4,300,-43.00000
perturbed,2,1,29,4,1000,-43.00000
perturbed,2,2,29,4,100,-36.00000
perturbed,2,2,29,4,300,-60.00000
perturbed,2,2,29,4,1000,-64.00000
perturbed,2,0,30,0,100,-2.00000
perturbed,2,0,30,0,300,-2.00000
perturbed,2,0,30,0,1000,-9.00000
perturbed,2,1,30,0,100,3.00000
perturbed,2,1,30,0,300,3.00000
perturbed,2,1,30,0,1000,4.00000
perturbed,2,2,30,0,100,-36.00000
perturbed,2,2,30,0,300,-39.00000
perturbed,2,2,30,0,1000,-46.00000
perturbed,2,0,30,1,100,-1.00000
perturbed,2,0,30,1,300,-6.00000
perturbed,2,0,30,1,1000,-9.00000
perturbed,2,1,30,1,100,11.00000
perturbed,2,1,30,1,300,1.00000
perturbed,2,1,30,1,1000,4.00000
perturbed,2,2,30,1,100,-28.00000
perturbed,2,2,30,1,300,-43.00000
perturbed,2,2,30,1,1000,-46.00000
perturbed,2,0,30,2,100,3.00000
perturbed,2,0,30,2,300,-9.00000
perturbed,2,0,30,2,1000,-9.00000
perturbed,2,1,30,2,100,9.00000
perturbed,2,1,30,2,300,4.00000
perturbed,2,1,30,2,1000,4.00000
perturbed,2,2,30,2,100,-32.00000
perturbed,2,2,30,2,300,-46.00000
perturbed,2,2,30,2,1000,-46.00000
perturbed,2,0,30,3,100,-5.00000
perturbed,2,0,30,3,300,-12.00000
perturbed,2,0,30,3,1000,-9.00000
perturbed,2,1,30,3,100,6.00000
perturbed,2,1,30,3,300,4.00000
perturbed,2,1,30,3,1000,4.00000
perturbed,2,2,30,3,100,-27.00000
perturbed,2,2,30,3,300,-43.00000
perturbed,2,2,30,3,1000,-46.00000
perturbed,2,0,30,4,100,-11.00000
perturbed,2,0,30,4,300,-10.00000
perturbed,2,0,30,4,1000,-9.00000
perturbed,2,1,30,4,100,0.00000
perturbed,2,1,30,4,300,2.00000
perturbed,2,1,30,4,1000,4.00000
perturbed,2,2,30,4,100,-39.00000
perturbed,2,2,30,4,300,-47.00000
perturbed,2,2,30,4,1000,-46.00000
perturbed,2,0,31,0,100,1.00000
perturbed,2,0,31,0,300,-30.00000
perturbed,2,0,31,0,1000,-33.00000
perturbed,2,1,31,0,100,6.00000
perturbed,2,1,31,0,300,-14.00000
perturbed,2,1,31,0,1000,-19.00000
perturbed,2,2,31,0,100,1.00000
perturbed,2,2,31,0,300,-33.00000
perturbed,2,2,31,0,1000,-38.00000
perturbed,2,0,31,1,100,-15.00000
perturbed,2,0,31,1,300,-28.00000
perturbed,2,0,31,1,1000,-35.00000
perturbed,2,1,31,1,100,1.00000
perturbed,2,1,31,1,300,-11.00000
perturbed,2,1,31,1,1000,-19.00000
perturbed,2,2,31,1,100,-20.00000
perturbed,2,2,31,1,300,-33.00000
perturbed,2,2,31,1,1000,-38.00000
perturbed,2,0,31,2,100,-5.00000
perturbed,2,0,31,2,300,-33.00000
perturbed,2,0,31,2,1000,-34.00000
perturbed,2,1,31,2,100,-2.00000
perturbed,2,1,31,2,300,-18.00000
perturbed,2,1,31,2,1000,-19.00000
perturbed,2,2,31,2,100,-6.00000
perturbed,2,2,31,2,300,-38.00000
perturbed,2,2,31,2,1000,-40.00000
perturbed,2,0,31,3,100,1.00000
perturbed,2,0,31,3,300,-31.00000
perturbed,2,0,31,3,1000,-36.00000
perturbed,2,1,31,3,100,4.00000
perturbed,2,1,31,3,300,-20.00000
perturbed,2,1,31,3,1000,-20.00000
perturbed,2,2,31,3,100,2.00000
perturbed,2,2,31,3,300,-32.00000
perturbed,2,2,31,3,1000,-38.00000
perturbed,2,0,31,4,100,-7.00000
perturbed,2,0,31,4,300,-23.00000
perturbed,2,0,31,4,1000,-34.00000
perturbed,2,1,31,4,100,-4.00000
perturbed,2,1,31,4,300,-12.00000
perturbed,2,1,31,4,1000,-19.00000
perturbed,2,2,31,4,100,-5.00000
perturbed,2,2,31,4,300,-24.00000
perturbed,2,2,31,4,1000,-38.00000
perturbed,2,0,32,0,100,1.00000
perturbed,2,0,32,0,300,-46.00000
perturbed,2,0,32,0,1000,-44.00000
perturbed,2,1,32,0,100,1.00000
perturbed,2,1,32,0,300,-43.00000
perturbed,2,1,32,0,1000,-41.00000
perturbed,2,2,32,0,100,0.00000
perturbed,2,2,32,0,300,-54.00000
perturbed,2,2,32,0,1000,-56.00000
perturbed,2,0,32,1,100,-25.00000
perturbed,2,0,32,1,300,-42.00000
perturbed,2,0,32,1,1000,-44.00000
perturbed,2,1,32,1,100,-22.00000
perturbed,2,1,32,1,300,-40.00000
perturbed,2,1,32,1,1000,-42.00000
perturbed,2,2,32,1,100,-35.00000
perturbed,2,2,32,1,300,-57.00000
perturbed,2,2,32,1,1000,-58.00000
perturbed,2,0,32,2,100,-39.00000
perturbed,2,0,32,2,300,-38.00000
perturbed,2,0,32,2,1000,-44.00000
perturbed,2,1,32,2,100,-37.00000
perturbed,2,1,32,2,300,-36.00000
perturbed,2,1,32,2,1000,-42.00000
perturbed,2,2,32,2,100,-44.00000
perturbed,2,2,32,2,300,-47.00000
perturbed,2,2,32,2,1000,-57.00000
perturbed,2,0,32,3,100,-23.00000
perturbed,2,0,32,3,300,-44.00000
perturbed,2,0,32,3,1000,-44.00000
perturbed,2,1,32,3,100,-21.00000
perturbed,2,1,32,3,300,-40.00000
perturbed,2,1,32,3,1000,-42.00000
perturbed,2,2,32,3,100,-33.00000
perturbed,2,2,32,3,300,-56.00000
perturbed,2,2,32,3,1000,-57.00000
perturbed,2,0,32,4,100,-32.00000
perturbed,2,0,32,4,300,-43.00000
perturbed,2,0,32,4,1000,-44.00000
perturbed,2,1,32,4,100,-31.00000
perturbed,2,1,32,4,300,-41.00000
perturbed,2,1,32,4,1000,-42.00000
perturbed,2,2,32,4,100,-46.00000
perturbed,2,2,32,4,300,-58.00000
perturbed,2,2,32,4,1000,-59.00000
perturbed,2,0,33,0,100,-4.00000
perturbed,2,0,33,0,300,-6.00000
perturbed,2,0,33,0,1000,-6.00000
perturbed,2,1,33,0,100,17.00000
perturbed,2,1,33,0,300,17.00000
perturbed,2,1,33,0,1000,28.00000
perturbed,2,2,33,0,100,25.00000
perturbed,2,2,33,0,300,21.00000
perturbed,2,2,33,0,1000,35.00000
perturbed,2,0,33,1,100,-4.00000
perturbed,2,0,33,1,300,-3.00000
perturbed,2,0,33,1,1000,-6.00000
perturbed,2,1,33,1,100,21.00000
perturbed,2,1,33,1,300,26.00000
perturbed,2,1,33,1,1000,27.00000
perturbed,2,2,33,1,100,33.00000
perturbed,2,2,33,1,300,38.00000
perturbed,2,2,33,1,1000,34.00000
perturbed,2,0,33,2,100,-5.00000
perturbed,2,0,33,2,300,-5.00000
perturbed,2,0,33,2,1000,-5.00000
perturbed,2,1,33,2,100,19.00000
perturbed,2,1,33,2,300,24.00000
perturbed,2,1,33,2,1000,28.00000
perturbed,2,2,33,2,100,17.00000
perturbed,2,2,33,2,300,33.00000
perturbed,2,2,33,2,1000,36.00000
perturbed,2,0,33,3,100,0.00000
perturbed,2,0,33,3,300,-6.00000
perturbed,2,0,33,3,1000,-6.00000
perturbed,2,1,33,3,100,2.00000
perturbed,2,1,33,3,300,22.00000
perturbed,2,1,33,3,1000,28.00000
perturbed,2,2,33,3,100,-5.00000
perturbed,2,2,33,3,300,26.00000
perturbed,2,2,33,3,1000,35.00000
perturbed,2,0,33,4,100,-1.00000
perturbed,2,0,33,4,300,-1.00000
perturbed,2,0,33,4,1000,-6.00000
perturbed,2,1,33,4,100,1.00000
perturbed,2,1,33,4,300,1.00000
perturbed,2,1,33,4,1000,25.00000
perturbed,2,2,33,4,100,-5.00000
perturbed,2,2,33,4,300,7.00000
perturbed,2,2,33,4,1000,32.00000
perturbed,2,0,34,0,100,8.00000
perturbed,2,0,34,0,300,7.00000
perturbed,2,0,34,0,1000,6.00000
perturbed,2,1,34,0,100,-2.00000
perturbed,2,1,34,0,300,2.00000
perturbed,2,1,34,0,1000,4.00000
perturbed,2,2,34,0,100,-18.00000
perturbed,2,2,34,0,300,-14.00000
perturbed,2,2,34,0,1000,-9.00000
perturbed,2,0,34,1,100,3.00000
perturbed,2,0,34,1,300,3.00000
perturbed,2,0,34,1,1000,3.00000
perturbed,2,1,34,1,100,5.00000
perturbed,2,1,34,1,300,-2.00000
perturbed,2,1,34,1,1000,-2.00000
perturbed,2,2,34,1,100,-9.00000
perturbed,2,2,34,1,300,-15.00000
perturbed,2,2,34,1,1000,-15.00000
perturbed,2,0,34,2,100,9.00000
perturbed,2,0,34,2,300,7.00000
perturbed,2,0,34,2,1000,6.00000
perturbed,2,1,34,2,100,-5.00000
perturbed,2,1,34,2,300,2.00000
perturbed,2,1,34,2,1000,4.00000
perturbed,2,2,34,2,100,-21.00000
perturbed,2,2,34,2,300,-10.00000
perturbed,2,2,34,2,1000,-8.00000
perturbed,2,0,34,3,100,0.00000
perturbed,2,0,34,3,300,5.00000
perturbed,2,0,34,3,1000,6.00000
perturbed,2,1,34,3,100,14.00000
perturbed,2,1,34,3,300,4.00000
perturbed,2,1,34,3,1000,4.00000
perturbed,2,2,34,3,100,7.00000
perturbed,2,2,34,3,300,-8.00000
perturbed,2,2,34,3,1000,-8.00000
perturbed,2,0,34,4,100,3.00000
perturbed,2,0,34,4,300,6.00000
perturbed,2,0,34,4,1000,7.00000
perturbed,2,1,34,4,100,6.00000
perturbed,2,1,34,4,300,3.00000
perturbed,2,1,34,4,1000,5.00000
perturbed,2,2,34,4,100,4.00000
perturbed,2,2,34,4,300,-3.00000
perturbed,2,2,34,4,1000,-7.00000
perturbed,2,0,35,0,100,7.00000
perturbed,2,0,35,0,300,13.00000
perturbed,2,0,35,0,1000,15.00000
perturbed,2,1,35,0,100,16.00000
perturbed,2,1,35,0,300,27.00000
perturbed,2,1,35,0,1000,29.00000
perturbed,2,2,35,0,100,-6.00000
perturbed,2,2,35,0,300,-7.00000
perturbed,2,2,35,0,1000,-7.00000
perturbed,2,0,35,1,100,-1.00000
perturbed,2,0,35,1,300,16.00000
perturbed,2,0,35,1,1000,14.00000
perturbed,2,1,35,1,100,2.00000
perturbed,2,1,35,1,300,27.00000
perturbed,2,1,35,1,1000,29.00000
perturbed,2,2,35,1,100,1.00000
perturbed,2,2,35,1,300,-2.00000
perturbed,2,2,35,1,1000,-6.00000
perturbed,2,0,35,2,100,1.00000
perturbed,2,0,35,2,300,12.00000
perturbed,2,0,35,2,1000,14.00000
perturbed,2,1,35,2,100,7.00000
perturbed,2,1,35,2,300,19.00000
perturbed,2,1,35,2,1000,29.00000
perturbed,2,2,35,2,100,-4.00000
perturbed,2,2,35,2,300,-6.00000
perturbed,2,2,35,2,1000,-6.00000
perturbed,2,0,35,3,100,5.00000
perturbed,2,0,35,3,300,15.00000
perturbed,2,0,35,3,1000,14.00000
perturbed,2,1,35,3,100,11.00000
perturbed,2,1,35,3,300,29.00000
perturbed,2,1,35,3,1000,29.00000
perturbed,2,2,35,3,100,-4.00000
perturbed,2,2,35,3,300,-5.00000
perturbed,2,2,35,3,1000,-6.00000
perturbed,2,0,35,4,100,5.00000
perturbed,2,0,35,4,300,13.00000
perturbed,2,0,35,4,1000,14.00000
perturbed,2,1,35,4,100,6.00000
perturbed,2,1,35,4,300,27.00000
perturbed,2,1,35,4,1000,28.00000
perturbed,2,2,35,4,100,-5.00000
perturbed,2,2,35,4,300,-6.00000
perturbed,2,2,35,4,1000,-6.00000
perturbed,2,0,36,0,100,1.00000
perturbed,2,0,36,0,300,0.00000
perturbed,2,0,36,0,1000,0.00000
perturbed,2,1,36,0,100,2.00000
perturbed,2,1,36,0,300,9.00000
perturbed,2,1,36,0,1000,9.00000
perturbed,2,2,36,0,100,23.00000
perturbed,2,2,36,0,300,43.00000
perturbed,2,2,36,0,1000,61.00000
perturbed,2,0,36,1,100,-2.00000
perturbed,2,0,36,1,300,-2.00000
perturbed,2,0,36,1,1000,0.00000
perturbed,2,1,36,1,100,7.00000
perturbed,2,1,36,1,300,7.00000
perturbed,2,1,36,1,1000,9.00000
perturbed,2,2,36,1,100,30.00000
perturbed,2,2,36,1,300,35.00000
perturbed,2,2,36,1,1000,63.00000
perturbed,2,0,36,2,100,-2.00000
perturbed,2,0,36,2,300,-2.00000
perturbed,2,0,36,2,1000,-1.00000
perturbed,2,1,36,2,100,6.00000
perturbed,2,1,36,2,300,7.00000
perturbed,2,1,36,2,1000,8.00000
perturbed,2,2,36,2,100,23.00000
perturbed,2,2,36,2,300,64.00000
perturbed,2,2,36,2,1000,64.00000
perturbed,2,0,36,3,100,-2.00000
perturbed,2,0,36,3,300,-2.00000
perturbed,2,0,36,3,1000,0.00000
perturbed,2,1,36,3,100,1.00000
perturbed,2,1,36,3,300,1.00000
perturbed,2,1,36,3,1000,9.00000
perturbed,2,2,36,3,100,29.00000
perturbed,2,2,36,3,300,47.00000
perturbed,2,2,36,3,1000,64.00000
perturbed,2,0,36,4,100,1.00000
perturbed,2,0,36,4,300,0.00000
perturbed,2,0,36,4,1000,0.00000
perturbed,2,1,36,4,100,2.00000
perturbed,2,1,36,4,300,9.00000
perturbed,2,1,36,4,1000,9.00000
perturbed,2,2,36,4,100,6.00000
perturbed,2,2,36,4,300,42.00000
perturbed,2,2,36,4,1000,60.00000
perturbed,2,0,37,0,100,11.00000
perturbed,2,0,37,0,300,12.00000
perturbed,2,0,37,0,1000,13.00000
perturbed,2,1,37,0,100,12.00000
perturbed,2,1,37,0,300,13.00000
perturbed,2,1,37,0,1000,14.00000
perturbed,2,2,37,0,100,2.00000
perturbed,2,2,37,0,300,11.00000
perturbed,2,2,37,0,1000,13.00000
perturbed,2,0,37,1,100,11.00000
perturbed,2,0,37,1,300,11.00000
perturbed,2,0,37,1,1000,5.00000
perturbed,2,1,37,1,100,12.00000
perturbed,2,1,37,1,300,12.00000
perturbed,2,1,37,1,1000,2.00000
perturbed,2,2,37,1,100,-3.00000
perturbed,2,2,37,1,300,11.00000
perturbed,2,2,37,1,1000,1.00000
perturbed,2,0,37,2,100,0.00000
perturbed,2,0,37,2,300,6.00000
perturbed,2,0,37,2,1000,6.00000
perturbed,2,1,37,2,100,0.00000
perturbed,2,1,37,2,300,7.00000
perturbed,2,1,37,2,1000,3.00000
perturbed,2,2,37,2,100,20.00000
perturbed,2,2,37,2,300,19.00000
perturbed,2,2,37,2,1000,3.00000
perturbed,2,0,37,3,100,7.00000
perturbed,2,0,37,3,300,9.00000
perturbed,2,0,37,3,1000,10.00000
perturbed,2,1,37,3,100,8.00000
perturbed,2,1,37,3,300,10.00000
perturbed,2,1,37,3,1000,7.00000
perturbed,2,2,37,3,100,6.00000
perturbed,2,2,37,3,300,11.00000
perturbed,2,2,37,3,1000,5.00000
perturbed,2,0,37,4,100,11.00000
perturbed,2,0,37,4,300,12.00000
perturbed,2,0,37,4,1000,12.00000
perturbed,2,1,37,4,100,12.00000
perturbed,2,1,37,4,300,13.00000
perturbed,2,1,37,4,1000,13.00000
perturbed,2,2,37,4,100,-5.00000
perturbed,2,2,37,4,300,8.00000
perturbed,2,2,37,4,1000,9.00000
perturbed,2,0,38,0,100,1.00000
perturbed,2,0,38,0,300,8.00000
perturbed,2,0,38,0,1000,8.00000
perturbed,2,1,38,0,100,15.00000
perturbed,2,1,38,0,300,24.00000
perturbed,2,1,38,0,1000,26.00000
perturbed,2,2,38,0,100,-2.00000
perturbed,2,2,38,0,300,19.00000
perturbed,2,2,38,0,1000,31.00000
perturbed,2,0,38,1,100,0.00000
perturbed,2,0,38,1,300,8.00000
perturbed,2,0,38,1,1000,8.00000
perturbed,2,1,38,1,100,3.00000
perturbed,2,1,38,1,300,26.00000
perturbed,2,1,38,1,1000,26.00000
perturbed,2,2,38,1,100,3.00000
perturbed,2,2,38,1,300,14.00000
perturbed,2,2,38,1,1000,31.00000
perturbed,2,0,38,2,100,2.00000
perturbed,2,0,38,2,300,7.00000
perturbed,2,0,38,2,1000,9.00000
perturbed,2,1,38,2,100,4.00000
perturbed,2,1,38,2,300,17.00000
perturbed,2,1,38,2,1000,25.00000
perturbed,2,2,38,2,100,17.00000
perturbed,2,2,38,2,300,15.00000
perturbed,2,2,38,2,1000,30.00000
perturbed,2,0,38,3,100,3.00000
perturbed,2,0,38,3,300,4.00000
perturbed,2,0,38,3,1000,4.00000
perturbed,2,1,38,3,100,6.00000
perturbed,2,1,38,3,300,7.00000
perturbed,2,1,38,3,1000,12.00000
perturbed,2,2,38,3,100,18.00000
perturbed,2,2,38,3,300,19.00000
perturbed,2,2,38,3,1000,32.00000
perturbed,2,0,38,4,100,1.00000
perturbed,2,0,38,4,300,7.00000
perturbed,2,0,38,4,1000,6.00000
perturbed,2,1,38,4,100,3.00000
perturbed,2,1,38,4,300,16.00000
perturbed,2,1,38,4,1000,15.00000
perturbed,2,2,38,4,100,11.00000
perturbed,2,2,38,4,300,31.00000
perturbed,2,2,38,4,1000,33.00000
perturbed,2,0,39,0,100,4.00000
perturbed,2,0,39,0,300,2.00000
perturbed,2,0,39,0,1000,-5.00000
perturbed,2,1,39,0,100,4.00000
perturbed,2,1,39,0,300,8.00000
perturbed,2,1,39,0,1000,1.00000
perturbed,2,2,39,0,100,11.00000
perturbed,2,2,39,0,300,16.00000
perturbed,2,2,39,0,1000,10.00000
perturbed,2,0,39,1,100,2.00000
perturbed,2,0,39,1,300,2.00000
perturbed,2,0,39,1,1000,-2.00000
perturbed,2,1,39,1,100,2.00000
perturbed,2,1,39,1,300,5.00000
perturbed,2,1,39,1,1000,1.00000
perturbed,2,2,39,1,100,18.00000
perturbed,2,2,39,1,300,15.00000
perturbed,2,2,39,1,1000,9.00000
perturbed,2,0,39,2,100,3.00000
perturbed,2,0,39,2,300,2.00000
perturbed,2,0,39,2,1000,1.00000
perturbed,2,1,39,2,100,6.00000
perturbed,2,1,39,2,300,5.00000
perturbed,2,1,39,2,1000,4.00000
perturbed,2,2,39,2,100,-3.00000
perturbed,2,2,39,2,300,-1.00000
perturbed,2,2,39,2,1000,12.00000
perturbed,2,0,39,3,100,2.00000
perturbed,2,0,39,3,300,-4.00000
perturbed,2,0,39,3,1000,0.00000
perturbed,2,1,39,3,100,7.00000
perturbed,2,1,39,3,300,1.00000
perturbed,2,1,39,3,1000,3.00000
perturbed,2,2,39,3,100,5.00000
perturbed,2,2,39,3,300,2.00000
perturbed,2,2,39,3,1000,11.00000
perturbed,2,0,39,4,100,5.00000
perturbed,2,0,39,4,300,5.00000
perturbed,2,0,39,4,1000,-1.00000
perturbed,2,1,39,4,100,5.00000
perturbed,2,1,39,4,300,9.00000
perturbed,2,1,39,4,1000,2.00000
perturbed,2,2,39,4,100,6.00000
perturbed,2,2,39,4,300,8.00000
perturbed,2,2,39,4,1000,10.00000
perturbed,2,0,40,0,100,4.00000
perturbed,2,0,40,0,300,1.00000
perturbed,2,0,40,0,1000,-16.00000
perturbed,2,1,40,0,100,6.00000
perturbed,2,1,40,0,300,3.00000
perturbed,2,1,40,0,1000,-9.00000
perturbed,2,2,40,0,100,9.00000
perturbed,2,2,40,0,300,-3.00000
perturbed,2,2,40,0,1000,-21.00000
perturbed,2,0,40,1,100,4.00000
perturbed,2,0,40,1,300,-15.00000
perturbed,2,0,40,1,1000,-16.00000
perturbed,2,1,40,1,100,4.00000
perturbed,2,1,40,1,300,-10.00000
perturbed,2,1,40,1,1000,-8.00000
perturbed,2,2,40,1,100,10.00000
perturbed,2,2,40,1,300,-19.00000
perturbed,2,2,40,1,1000,-21.00000
perturbed,2,0,40,2,100,4.00000
perturbed,2,0,40,2,300,8.00000
perturbed,2,0,40,2,1000,-16.00000
perturbed,2,1,40,2,100,2.00000
perturbed,2,1,40,2,300,7.00000
perturbed,2,1,40,2,1000,-9.00000
perturbed,2,2,40,2,100,-1.00000
perturbed,2,2,40,2,300,2.00000
perturbed,2,2,40,2,1000,-22.00000
perturbed,2,0,40,3,100,-17.00000
perturbed,2,0,40,3,300,-14.00000
perturbed,2,0,40,3,1000,-14.00000
perturbed,2,1,40,3,100,-9.00000
perturbed,2,1,40,3,300,-8.00000
perturbed,2,1,40,3,1000,-7.00000
perturbed,2,2,40,3,100,-19.00000
perturbed,2,2,40,3,300,-28.00000
perturbed,2,2,40,3,1000,-21.00000
perturbed,2,0,40,4,100,2.00000
perturbed,2,0,40,4,300,-4.00000
perturbed,2,0,40,4,1000,-13.00000
perturbed,2,1,40,4,100,3.00000
perturbed,2,1,40,4,300,-4.00000
perturbed,2,1,40,4,1000,-7.00000
perturbed,2,2,40,4,100,7.00000
perturbed,2,2,40,4,300,-4.00000
perturbed,2,2,40,4,1000,-19.00000
perturbed,2,0,41,0,100,-6.00000
perturbed,2,0,41,0,300,1.00000
perturbed,2,0,41,0,1000,2.00000
perturbed,2,1,41,0,100,0.00000
perturbed,2,1,41,0,300,10.00000
perturbed,2,1,41,0,1000,8.00000
perturbed,2,2,41,0,100,-21.00000
perturbed,2,2,41,0,300,-12.00000
perturbed,2,2,41,0,1000,-13.00000
perturbed,2,0,41,1,100,-4.00000
perturbed,2,0,41,1,300,4.00000
perturbed,2,0,41,1,1000,1.00000
perturbed,2,1,41,1,100,10.00000
perturbed,2,1,41,1,300,13.00000
perturbed,2,1,41,1,1000,8.00000
perturbed,2,2,41,1,100,-14.00000
perturbed,2,2,41,1,300,-9.00000
perturbed,2,2,41,1,1000,-12.00000
perturbed,2,0,41,2,100,15.00000
perturbed,2,0,41,2,300,15.00000
perturbed,2,0,41,2,1000,2.00000
perturbed,2,1,41,2,100,10.00000
perturbed,2,1,41,2,300,18.00000
perturbed,2,1,41,2,1000,9.00000
perturbed,2,2,41,2,100,-10.00000
perturbed,2,2,41,2,300,1.00000
perturbed,2,2,41,2,1000,-12.00000
perturbed,2,0,41,3,100,6.00000
perturbed,2,0,41,3,300,-4.00000
perturbed,2,0,41,3,1000,2.00000
perturbed,2,1,41,3,100,16.00000
perturbed,2,1,41,3,300,3.00000
perturbed,2,1,41,3,1000,9.00000
perturbed,2,2,41,3,100,3.00000
perturbed,2,2,41,3,300,-14.00000
perturbed,2,2,41,3,1000,-12.00000
perturbed,2,0,41,4,100,-9.00000
perturbed,2,0,41,4,300,5.00000
perturbed,2,0,41,4,1000,6.00000
perturbed,2,1,41,4,100,0.00000
perturbed,2,1,41,4,300,11.00000
perturbed,2,1,41,4,1000,12.00000
perturbed,2,2,41,4,100,-21.00000
perturbed,2,2,41,4,300,-13.00000
perturbed,2,2,41,4,1000,-10.00000
perturbed,2,0,42,0,100,4.00000
perturbed,2,0,42,0,300,4.00000
perturbed,2,0,42,0,1000,4.00000
perturbed,2,1,42,0,100,4.00000
perturbed,2,1,42,0,300,4.00000
perturbed,2,1,42,0,1000,5.00000
perturbed,2,2,42,0,100,26.00000
perturbed,2,2,42,0,300,29.00000
perturbed,2,2,42,0,1000,29.00000
perturbed,2,0,42,1,100,4.00000
perturbed,2,0,42,1,300,4.00000
perturbed,2,0,42,1,1000,4.00000
perturbed,2,1,42,1,100,4.00000
perturbed,2,1,42,1,300,4.00000
perturbed,2,1,42,1,1000,4.00000
perturbed,2,2,42,1,100,14.00000
perturbed,2,2,42,1,300,14.00000
perturbed,2,2,42,1,1000,34.00000
perturbed,2,0,42,2,100,4.00000
perturbed,2,0,42,2,300,4.00000
perturbed,2,0,42,2,1000,4.00000
perturbed,2,1,42,2,100,4.00000
perturbed,2,1,42,2,300,4.00000
perturbed,2,1,42,2,1000,5.00000
perturbed,2,2,42,2,100,30.00000
perturbed,2,2,42,2,300,36.00000
perturbed,2,2,42,2,1000,35.00000
perturbed,2,0,42,3,100,4.00000
perturbed,2,0,42,3,300,4.00000
perturbed,2,0,42,3,1000,4.00000
perturbed,2,1,42,3,100,5.00000
perturbed,2,1,42,3,300,5.00000
perturbed,2,1,42,3,1000,5.00000
perturbed,2,2,42,3,100,4.00000
perturbed,2,2,42,3,300,29.00000
perturbed,2,2,42,3,1000,35.00000
perturbed,2,0,42,4,100,4.00000
perturbed,2,0,42,4,300,4.00000
perturbed,2,0,42,4,1000,4.00000
perturbed,2,1,42,4,100,4.00000
perturbed,2,1,42,4,300,4.00000
perturbed,2,1,42,4,1000,4.00000
perturbed,2,2,42,4,100,10.00000
perturbed,2,2,42,4,300,33.00000
perturbed,2,2,42,4,1000,35.00000
perturbed,2,0,43,0,100,2.00000
perturbed,2,0,43,0,300,-28.00000
perturbed,2,0,43,0,1000,-26.00000
perturbed,2,1,43,0,100,12.00000
perturbed,2,1,43,0,300,-15.00000
perturbed,2,1,43,0,1000,-20.00000
perturbed,2,2,43,0,100,-12.00000
perturbed,2,2,43,0,300,-41.00000
perturbed,2,2,43,0,1000,-47.00000
perturbed,2,0,43,1,100,-3.00000
perturbed,2,0,43,1,300,-27.00000
perturbed,2,0,43,1,1000,-26.00000
perturbed,2,1,43,1,100,0.00000
perturbed,2,1,43,1,300,-22.00000
perturbed,2,1,43,1,1000,-21.00000
perturbed,2,2,43,1,100,-11.00000
perturbed,2,2,43,1,300,-43.00000
perturbed,2,2,43,1,1000,-48.00000
perturbed,2,0,43,2,100,-3.00000
perturbed,2,0,43,2,300,-10.00000
perturbed,2,0,43,2,1000,-26.00000
perturbed,2,1,43,2,100,6.00000
perturbed,2,1,43,2,300,-9.00000
perturbed,2,1,43,2,1000,-20.00000
perturbed,2,2,43,2,100,6.00000
perturbed,2,2,43,2,300,-11.00000
perturbed,2,2,43,2,1000,-47.00000
perturbed,2,0,43,3,100,-18.00000
perturbed,2,0,43,3,300,-26.00000
perturbed,2,0,43,3,1000,-27.00000
perturbed,2,1,43,3,100,-19.00000
perturbed,2,1,43,3,300,-27.00000
perturbed,2,1,43,3,1000,-24.00000
perturbed,2,2,43,3,100,-45.00000
perturbed,2,2,43,3,300,-53.00000
perturbed,2,2,43,3,1000,-49.00000
perturbed,2,0,43,4,100,-22.00000
perturbed,2,0,43,4,300,-19.00000
perturbed,2,0,43,4,1000,-22.00000
perturbed,2,1,43,4,100,-12.00000
perturbed,2,1,43,4,300,-9.00000
perturbed,2,1,43,4,1000,-16.00000
perturbed,2,2,43,4,100,-31.00000
perturbed,2,2,43,4,300,-31.00000
perturbed,2,2,43,4,1000,-43.00000
perturbed,2,0,44,0,100,8.00000
perturbed,2,0,44,0,300,2.00000
perturbed,2,0,44,0,1000,3.00000
perturbed,2,1,44,0,100,9.00000
perturbed,2,1,44,0,300,4.00000
perturbed,2,1,44,0,1000,6.00000
perturbed,2,2,44,0,100,0.00000
perturbed,2,2,44,0,300,-19.00000
perturbed,2,2,44,0,1000,-16.00000
perturbed,2,0,44,1,100,4.00000
perturbed,2,0,44,1,300,6.00000
perturbed,2,0,44,1,1000,5.00000
perturbed,2,1,44,1,100,8.00000
perturbed,2,1,44,1,300,11.00000
perturbed,2,1,44,1,1000,9.00000
perturbed,2,2,44,1,100,-11.00000
perturbed,2,2,44,1,300,-10.00000
perturbed,2,2,44,1,1000,-14.00000
perturbed,2,0,44,2,100,0.00000
perturbed,2,0,44,2,300,3.00000
perturbed,2,0,44,2,1000,4.00000
perturbed,2,1,44,2,100,1.00000
perturbed,2,1,44,2,300,6.00000
perturbed,2,1,44,2,1000,7.00000
perturbed,2,2,44,2,100,-20.00000
perturbed,2,2,44,2,300,-20.00000
perturbed,2,2,44,2,1000,-17.00000
perturbed,2,0,44,3,100,3.00000
perturbed,2,0,44,3,300,3.00000
perturbed,2,0,44,3,1000,4.00000
perturbed,2,1,44,3,100,2.00000
perturbed,2,1,44,3,300,3.00000
perturbed,2,1,44,3,1000,7.00000
perturbed,2,2,44,3,100,-18.00000
perturbed,2,2,44,3,300,-14.00000
perturbed,2,2,44,3,1000,-16.00000
perturbed,2,0,44,4,100,8.00000
perturbed,2,0,44,4,300,7.00000
perturbed,2,0,44,4,1000,5.00000
perturbed,2,1,44,4,100,10.00000
perturbed,2,1,44,4,300,11.00000
perturbed,2,1,44,4,1000,8.00000
perturbed,2,2,44,4,100,-3.00000
perturbed,2,2,44,4,300,-5.00000
perturbed,2,2,44,4,1000,-15.00000
perturbed,2,0,45,0,100,-1.00000
perturbed,2,0,45,0,300,4.00000
perturbed,2,0,45,0,1000,5.00000
perturbed,2,1,45,0,100,-2.00000
perturbed,2,1,45,0,300,3.00000
perturbed,2,1,45,0,1000,10.00000
perturbed,2,2,45,0,100,-2.00000
perturbed,2,2,45,0,300,14.00000
perturbed,2,2,45,0,1000,16.00000
perturbed,2,0,45,1,100,-1.00000
perturbed,2,0,45,1,300,3.00000
perturbed,2,0,45,1,1000,4.00000
perturbed,2,1,45,1,100,1.00000
perturbed,2,1,45,1,300,5.00000
perturbed,2,1,45,1,1000,3.00000
perturbed,2,2,45,1,100,13.00000
perturbed,2,2,45,1,300,20.00000
perturbed,2,2,45,1,1000,19.00000
perturbed,2,0,45,2,100,2.00000
perturbed,2,0,45,2,300,4.00000
perturbed,2,0,45,2,1000,5.00000
perturbed,2,1,45,2,100,1.00000
perturbed,2,1,45,2,300,7.00000
perturbed,2,1,45,2,1000,8.00000
perturbed,2,2,45,2,100,15.00000
perturbed,2,2,45,2,300,12.00000
perturbed,2,2,45,2,1000,15.00000
perturbed,2,0,45,3,100,1.00000
perturbed,2,0,45,3,300,2.00000
perturbed,2,0,45,3,1000,5.00000
perturbed,2,1,45,3,100,2.00000
perturbed,2,1,45,3,300,2.00000
perturbed,2,1,45,3,1000,10.00000
perturbed,2,2,45,3,100,13.00000
perturbed,2,2,45,3,300,18.00000
perturbed,2,2,45,3,1000,18.00000
perturbed,2,0,45,4,100,0.00000
perturbed,2,0,45,4,300,4.00000
perturbed,2,0,45,4,1000,5.00000
perturbed,2,1,45,4,100,5.00000
perturbed,2,1,45,4,300,7.00000
perturbed,2,1,45,4,1000,9.00000
perturbed,2,2,45,4,100,2.00000
perturbed,2,2,45,4,300,15.00000
perturbed,2,2,45,4,1000,18.00000
perturbed,2,0,46,0,100,-3.00000
perturbed,2,0,46,0,300,-2.00000
perturbed,2,0,46,0,1000,-2.00000
perturbed,2,1,46,0,100,8.00000
perturbed,2,1,46,0,300,9.00000
perturbed,2,1,46,0,1000,33.00000
perturbed,2,2,46,0,100,13.00000
perturbed,2,2,46,0,300,16.00000
perturbed,2,2,46,0,1000,49.00000
perturbed,2,0,46,1,100,-3.00000
perturbed,2,0,46,1,300,-3.00000
perturbed,2,0,46,1,1000,-1.00000
perturbed,2,1,46,1,100,-1.00000
perturbed,2,1,46,1,300,-1.00000
perturbed,2,1,46,1,1000,33.00000
perturbed,2,2,46,1,100,2.00000
perturbed,2,2,46,1,300,2.00000
perturbed,2,2,46,1,1000,48.00000
perturbed,2,0,46,2,100,-3.00000
perturbed,2,0,46,2,300,-2.00000
perturbed,2,0,46,2,1000,-2.00000
perturbed,2,1,46,2,100,27.00000
perturbed,2,1,46,2,300,30.00000
perturbed,2,1,46,2,1000,33.00000
perturbed,2,2,46,2,100,32.00000
perturbed,2,2,46,2,300,41.00000
perturbed,2,2,46,2,1000,49.00000
perturbed,2,0,46,3,100,-1.00000
perturbed,2,0,46,3,300,-1.00000
perturbed,2,0,46,3,1000,-1.00000
perturbed,2,1,46,3,100,4.00000
perturbed,2,1,46,3,300,32.00000
perturbed,2,1,46,3,1000,33.00000
perturbed,2,2,46,3,100,5.00000
perturbed,2,2,46,3,300,36.00000
perturbed,2,2,46,3,1000,49.00000
perturbed,2,0,46,4,100,-2.00000
perturbed,2,0,46,4,300,-2.00000
perturbed,2,0,46,4,1000,-2.00000
perturbed,2,1,46,4,100,28.00000
perturbed,2,1,46,4,300,30.00000
perturbed,2,1,46,4,1000,33.00000
perturbed,2,2,46,4,100,32.00000
perturbed,2,2,46,4,300,40.00000
perturbed,2,2,46,4,1000,49.00000
perturbed,2,0,47,0,100,8.00000
perturbed,2,0,47,0,300,8.00000
perturbed,2,0,47,0,1000,10.00000
perturbed,2,1,47,0,100,0.00000
perturbed,2,1,47,0,300,0.00000
perturbed,2,1,47,0,1000,6.00000
perturbed,2,2,47,0,100,-4.00000
perturbed,2,2,47,0,300,-4.00000
perturbed,2,2,47,0,1000,6.00000
perturbed,2,0,47,1,100,6.00000
perturbed,2,0,47,1,300,6.00000
perturbed,2,0,47,1,1000,10.00000
perturbed,2,1,47,1,100,0.00000
perturbed,2,1,47,1,300,0.00000
perturbed,2,1,47,1,1000,6.00000
perturbed,2,2,47,1,100,-2.00000
perturbed,2,2,47,1,300,-3.00000
perturbed,2,2,47,1,1000,53.00000
perturbed,2,0,47,2,100,0.00000
perturbed,2,0,47,2,300,0.00000
perturbed,2,0,47,2,1000,10.00000
perturbed,2,1,47,2,100,1.00000
perturbed,2,1,47,2,300,1.00000
perturbed,2,1,47,2,1000,6.00000
perturbed,2,2,47,2,100,24.00000
perturbed,2,2,47,2,300,46.00000
perturbed,2,2,47,2,1000,54.00000
perturbed,2,0,47,3,100,0.00000
perturbed,2,0,47,3,300,9.00000
perturbed,2,0,47,3,1000,9.00000
perturbed,2,1,47,3,100,0.00000
perturbed,2,1,47,3,300,6.00000
perturbed,2,1,47,3,1000,6.00000
perturbed,2,2,47,3,100,40.00000
perturbed,2,2,47,3,300,52.00000
perturbed,2,2,47,3,1000,54.00000
perturbed,2,0,47,4,100,0.00000
perturbed,2,0,47,4,300,0.00000
perturbed,2,0,47,4,1000,10.00000
perturbed,2,1,47,4,100,0.00000
perturbed,2,1,47,4,300,0.00000
perturbed,2,1,47,4,1000,3.00000
perturbed,2,2,47,4,100,-2.00000
perturbed,2,2,47,4,300,44.00000
perturbed,2,2,47,4,1000,45.00000
perturbed,2,0,48,0,100,-21.00000
perturbed,2,0,48,0,300,-22.00000
perturbed,2,0,48,0,1000,-20.00000
perturbed,2,1,48,0,100,-20.00000
perturbed,2,1,48,0,300,-21.00000
perturbed,2,1,48,0,1000,-18.00000
perturbed,2,2,48,0,100,-29.00000
perturbed,2,2,48,0,300,-30.00000
perturbed,2,2,48,0,1000,-11.00000
perturbed,2,0,48,1,100,-21.00000
perturbed,2,0,48,1,300,-20.00000
perturbed,2,0,48,1,1000,-20.00000
perturbed,2,1,48,1,100,-21.00000
perturbed,2,1,48,1,300,-20.00000
perturbed,2,1,48,1,1000,-18.00000
perturbed,2,2,48,1,100,-29.00000
perturbed,2,2,48,1,300,-31.00000
perturbed,2,2,48,1,1000,-11.00000
perturbed,2,0,48,2,100,3.00000
perturbed,2,0,48,2,300,3.00000
perturbed,2,0,48,2,1000,5.00000
perturbed,2,1,48,2,100,4.00000
perturbed,2,1,48,2,300,7.00000
perturbed,2,1,48,2,1000,5.00000
perturbed,2,2,48,2,100,12.00000
perturbed,2,2,48,2,300,15.00000
perturbed,2,2,48,2,1000,14.00000
perturbed,2,0,48,3,100,3.00000
perturbed,2,0,48,3,300,-5.00000
perturbed,2,0,48,3,1000,-19.00000
perturbed,2,1,48,3,100,6.00000
perturbed,2,1,48,3,300,-2.00000
perturbed,2,1,48,3,1000,-18.00000
perturbed,2,2,48,3,100,1.00000
perturbed,2,2,48,3,300,3.00000
perturbed,2,2,48,3,1000,-12.00000
perturbed,2,0,48,4,100,-6.00000
perturbed,2,0,48,4,300,-4.00000
perturbed,2,0,48,4,1000,-20.00000
perturbed,2,1,48,4,100,-5.00000
perturbed,2,1,48,4,300,-3.00000
perturbed,2,1,48,4,1000,-18.00000
perturbed,2,2,48,4,100,-15.00000
perturbed,2,2,48,4,300,-6.00000
perturbed,2,2,48,4,1000,-14.00000
perturbed,2,0,49,0,100,-1.00000
perturbed,2,0,49,0,300,-1.00000
perturbed,2,0,49,0,1000,-1.00000
perturbed,2,1,49,0,100,3.00000
perturbed,2,1,49,0,300,3.00000
perturbed,2,1,49,0,1000,3.00000
perturbed,2,2,49,0,100,7.00000
perturbed,2,2,49,0,300,13.00000
perturbed,2,2,49,0,1000,31.00000
perturbed,2,0,49,1,100,-3.00000
perturbed,2,0,49,1,300,-2.00000
perturbed,2,0,49,1,1000,-1.00000
perturbed,2,1,49,1,100,1.00000
perturbed,2,1,49,1,300,2.00000
perturbed,2,1,49,1,1000,3.00000
perturbed,2,2,49,1,100,18.00000
perturbed,2,2,49,1,300,28.00000
perturbed,2,2,49,1,1000,29.00000
perturbed,2,0,49,2,100,-2.00000
perturbed,2,0,49,2,300,-1.00000
perturbed,2,0,49,2,1000,0.00000
perturbed,2,1,49,2,100,1.00000
perturbed,2,1,49,2,300,2.00000
perturbed,2,1,49,2,1000,3.00000
perturbed,2,2,49,2,100,1.00000
perturbed,2,2,49,2,300,22.00000
perturbed,2,2,49,2,1000,32.00000
perturbed,2,0,49,3,100,-2.00000
perturbed,2,0,49,3,300,-1.00000
perturbed,2,0,49,3,1000,-1.00000
perturbed,2,1,49,3,100,1.00000
perturbed,2,1,49,3,300,3.00000
perturbed,2,1,49,3,1000,3.00000
perturbed,2,2,49,3,100,30.00000
perturbed,2,2,49,3,300,28.00000
perturbed,2,2,49,3,1000,31.00000
perturbed,2,0,49,4,100,-1.00000
perturbed,2,0,49,4,300,0.00000
perturbed,2,0,49,4,1000,0.00000
perturbed,2,1,49,4,100,1.00000
perturbed,2,1,49,4,300,3.00000
perturbed,2,1,49,4,1000,3.00000
perturbed,2,2,49,4,100,28.00000
perturbed,2,2,49,4,300,32.00000
perturbed,2,2,49,4,1000,32.00000
