model,seed,history,checkpoint,M,struct_access,eff_alt,edge_count,total_weight,n_active
Fixed,0,A,0,0.000000,40,256.000000,144,144.000000,0
Fixed,1,A,0,0.000000,40,256.000000,144,144.000000,0
Fixed,2,A,0,0.000000,40,256.000000,144,144.000000,0
Fixed,3,A,0,0.000000,40,256.000000,144,144.000000,0
Fixed,4,A,0,0.000000,40,256.000000,144,144.000000,0
Fixed,5,A,0,0.000000,40,256.000000,144,144.000000,0
Fixed,6,A,0,0.000000,40,256.000000,144,144.000000,0
Fixed,7,A,0,0.000000,40,256.000000,144,144.000000,0
Fixed,8,A,0,0.000000,40,256.000000,144,144.000000,0
Fixed,9,A,0,0.000000,40,256.000000,144,144.000000,0
Fixed,10,A,0,0.000000,40,256.000000,144,144.000000,0
Fixed,11,A,0,0.000000,40,256.000000,144,144.000000,0
Fixed,12,A,0,0.000000,40,256.000000,144,144.000000,0
Fixed,13,A,0,0.000000,40,256.000000,144,144.000000,0
Fixed,14,A,0,0.000000,40,256.000000,144,144.000000,0
Fixed,15,A,0,0.000000,40,256.000000,144,144.000000,0
Fixed,16,A,0,0.000000,40,256.000000,144,144.000000,0
Fixed,17,A,0,0.000000,40,256.000000,144,144.000000,0
Fixed,18,A,0,0.000000,40,256.000000,144,144.000000,0
Fixed,19,A,0,0.000000,40,256.000000,144,144.000000,0
Fixed,20,A,0,0.000000,40,256.000000,144,144.000000,0
Fixed,21,A,0,0.000000,40,256.000000,144,144.000000,0
Fixed,22,A,0,0.000000,40,256.000000,144,144.000000,0
Fixed,23,A,0,0.000000,40,256.000000,144,144.000000,0
Fixed,24,A,0,0.000000,40,256.000000,144,144.000000,0
Fixed,25,A,0,0.000000,40,256.000000,144,144.000000,0
Fixed,26,A,0,0.000000,40,256.000000,144,144.000000,0
Fixed,27,A,0,0.000000,40,256.000000,144,144.000000,0
Fixed,28,A,0,0.000000,40,256.000000,144,144.000000,0
Fixed,29,A,0,0.000000,40,256.000000,144,144.000000,0
Fixed,30,A,0,0.000000,40,256.000000,144,144.000000,0
Fixed,31,A,0,0.000000,40,256.000000,144,144.000000,0
Fixed,32,A,0,0.000000,40,256.000000,144,144.000000,0
Fixed,33,A,0,0.000000,40,256.000000,144,144.000000,0
Fixed,34,A,0,0.000000,40,256.000000,144,144.000000,0
Fixed,35,A,0,0.000000,40,256.000000,144,144.000000,0
Fixed,36,A,0,0.000000,40,256.000000,144,144.000000,0
Fixed,37,A,0,0.000000,40,256.000000,144,144.000000,0
Fixed,38,A,0,0.000000,40,256.000000,144,144.000000,0
Fixed,39,A,0,0.000000,40,256.000000,144,144.000000,0
Fixed,40,A,0,0.000000,40,256.000000,144,144.000000,0
Fixed,41,A,0,0.000000,40,256.000000,144,144.000000,0
Fixed,42,A,0,0.000000,40,256.000000,144,144.000000,0
Fixed,43,A,0,0.000000,40,256.000000,144,144.000000,0
Fixed,44,A,0,0.000000,40,256.000000,144,144.000000,0
Fixed,45,A,0,0.000000,40,256.000000,144,144.000000,0
Fixed,46,A,0,0.000000,40,256.000000,144,144.000000,0
Fixed,47,A,0,0.000000,40,256.000000,144,144.000000,0
Fixed,48,A,0,0.000000,40,256.000000,144,144.000000,0
Fixed,49,A,0,0.000000,40,256.000000,144,144.000000,0
Fixed,50,A,0,0.000000,40,256.000000,144,144.000000,0
Fixed,51,A,0,0.000000,40,256.000000,144,144.000000,0
Fixed,52,A,0,0.000000,40,256.000000,144,144.000000,0
Fixed,53,A,0,0.000000,40,256.000000,144,144.000000,0
Fixed,54,A,0,0.000000,40,256.000000,144,144.000000,0
Fixed,55,A,0,0.000000,40,256.000000,144,144.000000,0
Fixed,56,A,0,0.000000,40,256.000000,144,144.000000,0
Fixed,57,A,0,0.000000,40,256.000000,144,144.000000,0
Fixed,58,A,0,0.000000,40,256.000000,144,144.000000,0
Fixed,59,A,0,0.000000,40,256.000000,144,144.000000,0
Fixed,60,A,0,0.000000,40,256.000000,144,144.000000,0
Fixed,61,A,0,0.000000,40,256.000000,144,144.000000,0
Fixed,62,A,0,0.000000,40,256.000000,144,144.000000,0
Fixed,63,A,0,0.000000,40,256.000000,144,144.000000,0
Fixed,64,A,0,0.000000,40,256.000000,144,144.000000,0
Fixed,65,A,0,0.000000,40,256.000000,144,144.000000,0
Fixed,66,A,0,0.000000,40,256.000000,144,144.000000,0
Fixed,67,A,0,0.000000,40,256.000000,144,144.000000,0
Fixed,68,A,0,0.000000,40,256.000000,144,144.000000,0
Fixed,69,A,0,0.000000,40,256.000000,144,144.000000,0
Fixed,70,A,0,0.000000,40,256.000000,144,144.000000,0
Fixed,71,A,0,0.000000,40,256.000000,144,144.000000,0
Fixed,72,A,0,0.000000,40,256.000000,144,144.000000,0
Fixed,73,A,0,0.000000,40,256.000000,144,144.000000,0
Fixed,74,A,0,0.000000,40,256.000000,144,144.000000,0
Fixed,75,A,0,0.000000,40,256.000000,144,144.000000,0
Fixed,76,A,0,0.000000,40,256.000000,144,144.000000,0
Fixed,77,A,0,0.000000,40,256.000000,144,144.000000,0
Fixed,78,A,0,0.000000,40,256.000000,144,144.000000,0
Fixed,79,A,0,0.000000,40,256.000000,144,144.000000,0
Fixed,80,A,0,0.000000,40,256.000000,144,144.000000,0
Fixed,81,A,0,0.000000,40,256.000000,144,144.000000,0
Fixed,82,A,0,0.000000,40,256.000000,144,144.000000,0
Fixed,83,A,0,0.000000,40,256.000000,144,144.000000,0
Fixed,84,A,0,0.000000,40,256.000000,144,144.000000,0
Fixed,85,A,0,0.000000,40,256.000000,144,144.000000,0
Fixed,86,A,0,0.000000,40,256.000000,144,144.000000,0
Fixed,87,A,0,0.000000,40,256.000000,144,144.000000,0
Fixed,88,A,0,0.000000,40,256.000000,144,144.000000,0
Fixed,89,A,0,0.000000,40,256.000000,144,144.000000,0
Fixed,90,A,0,0.000000,40,256.000000,144,144.000000,0
Fixed,91,A,0,0.000000,40,256.000000,144,144.000000,0
Fixed,92,A,0,0.000000,40,256.000000,144,144.000000,0
Fixed,93,A,0,0.000000,40,256.000000,144,144.000000,0
Fixed,94,A,0,0.000000,40,256.000000,144,144.000000,0
Fixed,95,A,0,0.000000,40,256.000000,144,144.000000,0
Fixed,96,A,0,0.000000,40,256.000000,144,144.000000,0
Fixed,97,A,0,0.000000,40,256.000000,144,144.000000,0
Fixed,98,A,0,0.000000,40,256.000000,144,144.000000,0
Fixed,99,A,0,0.000000,40,256.000000,144,144.000000,0
Fixed,100,A,0,0.000000,40,256.000000,144,144.000000,0
Fixed,101,A,0,0.000000,40,256.000000,144,144.000000,0
Fixed,102,A,0,0.000000,40,256.000000,144,144.000000,0
Fixed,103,A,0,0.000000,40,256.000000,144,144.000000,0
Fixed,104,A,0,0.000000,40,256.000000,144,144.000000,0
Fixed,105,A,0,0.000000,40,256.000000,144,144.000000,0
Fixed,106,A,0,0.000000,40,256.000000,144,144.000000,0
Fixed,107,A,0,0.000000,40,256.000000,144,144.000000,0
Fixed,108,A,0,0.000000,40,256.000000,144,144.000000,0
Fixed,109,A,0,0.000000,40,256.000000,144,144.000000,0
Fixed,110,A,0,0.000000,40,256.000000,144,144.000000,0
Fixed,111,A,0,0.000000,40,256.000000,144,144.000000,0
Fixed,112,A,0,0.000000,40,256.000000,144,144.000000,0
Fixed,113,A,0,0.000000,40,256.000000,144,144.000000,0
Fixed,114,A,0,0.000000,40,256.000000,144,144.000000,0
Fixed,115,A,0,0.000000,40,256.000000,144,144.000000,0
Fixed,116,A,0,0.000000,40,256.000000,144,144.000000,0
Fixed,117,A,0,0.000000,40,256.000000,144,144.000000,0
Fixed,118,A,0,0.000000,40,256.000000,144,144.000000,0
Fixed,119,A,0,0.000000,40,256.000000,144,144.000000,0
Fixed,120,A,0,0.000000,40,256.000000,144,144.000000,0
Fixed,121,A,0,0.000000,40,256.000000,144,144.000000,0
Fixed,122,A,0,0.000000,40,256.000000,144,144.000000,0
Fixed,123,A,0,0.000000,40,256.000000,144,144.000000,0
Fixed,124,A,0,0.000000,40,256.000000,144,144.000000,0
Fixed,125,A,0,0.000000,40,256.000000,144,144.000000,0
Fixed,126,A,0,0.000000,40,256.000000,144,144.000000,0
Fixed,127,A,0,0.000000,40,256.000000,144,144.000000,0
Fixed,128,A,0,0.000000,40,256.000000,144,144.000000,0
Fixed,129,A,0,0.000000,40,256.000000,144,144.000000,0
Fixed,130,A,0,0.000000,40,256.000000,144,144.000000,0
Fixed,131,A,0,0.000000,40,256.000000,144,144.000000,0
Fixed,132,A,0,0.000000,40,256.000000,144,144.000000,0
Fixed,133,A,0,0.000000,40,256.000000,144,144.000000,0
Fixed,134,A,0,0.000000,40,256.000000,144,144.000000,0
Fixed,135,A,0,0.000000,40,256.000000,144,144.000000,0
Fixed,136,A,0,0.000000,40,256.000000,144,144.000000,0
Fixed,137,A,0,0.000000,40,256.000000,144,144.000000,0
Fixed,138,A,0,0.000000,40,256.000000,144,144.000000,0
Fixed,139,A,0,0.000000,40,256.000000,144,144.000000,0
Fixed,140,A,0,0.000000,40,256.000000,144,144.000000,0
Fixed,141,A,0,0.000000,40,256.000000,144,144.000000,0
Fixed,142,A,0,0.000000,40,256.000000,144,144.000000,0
Fixed,143,A,0,0.000000,40,256.000000,144,144.000000,0
Fixed,144,A,0,0.000000,40,256.000000,144,144.000000,0
Fixed,145,A,0,0.000000,40,256.000000,144,144.000000,0
Fixed,146,A,0,0.000000,40,256.000000,144,144.000000,0
Fixed,147,A,0,0.000000,40,256.000000,144,144.000000,0
Fixed,148,A,0,0.000000,40,256.000000,144,144.000000,0
Fixed,149,A,0,0.000000,40,256.000000,144,144.000000,0
Fixed,150,A,0,0.000000,40,256.000000,144,144.000000,0
Fixed,151,A,0,0.000000,40,256.000000,144,144.000000,0
Fixed,152,A,0,0.000000,40,256.000000,144,144.000000,0
Fixed,153,A,0,0.000000,40,256.000000,144,144.000000,0
Fixed,154,A,0,0.000000,40,256.000000,144,144.000000,0
Fixed,155,A,0,0.000000,40,256.000000,144,144.000000,0
Fixed,156,A,0,0.000000,40,256.000000,144,144.000000,0
Fixed,157,A,0,0.000000,40,256.000000,144,144.000000,0
Fixed,158,A,0,0.000000,40,256.000000,144,144.000000,0
Fixed,159,A,0,0.000000,40,256.000000,144,144.000000,0
Fixed,160,A,0,0.000000,40,256.000000,144,144.000000,0
Fixed,161,A,0,0.000000,40,256.000000,144,144.000000,0
Fixed,162,A,0,0.000000,40,256.000000,144,144.000000,0
Fixed,163,A,0,0.000000,40,256.000000,144,144.000000,0
Fixed,164,A,0,0.000000,40,256.000000,144,144.000000,0
Fixed,165,A,0,0.000000,40,256.000000,144,144.000000,0
Fixed,166,A,0,0.000000,40,256.000000,144,144.000000,0
Fixed,167,A,0,0.000000,40,256.000000,144,144.000000,0
Fixed,168,A,0,0.000000,40,256.000000,144,144.000000,0
Fixed,169,A,0,0.000000,40,256.000000,144,144.000000,0
Fixed,170,A,0,0.000000,40,256.000000,144,144.000000,0
Fixed,171,A,0,0.000000,40,256.000000,144,144.000000,0
Fixed,172,A,0,0.000000,40,256.000000,144,144.000000,0
Fixed,173,A,0,0.000000,40,256.000000,144,144.000000,0
Fixed,174,A,0,0.000000,40,256.000000,144,144.000000,0
Fixed,175,A,0,0.000000,40,256.000000,144,144.000000,0
Fixed,176,A,0,0.000000,40,256.000000,144,144.000000,0
Fixed,177,A,0,0.000000,40,256.000000,144,144.000000,0
Fixed,178,A,0,0.000000,40,256.000000,144,144.000000,0
Fixed,179,A,0,0.000000,40,256.000000,144,144.000000,0
Fixed,180,A,0,0.000000,40,256.000000,144,144.000000,0
Fixed,181,A,0,0.000000,40,256.000000,144,144.000000,0
Fixed,182,A,0,0.000000,40,256.000000,144,144.000000,0
Fixed,183,A,0,0.000000,40,256.000000,144,144.000000,0
Fixed,184,A,0,0.000000,40,256.000000,144,144.000000,0
Fixed,185,A,0,0.000000,40,256.000000,144,144.000000,0
Fixed,186,A,0,0.000000,40,256.000000,144,144.000000,0
Fixed,187,A,0,0.000000,40,256.000000,144,144.000000,0
Fixed,188,A,0,0.000000,40,256.000000,144,144.000000,0
Fixed,189,A,0,0.000000,40,256.000000,144,144.000000,0
Fixed,190,A,0,0.000000,40,256.000000,144,144.000000,0
Fixed,191,A,0,0.000000,40,256.000000,144,144.000000,0
Fixed,192,A,0,0.000000,40,256.000000,144,144.000000,0
Fixed,193,A,0,0.000000,40,256.000000,144,144.000000,0
Fixed,194,A,0,0.000000,40,256.000000,144,144.000000,0
Fixed,195,A,0,0.000000,40,256.000000,144,144.000000,0
Fixed,196,A,0,0.000000,40,256.000000,144,144.000000,0
Fixed,197,A,0,0.000000,40,256.000000,144,144.000000,0
Fixed,198,A,0,0.000000,40,256.000000,144,144.000000,0
Fixed,199,A,0,0.000000,40,256.000000,144,144.000000,0
Fixed,0,A,100,0.000000,40,256.000000,144,144.000000,0
Fixed,1,A,100,0.000000,40,256.000000,144,144.000000,0
Fixed,2,A,100,0.000000,40,256.000000,144,144.000000,0
Fixed,3,A,100,0.000000,40,256.000000,144,144.000000,0
Fixed,4,A,100,0.000000,40,256.000000,144,144.000000,0
Fixed,5,A,100,0.000000,40,256.000000,144,144.000000,0
Fixed,6,A,100,0.000000,40,256.000000,144,144.000000,0
Fixed,7,A,100,0.000000,40,256.000000,144,144.000000,0
Fixed,8,A,100,0.000000,40,256.000000,144,144.000000,0
Fixed,9,A,100,0.000000,40,256.000000,144,144.000000,0
Fixed,10,A,100,0.000000,40,256.000000,144,144.000000,0
Fixed,11,A,100,0.000000,40,256.000000,144,144.000000,0
Fixed,12,A,100,0.000000,40,256.000000,144,144.000000,0
Fixed,13,A,100,0.000000,40,256.000000,144,144.000000,0
Fixed,14,A,100,0.000000,40,256.000000,144,144.000000,0
Fixed,15,A,100,0.000000,40,256.000000,144,144.000000,0
Fixed,16,A,100,0.000000,40,256.000000,144,144.000000,0
Fixed,17,A,100,0.000000,40,256.000000,144,144.000000,0
Fixed,18,A,100,0.000000,40,256.000000,144,144.000000,0
Fixed,19,A,100,0.000000,40,256.000000,144,144.000000,0
Fixed,20,A,100,0.000000,40,256.000000,144,144.000000,0
Fixed,21,A,100,0.000000,40,256.000000,144,144.000000,0
Fixed,22,A,100,0.000000,40,256.000000,144,144.000000,0
Fixed,23,A,100,0.000000,40,256.000000,144,144.000000,0
Fixed,24,A,100,0.000000,40,256.000000,144,144.000000,0
Fixed,25,A,100,0.000000,40,256.000000,144,144.000000,0
Fixed,26,A,100,0.000000,40,256.000000,144,144.000000,0
Fixed,27,A,100,0.000000,40,256.000000,144,144.000000,0
Fixed,28,A,100,0.000000,40,256.000000,144,144.000000,0
Fixed,29,A,100,0.000000,40,256.000000,144,144.000000,0
Fixed,30,A,100,0.000000,40,256.000000,144,144.000000,0
Fixed,31,A,100,0.000000,40,256.000000,144,144.000000,0
Fixed,32,A,100,0.000000,40,256.000000,144,144.000000,0
Fixed,33,A,100,0.000000,40,256.000000,144,144.000000,0
Fixed,34,A,100,0.000000,40,256.000000,144,144.000000,0
Fixed,35,A,100,0.000000,40,256.000000,144,144.000000,0
Fixed,36,A,100,0.000000,40,256.000000,144,144.000000,0
Fixed,37,A,100,0.000000,40,256.000000,144,144.000000,0
Fixed,38,A,100,0.000000,40,256.000000,144,144.000000,0
Fixed,39,A,100,0.000000,40,256.000000,144,144.000000,0
Fixed,40,A,100,0.000000,40,256.000000,144,144.000000,0
Fixed,41,A,100,0.000000,40,256.000000,144,144.000000,0
Fixed,42,A,100,0.000000,40,256.000000,144,144.000000,0
Fixed,43,A,100,0.000000,40,256.000000,144,144.000000,0
Fixed,44,A,100,0.000000,40,256.000000,144,144.000000,0
Fixed,45,A,100,0.000000,40,256.000000,144,144.000000,0
Fixed,46,A,100,0.000000,40,256.000000,144,144.000000,0
Fixed,47,A,100,0.000000,40,256.000000,144,144.000000,0
Fixed,48,A,100,0.000000,40,256.000000,144,144.000000,0
Fixed,49,A,100,0.000000,40,256.000000,144,144.000000,0
Fixed,50,A,100,0.000000,40,256.000000,144,144.000000,0
Fixed,51,A,100,0.000000,40,256.000000,144,144.000000,0
Fixed,52,A,100,0.000000,40,256.000000,144,144.000000,0
Fixed,53,A,100,0.000000,40,256.000000,144,144.000000,0
Fixed,54,A,100,0.000000,40,256.000000,144,144.000000,0
Fixed,55,A,100,0.000000,40,256.000000,144,144.000000,0
Fixed,56,A,100,0.000000,40,256.000000,144,144.000000,0
Fixed,57,A,100,0.000000,40,256.000000,144,144.000000,0
Fixed,58,A,100,0.000000,40,256.000000,144,144.000000,0
Fixed,59,A,100,0.000000,40,256.000000,144,144.000000,0
Fixed,60,A,100,0.000000,40,256.000000,144,144.000000,0
Fixed,61,A,100,0.000000,40,256.000000,144,144.000000,0
Fixed,62,A,100,0.000000,40,256.000000,144,144.000000,0
Fixed,63,A,100,0.000000,40,256.000000,144,144.000000,0
Fixed,64,A,100,0.000000,40,256.000000,144,144.000000,0
Fixed,65,A,100,0.000000,40,256.000000,144,144.000000,0
Fixed,66,A,100,0.000000,40,256.000000,144,144.000000,0
Fixed,67,A,100,0.000000,40,256.000000,144,144.000000,0
Fixed,68,A,100,0.000000,40,256.000000,144,144.000000,0
Fixed,69,A,100,0.000000,40,256.000000,144,144.000000,0
Fixed,70,A,100,0.000000,40,256.000000,144,144.000000,0
Fixed,71,A,100,0.000000,40,256.000000,144,144.000000,0
Fixed,72,A,100,0.000000,40,256.000000,144,144.000000,0
Fixed,73,A,100,0.000000,40,256.000000,144,144.000000,0
Fixed,74,A,100,0.000000,40,256.000000,144,144.000000,0
Fixed,75,A,100,0.000000,40,256.000000,144,144.000000,0
Fixed,76,A,100,0.000000,40,256.000000,144,144.000000,0
Fixed,77,A,100,0.000000,40,256.000000,144,144.000000,0
Fixed,78,A,100,0.000000,40,256.000000,144,144.000000,0
Fixed,79,A,100,0.000000,40,256.000000,144,144.000000,0
Fixed,80,A,100,0.000000,40,256.000000,144,144.000000,0
Fixed,81,A,100,0.000000,40,256.000000,144,144.000000,0
Fixed,82,A,100,0.000000,40,256.000000,144,144.000000,0
Fixed,83,A,100,0.000000,40,256.000000,144,144.000000,0
Fixed,84,A,100,0.000000,40,256.000000,144,144.000000,0
Fixed,85,A,100,0.000000,40,256.000000,144,144.000000,0
Fixed,86,A,100,0.000000,40,256.000000,144,144.000000,0
Fixed,87,A,100,0.000000,40,256.000000,144,144.000000,0
Fixed,88,A,100,0.000000,40,256.000000,144,144.000000,0
Fixed,89,A,100,0.000000,40,256.000000,144,144.000000,0
Fixed,90,A,100,0.000000,40,256.000000,144,144.000000,0
Fixed,91,A,100,0.000000,40,256.000000,144,144.000000,0
Fixed,92,A,100,0.000000,40,256.000000,144,144.000000,0
Fixed,93,A,100,0.000000,40,256.000000,144,144.000000,0
Fixed,94,A,100,0.000000,40,256.000000,144,144.000000,0
Fixed,95,A,100,0.000000,40,256.000000,144,144.000000,0
Fixed,96,A,100,0.000000,40,256.000000,144,144.000000,0
Fixed,97,A,100,0.000000,40,256.000000,144,144.000000,0
Fixed,98,A,100,0.000000,40,256.000000,144,144.000000,0
Fixed,99,A,100,0.000000,40,256.000000,144,144.000000,0
Fixed,100,A,100,0.000000,40,256.000000,144,144.000000,0
Fixed,101,A,100,0.000000,40,256.000000,144,144.000000,0
Fixed,102,A,100,0.000000,40,256.000000,144,144.000000,0
Fixed,103,A,100,0.000000,40,256.000000,144,144.000000,0
Fixed,104,A,100,0.000000,40,256.000000,144,144.000000,0
Fixed,105,A,100,0.000000,40,256.000000,144,144.000000,0
Fixed,106,A,100,0.000000,40,256.000000,144,144.000000,0
Fixed,107,A,100,0.000000,40,256.000000,144,144.000000,0
Fixed,108,A,100,0.000000,40,256.000000,144,144.000000,0
Fixed,109,A,100,0.000000,40,256.000000,144,144.000000,0
Fixed,110,A,100,0.000000,40,256.000000,144,144.000000,0
Fixed,111,A,100,0.000000,40,256.000000,144,144.000000,0
Fixed,112,A,100,0.000000,40,256.000000,144,144.000000,0
Fixed,113,A,100,0.000000,40,256.000000,144,144.000000,0
Fixed,114,A,100,0.000000,40,256.000000,144,144.000000,0
Fixed,115,A,100,0.000000,40,256.000000,144,144.000000,0
Fixed,116,A,100,0.000000,40,256.000000,144,144.000000,0
Fixed,117,A,100,0.000000,40,256.000000,144,144.000000,0
Fixed,118,A,100,0.000000,40,256.000000,144,144.000000,0
Fixed,119,A,100,0.000000,40,256.000000,144,144.000000,0
Fixed,120,A,100,0.000000,40,256.000000,144,144.000000,0
Fixed,121,A,100,0.000000,40,256.000000,144,144.000000,0
Fixed,122,A,100,0.000000,40,256.000000,144,144.000000,0
Fixed,123,A,100,0.000000,40,256.000000,144,144.000000,0
Fixed,124,A,100,0.000000,40,256.000000,144,144.000000,0
Fixed,125,A,100,0.000000,40,256.000000,144,144.000000,0
Fixed,126,A,100,0.000000,40,256.000000,144,144.000000,0
Fixed,127,A,100,0.000000,40,256.000000,144,144.000000,0
Fixed,128,A,100,0.000000,40,256.000000,144,144.000000,0
Fixed,129,A,100,0.000000,40,256.000000,144,144.000000,0
Fixed,130,A,100,0.000000,40,256.000000,144,144.000000,0
Fixed,131,A,100,0.000000,40,256.000000,144,144.000000,0
Fixed,132,A,100,0.000000,40,256.000000,144,144.000000,0
Fixed,133,A,100,0.000000,40,256.000000,144,144.000000,0
Fixed,134,A,100,0.000000,40,256.000000,144,144.000000,0
Fixed,135,A,100,0.000000,40,256.000000,144,144.000000,0
Fixed,136,A,100,0.000000,40,256.000000,144,144.000000,0
Fixed,137,A,100,0.000000,40,256.000000,144,144.000000,0
Fixed,138,A,100,0.000000,40,256.000000,144,144.000000,0
Fixed,139,A,100,0.000000,40,256.000000,144,144.000000,0
Fixed,140,A,100,0.000000,40,256.000000,144,144.000000,0
Fixed,141,A,100,0.000000,40,256.000000,144,144.000000,0
Fixed,142,A,100,0.000000,40,256.000000,144,144.000000,0
Fixed,143,A,100,0.000000,40,256.000000,144,144.000000,0
Fixed,144,A,100,0.000000,40,256.000000,144,144.000000,0
Fixed,145,A,100,0.000000,40,256.000000,144,144.000000,0
Fixed,146,A,100,0.000000,40,256.000000,144,144.000000,0
Fixed,147,A,100,0.000000,40,256.000000,144,144.000000,0
Fixed,148,A,100,0.000000,40,256.000000,144,144.000000,0
Fixed,149,A,100,0.000000,40,256.000000,144,144.000000,0
Fixed,150,A,100,0.000000,40,256.000000,144,144.000000,0
Fixed,151,A,100,0.000000,40,256.000000,144,144.000000,0
Fixed,152,A,100,0.000000,40,256.000000,144,144.000000,0
Fixed,153,A,100,0.000000,40,256.000000,144,144.000000,0
Fixed,154,A,100,0.000000,40,256.000000,144,144.000000,0
Fixed,155,A,100,0.000000,40,256.000000,144,144.000000,0
Fixed,156,A,100,0.000000,40,256.000000,144,144.000000,0
Fixed,157,A,100,0.000000,40,256.000000,144,144.000000,0
Fixed,158,A,100,0.000000,40,256.000000,144,144.000000,0
Fixed,159,A,100,0.000000,40,256.000000,144,144.000000,0
Fixed,160,A,100,0.000000,40,256.000000,144,144.000000,0
Fixed,161,A,100,0.000000,40,256.000000,144,144.000000,0
Fixed,162,A,100,0.000000,40,256.000000,144,144.000000,0
Fixed,163,A,100,0.000000,40,256.000000,144,144.000000,0
Fixed,164,A,100,0.000000,40,256.000000,144,144.000000,0
Fixed,165,A,100,0.000000,40,256.000000,144,144.000000,0
Fixed,166,A,100,0.000000,40,256.000000,144,144.000000,0
Fixed,167,A,100,0.000000,40,256.000000,144,144.000000,0
Fixed,168,A,100,0.000000,40,256.000000,144,144.000000,0
Fixed,169,A,100,0.000000,40,256.000000,144,144.000000,0
Fixed,170,A,100,0.000000,40,256.000000,144,144.000000,0
Fixed,171,A,100,0.000000,40,256.000000,144,144.000000,0
Fixed,172,A,100,0.000000,40,256.000000,144,144.000000,0
Fixed,173,A,100,0.000000,40,256.000000,144,144.000000,0
Fixed,174,A,100,0.000000,40,256.000000,144,144.000000,0
Fixed,175,A,100,0.000000,40,256.000000,144,144.000000,0
Fixed,176,A,100,0.000000,40,256.000000,144,144.000000,0
Fixed,177,A,100,0.000000,40,256.000000,144,144.000000,0
Fixed,178,A,100,0.000000,40,256.000000,144,144.000000,0
Fixed,179,A,100,0.000000,40,256.000000,144,144.000000,0
Fixed,180,A,100,0.000000,40,256.000000,144,144.000000,0
Fixed,181,A,100,0.000000,40,256.000000,144,144.000000,0
Fixed,182,A,100,0.000000,40,256.000000,144,144.000000,0
Fixed,183,A,100,0.000000,40,256.000000,144,144.000000,0
Fixed,184,A,100,0.000000,40,256.000000,144,144.000000,0
Fixed,185,A,100,0.000000,40,256.000000,144,144.000000,0
Fixed,186,A,100,0.000000,40,256.000000,144,144.000000,0
Fixed,187,A,100,0.000000,40,256.000000,144,144.000000,0
Fixed,188,A,100,0.000000,40,256.000000,144,144.000000,0
Fixed,189,A,100,0.000000,40,256.000000,144,144.000000,0
Fixed,190,A,100,0.000000,40,256.000000,144,144.000000,0
Fixed,191,A,100,0.000000,40,256.000000,144,144.000000,0
Fixed,192,A,100,0.000000,40,256.000000,144,144.000000,0
Fixed,193,A,100,0.000000,40,256.000000,144,144.000000,0
Fixed,194,A,100,0.000000,40,256.000000,144,144.000000,0
Fixed,195,A,100,0.000000,40,256.000000,144,144.000000,0
Fixed,196,A,100,0.000000,40,256.000000,144,144.000000,0
Fixed,197,A,100,0.000000,40,256.000000,144,144.000000,0
Fixed,198,A,100,0.000000,40,256.000000,144,144.000000,0
Fixed,199,A,100,0.000000,40,256.000000,144,144.000000,0
Fixed,0,A,200,0.000000,40,256.000000,144,144.000000,0
Fixed,1,A,200,0.000000,40,256.000000,144,144.000000,0
Fixed,2,A,200,0.000000,40,256.000000,144,144.000000,0
Fixed,3,A,200,0.000000,40,256.000000,144,144.000000,0
Fixed,4,A,200,0.000000,40,256.000000,144,144.000000,0
Fixed,5,A,200,0.000000,40,256.000000,144,144.000000,0
Fixed,6,A,200,0.000000,40,256.000000,144,144.000000,0
Fixed,7,A,200,0.000000,40,256.000000,144,144.000000,0
Fixed,8,A,200,0.000000,40,256.000000,144,144.000000,0
Fixed,9,A,200,0.000000,40,256.000000,144,144.000000,0
Fixed,10,A,200,0.000000,40,256.000000,144,144.000000,0
Fixed,11,A,200,0.000000,40,256.000000,144,144.000000,0
Fixed,12,A,200,0.000000,40,256.000000,144,144.000000,0
Fixed,13,A,200,0.000000,40,256.000000,144,144.000000,0
Fixed,14,A,200,0.000000,40,256.000000,144,144.000000,0
Fixed,15,A,200,0.000000,40,256.000000,144,144.000000,0
Fixed,16,A,200,0.000000,40,256.000000,144,144.000000,0
Fixed,17,A,200,0.000000,40,256.000000,144,144.000000,0
Fixed,18,A,200,0.000000,40,256.000000,144,144.000000,0
Fixed,19,A,200,0.000000,40,256.000000,144,144.000000,0
Fixed,20,A,200,0.000000,40,256.000000,144,144.000000,0
Fixed,21,A,200,0.000000,40,256.000000,144,144.000000,0
Fixed,22,A,200,0.000000,40,256.000000,144,144.000000,0
Fixed,23,A,200,0.000000,40,256.000000,144,144.000000,0
Fixed,24,A,200,0.000000,40,256.000000,144,144.000000,0
Fixed,25,A,200,0.000000,40,256.000000,144,144.000000,0
Fixed,26,A,200,0.000000,40,256.000000,144,144.000000,0
Fixed,27,A,200,0.000000,40,256.000000,144,144.000000,0
Fixed,28,A,200,0.000000,40,256.000000,144,144.000000,0
Fixed,29,A,200,0.000000,40,256.000000,144,144.000000,0
Fixed,30,A,200,0.000000,40,256.000000,144,144.000000,0
Fixed,31,A,200,0.000000,40,256.000000,144,144.000000,0
Fixed,32,A,200,0.000000,40,256.000000,144,144.000000,0
Fixed,33,A,200,0.000000,40,256.000000,144,144.000000,0
Fixed,34,A,200,0.000000,40,256.000000,144,144.000000,0
Fixed,35,A,200,0.000000,40,256.000000,144,144.000000,0
Fixed,36,A,200,0.000000,40,256.000000,144,144.000000,0
Fixed,37,A,200,0.000000,40,256.000000,144,144.000000,0
Fixed,38,A,200,0.000000,40,256.000000,144,144.000000,0
Fixed,39,A,200,0.000000,40,256.000000,144,144.000000,0
Fixed,40,A,200,0.000000,40,256.000000,144,144.000000,0
Fixed,41,A,200,0.000000,40,256.000000,144,144.000000,0
Fixed,42,A,200,0.000000,40,256.000000,144,144.000000,0
Fixed,43,A,200,0.000000,40,256.000000,144,144.000000,0
Fixed,44,A,200,0.000000,40,256.000000,144,144.000000,0
Fixed,45,A,200,0.000000,40,256.000000,144,144.000000,0
Fixed,46,A,200,0.000000,40,256.000000,144,144.000000,0
Fixed,47,A,200,0.000000,40,256.000000,144,144.000000,0
Fixed,48,A,200,0.000000,40,256.000000,144,144.000000,0
Fixed,49,A,200,0.000000,40,256.000000,144,144.000000,0
Fixed,50,A,200,0.000000,40,256.000000,144,144.000000,0
Fixed,51,A,200,0.000000,40,256.000000,144,144.000000,0
Fixed,52,A,200,0.000000,40,256.000000,144,144.000000,0
Fixed,53,A,200,0.000000,40,256.000000,144,144.000000,0
Fixed,54,A,200,0.000000,40,256.000000,144,144.000000,0
Fixed,55,A,200,0.000000,40,256.000000,144,144.000000,0
Fixed,56,A,200,0.000000,40,256.000000,144,144.000000,0
Fixed,57,A,200,0.000000,40,256.000000,144,144.000000,0
Fixed,58,A,200,0.000000,40,256.000000,144,144.000000,0
Fixed,59,A,200,0.000000,40,256.000000,144,144.000000,0
Fixed,60,A,200,0.000000,40,256.000000,144,144.000000,0
Fixed,61,A,200,0.000000,40,256.000000,144,144.000000,0
Fixed,62,A,200,0.000000,40,256.000000,144,144.000000,0
Fixed,63,A,200,0.000000,40,256.000000,144,144.000000,0
Fixed,64,A,200,0.000000,40,256.000000,144,144.000000,0
Fixed,65,A,200,0.000000,40,256.000000,144,144.000000,0
Fixed,66,A,200,0.000000,40,256.000000,144,144.000000,0
Fixed,67,A,200,0.000000,40,256.000000,144,144.000000,0
Fixed,68,A,200,0.000000,40,256.000000,144,144.000000,0
Fixed,69,A,200,0.000000,40,256.000000,144,144.000000,0
Fixed,70,A,200,0.000000,40,256.000000,144,144.000000,0
Fixed,71,A,200,0.000000,40,256.000000,144,144.000000,0
Fixed,72,A,200,0.000000,40,256.000000,144,144.000000,0
Fixed,73,A,200,0.000000,40,256.000000,144,144.000000,0
Fixed,74,A,200,0.000000,40,256.000000,144,144.000000,0
Fixed,75,A,200,0.000000,40,256.000000,144,144.000000,0
Fixed,76,A,200,0.000000,40,256.000000,144,144.000000,0
Fixed,77,A,200,0.000000,40,256.000000,144,144.000000,0
Fixed,78,A,200,0.000000,40,256.000000,144,144.000000,0
Fixed,79,A,200,0.000000,40,256.000000,144,144.000000,0
Fixed,80,A,200,0.000000,40,256.000000,144,144.000000,0
Fixed,81,A,200,0.000000,40,256.000000,144,144.000000,0
Fixed,82,A,200,0.000000,40,256.000000,144,144.000000,0
Fixed,83,A,200,0.000000,40,256.000000,144,144.000000,0
Fixed,84,A,200,0.000000,40,256.000000,144,144.000000,0
Fixed,85,A,200,0.000000,40,256.000000,144,144.000000,0
Fixed,86,A,200,0.000000,40,256.000000,144,144.000000,0
Fixed,87,A,200,0.000000,40,256.000000,144,144.000000,0
Fixed,88,A,200,0.000000,40,256.000000,144,144.000000,0
Fixed,89,A,200,0.000000,40,256.000000,144,144.000000,0
Fixed,90,A,200,0.000000,40,256.000000,144,144.000000,0
Fixed,91,A,200,0.000000,40,256.000000,144,144.000000,0
Fixed,92,A,200,0.000000,40,256.000000,144,144.000000,0
Fixed,93,A,200,0.000000,40,256.000000,144,144.000000,0
Fixed,94,A,200,0.000000,40,256.000000,144,144.000000,0
Fixed,95,A,200,0.000000,40,256.000000,144,144.000000,0
Fixed,96,A,200,0.000000,40,256.000000,144,144.000000,0
Fixed,97,A,200,0.000000,40,256.000000,144,144.000000,0
Fixed,98,A,200,0.000000,40,256.000000,144,144.000000,0
Fixed,99,A,200,0.000000,40,256.000000,144,144.000000,0
Fixed,100,A,200,0.000000,40,256.000000,144,144.000000,0
Fixed,101,A,200,0.000000,40,256.000000,144,144.000000,0
Fixed,102,A,200,0.000000,40,256.000000,144,144.000000,0
Fixed,103,A,200,0.000000,40,256.000000,144,144.000000,0
Fixed,104,A,200,0.000000,40,256.000000,144,144.000000,0
Fixed,105,A,200,0.000000,40,256.000000,144,144.000000,0
Fixed,106,A,200,0.000000,40,256.000000,144,144.000000,0
Fixed,107,A,200,0.000000,40,256.000000,144,144.000000,0
Fixed,108,A,200,0.000000,40,256.000000,144,144.000000,0
Fixed,109,A,200,0.000000,40,256.000000,144,144.000000,0
Fixed,110,A,200,0.000000,40,256.000000,144,144.000000,0
Fixed,111,A,200,0.000000,40,256.000000,144,144.000000,0
Fixed,112,A,200,0.000000,40,256.000000,144,144.000000,0
Fixed,113,A,200,0.000000,40,256.000000,144,144.000000,0
Fixed,114,A,200,0.000000,40,256.000000,144,144.000000,0
Fixed,115,A,200,0.000000,40,256.000000,144,144.000000,0
Fixed,116,A,200,0.000000,40,256.000000,144,144.000000,0
Fixed,117,A,200,0.000000,40,256.000000,144,144.000000,0
Fixed,118,A,200,0.000000,40,256.000000,144,144.000000,0
Fixed,119,A,200,0.000000,40,256.000000,144,144.000000,0
Fixed,120,A,200,0.000000,40,256.000000,144,144.000000,0
Fixed,121,A,200,0.000000,40,256.000000,144,144.000000,0
Fixed,122,A,200,0.000000,40,256.000000,144,144.000000,0
Fixed,123,A,200,0.000000,40,256.000000,144,144.000000,0
Fixed,124,A,200,0.000000,40,256.000000,144,144.000000,0
Fixed,125,A,200,0.000000,40,256.000000,144,144.000000,0
Fixed,126,A,200,0.000000,40,256.000000,144,144.000000,0
Fixed,127,A,200,0.000000,40,256.000000,144,144.000000,0
Fixed,128,A,200,0.000000,40,256.000000,144,144.000000,0
Fixed,129,A,200,0.000000,40,256.000000,144,144.000000,0
Fixed,130,A,200,0.000000,40,256.000000,144,144.000000,0
Fixed,131,A,200,0.000000,40,256.000000,144,144.000000,0
Fixed,132,A,200,0.000000,40,256.000000,144,144.000000,0
Fixed,133,A,200,0.000000,40,256.000000,144,144.000000,0
Fixed,134,A,200,0.000000,40,256.000000,144,144.000000,0
Fixed,135,A,200,0.000000,40,256.000000,144,144.000000,0
Fixed,136,A,200,0.000000,40,256.000000,144,144.000000,0
Fixed,137,A,200,0.000000,40,256.000000,144,144.000000,0
Fixed,138,A,200,0.000000,40,256.000000,144,144.000000,0
Fixed,139,A,200,0.000000,40,256.000000,144,144.000000,0
Fixed,140,A,200,0.000000,40,256.000000,144,144.000000,0
Fixed,141,A,200,0.000000,40,256.000000,144,144.000000,0
Fixed,142,A,200,0.000000,40,256.000000,144,144.000000,0
Fixed,143,A,200,0.000000,40,256.000000,144,144.000000,0
Fixed,144,A,200,0.000000,40,256.000000,144,144.000000,0
Fixed,145,A,200,0.000000,40,256.000000,144,144.000000,0
Fixed,146,A,200,0.000000,40,256.000000,144,144.000000,0
Fixed,147,A,200,0.000000,40,256.000000,144,144.000000,0
Fixed,148,A,200,0.000000,40,256.000000,144,144.000000,0
Fixed,149,A,200,0.000000,40,256.000000,144,144.000000,0
Fixed,150,A,200,0.000000,40,256.000000,144,144.000000,0
Fixed,151,A,200,0.000000,40,256.000000,144,144.000000,0
Fixed,152,A,200,0.000000,40,256.000000,144,144.000000,0
Fixed,153,A,200,0.000000,40,256.000000,144,144.000000,0
Fixed,154,A,200,0.000000,40,256.000000,144,144.000000,0
Fixed,155,A,200,0.000000,40,256.000000,144,144.000000,0
Fixed,156,A,200,0.000000,40,256.000000,144,144.000000,0
Fixed,157,A,200,0.000000,40,256.000000,144,144.000000,0
Fixed,158,A,200,0.000000,40,256.000000,144,144.000000,0
Fixed,159,A,200,0.000000,40,256.000000,144,144.000000,0
Fixed,160,A,200,0.000000,40,256.000000,144,144.000000,0
Fixed,161,A,200,0.000000,40,256.000000,144,144.000000,0
Fixed,162,A,200,0.000000,40,256.000000,144,144.000000,0
Fixed,163,A,200,0.000000,40,256.000000,144,144.000000,0
Fixed,164,A,200,0.000000,40,256.000000,144,144.000000,0
Fixed,165,A,200,0.000000,40,256.000000,144,144.000000,0
Fixed,166,A,200,0.000000,40,256.000000,144,144.000000,0
Fixed,167,A,200,0.000000,40,256.000000,144,144.000000,0
Fixed,168,A,200,0.000000,40,256.000000,144,144.000000,0
Fixed,169,A,200,0.000000,40,256.000000,144,144.000000,0
Fixed,170,A,200,0.000000,40,256.000000,144,144.000000,0
Fixed,171,A,200,0.000000,40,256.000000,144,144.000000,0
Fixed,172,A,200,0.000000,40,256.000000,144,144.000000,0
Fixed,173,A,200,0.000000,40,256.000000,144,144.000000,0
Fixed,174,A,200,0.000000,40,256.000000,144,144.000000,0
Fixed,175,A,200,0.000000,40,256.000000,144,144.000000,0
Fixed,176,A,200,0.000000,40,256.000000,144,144.000000,0
Fixed,177,A,200,0.000000,40,256.000000,144,144.000000,0
Fixed,178,A,200,0.000000,40,256.000000,144,144.000000,0
Fixed,179,A,200,0.000000,40,256.000000,144,144.000000,0
Fixed,180,A,200,0.000000,40,256.000000,144,144.000000,0
Fixed,181,A,200,0.000000,40,256.000000,144,144.000000,0
Fixed,182,A,200,0.000000,40,256.000000,144,144.000000,0
Fixed,183,A,200,0.000000,40,256.000000,144,144.000000,0
Fixed,184,A,200,0.000000,40,256.000000,144,144.000000,0
Fixed,185,A,200,0.000000,40,256.000000,144,144.000000,0
Fixed,186,A,200,0.000000,40,256.000000,144,144.000000,0
Fixed,187,A,200,0.000000,40,256.000000,144,144.000000,0
Fixed,188,A,200,0.000000,40,256.000000,144,144.000000,0
Fixed,189,A,200,0.000000,40,256.000000,144,144.000000,0
Fixed,190,A,200,0.000000,40,256.000000,144,144.000000,0
Fixed,191,A,200,0.000000,40,256.000000,144,144.000000,0
Fixed,192,A,200,0.000000,40,256.000000,144,144.000000,0
Fixed,193,A,200,0.000000,40,256.000000,144,144.000000,0
Fixed,194,A,200,0.000000,40,256.000000,144,144.000000,0
Fixed,195,A,200,0.000000,40,256.000000,144,144.000000,0
Fixed,196,A,200,0.000000,40,256.000000,144,144.000000,0
Fixed,197,A,200,0.000000,40,256.000000,144,144.000000,0
Fixed,198,A,200,0.000000,40,256.000000,144,144.000000,0
Fixed,199,A,200,0.000000,40,256.000000,144,144.000000,0
Fixed,0,A,400,0.000000,40,256.000000,144,144.000000,0
Fixed,1,A,400,0.000000,40,256.000000,144,144.000000,0
Fixed,2,A,400,0.000000,40,256.000000,144,144.000000,0
Fixed,3,A,400,0.000000,40,256.000000,144,144.000000,0
Fixed,4,A,400,0.000000,40,256.000000,144,144.000000,0
Fixed,5,A,400,0.000000,40,256.000000,144,144.000000,0
Fixed,6,A,400,0.000000,40,256.000000,144,144.000000,0
Fixed,7,A,400,0.000000,40,256.000000,144,144.000000,0
Fixed,8,A,400,0.000000,40,256.000000,144,144.000000,0
Fixed,9,A,400,0.000000,40,256.000000,144,144.000000,0
Fixed,10,A,400,0.000000,40,256.000000,144,144.000000,0
Fixed,11,A,400,0.000000,40,256.000000,144,144.000000,0
Fixed,12,A,400,0.000000,40,256.000000,144,144.000000,0
Fixed,13,A,400,0.000000,40,256.000000,144,144.000000,0
Fixed,14,A,400,0.000000,40,256.000000,144,144.000000,0
Fixed,15,A,400,0.000000,40,256.000000,144,144.000000,0
Fixed,16,A,400,0.000000,40,256.000000,144,144.000000,0
Fixed,17,A,400,0.000000,40,256.000000,144,144.000000,0
Fixed,18,A,400,0.000000,40,256.000000,144,144.000000,0
Fixed,19,A,400,0.000000,40,256.000000,144,144.000000,0
Fixed,20,A,400,0.000000,40,256.000000,144,144.000000,0
Fixed,21,A,400,0.000000,40,256.000000,144,144.000000,0
Fixed,22,A,400,0.000000,40,256.000000,144,144.000000,0
Fixed,23,A,400,0.000000,40,256.000000,144,144.000000,0
Fixed,24,A,400,0.000000,40,256.000000,144,144.000000,0
Fixed,25,A,400,0.000000,40,256.000000,144,144.000000,0
Fixed,26,A,400,0.000000,40,256.000000,144,144.000000,0
Fixed,27,A,400,0.000000,40,256.000000,144,144.000000,0
Fixed,28,A,400,0.000000,40,256.000000,144,144.000000,0
Fixed,29,A,400,0.000000,40,256.000000,144,144.000000,0
Fixed,30,A,400,0.000000,40,256.000000,144,144.000000,0
Fixed,31,A,400,0.000000,40,256.000000,144,144.000000,0
Fixed,32,A,400,0.000000,40,256.000000,144,144.000000,0
Fixed,33,A,400,0.000000,40,256.000000,144,144.000000,0
Fixed,34,A,400,0.000000,40,256.000000,144,144.000000,0
Fixed,35,A,400,0.000000,40,256.000000,144,144.000000,0
Fixed,36,A,400,0.000000,40,256.000000,144,144.000000,0
Fixed,37,A,400,0.000000,40,256.000000,144,144.000000,0
Fixed,38,A,400,0.000000,40,256.000000,144,144.000000,0
Fixed,39,A,400,0.000000,40,256.000000,144,144.000000,0
Fixed,40,A,400,0.000000,40,256.000000,144,144.000000,0
Fixed,41,A,400,0.000000,40,256.000000,144,144.000000,0
Fixed,42,A,400,0.000000,40,256.000000,144,144.000000,0
Fixed,43,A,400,0.000000,40,256.000000,144,144.000000,0
Fixed,44,A,400,0.000000,40,256.000000,144,144.000000,0
Fixed,45,A,400,0.000000,40,256.000000,144,144.000000,0
Fixed,46,A,400,0.000000,40,256.000000,144,144.000000,0
Fixed,47,A,400,0.000000,40,256.000000,144,144.000000,0
Fixed,48,A,400,0.000000,40,256.000000,144,144.000000,0
Fixed,49,A,400,0.000000,40,256.000000,144,144.000000,0
Fixed,50,A,400,0.000000,40,256.000000,144,144.000000,0
Fixed,51,A,400,0.000000,40,256.000000,144,144.000000,0
Fixed,52,A,400,0.000000,40,256.000000,144,144.000000,0
Fixed,53,A,400,0.000000,40,256.000000,144,144.000000,0
Fixed,54,A,400,0.000000,40,256.000000,144,144.000000,0
Fixed,55,A,400,0.000000,40,256.000000,144,144.000000,0
Fixed,56,A,400,0.000000,40,256.000000,144,144.000000,0
Fixed,57,A,400,0.000000,40,256.000000,144,144.000000,0
Fixed,58,A,400,0.000000,40,256.000000,144,144.000000,0
Fixed,59,A,400,0.000000,40,256.000000,144,144.000000,0
Fixed,60,A,400,0.000000,40,256.000000,144,144.000000,0
Fixed,61,A,400,0.000000,40,256.000000,144,144.000000,0
Fixed,62,A,400,0.000000,40,256.000000,144,144.000000,0
Fixed,63,A,400,0.000000,40,256.000000,144,144.000000,0
Fixed,64,A,400,0.000000,40,256.000000,144,144.000000,0
Fixed,65,A,400,0.000000,40,256.000000,144,144.000000,0
Fixed,66,A,400,0.000000,40,256.000000,144,144.000000,0
Fixed,67,A,400,0.000000,40,256.000000,144,144.000000,0
Fixed,68,A,400,0.000000,40,256.000000,144,144.000000,0
Fixed,69,A,400,0.000000,40,256.000000,144,144.000000,0
Fixed,70,A,400,0.000000,40,256.000000,144,144.000000,0
Fixed,71,A,400,0.000000,40,256.000000,144,144.000000,0
Fixed,72,A,400,0.000000,40,256.000000,144,144.000000,0
Fixed,73,A,400,0.000000,40,256.000000,144,144.000000,0
Fixed,74,A,400,0.000000,40,256.000000,144,144.000000,0
Fixed,75,A,400,0.000000,40,256.000000,144,144.000000,0
Fixed,76,A,400,0.000000,40,256.000000,144,144.000000,0
Fixed,77,A,400,0.000000,40,256.000000,144,144.000000,0
Fixed,78,A,400,0.000000,40,256.000000,144,144.000000,0
Fixed,79,A,400,0.000000,40,256.000000,144,144.000000,0
Fixed,80,A,400,0.000000,40,256.000000,144,144.000000,0
Fixed,81,A,400,0.000000,40,256.000000,144,144.000000,0
Fixed,82,A,400,0.000000,40,256.000000,144,144.000000,0
Fixed,83,A,400,0.000000,40,256.000000,144,144.000000,0
Fixed,84,A,400,0.000000,40,256.000000,144,144.000000,0
Fixed,85,A,400,0.000000,40,256.000000,144,144.000000,0
Fixed,86,A,400,0.000000,40,256.000000,144,144.000000,0
Fixed,87,A,400,0.000000,40,256.000000,144,144.000000,0
Fixed,88,A,400,0.000000,40,256.000000,144,144.000000,0
Fixed,89,A,400,0.000000,40,256.000000,144,144.000000,0
Fixed,90,A,400,0.000000,40,256.000000,144,144.000000,0
Fixed,91,A,400,0.000000,40,256.000000,144,144.000000,0
Fixed,92,A,400,0.000000,40,256.000000,144,144.000000,0
Fixed,93,A,400,0.000000,40,256.000000,144,144.000000,0
Fixed,94,A,400,0.000000,40,256.000000,144,144.000000,0
Fixed,95,A,400,0.000000,40,256.000000,144,144.000000,0
Fixed,96,A,400,0.000000,40,256.000000,144,144.000000,0
Fixed,97,A,400,0.000000,40,256.000000,144,144.000000,0
Fixed,98,A,400,0.000000,40,256.000000,144,144.000000,0
Fixed,99,A,400,0.000000,40,256.000000,144,144.000000,0
Fixed,100,A,400,0.000000,40,256.000000,144,144.000000,0
Fixed,101,A,400,0.000000,40,256.000000,144,144.000000,0
Fixed,102,A,400,0.000000,40,256.000000,144,144.000000,0
Fixed,103,A,400,0.000000,40,256.000000,144,144.000000,0
Fixed,104,A,400,0.000000,40,256.000000,144,144.000000,0
Fixed,105,A,400,0.000000,40,256.000000,144,144.000000,0
Fixed,106,A,400,0.000000,40,256.000000,144,144.000000,0
Fixed,107,A,400,0.000000,40,256.000000,144,144.000000,0
Fixed,108,A,400,0.000000,40,256.000000,144,144.000000,0
Fixed,109,A,400,0.000000,40,256.000000,144,144.000000,0
Fixed,110,A,400,0.000000,40,256.000000,144,144.000000,0
Fixed,111,A,400,0.000000,40,256.000000,144,144.000000,0
Fixed,112,A,400,0.000000,40,256.000000,144,144.000000,0
Fixed,113,A,400,0.000000,40,256.000000,144,144.000000,0
Fixed,114,A,400,0.000000,40,256.000000,144,144.000000,0
Fixed,115,A,400,0.000000,40,256.000000,144,144.000000,0
Fixed,116,A,400,0.000000,40,256.000000,144,144.000000,0
Fixed,117,A,400,0.000000,40,256.000000,144,144.000000,0
Fixed,118,A,400,0.000000,40,256.000000,144,144.000000,0
Fixed,119,A,400,0.000000,40,256.000000,144,144.000000,0
Fixed,120,A,400,0.000000,40,256.000000,144,144.000000,0
Fixed,121,A,400,0.000000,40,256.000000,144,144.000000,0
Fixed,122,A,400,0.000000,40,256.000000,144,144.000000,0
Fixed,123,A,400,0.000000,40,256.000000,144,144.000000,0
Fixed,124,A,400,0.000000,40,256.000000,144,144.000000,0
Fixed,125,A,400,0.000000,40,256.000000,144,144.000000,0
Fixed,126,A,400,0.000000,40,256.000000,144,144.000000,0
Fixed,127,A,400,0.000000,40,256.000000,144,144.000000,0
Fixed,128,A,400,0.000000,40,256.000000,144,144.000000,0
Fixed,129,A,400,0.000000,40,256.000000,144,144.000000,0
Fixed,130,A,400,0.000000,40,256.000000,144,144.000000,0
Fixed,131,A,400,0.000000,40,256.000000,144,144.000000,0
Fixed,132,A,400,0.000000,40,256.000000,144,144.000000,0
Fixed,133,A,400,0.000000,40,256.000000,144,144.000000,0
Fixed,134,A,400,0.000000,40,256.000000,144,144.000000,0
Fixed,135,A,400,0.000000,40,256.000000,144,144.000000,0
Fixed,136,A,400,0.000000,40,256.000000,144,144.000000,0
Fixed,137,A,400,0.000000,40,256.000000,144,144.000000,0
Fixed,138,A,400,0.000000,40,256.000000,144,144.000000,0
Fixed,139,A,400,0.000000,40,256.000000,144,144.000000,0
Fixed,140,A,400,0.000000,40,256.000000,144,144.000000,0
Fixed,141,A,400,0.000000,40,256.000000,144,144.000000,0
Fixed,142,A,400,0.000000,40,256.000000,144,144.000000,0
Fixed,143,A,400,0.000000,40,256.000000,144,144.000000,0
Fixed,144,A,400,0.000000,40,256.000000,144,144.000000,0
Fixed,145,A,400,0.000000,40,256.000000,144,144.000000,0
Fixed,146,A,400,0.000000,40,256.000000,144,144.000000,0
Fixed,147,A,400,0.000000,40,256.000000,144,144.000000,0
Fixed,148,A,400,0.000000,40,256.000000,144,144.000000,0
Fixed,149,A,400,0.000000,40,256.000000,144,144.000000,0
Fixed,150,A,400,0.000000,40,256.000000,144,144.000000,0
Fixed,151,A,400,0.000000,40,256.000000,144,144.000000,0
Fixed,152,A,400,0.000000,40,256.000000,144,144.000000,0
Fixed,153,A,400,0.000000,40,256.000000,144,144.000000,0
Fixed,154,A,400,0.000000,40,256.000000,144,144.000000,0
Fixed,155,A,400,0.000000,40,256.000000,144,144.000000,0
Fixed,156,A,400,0.000000,40,256.000000,144,144.000000,0
Fixed,157,A,400,0.000000,40,256.000000,144,144.000000,0
Fixed,158,A,400,0.000000,40,256.000000,144,144.000000,0
Fixed,159,A,400,0.000000,40,256.000000,144,144.000000,0
Fixed,160,A,400,0.000000,40,256.000000,144,144.000000,0
Fixed,161,A,400,0.000000,40,256.000000,144,144.000000,0
Fixed,162,A,400,0.000000,40,256.000000,144,144.000000,0
Fixed,163,A,400,0.000000,40,256.000000,144,144.000000,0
Fixed,164,A,400,0.000000,40,256.000000,144,144.000000,0
Fixed,165,A,400,0.000000,40,256.000000,144,144.000000,0
Fixed,166,A,400,0.000000,40,256.000000,144,144.000000,0
Fixed,167,A,400,0.000000,40,256.000000,144,144.000000,0
Fixed,168,A,400,0.000000,40,256.000000,144,144.000000,0
Fixed,169,A,400,0.000000,40,256.000000,144,144.000000,0
Fixed,170,A,400,0.000000,40,256.000000,144,144.000000,0
Fixed,171,A,400,0.000000,40,256.000000,144,144.000000,0
Fixed,172,A,400,0.000000,40,256.000000,144,144.000000,0
Fixed,173,A,400,0.000000,40,256.000000,144,144.000000,0
Fixed,174,A,400,0.000000,40,256.000000,144,144.000000,0
Fixed,175,A,400,0.000000,40,256.000000,144,144.000000,0
Fixed,176,A,400,0.000000,40,256.000000,144,144.000000,0
Fixed,177,A,400,0.000000,40,256.000000,144,144.000000,0
Fixed,178,A,400,0.000000,40,256.000000,144,144.000000,0
Fixed,179,A,400,0.000000,40,256.000000,144,144.000000,0
Fixed,180,A,400,0.000000,40,256.000000,144,144.000000,0
Fixed,181,A,400,0.000000,40,256.000000,144,144.000000,0
Fixed,182,A,400,0.000000,40,256.000000,144,144.000000,0
Fixed,183,A,400,0.000000,40,256.000000,144,144.000000,0
Fixed,184,A,400,0.000000,40,256.000000,144,144.000000,0
Fixed,185,A,400,0.000000,40,256.000000,144,144.000000,0
Fixed,186,A,400,0.000000,40,256.000000,144,144.000000,0
Fixed,187,A,400,0.000000,40,256.000000,144,144.000000,0
Fixed,188,A,400,0.000000,40,256.000000,144,144.000000,0
Fixed,189,A,400,0.000000,40,256.000000,144,144.000000,0
Fixed,190,A,400,0.000000,40,256.000000,144,144.000000,0
Fixed,191,A,400,0.000000,40,256.000000,144,144.000000,0
Fixed,192,A,400,0.000000,40,256.000000,144,144.000000,0
Fixed,193,A,400,0.000000,40,256.000000,144,144.000000,0
Fixed,194,A,400,0.000000,40,256.000000,144,144.000000,0
Fixed,195,A,400,0.000000,40,256.000000,144,144.000000,0
Fixed,196,A,400,0.000000,40,256.000000,144,144.000000,0
Fixed,197,A,400,0.000000,40,256.000000,144,144.000000,0
Fixed,198,A,400,0.000000,40,256.000000,144,144.000000,0
Fixed,199,A,400,0.000000,40,256.000000,144,144.000000,0
Fixed,0,B,0,0.000000,40,256.000000,144,144.000000,0
Fixed,1,B,0,0.000000,40,256.000000,144,144.000000,0
Fixed,2,B,0,0.000000,40,256.000000,144,144.000000,0
Fixed,3,B,0,0.000000,40,256.000000,144,144.000000,0
Fixed,4,B,0,0.000000,40,256.000000,144,144.000000,0
Fixed,5,B,0,0.000000,40,256.000000,144,144.000000,0
Fixed,6,B,0,0.000000,40,256.000000,144,144.000000,0
Fixed,7,B,0,0.000000,40,256.000000,144,144.000000,0
Fixed,8,B,0,0.000000,40,256.000000,144,144.000000,0
Fixed,9,B,0,0.000000,40,256.000000,144,144.000000,0
Fixed,10,B,0,0.000000,40,256.000000,144,144.000000,0
Fixed,11,B,0,0.000000,40,256.000000,144,144.000000,0
Fixed,12,B,0,0.000000,40,256.000000,144,144.000000,0
Fixed,13,B,0,0.000000,40,256.000000,144,144.000000,0
Fixed,14,B,0,0.000000,40,256.000000,144,144.000000,0
Fixed,15,B,0,0.000000,40,256.000000,144,144.000000,0
Fixed,16,B,0,0.000000,40,256.000000,144,144.000000,0
Fixed,17,B,0,0.000000,40,256.000000,144,144.000000,0
Fixed,18,B,0,0.000000,40,256.000000,144,144.000000,0
Fixed,19,B,0,0.000000,40,256.000000,144,144.000000,0
Fixed,20,B,0,0.000000,40,256.000000,144,144.000000,0
Fixed,21,B,0,0.000000,40,256.000000,144,144.000000,0
Fixed,22,B,0,0.000000,40,256.000000,144,144.000000,0
Fixed,23,B,0,0.000000,40,256.000000,144,144.000000,0
Fixed,24,B,0,0.000000,40,256.000000,144,144.000000,0
Fixed,25,B,0,0.000000,40,256.000000,144,144.000000,0
Fixed,26,B,0,0.000000,40,256.000000,144,144.000000,0
Fixed,27,B,0,0.000000,40,256.000000,144,144.000000,0
Fixed,28,B,0,0.000000,40,256.000000,144,144.000000,0
Fixed,29,B,0,0.000000,40,256.000000,144,144.000000,0
Fixed,30,B,0,0.000000,40,256.000000,144,144.000000,0
Fixed,31,B,0,0.000000,40,256.000000,144,144.000000,0
Fixed,32,B,0,0.000000,40,256.000000,144,144.000000,0
Fixed,33,B,0,0.000000,40,256.000000,144,144.000000,0
Fixed,34,B,0,0.000000,40,256.000000,144,144.000000,0
Fixed,35,B,0,0.000000,40,256.000000,144,144.000000,0
Fixed,36,B,0,0.000000,40,256.000000,144,144.000000,0
Fixed,37,B,0,0.000000,40,256.000000,144,144.000000,0
Fixed,38,B,0,0.000000,40,256.000000,144,144.000000,0
Fixed,39,B,0,0.000000,40,256.000000,144,144.000000,0
Fixed,40,B,0,0.000000,40,256.000000,144,144.000000,0
Fixed,41,B,0,0.000000,40,256.000000,144,144.000000,0
Fixed,42,B,0,0.000000,40,256.000000,144,144.000000,0
Fixed,43,B,0,0.000000,40,256.000000,144,144.000000,0
Fixed,44,B,0,0.000000,40,256.000000,144,144.000000,0
Fixed,45,B,0,0.000000,40,256.000000,144,144.000000,0
Fixed,46,B,0,0.000000,40,256.000000,144,144.000000,0
Fixed,47,B,0,0.000000,40,256.000000,144,144.000000,0
Fixed,48,B,0,0.000000,40,256.000000,144,144.000000,0
Fixed,49,B,0,0.000000,40,256.000000,144,144.000000,0
Fixed,50,B,0,0.000000,40,256.000000,144,144.000000,0
Fixed,51,B,0,0.000000,40,256.000000,144,144.000000,0
Fixed,52,B,0,0.000000,40,256.000000,144,144.000000,0
Fixed,53,B,0,0.000000,40,256.000000,144,144.000000,0
Fixed,54,B,0,0.000000,40,256.000000,144,144.000000,0
Fixed,55,B,0,0.000000,40,256.000000,144,144.000000,0
Fixed,56,B,0,0.000000,40,256.000000,144,144.000000,0
Fixed,57,B,0,0.000000,40,256.000000,144,144.000000,0
Fixed,58,B,0,0.000000,40,256.000000,144,144.000000,0
Fixed,59,B,0,0.000000,40,256.000000,144,144.000000,0
Fixed,60,B,0,0.000000,40,256.000000,144,144.000000,0
Fixed,61,B,0,0.000000,40,256.000000,144,144.000000,0
Fixed,62,B,0,0.000000,40,256.000000,144,144.000000,0
Fixed,63,B,0,0.000000,40,256.000000,144,144.000000,0
Fixed,64,B,0,0.000000,40,256.000000,144,144.000000,0
Fixed,65,B,0,0.000000,40,256.000000,144,144.000000,0
Fixed,66,B,0,0.000000,40,256.000000,144,144.000000,0
Fixed,67,B,0,0.000000,40,256.000000,144,144.000000,0
Fixed,68,B,0,0.000000,40,256.000000,144,144.000000,0
Fixed,69,B,0,0.000000,40,256.000000,144,144.000000,0
Fixed,70,B,0,0.000000,40,256.000000,144,144.000000,0
Fixed,71,B,0,0.000000,40,256.000000,144,144.000000,0
Fixed,72,B,0,0.000000,40,256.000000,144,144.000000,0
Fixed,73,B,0,0.000000,40,256.000000,144,144.000000,0
Fixed,74,B,0,0.000000,40,256.000000,144,144.000000,0
Fixed,75,B,0,0.000000,40,256.000000,144,144.000000,0
Fixed,76,B,0,0.000000,40,256.000000,144,144.000000,0
Fixed,77,B,0,0.000000,40,256.000000,144,144.000000,0
Fixed,78,B,0,0.000000,40,256.000000,144,144.000000,0
Fixed,79,B,0,0.000000,40,256.000000,144,144.000000,0
Fixed,80,B,0,0.000000,40,256.000000,144,144.000000,0
Fixed,81,B,0,0.000000,40,256.000000,144,144.000000,0
Fixed,82,B,0,0.000000,40,256.000000,144,144.000000,0
Fixed,83,B,0,0.000000,40,256.000000,144,144.000000,0
Fixed,84,B,0,0.000000,40,256.000000,144,144.000000,0
Fixed,85,B,0,0.000000,40,256.000000,144,144.000000,0
Fixed,86,B,0,0.000000,40,256.000000,144,144.000000,0
Fixed,87,B,0,0.000000,40,256.000000,144,144.000000,0
Fixed,88,B,0,0.000000,40,256.000000,144,144.000000,0
Fixed,89,B,0,0.000000,40,256.000000,144,144.000000,0
Fixed,90,B,0,0.000000,40,256.000000,144,144.000000,0
Fixed,91,B,0,0.000000,40,256.000000,144,144.000000,0
Fixed,92,B,0,0.000000,40,256.000000,144,144.000000,0
Fixed,93,B,0,0.000000,40,256.000000,144,144.000000,0
Fixed,94,B,0,0.000000,40,256.000000,144,144.000000,0
Fixed,95,B,0,0.000000,40,256.000000,144,144.000000,0
Fixed,96,B,0,0.000000,40,256.000000,144,144.000000,0
Fixed,97,B,0,0.000000,40,256.000000,144,144.000000,0
Fixed,98,B,0,0.000000,40,256.000000,144,144.000000,0
Fixed,99,B,0,0.000000,40,256.000000,144,144.000000,0
Fixed,100,B,0,0.000000,40,256.000000,144,144.000000,0
Fixed,101,B,0,0.000000,40,256.000000,144,144.000000,0
Fixed,102,B,0,0.000000,40,256.000000,144,144.000000,0
Fixed,103,B,0,0.000000,40,256.000000,144,144.000000,0
Fixed,104,B,0,0.000000,40,256.000000,144,144.000000,0
Fixed,105,B,0,0.000000,40,256.000000,144,144.000000,0
Fixed,106,B,0,0.000000,40,256.000000,144,144.000000,0
Fixed,107,B,0,0.000000,40,256.000000,144,144.000000,0
Fixed,108,B,0,0.000000,40,256.000000,144,144.000000,0
Fixed,109,B,0,0.000000,40,256.000000,144,144.000000,0
Fixed,110,B,0,0.000000,40,256.000000,144,144.000000,0
Fixed,111,B,0,0.000000,40,256.000000,144,144.000000,0
Fixed,112,B,0,0.000000,40,256.000000,144,144.000000,0
Fixed,113,B,0,0.000000,40,256.000000,144,144.000000,0
Fixed,114,B,0,0.000000,40,256.000000,144,144.000000,0
Fixed,115,B,0,0.000000,40,256.000000,144,144.000000,0
Fixed,116,B,0,0.000000,40,256.000000,144,144.000000,0
Fixed,117,B,0,0.000000,40,256.000000,144,144.000000,0
Fixed,118,B,0,0.000000,40,256.000000,144,144.000000,0
Fixed,119,B,0,0.000000,40,256.000000,144,144.000000,0
Fixed,120,B,0,0.000000,40,256.000000,144,144.000000,0
Fixed,121,B,0,0.000000,40,256.000000,144,144.000000,0
Fixed,122,B,0,0.000000,40,256.000000,144,144.000000,0
Fixed,123,B,0,0.000000,40,256.000000,144,144.000000,0
Fixed,124,B,0,0.000000,40,256.000000,144,144.000000,0
Fixed,125,B,0,0.000000,40,256.000000,144,144.000000,0
Fixed,126,B,0,0.000000,40,256.000000,144,144.000000,0
Fixed,127,B,0,0.000000,40,256.000000,144,144.000000,0
Fixed,128,B,0,0.000000,40,256.000000,144,144.000000,0
Fixed,129,B,0,0.000000,40,256.000000,144,144.000000,0
Fixed,130,B,0,0.000000,40,256.000000,144,144.000000,0
Fixed,131,B,0,0.000000,40,256.000000,144,144.000000,0
Fixed,132,B,0,0.000000,40,256.000000,144,144.000000,0
Fixed,133,B,0,0.000000,40,256.000000,144,144.000000,0
Fixed,134,B,0,0.000000,40,256.000000,144,144.000000,0
Fixed,135,B,0,0.000000,40,256.000000,144,144.000000,0
Fixed,136,B,0,0.000000,40,256.000000,144,144.000000,0
Fixed,137,B,0,0.000000,40,256.000000,144,144.000000,0
Fixed,138,B,0,0.000000,40,256.000000,144,144.000000,0
Fixed,139,B,0,0.000000,40,256.000000,144,144.000000,0
Fixed,140,B,0,0.000000,40,256.000000,144,144.000000,0
Fixed,141,B,0,0.000000,40,256.000000,144,144.000000,0
Fixed,142,B,0,0.000000,40,256.000000,144,144.000000,0
Fixed,143,B,0,0.000000,40,256.000000,144,144.000000,0
Fixed,144,B,0,0.000000,40,256.000000,144,144.000000,0
Fixed,145,B,0,0.000000,40,256.000000,144,144.000000,0
Fixed,146,B,0,0.000000,40,256.000000,144,144.000000,0
Fixed,147,B,0,0.000000,40,256.000000,144,144.000000,0
Fixed,148,B,0,0.000000,40,256.000000,144,144.000000,0
Fixed,149,B,0,0.000000,40,256.000000,144,144.000000,0
Fixed,150,B,0,0.000000,40,256.000000,144,144.000000,0
Fixed,151,B,0,0.000000,40,256.000000,144,144.000000,0
Fixed,152,B,0,0.000000,40,256.000000,144,144.000000,0
Fixed,153,B,0,0.000000,40,256.000000,144,144.000000,0
Fixed,154,B,0,0.000000,40,256.000000,144,144.000000,0
Fixed,155,B,0,0.000000,40,256.000000,144,144.000000,0
Fixed,156,B,0,0.000000,40,256.000000,144,144.000000,0
Fixed,157,B,0,0.000000,40,256.000000,144,144.000000,0
Fixed,158,B,0,0.000000,40,256.000000,144,144.000000,0
Fixed,159,B,0,0.000000,40,256.000000,144,144.000000,0
Fixed,160,B,0,0.000000,40,256.000000,144,144.000000,0
Fixed,161,B,0,0.000000,40,256.000000,144,144.000000,0
Fixed,162,B,0,0.000000,40,256.000000,144,144.000000,0
Fixed,163,B,0,0.000000,40,256.000000,144,144.000000,0
Fixed,164,B,0,0.000000,40,256.000000,144,144.000000,0
Fixed,165,B,0,0.000000,40,256.000000,144,144.000000,0
Fixed,166,B,0,0.000000,40,256.000000,144,144.000000,0
Fixed,167,B,0,0.000000,40,256.000000,144,144.000000,0
Fixed,168,B,0,0.000000,40,256.000000,144,144.000000,0
Fixed,169,B,0,0.000000,40,256.000000,144,144.000000,0
Fixed,170,B,0,0.000000,40,256.000000,144,144.000000,0
Fixed,171,B,0,0.000000,40,256.000000,144,144.000000,0
Fixed,172,B,0,0.000000,40,256.000000,144,144.000000,0
Fixed,173,B,0,0.000000,40,256.000000,144,144.000000,0
Fixed,174,B,0,0.000000,40,256.000000,144,144.000000,0
Fixed,175,B,0,0.000000,40,256.000000,144,144.000000,0
Fixed,176,B,0,0.000000,40,256.000000,144,144.000000,0
Fixed,177,B,0,0.000000,40,256.000000,144,144.000000,0
Fixed,178,B,0,0.000000,40,256.000000,144,144.000000,0
Fixed,179,B,0,0.000000,40,256.000000,144,144.000000,0
Fixed,180,B,0,0.000000,40,256.000000,144,144.000000,0
Fixed,181,B,0,0.000000,40,256.000000,144,144.000000,0
Fixed,182,B,0,0.000000,40,256.000000,144,144.000000,0
Fixed,183,B,0,0.000000,40,256.000000,144,144.000000,0
Fixed,184,B,0,0.000000,40,256.000000,144,144.000000,0
Fixed,185,B,0,0.000000,40,256.000000,144,144.000000,0
Fixed,186,B,0,0.000000,40,256.000000,144,144.000000,0
Fixed,187,B,0,0.000000,40,256.000000,144,144.000000,0
Fixed,188,B,0,0.000000,40,256.000000,144,144.000000,0
Fixed,189,B,0,0.000000,40,256.000000,144,144.000000,0
Fixed,190,B,0,0.000000,40,256.000000,144,144.000000,0
Fixed,191,B,0,0.000000,40,256.000000,144,144.000000,0
Fixed,192,B,0,0.000000,40,256.000000,144,144.000000,0
Fixed,193,B,0,0.000000,40,256.000000,144,144.000000,0
Fixed,194,B,0,0.000000,40,256.000000,144,144.000000,0
Fixed,195,B,0,0.000000,40,256.000000,144,144.000000,0
Fixed,196,B,0,0.000000,40,256.000000,144,144.000000,0
Fixed,197,B,0,0.000000,40,256.000000,144,144.000000,0
Fixed,198,B,0,0.000000,40,256.000000,144,144.000000,0
Fixed,199,B,0,0.000000,40,256.000000,144,144.000000,0
Fixed,0,B,100,0.000000,40,256.000000,144,144.000000,0
Fixed,1,B,100,0.000000,40,256.000000,144,144.000000,0
Fixed,2,B,100,0.000000,40,256.000000,144,144.000000,0
Fixed,3,B,100,0.000000,40,256.000000,144,144.000000,0
Fixed,4,B,100,0.000000,40,256.000000,144,144.000000,0
Fixed,5,B,100,0.000000,40,256.000000,144,144.000000,0
Fixed,6,B,100,0.000000,40,256.000000,144,144.000000,0
Fixed,7,B,100,0.000000,40,256.000000,144,144.000000,0
Fixed,8,B,100,0.000000,40,256.000000,144,144.000000,0
Fixed,9,B,100,0.000000,40,256.000000,144,144.000000,0
Fixed,10,B,100,0.000000,40,256.000000,144,144.000000,0
Fixed,11,B,100,0.000000,40,256.000000,144,144.000000,0
Fixed,12,B,100,0.000000,40,256.000000,144,144.000000,0
Fixed,13,B,100,0.000000,40,256.000000,144,144.000000,0
Fixed,14,B,100,0.000000,40,256.000000,144,144.000000,0
Fixed,15,B,100,0.000000,40,256.000000,144,144.000000,0
Fixed,16,B,100,0.000000,40,256.000000,144,144.000000,0
Fixed,17,B,100,0.000000,40,256.000000,144,144.000000,0
Fixed,18,B,100,0.000000,40,256.000000,144,144.000000,0
Fixed,19,B,100,0.000000,40,256.000000,144,144.000000,0
Fixed,20,B,100,0.000000,40,256.000000,144,144.000000,0
Fixed,21,B,100,0.000000,40,256.000000,144,144.000000,0
Fixed,22,B,100,0.000000,40,256.000000,144,144.000000,0
Fixed,23,B,100,0.000000,40,256.000000,144,144.000000,0
Fixed,24,B,100,0.000000,40,256.000000,144,144.000000,0
Fixed,25,B,100,0.000000,40,256.000000,144,144.000000,0
Fixed,26,B,100,0.000000,40,256.000000,144,144.000000,0
Fixed,27,B,100,0.000000,40,256.000000,144,144.000000,0
Fixed,28,B,100,0.000000,40,256.000000,144,144.000000,0
Fixed,29,B,100,0.000000,40,256.000000,144,144.000000,0
Fixed,30,B,100,0.000000,40,256.000000,144,144.000000,0
Fixed,31,B,100,0.000000,40,256.000000,144,144.000000,0
Fixed,32,B,100,0.000000,40,256.000000,144,144.000000,0
Fixed,33,B,100,0.000000,40,256.000000,144,144.000000,0
Fixed,34,B,100,0.000000,40,256.000000,144,144.000000,0
Fixed,35,B,100,0.000000,40,256.000000,144,144.000000,0
Fixed,36,B,100,0.000000,40,256.000000,144,144.000000,0
Fixed,37,B,100,0.000000,40,256.000000,144,144.000000,0
Fixed,38,B,100,0.000000,40,256.000000,144,144.000000,0
Fixed,39,B,100,0.000000,40,256.000000,144,144.000000,0
Fixed,40,B,100,0.000000,40,256.000000,144,144.000000,0
Fixed,41,B,100,0.000000,40,256.000000,144,144.000000,0
Fixed,42,B,100,0.000000,40,256.000000,144,144.000000,0
Fixed,43,B,100,0.000000,40,256.000000,144,144.000000,0
Fixed,44,B,100,0.000000,40,256.000000,144,144.000000,0
Fixed,45,B,100,0.000000,40,256.000000,144,144.000000,0
Fixed,46,B,100,0.000000,40,256.000000,144,144.000000,0
Fixed,47,B,100,0.000000,40,256.000000,144,144.000000,0
Fixed,48,B,100,0.000000,40,256.000000,144,144.000000,0
Fixed,49,B,100,0.000000,40,256.000000,144,144.000000,0
Fixed,50,B,100,0.000000,40,256.000000,144,144.000000,0
Fixed,51,B,100,0.000000,40,256.000000,144,144.000000,0
Fixed,52,B,100,0.000000,40,256.000000,144,144.000000,0
Fixed,53,B,100,0.000000,40,256.000000,144,144.000000,0
Fixed,54,B,100,0.000000,40,256.000000,144,144.000000,0
Fixed,55,B,100,0.000000,40,256.000000,144,144.000000,0
Fixed,56,B,100,0.000000,40,256.000000,144,144.000000,0
Fixed,57,B,100,0.000000,40,256.000000,144,144.000000,0
Fixed,58,B,100,0.000000,40,256.000000,144,144.000000,0
Fixed,59,B,100,0.000000,40,256.000000,144,144.000000,0
Fixed,60,B,100,0.000000,40,256.000000,144,144.000000,0
Fixed,61,B,100,0.000000,40,256.000000,144,144.000000,0
Fixed,62,B,100,0.000000,40,256.000000,144,144.000000,0
Fixed,63,B,100,0.000000,40,256.000000,144,144.000000,0
Fixed,64,B,100,0.000000,40,256.000000,144,144.000000,0
Fixed,65,B,100,0.000000,40,256.000000,144,144.000000,0
Fixed,66,B,100,0.000000,40,256.000000,144,144.000000,0
Fixed,67,B,100,0.000000,40,256.000000,144,144.000000,0
Fixed,68,B,100,0.000000,40,256.000000,144,144.000000,0
Fixed,69,B,100,0.000000,40,256.000000,144,144.000000,0
Fixed,70,B,100,0.000000,40,256.000000,144,144.000000,0
Fixed,71,B,100,0.000000,40,256.000000,144,144.000000,0
Fixed,72,B,100,0.000000,40,256.000000,144,144.000000,0
Fixed,73,B,100,0.000000,40,256.000000,144,144.000000,0
Fixed,74,B,100,0.000000,40,256.000000,144,144.000000,0
Fixed,75,B,100,0.000000,40,256.000000,144,144.000000,0
Fixed,76,B,100,0.000000,40,256.000000,144,144.000000,0
Fixed,77,B,100,0.000000,40,256.000000,144,144.000000,0
Fixed,78,B,100,0.000000,40,256.000000,144,144.000000,0
Fixed,79,B,100,0.000000,40,256.000000,144,144.000000,0
Fixed,80,B,100,0.000000,40,256.000000,144,144.000000,0
Fixed,81,B,100,0.000000,40,256.000000,144,144.000000,0
Fixed,82,B,100,0.000000,40,256.000000,144,144.000000,0
Fixed,83,B,100,0.000000,40,256.000000,144,144.000000,0
Fixed,84,B,100,0.000000,40,256.000000,144,144.000000,0
Fixed,85,B,100,0.000000,40,256.000000,144,144.000000,0
Fixed,86,B,100,0.000000,40,256.000000,144,144.000000,0
Fixed,87,B,100,0.000000,40,256.000000,144,144.000000,0
Fixed,88,B,100,0.000000,40,256.000000,144,144.000000,0
Fixed,89,B,100,0.000000,40,256.000000,144,144.000000,0
Fixed,90,B,100,0.000000,40,256.000000,144,144.000000,0
Fixed,91,B,100,0.000000,40,256.000000,144,144.000000,0
Fixed,92,B,100,0.000000,40,256.000000,144,144.000000,0
Fixed,93,B,100,0.000000,40,256.000000,144,144.000000,0
Fixed,94,B,100,0.000000,40,256.000000,144,144.000000,0
Fixed,95,B,100,0.000000,40,256.000000,144,144.000000,0
Fixed,96,B,100,0.000000,40,256.000000,144,144.000000,0
Fixed,97,B,100,0.000000,40,256.000000,144,144.000000,0
Fixed,98,B,100,0.000000,40,256.000000,144,144.000000,0
Fixed,99,B,100,0.000000,40,256.000000,144,144.000000,0
Fixed,100,B,100,0.000000,40,256.000000,144,144.000000,0
Fixed,101,B,100,0.000000,40,256.000000,144,144.000000,0
Fixed,102,B,100,0.000000,40,256.000000,144,144.000000,0
Fixed,103,B,100,0.000000,40,256.000000,144,144.000000,0
Fixed,104,B,100,0.000000,40,256.000000,144,144.000000,0
Fixed,105,B,100,0.000000,40,256.000000,144,144.000000,0
Fixed,106,B,100,0.000000,40,256.000000,144,144.000000,0
Fixed,107,B,100,0.000000,40,256.000000,144,144.000000,0
Fixed,108,B,100,0.000000,40,256.000000,144,144.000000,0
Fixed,109,B,100,0.000000,40,256.000000,144,144.000000,0
Fixed,110,B,100,0.000000,40,256.000000,144,144.000000,0
Fixed,111,B,100,0.000000,40,256.000000,144,144.000000,0
Fixed,112,B,100,0.000000,40,256.000000,144,144.000000,0
Fixed,113,B,100,0.000000,40,256.000000,144,144.000000,0
Fixed,114,B,100,0.000000,40,256.000000,144,144.000000,0
Fixed,115,B,100,0.000000,40,256.000000,144,144.000000,0
Fixed,116,B,100,0.000000,40,256.000000,144,144.000000,0
Fixed,117,B,100,0.000000,40,256.000000,144,144.000000,0
Fixed,118,B,100,0.000000,40,256.000000,144,144.000000,0
Fixed,119,B,100,0.000000,40,256.000000,144,144.000000,0
Fixed,120,B,100,0.000000,40,256.000000,144,144.000000,0
Fixed,121,B,100,0.000000,40,256.000000,144,144.000000,0
Fixed,122,B,100,0.000000,40,256.000000,144,144.000000,0
Fixed,123,B,100,0.000000,40,256.000000,144,144.000000,0
Fixed,124,B,100,0.000000,40,256.000000,144,144.000000,0
Fixed,125,B,100,0.000000,40,256.000000,144,144.000000,0
Fixed,126,B,100,0.000000,40,256.000000,144,144.000000,0
Fixed,127,B,100,0.000000,40,256.000000,144,144.000000,0
Fixed,128,B,100,0.000000,40,256.000000,144,144.000000,0
Fixed,129,B,100,0.000000,40,256.000000,144,144.000000,0
Fixed,130,B,100,0.000000,40,256.000000,144,144.000000,0
Fixed,131,B,100,0.000000,40,256.000000,144,144.000000,0
Fixed,132,B,100,0.000000,40,256.000000,144,144.000000,0
Fixed,133,B,100,0.000000,40,256.000000,144,144.000000,0
Fixed,134,B,100,0.000000,40,256.000000,144,144.000000,0
Fixed,135,B,100,0.000000,40,256.000000,144,144.000000,0
Fixed,136,B,100,0.000000,40,256.000000,144,144.000000,0
Fixed,137,B,100,0.000000,40,256.000000,144,144.000000,0
Fixed,138,B,100,0.000000,40,256.000000,144,144.000000,0
Fixed,139,B,100,0.000000,40,256.000000,144,144.000000,0
Fixed,140,B,100,0.000000,40,256.000000,144,144.000000,0
Fixed,141,B,100,0.000000,40,256.000000,144,144.000000,0
Fixed,142,B,100,0.000000,40,256.000000,144,144.000000,0
Fixed,143,B,100,0.000000,40,256.000000,144,144.000000,0
Fixed,144,B,100,0.000000,40,256.000000,144,144.000000,0
Fixed,145,B,100,0.000000,40,256.000000,144,144.000000,0
Fixed,146,B,100,0.000000,40,256.000000,144,144.000000,0
Fixed,147,B,100,0.000000,40,256.000000,144,144.000000,0
Fixed,148,B,100,0.000000,40,256.000000,144,144.000000,0
Fixed,149,B,100,0.000000,40,256.000000,144,144.000000,0
Fixed,150,B,100,0.000000,40,256.000000,144,144.000000,0
Fixed,151,B,100,0.000000,40,256.000000,144,144.000000,0
Fixed,152,B,100,0.000000,40,256.000000,144,144.000000,0
Fixed,153,B,100,0.000000,40,256.000000,144,144.000000,0
Fixed,154,B,100,0.000000,40,256.000000,144,144.000000,0
Fixed,155,B,100,0.000000,40,256.000000,144,144.000000,0
Fixed,156,B,100,0.000000,40,256.000000,144,144.000000,0
Fixed,157,B,100,0.000000,40,256.000000,144,144.000000,0
Fixed,158,B,100,0.000000,40,256.000000,144,144.000000,0
Fixed,159,B,100,0.000000,40,256.000000,144,144.000000,0
Fixed,160,B,100,0.000000,40,256.000000,144,144.000000,0
Fixed,161,B,100,0.000000,40,256.000000,144,144.000000,0
Fixed,162,B,100,0.000000,40,256.000000,144,144.000000,0
Fixed,163,B,100,0.000000,40,256.000000,144,144.000000,0
Fixed,164,B,100,0.000000,40,256.000000,144,144.000000,0
Fixed,165,B,100,0.000000,40,256.000000,144,144.000000,0
Fixed,166,B,100,0.000000,40,256.000000,144,144.000000,0
Fixed,167,B,100,0.000000,40,256.000000,144,144.000000,0
Fixed,168,B,100,0.000000,40,256.000000,144,144.000000,0
Fixed,169,B,100,0.000000,40,256.000000,144,144.000000,0
Fixed,170,B,100,0.000000,40,256.000000,144,144.000000,0
Fixed,171,B,100,0.000000,40,256.000000,144,144.000000,0
Fixed,172,B,100,0.000000,40,256.000000,144,144.000000,0
Fixed,173,B,100,0.000000,40,256.000000,144,144.000000,0
Fixed,174,B,100,0.000000,40,256.000000,144,144.000000,0
Fixed,175,B,100,0.000000,40,256.000000,144,144.000000,0
Fixed,176,B,100,0.000000,40,256.000000,144,144.000000,0
Fixed,177,B,100,0.000000,40,256.000000,144,144.000000,0
Fixed,178,B,100,0.000000,40,256.000000,144,144.000000,0
Fixed,179,B,100,0.000000,40,256.000000,144,144.000000,0
Fixed,180,B,100,0.000000,40,256.000000,144,144.000000,0
Fixed,181,B,100,0.000000,40,256.000000,144,144.000000,0
Fixed,182,B,100,0.000000,40,256.000000,144,144.000000,0
Fixed,183,B,100,0.000000,40,256.000000,144,144.000000,0
Fixed,184,B,100,0.000000,40,256.000000,144,144.000000,0
Fixed,185,B,100,0.000000,40,256.000000,144,144.000000,0
Fixed,186,B,100,0.000000,40,256.000000,144,144.000000,0
Fixed,187,B,100,0.000000,40,256.000000,144,144.000000,0
Fixed,188,B,100,0.000000,40,256.000000,144,144.000000,0
Fixed,189,B,100,0.000000,40,256.000000,144,144.000000,0
Fixed,190,B,100,0.000000,40,256.000000,144,144.000000,0
Fixed,191,B,100,0.000000,40,256.000000,144,144.000000,0
Fixed,192,B,100,0.000000,40,256.000000,144,144.000000,0
Fixed,193,B,100,0.000000,40,256.000000,144,144.000000,0
Fixed,194,B,100,0.000000,40,256.000000,144,144.000000,0
Fixed,195,B,100,0.000000,40,256.000000,144,144.000000,0
Fixed,196,B,100,0.000000,40,256.000000,144,144.000000,0
Fixed,197,B,100,0.000000,40,256.000000,144,144.000000,0
Fixed,198,B,100,0.000000,40,256.000000,144,144.000000,0
Fixed,199,B,100,0.000000,40,256.000000,144,144.000000,0
Fixed,0,B,200,0.000000,40,256.000000,144,144.000000,0
Fixed,1,B,200,0.000000,40,256.000000,144,144.000000,0
Fixed,2,B,200,0.000000,40,256.000000,144,144.000000,0
Fixed,3,B,200,0.000000,40,256.000000,144,144.000000,0
Fixed,4,B,200,0.000000,40,256.000000,144,144.000000,0
Fixed,5,B,200,0.000000,40,256.000000,144,144.000000,0
Fixed,6,B,200,0.000000,40,256.000000,144,144.000000,0
Fixed,7,B,200,0.000000,40,256.000000,144,144.000000,0
Fixed,8,B,200,0.000000,40,256.000000,144,144.000000,0
Fixed,9,B,200,0.000000,40,256.000000,144,144.000000,0
Fixed,10,B,200,0.000000,40,256.000000,144,144.000000,0
Fixed,11,B,200,0.000000,40,256.000000,144,144.000000,0
Fixed,12,B,200,0.000000,40,256.000000,144,144.000000,0
Fixed,13,B,200,0.000000,40,256.000000,144,144.000000,0
Fixed,14,B,200,0.000000,40,256.000000,144,144.000000,0
Fixed,15,B,200,0.000000,40,256.000000,144,144.000000,0
Fixed,16,B,200,0.000000,40,256.000000,144,144.000000,0
Fixed,17,B,200,0.000000,40,256.000000,144,144.000000,0
Fixed,18,B,200,0.000000,40,256.000000,144,144.000000,0
Fixed,19,B,200,0.000000,40,256.000000,144,144.000000,0
Fixed,20,B,200,0.000000,40,256.000000,144,144.000000,0
Fixed,21,B,200,0.000000,40,256.000000,144,144.000000,0
Fixed,22,B,200,0.000000,40,256.000000,144,144.000000,0
Fixed,23,B,200,0.000000,40,256.000000,144,144.000000,0
Fixed,24,B,200,0.000000,40,256.000000,144,144.000000,0
Fixed,25,B,200,0.000000,40,256.000000,144,144.000000,0
Fixed,26,B,200,0.000000,40,256.000000,144,144.000000,0
Fixed,27,B,200,0.000000,40,256.000000,144,144.000000,0
Fixed,28,B,200,0.000000,40,256.000000,144,144.000000,0
Fixed,29,B,200,0.000000,40,256.000000,144,144.000000,0
Fixed,30,B,200,0.000000,40,256.000000,144,144.000000,0
Fixed,31,B,200,0.000000,40,256.000000,144,144.000000,0
Fixed,32,B,200,0.000000,40,256.000000,144,144.000000,0
Fixed,33,B,200,0.000000,40,256.000000,144,144.000000,0
Fixed,34,B,200,0.000000,40,256.000000,144,144.000000,0
Fixed,35,B,200,0.000000,40,256.000000,144,144.000000,0
Fixed,36,B,200,0.000000,40,256.000000,144,144.000000,0
Fixed,37,B,200,0.000000,40,256.000000,144,144.000000,0
Fixed,38,B,200,0.000000,40,256.000000,144,144.000000,0
Fixed,39,B,200,0.000000,40,256.000000,144,144.000000,0
Fixed,40,B,200,0.000000,40,256.000000,144,144.000000,0
Fixed,41,B,200,0.000000,40,256.000000,144,144.000000,0
Fixed,42,B,200,0.000000,40,256.000000,144,144.000000,0
Fixed,43,B,200,0.000000,40,256.000000,144,144.000000,0
Fixed,44,B,200,0.000000,40,256.000000,144,144.000000,0
Fixed,45,B,200,0.000000,40,256.000000,144,144.000000,0
Fixed,46,B,200,0.000000,40,256.000000,144,144.000000,0
Fixed,47,B,200,0.000000,40,256.000000,144,144.000000,0
Fixed,48,B,200,0.000000,40,256.000000,144,144.000000,0
Fixed,49,B,200,0.000000,40,256.000000,144,144.000000,0
Fixed,50,B,200,0.000000,40,256.000000,144,144.000000,0
Fixed,51,B,200,0.000000,40,256.000000,144,144.000000,0
Fixed,52,B,200,0.000000,40,256.000000,144,144.000000,0
Fixed,53,B,200,0.000000,40,256.000000,144,144.000000,0
Fixed,54,B,200,0.000000,40,256.000000,144,144.000000,0
Fixed,55,B,200,0.000000,40,256.000000,144,144.000000,0
Fixed,56,B,200,0.000000,40,256.000000,144,144.000000,0
Fixed,57,B,200,0.000000,40,256.000000,144,144.000000,0
Fixed,58,B,200,0.000000,40,256.000000,144,144.000000,0
Fixed,59,B,200,0.000000,40,256.000000,144,144.000000,0
Fixed,60,B,200,0.000000,40,256.000000,144,144.000000,0
Fixed,61,B,200,0.000000,40,256.000000,144,144.000000,0
Fixed,62,B,200,0.000000,40,256.000000,144,144.000000,0
Fixed,63,B,200,0.000000,40,256.000000,144,144.000000,0
Fixed,64,B,200,0.000000,40,256.000000,144,144.000000,0
Fixed,65,B,200,0.000000,40,256.000000,144,144.000000,0
Fixed,66,B,200,0.000000,40,256.000000,144,144.000000,0
Fixed,67,B,200,0.000000,40,256.000000,144,144.000000,0
Fixed,68,B,200,0.000000,40,256.000000,144,144.000000,0
Fixed,69,B,200,0.000000,40,256.000000,144,144.000000,0
Fixed,70,B,200,0.000000,40,256.000000,144,144.000000,0
Fixed,71,B,200,0.000000,40,256.000000,144,144.000000,0
Fixed,72,B,200,0.000000,40,256.000000,144,144.000000,0
Fixed,73,B,200,0.000000,40,256.000000,144,144.000000,0
Fixed,74,B,200,0.000000,40,256.000000,144,144.000000,0
Fixed,75,B,200,0.000000,40,256.000000,144,144.000000,0
Fixed,76,B,200,0.000000,40,256.000000,144,144.000000,0
Fixed,77,B,200,0.000000,40,256.000000,144,144.000000,0
Fixed,78,B,200,0.000000,40,256.000000,144,144.000000,0
Fixed,79,B,200,0.000000,40,256.000000,144,144.000000,0
Fixed,80,B,200,0.000000,40,256.000000,144,144.000000,0
Fixed,81,B,200,0.000000,40,256.000000,144,144.000000,0
Fixed,82,B,200,0.000000,40,256.000000,144,144.000000,0
Fixed,83,B,200,0.000000,40,256.000000,144,144.000000,0
Fixed,84,B,200,0.000000,40,256.000000,144,144.000000,0
Fixed,85,B,200,0.000000,40,256.000000,144,144.000000,0
Fixed,86,B,200,0.000000,40,256.000000,144,144.000000,0
Fixed,87,B,200,0.000000,40,256.000000,144,144.000000,0
Fixed,88,B,200,0.000000,40,256.000000,144,144.000000,0
Fixed,89,B,200,0.000000,40,256.000000,144,144.000000,0
Fixed,90,B,200,0.000000,40,256.000000,144,144.000000,0
Fixed,91,B,200,0.000000,40,256.000000,144,144.000000,0
Fixed,92,B,200,0.000000,40,256.000000,144,144.000000,0
Fixed,93,B,200,0.000000,40,256.000000,144,144.000000,0
Fixed,94,B,200,0.000000,40,256.000000,144,144.000000,0
Fixed,95,B,200,0.000000,40,256.000000,144,144.000000,0
Fixed,96,B,200,0.000000,40,256.000000,144,144.000000,0
Fixed,97,B,200,0.000000,40,256.000000,144,144.000000,0
Fixed,98,B,200,0.000000,40,256.000000,144,144.000000,0
Fixed,99,B,200,0.000000,40,256.000000,144,144.000000,0
Fixed,100,B,200,0.000000,40,256.000000,144,144.000000,0
Fixed,101,B,200,0.000000,40,256.000000,144,144.000000,0
Fixed,102,B,200,0.000000,40,256.000000,144,144.000000,0
Fixed,103,B,200,0.000000,40,256.000000,144,144.000000,0
Fixed,104,B,200,0.000000,40,256.000000,144,144.000000,0
Fixed,105,B,200,0.000000,40,256.000000,144,144.000000,0
Fixed,106,B,200,0.000000,40,256.000000,144,144.000000,0
Fixed,107,B,200,0.000000,40,256.000000,144,144.000000,0
Fixed,108,B,200,0.000000,40,256.000000,144,144.000000,0
Fixed,109,B,200,0.000000,40,256.000000,144,144.000000,0
Fixed,110,B,200,0.000000,40,256.000000,144,144.000000,0
Fixed,111,B,200,0.000000,40,256.000000,144,144.000000,0
Fixed,112,B,200,0.000000,40,256.000000,144,144.000000,0
Fixed,113,B,200,0.000000,40,256.000000,144,144.000000,0
Fixed,114,B,200,0.000000,40,256.000000,144,144.000000,0
Fixed,115,B,200,0.000000,40,256.000000,144,144.000000,0
Fixed,116,B,200,0.000000,40,256.000000,144,144.000000,0
Fixed,117,B,200,0.000000,40,256.000000,144,144.000000,0
Fixed,118,B,200,0.000000,40,256.000000,144,144.000000,0
Fixed,119,B,200,0.000000,40,256.000000,144,144.000000,0
Fixed,120,B,200,0.000000,40,256.000000,144,144.000000,0
Fixed,121,B,200,0.000000,40,256.000000,144,144.000000,0
Fixed,122,B,200,0.000000,40,256.000000,144,144.000000,0
Fixed,123,B,200,0.000000,40,256.000000,144,144.000000,0
Fixed,124,B,200,0.000000,40,256.000000,144,144.000000,0
Fixed,125,B,200,0.000000,40,256.000000,144,144.000000,0
Fixed,126,B,200,0.000000,40,256.000000,144,144.000000,0
Fixed,127,B,200,0.000000,40,256.000000,144,144.000000,0
Fixed,128,B,200,0.000000,40,256.000000,144,144.000000,0
Fixed,129,B,200,0.000000,40,256.000000,144,144.000000,0
Fixed,130,B,200,0.000000,40,256.000000,144,144.000000,0
Fixed,131,B,200,0.000000,40,256.000000,144,144.000000,0
Fixed,132,B,200,0.000000,40,256.000000,144,144.000000,0
Fixed,133,B,200,0.000000,40,256.000000,144,144.000000,0
Fixed,134,B,200,0.000000,40,256.000000,144,144.000000,0
Fixed,135,B,200,0.000000,40,256.000000,144,144.000000,0
Fixed,136,B,200,0.000000,40,256.000000,144,144.000000,0
Fixed,137,B,200,0.000000,40,256.000000,144,144.000000,0
Fixed,138,B,200,0.000000,40,256.000000,144,144.000000,0
Fixed,139,B,200,0.000000,40,256.000000,144,144.000000,0
Fixed,140,B,200,0.000000,40,256.000000,144,144.000000,0
Fixed,141,B,200,0.000000,40,256.000000,144,144.000000,0
Fixed,142,B,200,0.000000,40,256.000000,144,144.000000,0
Fixed,143,B,200,0.000000,40,256.000000,144,144.000000,0
Fixed,144,B,200,0.000000,40,256.000000,144,144.000000,0
Fixed,145,B,200,0.000000,40,256.000000,144,144.000000,0
Fixed,146,B,200,0.000000,40,256.000000,144,144.000000,0
Fixed,147,B,200,0.000000,40,256.000000,144,144.000000,0
Fixed,148,B,200,0.000000,40,256.000000,144,144.000000,0
Fixed,149,B,200,0.000000,40,256.000000,144,144.000000,0
Fixed,150,B,200,0.000000,40,256.000000,144,144.000000,0
Fixed,151,B,200,0.000000,40,256.000000,144,144.000000,0
Fixed,152,B,200,0.000000,40,256.000000,144,144.000000,0
Fixed,153,B,200,0.000000,40,256.000000,144,144.000000,0
Fixed,154,B,200,0.000000,40,256.000000,144,144.000000,0
Fixed,155,B,200,0.000000,40,256.000000,144,144.000000,0
Fixed,156,B,200,0.000000,40,256.000000,144,144.000000,0
Fixed,157,B,200,0.000000,40,256.000000,144,144.000000,0
Fixed,158,B,200,0.000000,40,256.000000,144,144.000000,0
Fixed,159,B,200,0.000000,40,256.000000,144,144.000000,0
Fixed,160,B,200,0.000000,40,256.000000,144,144.000000,0
Fixed,161,B,200,0.000000,40,256.000000,144,144.000000,0
Fixed,162,B,200,0.000000,40,256.000000,144,144.000000,0
Fixed,163,B,200,0.000000,40,256.000000,144,144.000000,0
Fixed,164,B,200,0.000000,40,256.000000,144,144.000000,0
Fixed,165,B,200,0.000000,40,256.000000,144,144.000000,0
Fixed,166,B,200,0.000000,40,256.000000,144,144.000000,0
Fixed,167,B,200,0.000000,40,256.000000,144,144.000000,0
Fixed,168,B,200,0.000000,40,256.000000,144,144.000000,0
Fixed,169,B,200,0.000000,40,256.000000,144,144.000000,0
Fixed,170,B,200,0.000000,40,256.000000,144,144.000000,0
Fixed,171,B,200,0.000000,40,256.000000,144,144.000000,0
Fixed,172,B,200,0.000000,40,256.000000,144,144.000000,0
Fixed,173,B,200,0.000000,40,256.000000,144,144.000000,0
Fixed,174,B,200,0.000000,40,256.000000,144,144.000000,0
Fixed,175,B,200,0.000000,40,256.000000,144,144.000000,0
Fixed,176,B,200,0.000000,40,256.000000,144,144.000000,0
Fixed,177,B,200,0.000000,40,256.000000,144,144.000000,0
Fixed,178,B,200,0.000000,40,256.000000,144,144.000000,0
Fixed,179,B,200,0.000000,40,256.000000,144,144.000000,0
Fixed,180,B,200,0.000000,40,256.000000,144,144.000000,0
Fixed,181,B,200,0.000000,40,256.000000,144,144.000000,0
Fixed,182,B,200,0.000000,40,256.000000,144,144.000000,0
Fixed,183,B,200,0.000000,40,256.000000,144,144.000000,0
Fixed,184,B,200,0.000000,40,256.000000,144,144.000000,0
Fixed,185,B,200,0.000000,40,256.000000,144,144.000000,0
Fixed,186,B,200,0.000000,40,256.000000,144,144.000000,0
Fixed,187,B,200,0.000000,40,256.000000,144,144.000000,0
Fixed,188,B,200,0.000000,40,256.000000,144,144.000000,0
Fixed,189,B,200,0.000000,40,256.000000,144,144.000000,0
Fixed,190,B,200,0.000000,40,256.000000,144,144.000000,0
Fixed,191,B,200,0.000000,40,256.000000,144,144.000000,0
Fixed,192,B,200,0.000000,40,256.000000,144,144.000000,0
Fixed,193,B,200,0.000000,40,256.000000,144,144.000000,0
Fixed,194,B,200,0.000000,40,256.000000,144,144.000000,0
Fixed,195,B,200,0.000000,40,256.000000,144,144.000000,0
Fixed,196,B,200,0.000000,40,256.000000,144,144.000000,0
Fixed,197,B,200,0.000000,40,256.000000,144,144.000000,0
Fixed,198,B,200,0.000000,40,256.000000,144,144.000000,0
Fixed,199,B,200,0.000000,40,256.000000,144,144.000000,0
Fixed,0,B,400,0.000000,40,256.000000,144,144.000000,0
Fixed,1,B,400,0.000000,40,256.000000,144,144.000000,0
Fixed,2,B,400,0.000000,40,256.000000,144,144.000000,0
Fixed,3,B,400,0.000000,40,256.000000,144,144.000000,0
Fixed,4,B,400,0.000000,40,256.000000,144,144.000000,0
Fixed,5,B,400,0.000000,40,256.000000,144,144.000000,0
Fixed,6,B,400,0.000000,40,256.000000,144,144.000000,0
Fixed,7,B,400,0.000000,40,256.000000,144,144.000000,0
Fixed,8,B,400,0.000000,40,256.000000,144,144.000000,0
Fixed,9,B,400,0.000000,40,256.000000,144,144.000000,0
Fixed,10,B,400,0.000000,40,256.000000,144,144.000000,0
Fixed,11,B,400,0.000000,40,256.000000,144,144.000000,0
Fixed,12,B,400,0.000000,40,256.000000,144,144.000000,0
Fixed,13,B,400,0.000000,40,256.000000,144,144.000000,0
Fixed,14,B,400,0.000000,40,256.000000,144,144.000000,0
Fixed,15,B,400,0.000000,40,256.000000,144,144.000000,0
Fixed,16,B,400,0.000000,40,256.000000,144,144.000000,0
Fixed,17,B,400,0.000000,40,256.000000,144,144.000000,0
Fixed,18,B,400,0.000000,40,256.000000,144,144.000000,0
Fixed,19,B,400,0.000000,40,256.000000,144,144.000000,0
Fixed,20,B,400,0.000000,40,256.000000,144,144.000000,0
Fixed,21,B,400,0.000000,40,256.000000,144,144.000000,0
Fixed,22,B,400,0.000000,40,256.000000,144,144.000000,0
Fixed,23,B,400,0.000000,40,256.000000,144,144.000000,0
Fixed,24,B,400,0.000000,40,256.000000,144,144.000000,0
Fixed,25,B,400,0.000000,40,256.000000,144,144.000000,0
Fixed,26,B,400,0.000000,40,256.000000,144,144.000000,0
Fixed,27,B,400,0.000000,40,256.000000,144,144.000000,0
Fixed,28,B,400,0.000000,40,256.000000,144,144.000000,0
Fixed,29,B,400,0.000000,40,256.000000,144,144.000000,0
Fixed,30,B,400,0.000000,40,256.000000,144,144.000000,0
Fixed,31,B,400,0.000000,40,256.000000,144,144.000000,0
Fixed,32,B,400,0.000000,40,256.000000,144,144.000000,0
Fixed,33,B,400,0.000000,40,256.000000,144,144.000000,0
Fixed,34,B,400,0.000000,40,256.000000,144,144.000000,0
Fixed,35,B,400,0.000000,40,256.000000,144,144.000000,0
Fixed,36,B,400,0.000000,40,256.000000,144,144.000000,0
Fixed,37,B,400,0.000000,40,256.000000,144,144.000000,0
Fixed,38,B,400,0.000000,40,256.000000,144,144.000000,0
Fixed,39,B,400,0.000000,40,256.000000,144,144.000000,0
Fixed,40,B,400,0.000000,40,256.000000,144,144.000000,0
Fixed,41,B,400,0.000000,40,256.000000,144,144.000000,0
Fixed,42,B,400,0.000000,40,256.000000,144,144.000000,0
Fixed,43,B,400,0.000000,40,256.000000,144,144.000000,0
Fixed,44,B,400,0.000000,40,256.000000,144,144.000000,0
Fixed,45,B,400,0.000000,40,256.000000,144,144.000000,0
Fixed,46,B,400,0.000000,40,256.000000,144,144.000000,0
Fixed,47,B,400,0.000000,40,256.000000,144,144.000000,0
Fixed,48,B,400,0.000000,40,256.000000,144,144.000000,0
Fixed,49,B,400,0.000000,40,256.000000,144,144.000000,0
Fixed,50,B,400,0.000000,40,256.000000,144,144.000000,0
Fixed,51,B,400,0.000000,40,256.000000,144,144.000000,0
Fixed,52,B,400,0.000000,40,256.000000,144,144.000000,0
Fixed,53,B,400,0.000000,40,256.000000,144,144.000000,0
Fixed,54,B,400,0.000000,40,256.000000,144,144.000000,0
Fixed,55,B,400,0.000000,40,256.000000,144,144.000000,0
Fixed,56,B,400,0.000000,40,256.000000,144,144.000000,0
Fixed,57,B,400,0.000000,40,256.000000,144,144.000000,0
Fixed,58,B,400,0.000000,40,256.000000,144,144.000000,0
Fixed,59,B,400,0.000000,40,256.000000,144,144.000000,0
Fixed,60,B,400,0.000000,40,256.000000,144,144.000000,0
Fixed,61,B,400,0.000000,40,256.000000,144,144.000000,0
Fixed,62,B,400,0.000000,40,256.000000,144,144.000000,0
Fixed,63,B,400,0.000000,40,256.000000,144,144.000000,0
Fixed,64,B,400,0.000000,40,256.000000,144,144.000000,0
Fixed,65,B,400,0.000000,40,256.000000,144,144.000000,0
Fixed,66,B,400,0.000000,40,256.000000,144,144.000000,0
Fixed,67,B,400,0.000000,40,256.000000,144,144.000000,0
Fixed,68,B,400,0.000000,40,256.000000,144,144.000000,0
Fixed,69,B,400,0.000000,40,256.000000,144,144.000000,0
Fixed,70,B,400,0.000000,40,256.000000,144,144.000000,0
Fixed,71,B,400,0.000000,40,256.000000,144,144.000000,0
Fixed,72,B,400,0.000000,40,256.000000,144,144.000000,0
Fixed,73,B,400,0.000000,40,256.000000,144,144.000000,0
Fixed,74,B,400,0.000000,40,256.000000,144,144.000000,0
Fixed,75,B,400,0.000000,40,256.000000,144,144.000000,0
Fixed,76,B,400,0.000000,40,256.000000,144,144.000000,0
Fixed,77,B,400,0.000000,40,256.000000,144,144.000000,0
Fixed,78,B,400,0.000000,40,256.000000,144,144.000000,0
Fixed,79,B,400,0.000000,40,256.000000,144,144.000000,0
Fixed,80,B,400,0.000000,40,256.000000,144,144.000000,0
Fixed,81,B,400,0.000000,40,256.000000,144,144.000000,0
Fixed,82,B,400,0.000000,40,256.000000,144,144.000000,0
Fixed,83,B,400,0.000000,40,256.000000,144,144.000000,0
Fixed,84,B,400,0.000000,40,256.000000,144,144.000000,0
Fixed,85,B,400,0.000000,40,256.000000,144,144.000000,0
Fixed,86,B,400,0.000000,40,256.000000,144,144.000000,0
Fixed,87,B,400,0.000000,40,256.000000,144,144.000000,0
Fixed,88,B,400,0.000000,40,256.000000,144,144.000000,0
Fixed,89,B,400,0.000000,40,256.000000,144,144.000000,0
Fixed,90,B,400,0.000000,40,256.000000,144,144.000000,0
Fixed,91,B,400,0.000000,40,256.000000,144,144.000000,0
Fixed,92,B,400,0.000000,40,256.000000,144,144.000000,0
Fixed,93,B,400,0.000000,40,256.000000,144,144.000000,0
Fixed,94,B,400,0.000000,40,256.000000,144,144.000000,0
Fixed,95,B,400,0.000000,40,256.000000,144,144.000000,0
Fixed,96,B,400,0.000000,40,256.000000,144,144.000000,0
Fixed,97,B,400,0.000000,40,256.000000,144,144.000000,0
Fixed,98,B,400,0.000000,40,256.000000,144,144.000000,0
Fixed,99,B,400,0.000000,40,256.000000,144,144.000000,0
Fixed,100,B,400,0.000000,40,256.000000,144,144.000000,0
Fixed,101,B,400,0.000000,40,256.000000,144,144.000000,0
Fixed,102,B,400,0.000000,40,256.000000,144,144.000000,0
Fixed,103,B,400,0.000000,40,256.000000,144,144.000000,0
Fixed,104,B,400,0.000000,40,256.000000,144,144.000000,0
Fixed,105,B,400,0.000000,40,256.000000,144,144.000000,0
Fixed,106,B,400,0.000000,40,256.000000,144,144.000000,0
Fixed,107,B,400,0.000000,40,256.000000,144,144.000000,0
Fixed,108,B,400,0.000000,40,256.000000,144,144.000000,0
Fixed,109,B,400,0.000000,40,256.000000,144,144.000000,0
Fixed,110,B,400,0.000000,40,256.000000,144,144.000000,0
Fixed,111,B,400,0.000000,40,256.000000,144,144.000000,0
Fixed,112,B,400,0.000000,40,256.000000,144,144.000000,0
Fixed,113,B,400,0.000000,40,256.000000,144,144.000000,0
Fixed,114,B,400,0.000000,40,256.000000,144,144.000000,0
Fixed,115,B,400,0.000000,40,256.000000,144,144.000000,0
Fixed,116,B,400,0.000000,40,256.000000,144,144.000000,0
Fixed,117,B,400,0.000000,40,256.000000,144,144.000000,0
Fixed,118,B,400,0.000000,40,256.000000,144,144.000000,0
Fixed,119,B,400,0.000000,40,256.000000,144,144.000000,0
Fixed,120,B,400,0.000000,40,256.000000,144,144.000000,0
Fixed,121,B,400,0.000000,40,256.000000,144,144.000000,0
Fixed,122,B,400,0.000000,40,256.000000,144,144.000000,0
Fixed,123,B,400,0.000000,40,256.000000,144,144.000000,0
Fixed,124,B,400,0.000000,40,256.000000,144,144.000000,0
Fixed,125,B,400,0.000000,40,256.000000,144,144.000000,0
Fixed,126,B,400,0.000000,40,256.000000,144,144.000000,0
Fixed,127,B,400,0.000000,40,256.000000,144,144.000000,0
Fixed,128,B,400,0.000000,40,256.000000,144,144.000000,0
Fixed,129,B,400,0.000000,40,256.000000,144,144.000000,0
Fixed,130,B,400,0.000000,40,256.000000,144,144.000000,0
Fixed,131,B,400,0.000000,40,256.000000,144,144.000000,0
Fixed,132,B,400,0.000000,40,256.000000,144,144.000000,0
Fixed,133,B,400,0.000000,40,256.000000,144,144.000000,0
Fixed,134,B,400,0.000000,40,256.000000,144,144.000000,0
Fixed,135,B,400,0.000000,40,256.000000,144,144.000000,0
Fixed,136,B,400,0.000000,40,256.000000,144,144.000000,0
Fixed,137,B,400,0.000000,40,256.000000,144,144.000000,0
Fixed,138,B,400,0.000000,40,256.000000,144,144.000000,0
Fixed,139,B,400,0.000000,40,256.000000,144,144.000000,0
Fixed,140,B,400,0.000000,40,256.000000,144,144.000000,0
Fixed,141,B,400,0.000000,40,256.000000,144,144.000000,0
Fixed,142,B,400,0.000000,40,256.000000,144,144.000000,0
Fixed,143,B,400,0.000000,40,256.000000,144,144.000000,0
Fixed,144,B,400,0.000000,40,256.000000,144,144.000000,0
Fixed,145,B,400,0.000000,40,256.000000,144,144.000000,0
Fixed,146,B,400,0.000000,40,256.000000,144,144.000000,0
Fixed,147,B,400,0.000000,40,256.000000,144,144.000000,0
Fixed,148,B,400,0.000000,40,256.000000,144,144.000000,0
Fixed,149,B,400,0.000000,40,256.000000,144,144.000000,0
Fixed,150,B,400,0.000000,40,256.000000,144,144.000000,0
Fixed,151,B,400,0.000000,40,256.000000,144,144.000000,0
Fixed,152,B,400,0.000000,40,256.000000,144,144.000000,0
Fixed,153,B,400,0.000000,40,256.000000,144,144.000000,0
Fixed,154,B,400,0.000000,40,256.000000,144,144.000000,0
Fixed,155,B,400,0.000000,40,256.000000,144,144.000000,0
Fixed,156,B,400,0.000000,40,256.000000,144,144.000000,0
Fixed,157,B,400,0.000000,40,256.000000,144,144.000000,0
Fixed,158,B,400,0.000000,40,256.000000,144,144.000000,0
Fixed,159,B,400,0.000000,40,256.000000,144,144.000000,0
Fixed,160,B,400,0.000000,40,256.000000,144,144.000000,0
Fixed,161,B,400,0.000000,40,256.000000,144,144.000000,0
Fixed,162,B,400,0.000000,40,256.000000,144,144.000000,0
Fixed,163,B,400,0.000000,40,256.000000,144,144.000000,0
Fixed,164,B,400,0.000000,40,256.000000,144,144.000000,0
Fixed,165,B,400,0.000000,40,256.000000,144,144.000000,0
Fixed,166,B,400,0.000000,40,256.000000,144,144.000000,0
Fixed,167,B,400,0.000000,40,256.000000,144,144.000000,0
Fixed,168,B,400,0.000000,40,256.000000,144,144.000000,0
Fixed,169,B,400,0.000000,40,256.000000,144,144.000000,0
Fixed,170,B,400,0.000000,40,256.000000,144,144.000000,0
Fixed,171,B,400,0.000000,40,256.000000,144,144.000000,0
Fixed,172,B,400,0.000000,40,256.000000,144,144.000000,0
Fixed,173,B,400,0.000000,40,256.000000,144,144.000000,0
Fixed,174,B,400,0.000000,40,256.000000,144,144.000000,0
Fixed,175,B,400,0.000000,40,256.000000,144,144.000000,0
Fixed,176,B,400,0.000000,40,256.000000,144,144.000000,0
Fixed,177,B,400,0.000000,40,256.000000,144,144.000000,0
Fixed,178,B,400,0.000000,40,256.000000,144,144.000000,0
Fixed,179,B,400,0.000000,40,256.000000,144,144.000000,0
Fixed,180,B,400,0.000000,40,256.000000,144,144.000000,0
Fixed,181,B,400,0.000000,40,256.000000,144,144.000000,0
Fixed,182,B,400,0.000000,40,256.000000,144,144.000000,0
Fixed,183,B,400,0.000000,40,256.000000,144,144.000000,0
Fixed,184,B,400,0.000000,40,256.000000,144,144.000000,0
Fixed,185,B,400,0.000000,40,256.000000,144,144.000000,0
Fixed,186,B,400,0.000000,40,256.000000,144,144.000000,0
Fixed,187,B,400,0.000000,40,256.000000,144,144.000000,0
Fixed,188,B,400,0.000000,40,256.000000,144,144.000000,0
Fixed,189,B,400,0.000000,40,256.000000,144,144.000000,0
Fixed,190,B,400,0.000000,40,256.000000,144,144.000000,0
Fixed,191,B,400,0.000000,40,256.000000,144,144.000000,0
Fixed,192,B,400,0.000000,40,256.000000,144,144.000000,0
Fixed,193,B,400,0.000000,40,256.000000,144,144.000000,0
Fixed,194,B,400,0.000000,40,256.000000,144,144.000000,0
Fixed,195,B,400,0.000000,40,256.000000,144,144.000000,0
Fixed,196,B,400,0.000000,40,256.000000,144,144.000000,0
Fixed,197,B,400,0.000000,40,256.000000,144,144.000000,0
Fixed,198,B,400,0.000000,40,256.000000,144,144.000000,0
Fixed,199,B,400,0.000000,40,256.000000,144,144.000000,0
Reinforced,0,A,0,70.000000,40,107.214973,144,214.000000,0
Reinforced,1,A,0,70.000000,40,107.214973,144,214.000000,0
Reinforced,2,A,0,70.000000,40,107.214973,144,214.000000,0
Reinforced,3,A,0,70.000000,40,107.214973,144,214.000000,0
Reinforced,4,A,0,70.000000,40,107.214973,144,214.000000,0
Reinforced,5,A,0,70.000000,40,107.214973,144,214.000000,0
Reinforced,6,A,0,70.000000,40,107.214973,144,214.000000,0
Reinforced,7,A,0,70.000000,40,107.214973,144,214.000000,0
Reinforced,8,A,0,70.000000,40,107.214973,144,214.000000,0
Reinforced,9,A,0,70.000000,40,107.214973,144,214.000000,0
Reinforced,10,A,0,70.000000,40,107.214973,144,214.000000,0
Reinforced,11,A,0,70.000000,40,107.214973,144,214.000000,0
Reinforced,12,A,0,70.000000,40,107.214973,144,214.000000,0
Reinforced,13,A,0,70.000000,40,107.214973,144,214.000000,0
Reinforced,14,A,0,70.000000,40,107.214973,144,214.000000,0
Reinforced,15,A,0,70.000000,40,107.214973,144,214.000000,0
Reinforced,16,A,0,70.000000,40,107.214973,144,214.000000,0
Reinforced,17,A,0,70.000000,40,107.214973,144,214.000000,0
Reinforced,18,A,0,70.000000,40,107.214973,144,214.000000,0
Reinforced,19,A,0,70.000000,40,107.214973,144,214.000000,0
Reinforced,20,A,0,70.000000,40,107.214973,144,214.000000,0
Reinforced,21,A,0,70.000000,40,107.214973,144,214.000000,0
Reinforced,22,A,0,70.000000,40,107.214973,144,214.000000,0
Reinforced,23,A,0,70.000000,40,107.214973,144,214.000000,0
Reinforced,24,A,0,70.000000,40,107.214973,144,214.000000,0
Reinforced,25,A,0,70.000000,40,107.214973,144,214.000000,0
Reinforced,26,A,0,70.000000,40,107.214973,144,214.000000,0
Reinforced,27,A,0,70.000000,40,107.214973,144,214.000000,0
Reinforced,28,A,0,70.000000,40,107.214973,144,214.000000,0
Reinforced,29,A,0,70.000000,40,107.214973,144,214.000000,0
Reinforced,30,A,0,70.000000,40,107.214973,144,214.000000,0
Reinforced,31,A,0,70.000000,40,107.214973,144,214.000000,0
Reinforced,32,A,0,70.000000,40,107.214973,144,214.000000,0
Reinforced,33,A,0,70.000000,40,107.214973,144,214.000000,0
Reinforced,34,A,0,70.000000,40,107.214973,144,214.000000,0
Reinforced,35,A,0,70.000000,40,107.214973,144,214.000000,0
Reinforced,36,A,0,70.000000,40,107.214973,144,214.000000,0
Reinforced,37,A,0,70.000000,40,107.214973,144,214.000000,0
Reinforced,38,A,0,70.000000,40,107.214973,144,214.000000,0
Reinforced,39,A,0,70.000000,40,107.214973,144,214.000000,0
Reinforced,40,A,0,70.000000,40,107.214973,144,214.000000,0
Reinforced,41,A,0,70.000000,40,107.214973,144,214.000000,0
Reinforced,42,A,0,70.000000,40,107.214973,144,214.000000,0
Reinforced,43,A,0,70.000000,40,107.214973,144,214.000000,0
Reinforced,44,A,0,70.000000,40,107.214973,144,214.000000,0
Reinforced,45,A,0,70.000000,40,107.214973,144,214.000000,0
Reinforced,46,A,0,70.000000,40,107.214973,144,214.000000,0
Reinforced,47,A,0,70.000000,40,107.214973,144,214.000000,0
Reinforced,48,A,0,70.000000,40,107.214973,144,214.000000,0
Reinforced,49,A,0,70.000000,40,107.214973,144,214.000000,0
Reinforced,50,A,0,70.000000,40,107.214973,144,214.000000,0
Reinforced,51,A,0,70.000000,40,107.214973,144,214.000000,0
Reinforced,52,A,0,70.000000,40,107.214973,144,214.000000,0
Reinforced,53,A,0,70.000000,40,107.214973,144,214.000000,0
Reinforced,54,A,0,70.000000,40,107.214973,144,214.000000,0
Reinforced,55,A,0,70.000000,40,107.214973,144,214.000000,0
Reinforced,56,A,0,70.000000,40,107.214973,144,214.000000,0
Reinforced,57,A,0,70.000000,40,107.214973,144,214.000000,0
Reinforced,58,A,0,70.000000,40,107.214973,144,214.000000,0
Reinforced,59,A,0,70.000000,40,107.214973,144,214.000000,0
Reinforced,60,A,0,70.000000,40,107.214973,144,214.000000,0
Reinforced,61,A,0,70.000000,40,107.214973,144,214.000000,0
Reinforced,62,A,0,70.000000,40,107.214973,144,214.000000,0
Reinforced,63,A,0,70.000000,40,107.214973,144,214.000000,0
Reinforced,64,A,0,70.000000,40,107.214973,144,214.000000,0
Reinforced,65,A,0,70.000000,40,107.214973,144,214.000000,0
Reinforced,66,A,0,70.000000,40,107.214973,144,214.000000,0
Reinforced,67,A,0,70.000000,40,107.214973,144,214.000000,0
Reinforced,68,A,0,70.000000,40,107.214973,144,214.000000,0
Reinforced,69,A,0,70.000000,40,107.214973,144,214.000000,0
Reinforced,70,A,0,70.000000,40,107.214973,144,214.000000,0
Reinforced,71,A,0,70.000000,40,107.214973,144,214.000000,0
Reinforced,72,A,0,70.000000,40,107.214973,144,214.000000,0
Reinforced,73,A,0,70.000000,40,107.214973,144,214.000000,0
Reinforced,74,A,0,70.000000,40,107.214973,144,214.000000,0
Reinforced,75,A,0,70.000000,40,107.214973,144,214.000000,0
Reinforced,76,A,0,70.000000,40,107.214973,144,214.000000,0
Reinforced,77,A,0,70.000000,40,107.214973,144,214.000000,0
Reinforced,78,A,0,70.000000,40,107.214973,144,214.000000,0
Reinforced,79,A,0,70.000000,40,107.214973,144,214.000000,0
Reinforced,80,A,0,70.000000,40,107.214973,144,214.000000,0
Reinforced,81,A,0,70.000000,40,107.214973,144,214.000000,0
Reinforced,82,A,0,70.000000,40,107.214973,144,214.000000,0
Reinforced,83,A,0,70.000000,40,107.214973,144,214.000000,0
Reinforced,84,A,0,70.000000,40,107.214973,144,214.000000,0
Reinforced,85,A,0,70.000000,40,107.214973,144,214.000000,0
Reinforced,86,A,0,70.000000,40,107.214973,144,214.000000,0
Reinforced,87,A,0,70.000000,40,107.214973,144,214.000000,0
Reinforced,88,A,0,70.000000,40,107.214973,144,214.000000,0
Reinforced,89,A,0,70.000000,40,107.214973,144,214.000000,0
Reinforced,90,A,0,70.000000,40,107.214973,144,214.000000,0
Reinforced,91,A,0,70.000000,40,107.214973,144,214.000000,0
Reinforced,92,A,0,70.000000,40,107.214973,144,214.000000,0
Reinforced,93,A,0,70.000000,40,107.214973,144,214.000000,0
Reinforced,94,A,0,70.000000,40,107.214973,144,214.000000,0
Reinforced,95,A,0,70.000000,40,107.214973,144,214.000000,0
Reinforced,96,A,0,70.000000,40,107.214973,144,214.000000,0
Reinforced,97,A,0,70.000000,40,107.214973,144,214.000000,0
Reinforced,98,A,0,70.000000,40,107.214973,144,214.000000,0
Reinforced,99,A,0,70.000000,40,107.214973,144,214.000000,0
Reinforced,100,A,0,70.000000,40,107.214973,144,214.000000,0
Reinforced,101,A,0,70.000000,40,107.214973,144,214.000000,0
Reinforced,102,A,0,70.000000,40,107.214973,144,214.000000,0
Reinforced,103,A,0,70.000000,40,107.214973,144,214.000000,0
Reinforced,104,A,0,70.000000,40,107.214973,144,214.000000,0
Reinforced,105,A,0,70.000000,40,107.214973,144,214.000000,0
Reinforced,106,A,0,70.000000,40,107.214973,144,214.000000,0
Reinforced,107,A,0,70.000000,40,107.214973,144,214.000000,0
Reinforced,108,A,0,70.000000,40,107.214973,144,214.000000,0
Reinforced,109,A,0,70.000000,40,107.214973,144,214.000000,0
Reinforced,110,A,0,70.000000,40,107.214973,144,214.000000,0
Reinforced,111,A,0,70.000000,40,107.214973,144,214.000000,0
Reinforced,112,A,0,70.000000,40,107.214973,144,214.000000,0
Reinforced,113,A,0,70.000000,40,107.214973,144,214.000000,0
Reinforced,114,A,0,70.000000,40,107.214973,144,214.000000,0
Reinforced,115,A,0,70.000000,40,107.214973,144,214.000000,0
Reinforced,116,A,0,70.000000,40,107.214973,144,214.000000,0
Reinforced,117,A,0,70.000000,40,107.214973,144,214.000000,0
Reinforced,118,A,0,70.000000,40,107.214973,144,214.000000,0
Reinforced,119,A,0,70.000000,40,107.214973,144,214.000000,0
Reinforced,120,A,0,70.000000,40,107.214973,144,214.000000,0
Reinforced,121,A,0,70.000000,40,107.214973,144,214.000000,0
Reinforced,122,A,0,70.000000,40,107.214973,144,214.000000,0
Reinforced,123,A,0,70.000000,40,107.214973,144,214.000000,0
Reinforced,124,A,0,70.000000,40,107.214973,144,214.000000,0
Reinforced,125,A,0,70.000000,40,107.214973,144,214.000000,0
Reinforced,126,A,0,70.000000,40,107.214973,144,214.000000,0
Reinforced,127,A,0,70.000000,40,107.214973,144,214.000000,0
Reinforced,128,A,0,70.000000,40,107.214973,144,214.000000,0
Reinforced,129,A,0,70.000000,40,107.214973,144,214.000000,0
Reinforced,130,A,0,70.000000,40,107.214973,144,214.000000,0
Reinforced,131,A,0,70.000000,40,107.214973,144,214.000000,0
Reinforced,132,A,0,70.000000,40,107.214973,144,214.000000,0
Reinforced,133,A,0,70.000000,40,107.214973,144,214.000000,0
Reinforced,134,A,0,70.000000,40,107.214973,144,214.000000,0
Reinforced,135,A,0,70.000000,40,107.214973,144,214.000000,0
Reinforced,136,A,0,70.000000,40,107.214973,144,214.000000,0
Reinforced,137,A,0,70.000000,40,107.214973,144,214.000000,0
Reinforced,138,A,0,70.000000,40,107.214973,144,214.000000,0
Reinforced,139,A,0,70.000000,40,107.214973,144,214.000000,0
Reinforced,140,A,0,70.000000,40,107.214973,144,214.000000,0
Reinforced,141,A,0,70.000000,40,107.214973,144,214.000000,0
Reinforced,142,A,0,70.000000,40,107.214973,144,214.000000,0
Reinforced,143,A,0,70.000000,40,107.214973,144,214.000000,0
Reinforced,144,A,0,70.000000,40,107.214973,144,214.000000,0
Reinforced,145,A,0,70.000000,40,107.214973,144,214.000000,0
Reinforced,146,A,0,70.000000,40,107.214973,144,214.000000,0
Reinforced,147,A,0,70.000000,40,107.214973,144,214.000000,0
Reinforced,148,A,0,70.000000,40,107.214973,144,214.000000,0
Reinforced,149,A,0,70.000000,40,107.214973,144,214.000000,0
Reinforced,150,A,0,70.000000,40,107.214973,144,214.000000,0
Reinforced,151,A,0,70.000000,40,107.214973,144,214.000000,0
Reinforced,152,A,0,70.000000,40,107.214973,144,214.000000,0
Reinforced,153,A,0,70.000000,40,107.214973,144,214.000000,0
Reinforced,154,A,0,70.000000,40,107.214973,144,214.000000,0
Reinforced,155,A,0,70.000000,40,107.214973,144,214.000000,0
Reinforced,156,A,0,70.000000,40,107.214973,144,214.000000,0
Reinforced,157,A,0,70.000000,40,107.214973,144,214.000000,0
Reinforced,158,A,0,70.000000,40,107.214973,144,214.000000,0
Reinforced,159,A,0,70.000000,40,107.214973,144,214.000000,0
Reinforced,160,A,0,70.000000,40,107.214973,144,214.000000,0
Reinforced,161,A,0,70.000000,40,107.214973,144,214.000000,0
Reinforced,162,A,0,70.000000,40,107.214973,144,214.000000,0
Reinforced,163,A,0,70.000000,40,107.214973,144,214.000000,0
Reinforced,164,A,0,70.000000,40,107.214973,144,214.000000,0
Reinforced,165,A,0,70.000000,40,107.214973,144,214.000000,0
Reinforced,166,A,0,70.000000,40,107.214973,144,214.000000,0
Reinforced,167,A,0,70.000000,40,107.214973,144,214.000000,0
Reinforced,168,A,0,70.000000,40,107.214973,144,214.000000,0
Reinforced,169,A,0,70.000000,40,107.214973,144,214.000000,0
Reinforced,170,A,0,70.000000,40,107.214973,144,214.000000,0
Reinforced,171,A,0,70.000000,40,107.214973,144,214.000000,0
Reinforced,172,A,0,70.000000,40,107.214973,144,214.000000,0
Reinforced,173,A,0,70.000000,40,107.214973,144,214.000000,0
Reinforced,174,A,0,70.000000,40,107.214973,144,214.000000,0
Reinforced,175,A,0,70.000000,40,107.214973,144,214.000000,0
Reinforced,176,A,0,70.000000,40,107.214973,144,214.000000,0
Reinforced,177,A,0,70.000000,40,107.214973,144,214.000000,0
Reinforced,178,A,0,70.000000,40,107.214973,144,214.000000,0
Reinforced,179,A,0,70.000000,40,107.214973,144,214.000000,0
Reinforced,180,A,0,70.000000,40,107.214973,144,214.000000,0
Reinforced,181,A,0,70.000000,40,107.214973,144,214.000000,0
Reinforced,182,A,0,70.000000,40,107.214973,144,214.000000,0
Reinforced,183,A,0,70.000000,40,107.214973,144,214.000000,0
Reinforced,184,A,0,70.000000,40,107.214973,144,214.000000,0
Reinforced,185,A,0,70.000000,40,107.214973,144,214.000000,0
Reinforced,186,A,0,70.000000,40,107.214973,144,214.000000,0
Reinforced,187,A,0,70.000000,40,107.214973,144,214.000000,0
Reinforced,188,A,0,70.000000,40,107.214973,144,214.000000,0
Reinforced,189,A,0,70.000000,40,107.214973,144,214.000000,0
Reinforced,190,A,0,70.000000,40,107.214973,144,214.000000,0
Reinforced,191,A,0,70.000000,40,107.214973,144,214.000000,0
Reinforced,192,A,0,70.000000,40,107.214973,144,214.000000,0
Reinforced,193,A,0,70.000000,40,107.214973,144,214.000000,0
Reinforced,194,A,0,70.000000,40,107.214973,144,214.000000,0
Reinforced,195,A,0,70.000000,40,107.214973,144,214.000000,0
Reinforced,196,A,0,70.000000,40,107.214973,144,214.000000,0
Reinforced,197,A,0,70.000000,40,107.214973,144,214.000000,0
Reinforced,198,A,0,70.000000,40,107.214973,144,214.000000,0
Reinforced,199,A,0,70.000000,40,107.214973,144,214.000000,0
Reinforced,0,A,100,57.484899,40,118.255075,144,251.328639,0
Reinforced,1,A,100,30.134888,40,169.056945,144,295.697388,0
Reinforced,2,A,100,18.842773,40,130.822943,144,290.870117,0
Reinforced,3,A,100,108.025513,40,160.162913,144,269.486450,0
Reinforced,4,A,100,6.674805,40,120.672099,144,293.575195,0
Reinforced,5,A,100,39.323730,40,139.052012,144,272.850098,0
Reinforced,6,A,100,115.449219,40,103.656499,144,290.699219,0
Reinforced,7,A,100,70.885010,40,179.625748,144,289.880127,0
Reinforced,8,A,100,99.367065,40,135.242801,144,283.357300,0
Reinforced,9,A,100,7.512512,40,109.751355,144,281.409363,0
Reinforced,10,A,100,-2.257233,40,102.584399,144,295.238861,0
Reinforced,11,A,100,101.418457,40,115.869918,144,281.355957,0
Reinforced,12,A,100,43.836040,40,183.827403,144,275.842632,0
Reinforced,13,A,100,44.547424,40,158.491871,144,274.099182,0
Reinforced,14,A,100,-6.593015,40,99.083570,144,292.780515,0
Reinforced,15,A,100,56.461163,40,129.600599,144,275.187725,0
Reinforced,16,A,100,37.439575,40,102.372685,144,291.576294,0
Reinforced,17,A,100,37.886963,40,156.503799,144,291.659912,0
Reinforced,18,A,100,41.087646,40,164.545385,144,296.191162,0
Reinforced,19,A,100,65.957031,40,136.056770,144,281.812500,0
Reinforced,20,A,100,114.406738,40,129.121669,144,300.203613,0
Reinforced,21,A,100,26.759644,40,116.082750,144,279.861206,0
Reinforced,22,A,100,114.228516,40,119.106091,144,267.603516,0
Reinforced,23,A,100,14.737854,40,137.558052,144,293.871521,0
Reinforced,24,A,100,61.645488,40,127.613511,144,264.228252,0
Reinforced,25,A,100,46.062298,40,103.617972,144,255.672039,0
Reinforced,26,A,100,75.651016,40,130.336910,144,265.587296,0
Reinforced,27,A,100,115.328217,40,160.306201,144,276.671967,0
Reinforced,28,A,100,63.962555,40,128.185626,144,255.150055,0
Reinforced,29,A,100,125.381470,40,128.803831,144,269.381470,0
Reinforced,30,A,100,131.854248,40,140.981431,144,275.854248,0
Reinforced,31,A,100,37.963867,40,128.181989,144,304.756836,0
Reinforced,32,A,100,100.113981,40,130.757307,144,258.801481,0
Reinforced,33,A,100,27.080078,40,145.529991,144,290.259766,0
Reinforced,34,A,100,100.256033,40,117.612484,144,251.756033,0
Reinforced,35,A,100,142.025146,40,114.208817,144,295.868896,0
Reinforced,36,A,100,78.316650,40,148.633137,144,274.718994,0
Reinforced,37,A,100,13.401489,40,138.128618,144,299.025024,0
Reinforced,38,A,100,93.895760,40,114.677610,144,247.856697,0
Reinforced,39,A,100,21.211014,40,123.374126,144,287.786545,0
Reinforced,40,A,100,33.930664,40,99.870455,144,288.282227,0
Reinforced,41,A,100,11.076050,40,118.838597,144,281.697144,0
Reinforced,42,A,100,5.362015,40,150.673412,144,279.575485,0
Reinforced,43,A,100,48.770142,40,178.717953,144,298.033813,0
Reinforced,44,A,100,91.132812,40,159.722332,144,300.054688,0
Reinforced,45,A,100,121.391602,40,118.392694,144,285.196289,0
Reinforced,46,A,100,104.394302,40,129.285155,144,275.698990,0
Reinforced,47,A,100,21.980591,40,135.378861,144,285.275024,0
Reinforced,48,A,100,88.257751,40,123.790633,144,276.867126,0
Reinforced,49,A,100,96.607056,40,145.661979,144,280.372681,0
Reinforced,50,A,100,53.075562,40,150.158923,144,293.227905,0
Reinforced,51,A,100,35.744610,40,105.335639,144,264.734844,0
Reinforced,52,A,100,9.499512,40,115.968541,144,300.447754,0
Reinforced,53,A,100,10.927773,40,139.665720,144,289.126915,0
Reinforced,54,A,100,66.643677,40,146.681522,144,274.899048,0
Reinforced,55,A,100,74.038806,40,103.343237,144,254.288806,0
Reinforced,56,A,100,27.687378,40,117.806059,144,272.009644,0
Reinforced,57,A,100,22.478638,40,169.870226,144,270.130981,0
Reinforced,58,A,100,21.757965,40,165.800226,144,284.175629,0
Reinforced,59,A,100,29.414062,40,122.209212,144,297.630371,0
Reinforced,60,A,100,82.919922,40,178.228722,144,292.071289,0
Reinforced,61,A,100,97.389374,40,113.746724,144,268.108124,0
Reinforced,62,A,100,23.672180,40,115.599415,144,278.902039,0
Reinforced,63,A,100,99.241524,40,122.452633,144,253.241524,0
Reinforced,64,A,100,34.307241,40,103.511042,144,263.208364,0
Reinforced,65,A,100,-11.550293,40,125.317966,144,301.019043,0
Reinforced,66,A,100,120.209198,40,118.637285,144,286.709198,0
Reinforced,67,A,100,73.760757,40,115.134632,144,254.635757,0
Reinforced,68,A,100,22.145386,40,149.967824,144,290.364136,0
Reinforced,69,A,100,52.654419,40,143.359777,144,285.951294,0
Reinforced,70,A,100,80.195265,40,127.603194,144,268.872999,0
Reinforced,71,A,100,81.835938,40,134.066753,144,313.960938,0
Reinforced,72,A,100,51.332703,40,98.017316,144,283.145203,0
Reinforced,73,A,100,59.270020,40,172.211281,144,279.012207,0
Reinforced,74,A,100,89.288635,40,128.589848,144,272.937073,0
Reinforced,75,A,100,-6.356201,40,140.180235,144,293.246826,0
Reinforced,76,A,100,36.903381,40,169.231332,144,292.153381,0
Reinforced,77,A,100,76.634521,40,107.721032,144,282.341064,0
Reinforced,78,A,100,45.729980,40,146.983454,144,297.073730,0
Reinforced,79,A,100,116.990967,40,140.197817,144,303.334717,0
Reinforced,80,A,100,144.169846,40,110.745964,144,288.169846,0
Reinforced,81,A,100,71.630859,40,163.069910,144,300.904297,0
Reinforced,82,A,100,42.134400,40,172.826320,144,257.687133,0
Reinforced,83,A,100,19.153595,40,107.157096,144,287.092499,0
Reinforced,84,A,100,103.491812,40,114.513705,144,256.866812,0
Reinforced,85,A,100,35.397949,40,164.930628,144,310.628418,0
Reinforced,86,A,100,72.927246,40,114.727215,144,310.677246,0
Reinforced,87,A,100,139.018555,40,119.176779,144,283.018555,0
Reinforced,88,A,100,138.333130,40,133.932193,144,282.333130,0
Reinforced,89,A,100,122.999268,40,168.562420,144,290.124268,0
Reinforced,90,A,100,35.460205,40,133.995933,144,297.074951,0
Reinforced,91,A,100,88.659048,40,160.494412,144,263.284048,0
Reinforced,92,A,100,133.885498,40,132.078455,144,287.846436,0
Reinforced,93,A,100,48.201904,40,119.703388,144,261.391357,0
Reinforced,94,A,100,16.109009,40,125.888626,144,280.312866,0
Reinforced,95,A,100,49.350243,40,116.526480,144,261.416649,0
Reinforced,96,A,100,81.142559,40,118.064024,144,300.767559,0
Reinforced,97,A,100,58.996525,40,117.314580,144,266.121525,0
Reinforced,98,A,100,73.259888,40,139.178857,144,271.908325,0
Reinforced,99,A,100,58.400860,40,168.329208,144,279.109844,0
Reinforced,100,A,100,99.446714,40,104.930453,144,258.368589,0
Reinforced,101,A,100,92.184296,40,113.545222,144,255.988983,0
Reinforced,102,A,100,81.276245,40,144.144518,144,275.266479,0
Reinforced,103,A,100,68.491211,40,162.685357,144,304.991211,0
Reinforced,104,A,100,70.180511,40,135.598120,144,268.321136,0
Reinforced,105,A,100,52.889404,40,150.391842,144,318.022217,0
Reinforced,106,A,100,35.883636,40,157.280794,144,285.928558,0
Reinforced,107,A,100,66.560802,40,105.035817,144,254.603771,0
Reinforced,108,A,100,45.231609,40,107.158603,144,267.512859,0
Reinforced,109,A,100,52.280235,40,134.175687,144,260.166954,0
Reinforced,110,A,100,35.010986,40,116.865720,144,292.504639,0
Reinforced,111,A,100,73.993378,40,133.338483,144,279.048065,0
Reinforced,112,A,100,116.777344,40,143.316600,144,306.714844,0
Reinforced,113,A,100,133.057861,40,122.057687,144,284.557861,0
Reinforced,114,A,100,77.379751,40,156.961520,144,262.551626,0
Reinforced,115,A,100,78.797379,40,136.351437,144,276.547379,0
Reinforced,116,A,100,48.239722,40,116.291675,144,269.891089,0
Reinforced,117,A,100,45.359154,40,116.667104,144,255.461449,0
Reinforced,118,A,100,-26.346436,40,111.921502,144,311.518311,0
Reinforced,119,A,100,63.432007,40,120.610342,144,269.541382,0
Reinforced,120,A,100,124.520187,40,102.727506,144,268.520187,0
Reinforced,121,A,100,102.010498,40,122.235683,144,285.695251,0
Reinforced,122,A,100,9.154358,40,132.432148,144,290.155701,0
Reinforced,123,A,100,62.000732,40,171.458823,144,279.233154,0
Reinforced,124,A,100,-4.818020,40,123.332145,144,288.818020,0
Reinforced,125,A,100,94.059753,40,148.126140,144,278.059753,0
Reinforced,126,A,100,119.765005,40,100.598799,144,271.265005,0
Reinforced,127,A,100,154.540405,40,110.091166,144,306.040405,0
Reinforced,128,A,100,3.841476,40,141.372274,144,287.011398,0
Reinforced,129,A,100,65.466270,40,141.115702,144,246.185020,0
Reinforced,130,A,100,88.278046,40,118.846425,144,287.746796,0
Reinforced,131,A,100,98.046570,40,108.648857,144,285.445007,0
Reinforced,132,A,100,-1.093750,40,131.056492,144,308.882812,0
Reinforced,133,A,100,54.961548,40,103.193519,144,264.078735,0
Reinforced,134,A,100,78.141918,40,129.135481,144,264.016918,0
Reinforced,135,A,100,-2.741690,40,123.590752,144,287.679190,0
Reinforced,136,A,100,123.239746,40,162.459238,144,312.239746,0
Reinforced,137,A,100,62.962790,40,130.107342,144,255.398764,0
Reinforced,138,A,100,99.852295,40,135.336455,144,266.332764,0
Reinforced,139,A,100,42.291260,40,154.335866,144,294.728760,0
Reinforced,140,A,100,113.831787,40,152.474587,144,293.769287,0
Reinforced,141,A,100,96.276240,40,107.804151,144,250.119990,0
Reinforced,142,A,100,14.750366,40,129.822724,144,297.187866,0
Reinforced,143,A,100,80.785522,40,163.484862,144,283.340210,0
Reinforced,144,A,100,126.375427,40,140.873090,144,307.875427,0
Reinforced,145,A,100,21.040649,40,101.615605,144,270.007690,0
Reinforced,146,A,100,103.066864,40,122.923159,144,274.525360,0
Reinforced,147,A,100,76.279287,40,148.701286,144,269.654287,0
Reinforced,148,A,100,125.299072,40,134.527954,144,276.799072,0
Reinforced,149,A,100,25.299072,40,138.425081,144,270.859131,0
Reinforced,150,A,100,125.673218,40,155.013639,144,284.673218,0
Reinforced,151,A,100,41.540527,40,107.199942,144,289.002441,0
Reinforced,152,A,100,47.777710,40,164.259078,144,293.262085,0
Reinforced,153,A,100,42.602234,40,144.544546,144,281.192078,0
Reinforced,154,A,100,82.495108,40,99.906980,144,250.791983,0
Reinforced,155,A,100,80.699763,40,143.973569,144,249.387263,0
Reinforced,156,A,100,93.492413,40,128.560037,144,280.617413,0
Reinforced,157,A,100,10.019531,40,176.108336,144,308.157715,0
Reinforced,158,A,100,80.750427,40,146.376879,144,304.750427,0
Reinforced,159,A,100,88.776894,40,154.981750,144,250.276283,0
Reinforced,160,A,100,103.653564,40,154.126494,144,279.997314,0
Reinforced,161,A,100,117.019043,40,135.096070,144,278.519043,0
Reinforced,162,A,100,88.356931,40,104.497408,144,252.317869,0
Reinforced,163,A,100,-5.976543,40,120.635292,144,291.851543,0
Reinforced,164,A,100,-7.636719,40,117.465996,144,294.917969,0
Reinforced,165,A,100,108.324890,40,110.800883,144,309.151062,0
Reinforced,166,A,100,91.360736,40,123.094637,144,242.860736,0
Reinforced,167,A,100,109.425659,40,100.869046,144,272.644409,0
Reinforced,168,A,100,65.697918,40,102.459376,144,246.533855,0
Reinforced,169,A,100,95.501709,40,125.190471,144,289.032959,0
Reinforced,170,A,100,71.657104,40,120.592688,144,271.904662,0
Reinforced,171,A,100,89.550781,40,146.220455,144,315.269531,0
Reinforced,172,A,100,48.304443,40,105.653474,144,273.866943,0
Reinforced,173,A,100,105.146179,40,119.755456,144,290.005554,0
Reinforced,174,A,100,45.565186,40,137.141822,144,272.331299,0
Reinforced,175,A,100,44.735880,40,103.640693,144,255.571493,0
Reinforced,176,A,100,152.690430,40,120.005398,144,296.690430,0
Reinforced,177,A,100,125.000000,40,158.394666,144,314.000000,0
Reinforced,178,A,100,75.472412,40,101.749755,144,262.519287,0
Reinforced,179,A,100,41.607361,40,110.694552,144,284.169983,0
Reinforced,180,A,100,154.168396,40,119.580837,144,298.168396,0
Reinforced,181,A,100,69.335632,40,111.513165,144,278.955750,0
Reinforced,182,A,100,106.012878,40,157.058788,144,274.973816,0
Reinforced,183,A,100,119.564209,40,151.867185,144,310.439209,0
Reinforced,184,A,100,87.508240,40,123.737552,144,263.832458,0
Reinforced,185,A,100,122.098389,40,112.412902,144,286.088623,0
Reinforced,186,A,100,-16.728363,40,119.566686,144,300.728363,0
Reinforced,187,A,100,18.300815,40,141.589582,144,266.636685,0
Reinforced,188,A,100,139.641113,40,115.491574,144,291.141113,0
Reinforced,189,A,100,47.555008,40,112.381400,144,259.870132,0
Reinforced,190,A,100,101.979518,40,146.364064,144,253.479518,0
Reinforced,191,A,100,83.350830,40,134.782098,144,264.225830,0
Reinforced,192,A,100,84.606934,40,147.031939,144,270.794434,0
Reinforced,193,A,100,0.747070,40,131.634230,144,298.487305,0
Reinforced,194,A,100,76.177063,40,130.386963,144,296.270203,0
Reinforced,195,A,100,21.750488,40,138.478208,144,291.014160,0
Reinforced,196,A,100,-2.397423,40,100.288053,144,303.858360,0
Reinforced,197,A,100,42.196655,40,164.026749,144,296.977905,0
Reinforced,198,A,100,32.944641,40,120.664568,144,284.678406,0
Reinforced,199,A,100,32.268066,40,176.128279,144,295.018066,0
Reinforced,0,A,200,25.655043,40,132.809661,144,315.120737,0
Reinforced,1,A,200,-31.268309,40,190.314313,144,357.804625,0
Reinforced,2,A,200,-22.123413,40,178.479584,144,340.620483,0
Reinforced,3,A,200,117.880554,40,165.471230,144,301.528992,0
Reinforced,4,A,200,15.674753,40,130.546998,144,329.796804,0
Reinforced,5,A,200,31.850967,40,180.048172,144,343.152298,0
Reinforced,6,A,200,159.707022,40,100.469247,144,334.957022,0
Reinforced,7,A,200,77.094951,40,183.677193,144,330.855693,0
Reinforced,8,A,200,105.065913,40,183.240415,144,340.295161,0
Reinforced,9,A,200,-27.643499,40,117.191520,144,342.043890,0
Reinforced,10,A,200,31.012478,40,141.945837,144,357.336697,0
Reinforced,11,A,200,41.158142,40,124.231667,144,357.580017,0
Reinforced,12,A,200,26.830592,40,198.371158,144,320.589503,0
Reinforced,13,A,200,11.137094,40,161.095561,144,308.191580,0
Reinforced,14,A,200,-53.098525,40,99.818312,144,339.286025,0
Reinforced,15,A,200,47.116584,40,139.229294,144,311.780647,0
Reinforced,16,A,200,-16.432533,40,102.236986,144,346.169151,0
Reinforced,17,A,200,78.988948,40,165.759151,144,356.511897,0
Reinforced,18,A,200,-12.304688,40,192.346019,144,378.393311,0
Reinforced,19,A,200,55.561256,40,145.831059,144,328.218482,0
Reinforced,20,A,200,154.240684,40,129.535448,144,340.037559,0
Reinforced,21,A,200,-49.209137,40,111.737701,144,356.303314,0
Reinforced,22,A,200,103.377647,40,122.341194,144,303.134483,0
Reinforced,23,A,200,0.680733,40,139.075310,144,354.669365,0
Reinforced,24,A,200,20.592766,40,125.576890,144,305.280975,0
Reinforced,25,A,200,-8.554096,40,172.181738,144,347.847027,0
Reinforced,26,A,200,102.376374,40,139.509868,144,317.489636,0
Reinforced,27,A,200,35.937042,40,169.878790,144,356.238922,0
Reinforced,28,A,200,1.030493,40,142.156972,144,328.101782,0
Reinforced,29,A,200,107.184372,40,128.621202,144,318.762497,0
Reinforced,30,A,200,176.081314,40,141.643305,144,333.831314,0
Reinforced,31,A,200,64.123688,40,139.202917,144,352.278656,0
Reinforced,32,A,200,112.320327,40,174.763018,144,316.896498,0
Reinforced,33,A,200,52.321701,40,157.891272,144,332.434372,0
Reinforced,34,A,200,95.493693,40,143.100066,144,293.204631,0
Reinforced,35,A,200,112.188721,40,162.018081,144,358.962158,0
Reinforced,36,A,200,73.201218,40,163.562843,144,318.666061,0
Reinforced,37,A,200,37.479434,40,154.683566,144,356.769351,0
Reinforced,38,A,200,49.069252,40,166.366423,144,310.315346,0
Reinforced,39,A,200,28.584661,40,123.137983,144,352.640661,0
Reinforced,40,A,200,-9.869900,40,102.562596,144,334.438747,0
Reinforced,41,A,200,18.474712,40,163.614649,144,347.445415,0
Reinforced,42,A,200,-18.701458,40,147.996002,144,330.117840,0
Reinforced,43,A,200,30.884180,40,188.589207,144,334.300360,0
Reinforced,44,A,200,83.442383,40,167.732286,144,342.696289,0
Reinforced,45,A,200,144.974518,40,120.683898,144,323.466705,0
Reinforced,46,A,200,134.955060,40,157.090570,144,313.759748,0
Reinforced,47,A,200,-1.333294,40,147.584256,144,330.081219,0
Reinforced,48,A,200,86.894569,40,133.370595,144,318.863319,0
Reinforced,49,A,200,67.440004,40,167.394731,144,329.252199,0
Reinforced,50,A,200,49.159435,40,149.507198,144,322.377184,0
Reinforced,51,A,200,51.756706,40,105.335639,144,300.741752,0
Reinforced,52,A,200,-52.585754,40,117.321898,144,362.533020,0
Reinforced,53,A,200,-5.065956,40,133.898769,144,348.118538,0
Reinforced,54,A,200,72.673149,40,155.759730,144,316.000542,0
Reinforced,55,A,200,57.478826,40,112.680749,144,312.689764,0
Reinforced,56,A,200,-24.963379,40,118.887741,144,336.216797,0
Reinforced,57,A,200,93.178937,40,177.680839,144,340.831281,0
Reinforced,58,A,200,14.133835,40,167.003339,144,318.321365,0
Reinforced,59,A,200,24.505442,40,122.225362,144,328.112376,0
Reinforced,60,A,200,152.492065,40,182.614915,144,376.643433,0
Reinforced,61,A,200,95.083423,40,131.482830,144,300.606860,0
Reinforced,62,A,200,-32.295513,40,148.982453,144,337.648052,0
Reinforced,63,A,200,78.136396,40,138.226144,144,309.382490,0
Reinforced,64,A,200,57.263138,40,154.354475,144,315.539257,0
Reinforced,65,A,200,-47.183304,40,124.231063,144,357.489456,0
Reinforced,66,A,200,129.217525,40,120.790619,144,339.780025,0
Reinforced,67,A,200,84.995391,40,153.315208,144,295.782501,0
Reinforced,68,A,200,-15.874290,40,167.165295,144,336.775536,0
Reinforced,69,A,200,53.995972,40,139.519579,144,324.958862,0
Reinforced,70,A,200,54.063749,40,133.446289,144,334.760374,0
Reinforced,71,A,200,19.319003,40,167.128881,144,376.897794,0
Reinforced,72,A,200,49.017010,40,98.017316,144,315.150799,0
Reinforced,73,A,200,91.067958,40,171.380581,144,319.008388,0
Reinforced,74,A,200,64.392414,40,131.149701,144,310.374798,0
Reinforced,75,A,200,-27.101810,40,169.826689,144,336.531497,0
Reinforced,76,A,200,-15.032654,40,168.927309,144,358.673156,0
Reinforced,77,A,200,92.799835,40,153.304603,144,351.870636,0
Reinforced,78,A,200,32.151489,40,146.545747,144,314.567932,0
Reinforced,79,A,200,143.679161,40,146.408335,144,370.022911,0
Reinforced,80,A,200,193.720016,40,118.560738,144,345.220016,0
Reinforced,81,A,200,56.939697,40,196.463648,144,356.667236,0
Reinforced,82,A,200,67.784939,40,192.221604,144,296.091579,0
Reinforced,83,A,200,-4.339628,40,105.661292,144,314.726347,0
Reinforced,84,A,200,79.679561,40,113.234567,144,310.505733,0
Reinforced,85,A,200,-24.754028,40,164.283586,144,370.780396,0
Reinforced,86,A,200,57.797813,40,114.722462,144,347.286095,0
Reinforced,87,A,200,194.582024,40,120.823171,144,338.582024,0
Reinforced,88,A,200,105.844421,40,171.000852,144,336.086487,0
Reinforced,89,A,200,153.269196,40,167.125543,144,329.066071,0
Reinforced,90,A,200,57.882843,40,155.161128,144,344.636139,0
Reinforced,91,A,200,87.544470,40,160.595574,144,312.711462,0
Reinforced,92,A,200,153.052063,40,170.130560,144,319.532532,0
Reinforced,93,A,200,45.436101,40,118.774391,144,270.543870,0
Reinforced,94,A,200,-18.369541,40,176.805373,144,337.164463,0
Reinforced,95,A,200,-7.525539,40,153.960996,144,330.701756,0
Reinforced,96,A,200,126.315260,40,118.063651,144,366.409010,0
Reinforced,97,A,200,12.579169,40,142.765684,144,324.137763,0
Reinforced,98,A,200,114.796600,40,144.219917,144,339.712128,0
Reinforced,99,A,200,59.863317,40,211.536051,144,329.358770,0
Reinforced,100,A,200,18.569181,40,101.393296,144,342.019559,0
Reinforced,101,A,200,58.204155,40,146.973525,144,303.527397,0
Reinforced,102,A,200,32.606812,40,182.399731,144,333.988403,0
Reinforced,103,A,200,121.388854,40,165.144866,144,357.888854,0
Reinforced,104,A,200,79.895584,40,135.990443,144,290.204178,0
Reinforced,105,A,200,34.827271,40,187.413621,144,373.934692,0
Reinforced,106,A,200,31.630688,40,174.611975,144,352.105297,0
Reinforced,107,A,200,70.313520,40,116.571730,144,270.241245,0
Reinforced,108,A,200,73.593286,40,113.377211,144,334.858301,0
Reinforced,109,A,200,60.614853,40,137.047902,144,287.573227,0
Reinforced,110,A,200,75.411987,40,128.861346,144,378.590454,0
Reinforced,111,A,200,9.830437,40,151.163570,144,352.604851,0
Reinforced,112,A,200,82.836914,40,158.486132,144,384.434570,0
Reinforced,113,A,200,117.151942,40,129.481796,144,327.157802,0
Reinforced,114,A,200,122.358541,40,159.127125,144,320.098166,0
Reinforced,115,A,200,138.038709,40,138.961500,144,335.788709,0
Reinforced,116,A,200,42.177162,40,116.291675,144,276.029226,0
Reinforced,117,A,200,125.206566,40,131.240218,144,342.808861,0
Reinforced,118,A,200,-45.231552,40,113.619467,144,342.863144,0
Reinforced,119,A,200,59.979548,40,141.281155,144,323.979548,0
Reinforced,120,A,200,126.293201,40,117.519525,144,311.699451,0
Reinforced,121,A,200,128.175964,40,116.977524,144,319.360718,0
Reinforced,122,A,200,1.110687,40,183.066848,144,370.193390,0
Reinforced,123,A,200,43.896294,40,185.009195,144,348.882317,0
Reinforced,124,A,200,-23.958712,40,136.026476,144,369.657930,0
Reinforced,125,A,200,96.240115,40,147.940434,144,295.235080,0
Reinforced,126,A,200,107.380942,40,118.518469,144,299.798911,0
Reinforced,127,A,200,134.127197,40,110.565399,144,358.555664,0
Reinforced,128,A,200,0.446053,40,148.359570,144,323.036140,0
Reinforced,129,A,200,78.475627,40,144.797507,144,278.608440,0
Reinforced,130,A,200,122.940598,40,125.117380,144,359.587082,0
Reinforced,131,A,200,110.025787,40,108.975184,144,312.851471,0
Reinforced,132,A,200,-41.015129,40,130.326372,144,354.768242,0
Reinforced,133,A,200,16.350555,40,183.300844,144,330.055756,0
Reinforced,134,A,200,159.629345,40,145.046058,144,345.504345,0
Reinforced,135,A,200,-42.482748,40,123.511168,144,327.420248,0
Reinforced,136,A,200,123.884277,40,167.590066,144,374.856934,0
Reinforced,137,A,200,112.535715,40,128.931332,144,305.207265,0
Reinforced,138,A,200,99.532242,40,179.107583,144,356.549820,0
Reinforced,139,A,200,-6.573029,40,152.766304,144,353.792938,0
Reinforced,140,A,200,57.666931,40,164.478972,144,363.341736,0
Reinforced,141,A,200,57.148702,40,153.925981,144,320.465108,0
Reinforced,142,A,200,-35.074768,40,132.923975,144,353.554138,0
Reinforced,143,A,200,137.841187,40,167.885458,144,349.067749,0
Reinforced,144,A,200,137.389479,40,171.966084,144,359.822096,0
Reinforced,145,A,200,69.121094,40,165.295933,144,355.431885,0
Reinforced,146,A,200,119.894400,40,139.720307,144,301.235098,0
Reinforced,147,A,200,35.274648,40,149.907394,144,314.064687,0
Reinforced,148,A,200,186.009521,40,142.540813,144,337.509521,0
Reinforced,149,A,200,-3.722459,40,144.637405,144,315.652144,0
Reinforced,150,A,200,110.742187,40,186.568103,144,334.810547,0
Reinforced,151,A,200,70.514450,40,136.188629,144,329.369186,0
Reinforced,152,A,200,21.562805,40,164.873813,144,334.457458,0
Reinforced,153,A,200,-10.000153,40,160.522274,144,342.318939,0
Reinforced,154,A,200,143.346338,40,111.158608,144,319.611963,0
Reinforced,155,A,200,92.126266,40,178.689690,144,305.262008,0
Reinforced,156,A,200,127.633972,40,152.602399,144,329.758972,0
Reinforced,157,A,200,-47.049866,40,179.524174,144,365.852112,0
Reinforced,158,A,200,71.026917,40,147.027314,144,359.079651,0
Reinforced,159,A,200,92.641450,40,165.725588,144,311.641440,0
Reinforced,160,A,200,44.570923,40,157.243186,144,349.142212,0
Reinforced,161,A,200,120.327101,40,140.197925,144,320.574659,0
Reinforced,162,A,200,72.223586,40,150.931854,144,316.103957,0
Reinforced,163,A,200,-7.501354,40,141.793873,144,353.188061,0
Reinforced,164,A,200,-61.999817,40,129.872788,144,352.386535,0
Reinforced,165,A,200,131.500854,40,165.578839,144,357.639526,0
Reinforced,166,A,200,171.599689,40,137.853099,144,323.099689,0
Reinforced,167,A,200,144.515190,40,103.215628,144,317.733940,0
Reinforced,168,A,200,38.807812,40,101.540643,144,282.311291,0
Reinforced,169,A,200,103.866196,40,137.777193,144,350.131821,0
Reinforced,170,A,200,135.852470,40,125.992031,144,336.100028,0
Reinforced,171,A,200,88.063889,40,151.519623,144,365.198654,0
Reinforced,172,A,200,17.680969,40,104.501060,144,341.221984,0
Reinforced,173,A,200,105.929718,40,119.534360,144,340.613312,0
Reinforced,174,A,200,-3.965445,40,162.594008,144,324.618887,0
Reinforced,175,A,200,-31.650839,40,103.308175,144,331.958212,0
Reinforced,176,A,200,178.742943,40,121.105962,144,322.742943,0
Reinforced,177,A,200,116.227417,40,160.248780,144,380.891479,0
Reinforced,178,A,200,63.636379,40,99.752432,144,313.378567,0
Reinforced,179,A,200,-13.380909,40,110.674711,144,339.158253,0
Reinforced,180,A,200,169.405270,40,119.497695,144,331.842770,0
Reinforced,181,A,200,46.705724,40,111.696547,144,303.556483,0
Reinforced,182,A,200,116.313095,40,171.566243,144,314.453720,0
Reinforced,183,A,200,88.627224,40,155.229935,144,357.821316,0
Reinforced,184,A,200,110.513153,40,168.601664,144,323.995270,0
Reinforced,185,A,200,109.753227,40,114.027940,144,355.935844,0
Reinforced,186,A,200,-73.015976,40,125.747963,144,357.015976,0
Reinforced,187,A,200,-51.303555,40,152.750984,144,346.866055,0
Reinforced,188,A,200,186.016827,40,115.311842,144,345.016827,0
Reinforced,189,A,200,54.728928,40,112.684303,144,268.715004,0
Reinforced,190,A,200,100.386499,40,148.190550,144,288.605249,0
Reinforced,191,A,200,85.640230,40,134.391346,144,302.530855,0
Reinforced,192,A,200,109.543570,40,148.579628,144,315.884269,0
Reinforced,193,A,200,-35.592651,40,131.155565,144,347.869019,0
Reinforced,194,A,200,100.019531,40,130.157548,144,329.956421,0
Reinforced,195,A,200,-50.064392,40,140.960366,144,362.829041,0
Reinforced,196,A,200,-46.588087,40,100.179882,144,348.986525,0
Reinforced,197,A,200,23.759079,40,167.152190,144,342.793259,0
Reinforced,198,A,200,112.193298,40,129.733974,144,363.927063,0
Reinforced,199,A,200,2.113647,40,185.868801,144,344.453491,0
Reinforced,0,A,400,28.374969,40,185.234808,144,372.118001,0
Reinforced,1,A,400,-58.376465,40,198.340144,144,415.010551,0
Reinforced,2,A,400,-32.772980,40,192.155889,144,443.658813,0
Reinforced,3,A,400,71.181934,40,166.425905,144,365.615131,0
Reinforced,4,A,400,17.367782,40,133.207739,144,393.226107,0
Reinforced,5,A,400,82.639436,40,191.125637,144,443.883240,0
Reinforced,6,A,400,168.759889,40,127.752941,144,397.642702,0
Reinforced,7,A,400,27.220914,40,220.505113,144,414.738365,0
Reinforced,8,A,400,118.964572,40,194.653623,144,453.715304,0
Reinforced,9,A,400,-35.339994,40,128.657962,144,460.171980,0
Reinforced,10,A,400,20.363262,40,164.264277,144,388.556134,0
Reinforced,11,A,400,-26.301299,40,165.454767,144,447.885449,0
Reinforced,12,A,400,6.699810,40,212.326245,144,418.815023,0
Reinforced,13,A,400,-4.849219,40,166.543920,144,381.396669,0
Reinforced,14,A,400,-112.991347,40,98.386716,144,400.702285,0
Reinforced,15,A,400,1.727268,40,188.535774,144,413.605648,0
Reinforced,16,A,400,-71.272087,40,116.762885,144,437.450356,0
Reinforced,17,A,400,83.910064,40,183.808699,144,430.651763,0
Reinforced,18,A,400,30.889311,40,207.261670,144,464.073195,0
Reinforced,19,A,400,-5.123635,40,219.133873,144,441.149619,0
Reinforced,20,A,400,164.955498,40,151.147136,144,431.020928,0
Reinforced,21,A,400,-101.340766,40,114.658466,144,440.908078,0
Reinforced,22,A,400,119.759261,40,138.562840,144,336.235991,0
Reinforced,23,A,400,-41.249691,40,152.768424,144,420.329609,0
Reinforced,24,A,400,-1.221909,40,146.038822,144,351.603573,0
Reinforced,25,A,400,-49.186039,40,183.777492,144,437.414211,0
Reinforced,26,A,400,144.840552,40,148.652828,144,398.078814,0
Reinforced,27,A,400,26.486812,40,194.034477,144,406.019648,0
Reinforced,28,A,400,-48.218318,40,157.936542,144,408.079121,0
Reinforced,29,A,400,68.481708,40,131.436975,144,390.835895,0
Reinforced,30,A,400,129.267950,40,166.870355,144,422.816290,0
Reinforced,31,A,400,85.725508,40,182.849689,144,461.959089,0
Reinforced,32,A,400,134.168038,40,172.676972,144,421.009835,0
Reinforced,33,A,400,21.342005,40,168.617880,144,417.600001,0
Reinforced,34,A,400,107.170159,40,177.144185,144,348.811761,0
Reinforced,35,A,400,99.139605,40,185.623215,144,463.427080,0
Reinforced,36,A,400,152.980450,40,161.927426,144,419.011700,0
Reinforced,37,A,400,133.813108,40,210.475821,144,489.978025,0
Reinforced,38,A,400,89.512920,40,198.949003,144,436.806034,0
Reinforced,39,A,400,37.905888,40,125.518889,144,426.855210,0
Reinforced,40,A,400,6.791277,40,105.822075,144,415.381330,0
Reinforced,41,A,400,10.290333,40,170.528076,144,417.707004,0
Reinforced,42,A,400,-99.702709,40,169.088227,144,429.932263,0
Reinforced,43,A,400,-37.748668,40,200.734091,144,423.493873,0
Reinforced,44,A,400,64.250870,40,178.636539,144,432.003310,0
Reinforced,45,A,400,143.676805,40,145.852600,144,396.368059,0
Reinforced,46,A,400,147.938985,40,190.956395,144,424.414570,0
Reinforced,47,A,400,-82.194146,40,149.291822,144,410.942071,0
Reinforced,48,A,400,37.186566,40,167.974279,144,379.815181,0
Reinforced,49,A,400,70.120837,40,204.480199,144,420.910083,0
Reinforced,50,A,400,9.899077,40,154.957900,144,411.120976,0
Reinforced,51,A,400,67.377248,40,138.662913,144,386.691684,0
Reinforced,52,A,400,-112.544469,40,182.626907,144,444.585831,0
Reinforced,53,A,400,6.524079,40,133.875141,144,460.331131,0
Reinforced,54,A,400,44.214208,40,158.124844,144,421.703512,0
Reinforced,55,A,400,2.439935,40,111.824921,144,382.410242,0
Reinforced,56,A,400,-90.423927,40,149.869412,144,425.010780,0
Reinforced,57,A,400,171.874388,40,177.161419,144,419.526732,0
Reinforced,58,A,400,-15.620780,40,205.033036,144,386.800784,0
Reinforced,59,A,400,34.227865,40,137.770577,144,402.599813,0
Reinforced,60,A,400,164.614677,40,195.122943,144,454.053520,0
Reinforced,61,A,400,29.400325,40,180.414100,144,397.661799,0
Reinforced,62,A,400,-62.834431,40,182.194658,144,418.956773,0
Reinforced,63,A,400,-16.528213,40,152.199204,144,411.564337,0
Reinforced,64,A,400,151.473272,40,157.892218,144,419.191376,0
Reinforced,65,A,400,-65.635850,40,144.779684,144,409.690629,0
Reinforced,66,A,400,102.769422,40,152.113967,144,452.667860,0
Reinforced,67,A,400,105.047346,40,158.175471,144,411.448450,0
Reinforced,68,A,400,0.537331,40,207.806239,144,399.504210,0
Reinforced,69,A,400,55.296962,40,174.580360,144,384.763080,0
Reinforced,70,A,400,23.238381,40,164.527198,144,398.557597,0
Reinforced,71,A,400,32.637544,40,208.231537,144,467.101249,0
Reinforced,72,A,400,132.100922,40,109.423096,144,408.195648,0
Reinforced,73,A,400,60.589857,40,175.970173,144,416.921095,0
Reinforced,74,A,400,-6.169163,40,126.413807,144,382.037258,0
Reinforced,75,A,400,-58.604073,40,170.562315,144,379.674386,0
Reinforced,76,A,400,-29.136877,40,214.243378,144,420.076670,0
Reinforced,77,A,400,113.968067,40,200.161291,144,444.824451,0
Reinforced,78,A,400,15.644143,40,171.812518,144,368.558093,0
Reinforced,79,A,400,108.263910,40,207.923147,144,471.542932,0
Reinforced,80,A,400,192.333488,40,183.470610,144,419.570793,0
Reinforced,81,A,400,87.502098,40,202.803514,144,440.147118,0
Reinforced,82,A,400,34.856438,40,211.131756,144,396.384514,0
Reinforced,83,A,400,-36.827321,40,199.621291,144,415.760716,0
Reinforced,84,A,400,4.476373,40,166.622579,144,401.140863,0
Reinforced,85,A,400,-55.254364,40,192.067556,144,457.720856,0
Reinforced,86,A,400,55.536287,40,117.005760,144,390.177042,0
Reinforced,87,A,400,185.749435,40,159.967735,144,436.897873,0
Reinforced,88,A,400,131.806499,40,171.545473,144,384.977032,0
Reinforced,89,A,400,193.955145,40,177.556191,144,392.896551,0
Reinforced,90,A,400,46.018943,40,198.114752,144,417.218955,0
Reinforced,91,A,400,143.043696,40,188.395275,144,422.848140,0
Reinforced,92,A,400,145.133834,40,205.199038,144,408.452376,0
Reinforced,93,A,400,19.462116,40,118.815875,144,316.390410,0
Reinforced,94,A,400,54.698856,40,184.260059,144,464.143058,0
Reinforced,95,A,400,-28.189496,40,191.954724,144,401.384955,0
Reinforced,96,A,400,185.783937,40,117.883889,144,454.842531,0
Reinforced,97,A,400,-1.181499,40,167.120128,144,371.852000,0
Reinforced,98,A,400,80.137194,40,141.658546,144,395.914461,0
Reinforced,99,A,400,40.722949,40,212.027581,144,404.152728,0
Reinforced,100,A,400,94.380262,40,132.436971,144,472.361890,0
Reinforced,101,A,400,14.620094,40,142.577472,144,354.254860,0
Reinforced,102,A,400,-59.751892,40,203.346267,144,453.189148,0
Reinforced,103,A,400,134.340134,40,182.689242,144,430.917648,0
Reinforced,104,A,400,107.747595,40,145.972169,144,435.939490,0
Reinforced,105,A,400,-33.614025,40,207.208286,144,461.718944,0
Reinforced,106,A,400,-45.729715,40,199.678609,144,460.173590,0
Reinforced,107,A,400,43.933969,40,132.935672,144,391.723029,0
Reinforced,108,A,400,75.257996,40,164.443947,144,424.115784,0
Reinforced,109,A,400,-9.765436,40,153.096088,144,410.866644,0
Reinforced,110,A,400,7.748590,40,145.938111,144,489.638556,0
Reinforced,111,A,400,-65.117764,40,153.534257,144,437.489871,0
Reinforced,112,A,400,12.355504,40,164.069574,144,491.644496,0
Reinforced,113,A,400,93.063018,40,136.516504,144,421.442863,0
Reinforced,114,A,400,171.187762,40,174.444547,144,385.802386,0
Reinforced,115,A,400,193.166960,40,154.276403,144,421.971648,0
Reinforced,116,A,400,23.657713,40,128.986340,144,328.582031,0
Reinforced,117,A,400,103.072846,40,149.144841,144,422.736737,0
Reinforced,118,A,400,-105.849502,40,174.236882,144,404.976150,0
Reinforced,119,A,400,96.025532,40,163.637227,144,383.985493,0
Reinforced,120,A,400,83.400668,40,139.506366,144,385.182040,0
Reinforced,121,A,400,102.287613,40,118.017930,144,370.764846,0
Reinforced,122,A,400,-38.490676,40,190.675727,144,447.231276,0
Reinforced,123,A,400,41.399412,40,196.145847,144,434.715284,0
Reinforced,124,A,400,-26.333339,40,154.413491,144,415.991661,0
Reinforced,125,A,400,-34.279788,40,164.859273,144,438.098460,0
Reinforced,126,A,400,92.649243,40,122.305621,144,378.065258,0
Reinforced,127,A,400,143.138962,40,146.470625,144,471.112350,0
Reinforced,128,A,400,98.527879,40,184.149558,144,438.184427,0
Reinforced,129,A,400,130.055126,40,178.046975,144,374.318798,0
Reinforced,130,A,400,8.357801,40,123.926953,144,479.251112,0
Reinforced,131,A,400,61.862678,40,170.617293,144,403.793205,0
Reinforced,132,A,400,-118.589317,40,138.449414,144,432.878586,0
Reinforced,133,A,400,-11.242917,40,208.237784,144,394.939228,0
Reinforced,134,A,400,150.960009,40,186.144596,144,397.694375,0
Reinforced,135,A,400,-97.172114,40,121.208390,144,382.109614,0
Reinforced,136,A,400,76.547327,40,175.616248,144,457.916502,0
Reinforced,137,A,400,113.972051,40,187.634936,144,372.918187,0
Reinforced,138,A,400,131.868000,40,218.962599,144,449.847034,0
Reinforced,139,A,400,11.307507,40,182.349577,144,460.322460,0
Reinforced,140,A,400,48.208485,40,181.227448,144,453.863720,0
Reinforced,141,A,400,76.551529,40,166.887215,144,426.967545,0
Reinforced,142,A,400,-86.995774,40,192.870519,144,478.393387,0
Reinforced,143,A,400,68.842454,40,170.356292,144,445.761146,0
Reinforced,144,A,400,169.067417,40,201.092820,144,446.323033,0
Reinforced,145,A,400,21.865234,40,187.415217,144,502.975830,0
Reinforced,146,A,400,147.620387,40,179.168193,144,402.506007,0
Reinforced,147,A,400,57.986111,40,155.619402,144,382.186277,0
Reinforced,148,A,400,197.947407,40,179.748796,144,437.562641,0
Reinforced,149,A,400,-7.223959,40,154.166927,144,362.069811,0
Reinforced,150,A,400,134.579161,40,213.538455,144,384.312804,0
Reinforced,151,A,400,70.300541,40,196.065780,144,408.254398,0
Reinforced,152,A,400,-16.187506,40,174.837940,144,423.041204,0
Reinforced,153,A,400,19.536181,40,179.381898,144,409.937700,0
Reinforced,154,A,400,106.488457,40,167.877140,144,428.584084,0
Reinforced,155,A,400,91.246991,40,186.282795,144,381.705006,0
Reinforced,156,A,400,173.872288,40,205.853057,144,414.471371,0
Reinforced,157,A,400,-29.447155,40,190.420941,144,458.220104,0
Reinforced,158,A,400,58.185010,40,201.523028,144,438.370217,0
Reinforced,159,A,400,71.967583,40,167.807735,144,384.793111,0
Reinforced,160,A,400,17.629833,40,167.725388,144,409.518779,0
Reinforced,161,A,400,140.812370,40,179.788454,144,374.807483,0
Reinforced,162,A,400,87.372110,40,161.537847,144,373.895303,0
Reinforced,163,A,400,16.202540,40,144.718148,144,429.452990,0
Reinforced,164,A,400,-63.968652,40,136.515021,144,426.987198,0
Reinforced,165,A,400,178.764719,40,169.099238,144,404.903391,0
Reinforced,166,A,400,181.554698,40,138.158267,144,408.907664,0
Reinforced,167,A,400,164.998436,40,135.613502,144,353.373436,0
Reinforced,168,A,400,-13.809124,40,101.884686,144,362.251032,0
Reinforced,169,A,400,189.630270,40,144.193008,144,460.300192,0
Reinforced,170,A,400,142.095615,40,129.332090,144,408.409457,0
Reinforced,171,A,400,84.302194,40,149.637464,144,424.536478,0
Reinforced,172,A,400,-29.507752,40,137.431054,144,432.675766,0
Reinforced,173,A,400,-4.500322,40,189.690775,144,495.030607,0
Reinforced,174,A,400,44.700453,40,173.683802,144,416.082022,0
Reinforced,175,A,400,-53.684215,40,139.567113,144,415.788463,0
Reinforced,176,A,400,253.461334,40,155.413349,144,419.961334,0
Reinforced,177,A,400,71.069594,40,164.608888,144,436.553968,0
Reinforced,178,A,400,-33.314071,40,107.318946,144,423.620881,0
Reinforced,179,A,400,-94.040905,40,125.796334,144,423.473034,0
Reinforced,180,A,400,136.788635,40,119.096063,144,416.315978,0
Reinforced,181,A,400,11.337108,40,164.794507,144,365.674499,0
Reinforced,182,A,400,161.121216,40,201.678629,144,383.211426,0
Reinforced,183,A,400,24.340627,40,204.134742,144,465.480825,0
Reinforced,184,A,400,131.395292,40,192.945275,144,402.215666,0
Reinforced,185,A,400,21.998367,40,142.086550,144,473.012527,0
Reinforced,186,A,400,-61.772497,40,144.367390,144,454.933797,0
Reinforced,187,A,400,-102.892414,40,170.590840,144,415.185795,0
Reinforced,188,A,400,176.231508,40,138.318375,144,460.362123,0
Reinforced,189,A,400,59.636925,40,205.559211,144,367.657549,0
Reinforced,190,A,400,17.122087,40,142.558224,144,399.664568,0
Reinforced,191,A,400,129.270062,40,141.300046,144,378.228253,0
Reinforced,192,A,400,57.798060,40,160.922213,144,413.862916,0
Reinforced,193,A,400,-95.255318,40,129.953055,144,416.409930,0
Reinforced,194,A,400,117.815952,40,163.000022,144,430.369953,0
Reinforced,195,A,400,-93.045416,40,140.713295,144,427.992681,0
Reinforced,196,A,400,-55.742771,40,148.513057,144,400.162006,0
Reinforced,197,A,400,51.516309,40,207.738185,144,414.296826,0
Reinforced,198,A,400,-5.171242,40,162.679411,144,489.458565,0
Reinforced,199,A,400,-65.507059,40,201.134590,144,445.509542,0
Reinforced,0,B,0,-70.000000,40,107.214973,144,214.000000,0
Reinforced,1,B,0,-70.000000,40,107.214973,144,214.000000,0
Reinforced,2,B,0,-70.000000,40,107.214973,144,214.000000,0
Reinforced,3,B,0,-70.000000,40,107.214973,144,214.000000,0
Reinforced,4,B,0,-70.000000,40,107.214973,144,214.000000,0
Reinforced,5,B,0,-70.000000,40,107.214973,144,214.000000,0
Reinforced,6,B,0,-70.000000,40,107.214973,144,214.000000,0
Reinforced,7,B,0,-70.000000,40,107.214973,144,214.000000,0
Reinforced,8,B,0,-70.000000,40,107.214973,144,214.000000,0
Reinforced,9,B,0,-70.000000,40,107.214973,144,214.000000,0
Reinforced,10,B,0,-70.000000,40,107.214973,144,214.000000,0
Reinforced,11,B,0,-70.000000,40,107.214973,144,214.000000,0
Reinforced,12,B,0,-70.000000,40,107.214973,144,214.000000,0
Reinforced,13,B,0,-70.000000,40,107.214973,144,214.000000,0
Reinforced,14,B,0,-70.000000,40,107.214973,144,214.000000,0
Reinforced,15,B,0,-70.000000,40,107.214973,144,214.000000,0
Reinforced,16,B,0,-70.000000,40,107.214973,144,214.000000,0
Reinforced,17,B,0,-70.000000,40,107.214973,144,214.000000,0
Reinforced,18,B,0,-70.000000,40,107.214973,144,214.000000,0
Reinforced,19,B,0,-70.000000,40,107.214973,144,214.000000,0
Reinforced,20,B,0,-70.000000,40,107.214973,144,214.000000,0
Reinforced,21,B,0,-70.000000,40,107.214973,144,214.000000,0
Reinforced,22,B,0,-70.000000,40,107.214973,144,214.000000,0
Reinforced,23,B,0,-70.000000,40,107.214973,144,214.000000,0
Reinforced,24,B,0,-70.000000,40,107.214973,144,214.000000,0
Reinforced,25,B,0,-70.000000,40,107.214973,144,214.000000,0
Reinforced,26,B,0,-70.000000,40,107.214973,144,214.000000,0
Reinforced,27,B,0,-70.000000,40,107.214973,144,214.000000,0
Reinforced,28,B,0,-70.000000,40,107.214973,144,214.000000,0
Reinforced,29,B,0,-70.000000,40,107.214973,144,214.000000,0
Reinforced,30,B,0,-70.000000,40,107.214973,144,214.000000,0
Reinforced,31,B,0,-70.000000,40,107.214973,144,214.000000,0
Reinforced,32,B,0,-70.000000,40,107.214973,144,214.000000,0
Reinforced,33,B,0,-70.000000,40,107.214973,144,214.000000,0
Reinforced,34,B,0,-70.000000,40,107.214973,144,214.000000,0
Reinforced,35,B,0,-70.000000,40,107.214973,144,214.000000,0
Reinforced,36,B,0,-70.000000,40,107.214973,144,214.000000,0
Reinforced,37,B,0,-70.000000,40,107.214973,144,214.000000,0
Reinforced,38,B,0,-70.000000,40,107.214973,144,214.000000,0
Reinforced,39,B,0,-70.000000,40,107.214973,144,214.000000,0
Reinforced,40,B,0,-70.000000,40,107.214973,144,214.000000,0
Reinforced,41,B,0,-70.000000,40,107.214973,144,214.000000,0
Reinforced,42,B,0,-70.000000,40,107.214973,144,214.000000,0
Reinforced,43,B,0,-70.000000,40,107.214973,144,214.000000,0
Reinforced,44,B,0,-70.000000,40,107.214973,144,214.000000,0
Reinforced,45,B,0,-70.000000,40,107.214973,144,214.000000,0
Reinforced,46,B,0,-70.000000,40,107.214973,144,214.000000,0
Reinforced,47,B,0,-70.000000,40,107.214973,144,214.000000,0
Reinforced,48,B,0,-70.000000,40,107.214973,144,214.000000,0
Reinforced,49,B,0,-70.000000,40,107.214973,144,214.000000,0
Reinforced,50,B,0,-70.000000,40,107.214973,144,214.000000,0
Reinforced,51,B,0,-70.000000,40,107.214973,144,214.000000,0
Reinforced,52,B,0,-70.000000,40,107.214973,144,214.000000,0
Reinforced,53,B,0,-70.000000,40,107.214973,144,214.000000,0
Reinforced,54,B,0,-70.000000,40,107.214973,144,214.000000,0
Reinforced,55,B,0,-70.000000,40,107.214973,144,214.000000,0
Reinforced,56,B,0,-70.000000,40,107.214973,144,214.000000,0
Reinforced,57,B,0,-70.000000,40,107.214973,144,214.000000,0
Reinforced,58,B,0,-70.000000,40,107.214973,144,214.000000,0
Reinforced,59,B,0,-70.000000,40,107.214973,144,214.000000,0
Reinforced,60,B,0,-70.000000,40,107.214973,144,214.000000,0
Reinforced,61,B,0,-70.000000,40,107.214973,144,214.000000,0
Reinforced,62,B,0,-70.000000,40,107.214973,144,214.000000,0
Reinforced,63,B,0,-70.000000,40,107.214973,144,214.000000,0
Reinforced,64,B,0,-70.000000,40,107.214973,144,214.000000,0
Reinforced,65,B,0,-70.000000,40,107.214973,144,214.000000,0
Reinforced,66,B,0,-70.000000,40,107.214973,144,214.000000,0
Reinforced,67,B,0,-70.000000,40,107.214973,144,214.000000,0
Reinforced,68,B,0,-70.000000,40,107.214973,144,214.000000,0
Reinforced,69,B,0,-70.000000,40,107.214973,144,214.000000,0
Reinforced,70,B,0,-70.000000,40,107.214973,144,214.000000,0
Reinforced,71,B,0,-70.000000,40,107.214973,144,214.000000,0
Reinforced,72,B,0,-70.000000,40,107.214973,144,214.000000,0
Reinforced,73,B,0,-70.000000,40,107.214973,144,214.000000,0
Reinforced,74,B,0,-70.000000,40,107.214973,144,214.000000,0
Reinforced,75,B,0,-70.000000,40,107.214973,144,214.000000,0
Reinforced,76,B,0,-70.000000,40,107.214973,144,214.000000,0
Reinforced,77,B,0,-70.000000,40,107.214973,144,214.000000,0
Reinforced,78,B,0,-70.000000,40,107.214973,144,214.000000,0
Reinforced,79,B,0,-70.000000,40,107.214973,144,214.000000,0
Reinforced,80,B,0,-70.000000,40,107.214973,144,214.000000,0
Reinforced,81,B,0,-70.000000,40,107.214973,144,214.000000,0
Reinforced,82,B,0,-70.000000,40,107.214973,144,214.000000,0
Reinforced,83,B,0,-70.000000,40,107.214973,144,214.000000,0
Reinforced,84,B,0,-70.000000,40,107.214973,144,214.000000,0
Reinforced,85,B,0,-70.000000,40,107.214973,144,214.000000,0
Reinforced,86,B,0,-70.000000,40,107.214973,144,214.000000,0
Reinforced,87,B,0,-70.000000,40,107.214973,144,214.000000,0
Reinforced,88,B,0,-70.000000,40,107.214973,144,214.000000,0
Reinforced,89,B,0,-70.000000,40,107.214973,144,214.000000,0
Reinforced,90,B,0,-70.000000,40,107.214973,144,214.000000,0
Reinforced,91,B,0,-70.000000,40,107.214973,144,214.000000,0
Reinforced,92,B,0,-70.000000,40,107.214973,144,214.000000,0
Reinforced,93,B,0,-70.000000,40,107.214973,144,214.000000,0
Reinforced,94,B,0,-70.000000,40,107.214973,144,214.000000,0
Reinforced,95,B,0,-70.000000,40,107.214973,144,214.000000,0
Reinforced,96,B,0,-70.000000,40,107.214973,144,214.000000,0
Reinforced,97,B,0,-70.000000,40,107.214973,144,214.000000,0
Reinforced,98,B,0,-70.000000,40,107.214973,144,214.000000,0
Reinforced,99,B,0,-70.000000,40,107.214973,144,214.000000,0
Reinforced,100,B,0,-70.000000,40,107.214973,144,214.000000,0
Reinforced,101,B,0,-70.000000,40,107.214973,144,214.000000,0
Reinforced,102,B,0,-70.000000,40,107.214973,144,214.000000,0
Reinforced,103,B,0,-70.000000,40,107.214973,144,214.000000,0
Reinforced,104,B,0,-70.000000,40,107.214973,144,214.000000,0
Reinforced,105,B,0,-70.000000,40,107.214973,144,214.000000,0
Reinforced,106,B,0,-70.000000,40,107.214973,144,214.000000,0
Reinforced,107,B,0,-70.000000,40,107.214973,144,214.000000,0
Reinforced,108,B,0,-70.000000,40,107.214973,144,214.000000,0
Reinforced,109,B,0,-70.000000,40,107.214973,144,214.000000,0
Reinforced,110,B,0,-70.000000,40,107.214973,144,214.000000,0
Reinforced,111,B,0,-70.000000,40,107.214973,144,214.000000,0
Reinforced,112,B,0,-70.000000,40,107.214973,144,214.000000,0
Reinforced,113,B,0,-70.000000,40,107.214973,144,214.000000,0
Reinforced,114,B,0,-70.000000,40,107.214973,144,214.000000,0
Reinforced,115,B,0,-70.000000,40,107.214973,144,214.000000,0
Reinforced,116,B,0,-70.000000,40,107.214973,144,214.000000,0
Reinforced,117,B,0,-70.000000,40,107.214973,144,214.000000,0
Reinforced,118,B,0,-70.000000,40,107.214973,144,214.000000,0
Reinforced,119,B,0,-70.000000,40,107.214973,144,214.000000,0
Reinforced,120,B,0,-70.000000,40,107.214973,144,214.000000,0
Reinforced,121,B,0,-70.000000,40,107.214973,144,214.000000,0
Reinforced,122,B,0,-70.000000,40,107.214973,144,214.000000,0
Reinforced,123,B,0,-70.000000,40,107.214973,144,214.000000,0
Reinforced,124,B,0,-70.000000,40,107.214973,144,214.000000,0
Reinforced,125,B,0,-70.000000,40,107.214973,144,214.000000,0
Reinforced,126,B,0,-70.000000,40,107.214973,144,214.000000,0
Reinforced,127,B,0,-70.000000,40,107.214973,144,214.000000,0
Reinforced,128,B,0,-70.000000,40,107.214973,144,214.000000,0
Reinforced,129,B,0,-70.000000,40,107.214973,144,214.000000,0
Reinforced,130,B,0,-70.000000,40,107.214973,144,214.000000,0
Reinforced,131,B,0,-70.000000,40,107.214973,144,214.000000,0
Reinforced,132,B,0,-70.000000,40,107.214973,144,214.000000,0
Reinforced,133,B,0,-70.000000,40,107.214973,144,214.000000,0
Reinforced,134,B,0,-70.000000,40,107.214973,144,214.000000,0
Reinforced,135,B,0,-70.000000,40,107.214973,144,214.000000,0
Reinforced,136,B,0,-70.000000,40,107.214973,144,214.000000,0
Reinforced,137,B,0,-70.000000,40,107.214973,144,214.000000,0
Reinforced,138,B,0,-70.000000,40,107.214973,144,214.000000,0
Reinforced,139,B,0,-70.000000,40,107.214973,144,214.000000,0
Reinforced,140,B,0,-70.000000,40,107.214973,144,214.000000,0
Reinforced,141,B,0,-70.000000,40,107.214973,144,214.000000,0
Reinforced,142,B,0,-70.000000,40,107.214973,144,214.000000,0
Reinforced,143,B,0,-70.000000,40,107.214973,144,214.000000,0
Reinforced,144,B,0,-70.000000,40,107.214973,144,214.000000,0
Reinforced,145,B,0,-70.000000,40,107.214973,144,214.000000,0
Reinforced,146,B,0,-70.000000,40,107.214973,144,214.000000,0
Reinforced,147,B,0,-70.000000,40,107.214973,144,214.000000,0
Reinforced,148,B,0,-70.000000,40,107.214973,144,214.000000,0
Reinforced,149,B,0,-70.000000,40,107.214973,144,214.000000,0
Reinforced,150,B,0,-70.000000,40,107.214973,144,214.000000,0
Reinforced,151,B,0,-70.000000,40,107.214973,144,214.000000,0
Reinforced,152,B,0,-70.000000,40,107.214973,144,214.000000,0
Reinforced,153,B,0,-70.000000,40,107.214973,144,214.000000,0
Reinforced,154,B,0,-70.000000,40,107.214973,144,214.000000,0
Reinforced,155,B,0,-70.000000,40,107.214973,144,214.000000,0
Reinforced,156,B,0,-70.000000,40,107.214973,144,214.000000,0
Reinforced,157,B,0,-70.000000,40,107.214973,144,214.000000,0
Reinforced,158,B,0,-70.000000,40,107.214973,144,214.000000,0
Reinforced,159,B,0,-70.000000,40,107.214973,144,214.000000,0
Reinforced,160,B,0,-70.000000,40,107.214973,144,214.000000,0
Reinforced,161,B,0,-70.000000,40,107.214973,144,214.000000,0
Reinforced,162,B,0,-70.000000,40,107.214973,144,214.000000,0
Reinforced,163,B,0,-70.000000,40,107.214973,144,214.000000,0
Reinforced,164,B,0,-70.000000,40,107.214973,144,214.000000,0
Reinforced,165,B,0,-70.000000,40,107.214973,144,214.000000,0
Reinforced,166,B,0,-70.000000,40,107.214973,144,214.000000,0
Reinforced,167,B,0,-70.000000,40,107.214973,144,214.000000,0
Reinforced,168,B,0,-70.000000,40,107.214973,144,214.000000,0
Reinforced,169,B,0,-70.000000,40,107.214973,144,214.000000,0
Reinforced,170,B,0,-70.000000,40,107.214973,144,214.000000,0
Reinforced,171,B,0,-70.000000,40,107.214973,144,214.000000,0
Reinforced,172,B,0,-70.000000,40,107.214973,144,214.000000,0
Reinforced,173,B,0,-70.000000,40,107.214973,144,214.000000,0
Reinforced,174,B,0,-70.000000,40,107.214973,144,214.000000,0
Reinforced,175,B,0,-70.000000,40,107.214973,144,214.000000,0
Reinforced,176,B,0,-70.000000,40,107.214973,144,214.000000,0
Reinforced,177,B,0,-70.000000,40,107.214973,144,214.000000,0
Reinforced,178,B,0,-70.000000,40,107.214973,144,214.000000,0
Reinforced,179,B,0,-70.000000,40,107.214973,144,214.000000,0
Reinforced,180,B,0,-70.000000,40,107.214973,144,214.000000,0
Reinforced,181,B,0,-70.000000,40,107.214973,144,214.000000,0
Reinforced,182,B,0,-70.000000,40,107.214973,144,214.000000,0
Reinforced,183,B,0,-70.000000,40,107.214973,144,214.000000,0
Reinforced,184,B,0,-70.000000,40,107.214973,144,214.000000,0
Reinforced,185,B,0,-70.000000,40,107.214973,144,214.000000,0
Reinforced,186,B,0,-70.000000,40,107.214973,144,214.000000,0
Reinforced,187,B,0,-70.000000,40,107.214973,144,214.000000,0
Reinforced,188,B,0,-70.000000,40,107.214973,144,214.000000,0
Reinforced,189,B,0,-70.000000,40,107.214973,144,214.000000,0
Reinforced,190,B,0,-70.000000,40,107.214973,144,214.000000,0
Reinforced,191,B,0,-70.000000,40,107.214973,144,214.000000,0
Reinforced,192,B,0,-70.000000,40,107.214973,144,214.000000,0
Reinforced,193,B,0,-70.000000,40,107.214973,144,214.000000,0
Reinforced,194,B,0,-70.000000,40,107.214973,144,214.000000,0
Reinforced,195,B,0,-70.000000,40,107.214973,144,214.000000,0
Reinforced,196,B,0,-70.000000,40,107.214973,144,214.000000,0
Reinforced,197,B,0,-70.000000,40,107.214973,144,214.000000,0
Reinforced,198,B,0,-70.000000,40,107.214973,144,214.000000,0
Reinforced,199,B,0,-70.000000,40,107.214973,144,214.000000,0
Reinforced,0,B,100,-117.114258,40,126.093495,144,280.486816,0
Reinforced,1,B,100,-146.821203,40,123.478407,144,290.821203,0
Reinforced,2,B,100,-162.562256,40,140.021353,144,306.562256,0
Reinforced,3,B,100,-36.932373,40,114.938404,144,281.242432,0
Reinforced,4,B,100,-96.193695,40,164.483761,144,296.287445,0
Reinforced,5,B,100,-94.274292,40,145.846686,144,275.657104,0
Reinforced,6,B,100,-145.955658,40,122.666929,144,289.955658,0
Reinforced,7,B,100,-124.644775,40,141.937699,144,285.519775,0
Reinforced,8,B,100,-66.131668,40,100.043675,144,265.727219,0
Reinforced,9,B,100,-140.268097,40,117.440837,144,284.268097,0
Reinforced,10,B,100,-24.209557,40,162.523642,144,288.441490,0
Reinforced,11,B,100,-105.848999,40,105.552954,144,281.704468,0
Reinforced,12,B,100,-107.490196,40,138.916004,144,280.162071,0
Reinforced,13,B,100,-103.750305,40,144.314630,144,275.874084,0
Reinforced,14,B,100,-101.015549,40,112.684319,144,276.109299,0
Reinforced,15,B,100,-101.072845,40,173.224900,144,296.635345,0
Reinforced,16,B,100,-91.971283,40,141.616437,144,286.283783,0
Reinforced,17,B,100,-72.162457,40,114.518057,144,278.926128,0
Reinforced,18,B,100,-77.181702,40,111.017823,144,247.431702,0
Reinforced,19,B,100,-112.360840,40,121.158000,144,276.340088,0
Reinforced,20,B,100,-67.296753,40,105.003762,144,297.545532,0
Reinforced,21,B,100,-25.014648,40,107.539455,144,277.276367,0
Reinforced,22,B,100,-84.715576,40,134.548687,144,292.114014,0
Reinforced,23,B,100,-54.204102,40,149.342655,144,298.477539,0
Reinforced,24,B,100,-46.399078,40,115.229727,144,263.977570,0
Reinforced,25,B,100,-54.365005,40,128.035896,144,269.615005,0
Reinforced,26,B,100,-108.424988,40,120.398894,144,267.424988,0
Reinforced,27,B,100,-17.026520,40,105.091401,144,283.360199,0
Reinforced,28,B,100,-54.588242,40,99.911429,144,267.650742,0
Reinforced,29,B,100,-89.547882,40,148.190615,144,262.141632,0
Reinforced,30,B,100,-81.994934,40,114.715732,144,309.622253,0
Reinforced,31,B,100,-126.134033,40,138.723605,144,287.009033,0
Reinforced,32,B,100,-66.329346,40,158.434375,144,283.449463,0
Reinforced,33,B,100,-52.506714,40,181.048368,144,286.350464,0
Reinforced,34,B,100,-99.577026,40,110.561532,144,262.912964,0
Reinforced,35,B,100,-23.598785,40,102.730005,144,267.842621,0
Reinforced,36,B,100,-78.254166,40,136.561095,144,257.058853,0
Reinforced,37,B,100,-124.000549,40,120.829405,144,277.375549,0
Reinforced,38,B,100,-73.115692,40,109.319746,144,263.978485,0
Reinforced,39,B,100,-55.988464,40,121.032880,144,270.452332,0
Reinforced,40,B,100,13.583984,40,121.147631,144,303.580078,0
Reinforced,41,B,100,-53.111572,40,145.528660,144,301.799072,0
Reinforced,42,B,100,-110.727539,40,147.959396,144,297.461914,0
Reinforced,43,B,100,-105.939331,40,135.010568,144,276.658081,0
Reinforced,44,B,100,-1.640625,40,159.283366,144,294.449219,0
Reinforced,45,B,100,-18.303223,40,104.802080,144,291.614746,0
Reinforced,46,B,100,-128.806152,40,156.901346,144,316.399902,0
Reinforced,47,B,100,-64.354858,40,125.882271,144,271.459717,0
Reinforced,48,B,100,-64.710083,40,137.322264,144,273.072876,0
Reinforced,49,B,100,6.521912,40,124.967127,144,290.521912,0
Reinforced,50,B,100,-16.639977,40,103.348122,144,292.905602,0
Reinforced,51,B,100,-60.253296,40,117.111305,144,267.056030,0
Reinforced,52,B,100,-111.139984,40,103.276198,144,294.514984,0
Reinforced,53,B,100,-84.745331,40,131.017690,144,270.610565,0
Reinforced,54,B,100,-124.836416,40,119.652948,144,276.336416,0
Reinforced,55,B,100,-70.870972,40,106.359130,144,279.435181,0
Reinforced,56,B,100,-10.302734,40,125.167547,144,305.513672,0
Reinforced,57,B,100,-84.644775,40,138.317932,144,313.176025,0
Reinforced,58,B,100,-44.908447,40,119.610714,144,268.427490,0
Reinforced,59,B,100,-74.606895,40,136.420126,144,241.106895,0
Reinforced,60,B,100,-73.999023,40,110.969181,144,298.233398,0
Reinforced,61,B,100,-62.342491,40,132.142580,144,265.480675,0
Reinforced,62,B,100,-41.159058,40,165.161815,144,286.799683,0
Reinforced,63,B,100,-39.940796,40,123.725100,144,288.059448,0
Reinforced,64,B,100,-141.518555,40,123.762498,144,285.518555,0
Reinforced,65,B,100,-123.964233,40,136.273417,144,285.464233,0
Reinforced,66,B,100,-21.877747,40,94.845398,144,281.336121,0
Reinforced,67,B,100,-113.459778,40,118.845259,144,266.834778,0
Reinforced,68,B,100,-85.364838,40,109.132511,144,259.042572,0
Reinforced,69,B,100,17.659912,40,126.366256,144,304.706787,0
Reinforced,70,B,100,-63.340225,40,104.489371,144,254.163956,0
Reinforced,71,B,100,-116.159668,40,133.503116,144,289.808105,0
Reinforced,72,B,100,-83.668203,40,132.780216,144,280.949453,0
Reinforced,73,B,100,-58.098755,40,102.235586,144,277.372192,0
Reinforced,74,B,100,-111.380157,40,151.926827,144,279.911407,0
Reinforced,75,B,100,-141.590424,40,141.417449,144,285.590424,0
Reinforced,76,B,100,-48.747406,40,127.744975,144,256.355804,0
Reinforced,77,B,100,-38.355713,40,96.466971,144,298.840088,0
Reinforced,78,B,100,-145.838013,40,117.443984,144,297.338013,0
Reinforced,79,B,100,-97.910156,40,149.000759,144,261.519531,0
Reinforced,80,B,100,-60.700684,40,137.509635,144,269.544434,0
Reinforced,81,B,100,-102.579193,40,117.257875,144,291.261810,0
Reinforced,82,B,100,-7.592201,40,105.746071,144,280.314049,0
Reinforced,83,B,100,-92.164609,40,100.419439,144,256.164609,0
Reinforced,84,B,100,-83.426361,40,137.725285,144,279.438080,0
Reinforced,85,B,100,-80.201254,40,123.217247,144,256.076254,0
Reinforced,86,B,100,-36.356812,40,142.984136,144,291.195435,0
Reinforced,87,B,100,-24.969482,40,147.882939,144,303.161377,0
Reinforced,88,B,100,-53.056641,40,137.132573,144,271.744141,0
Reinforced,89,B,100,-88.565979,40,109.395322,144,259.284729,0
Reinforced,90,B,100,-60.063438,40,96.487738,144,251.123985,0
Reinforced,91,B,100,-127.207031,40,140.599103,144,288.707031,0
Reinforced,92,B,100,-24.047012,40,131.004214,144,274.608749,0
Reinforced,93,B,100,-66.537018,40,121.327452,144,285.107025,0
Reinforced,94,B,100,-128.543396,40,122.423370,144,272.543396,0
Reinforced,95,B,100,-60.156097,40,165.442590,144,283.814301,0
Reinforced,96,B,100,-122.900391,40,122.805931,144,283.775391,0
Reinforced,97,B,100,-100.054283,40,126.836983,144,262.804283,0
Reinforced,98,B,100,-31.625977,40,139.323552,144,302.603516,0
Reinforced,99,B,100,-69.369469,40,169.645949,144,266.416344,0
Reinforced,100,B,100,-73.391495,40,103.141850,144,260.985245,0
Reinforced,101,B,100,-40.407715,40,145.898339,144,296.517090,0
Reinforced,102,B,100,-133.825054,40,127.748305,144,285.325054,0
Reinforced,103,B,100,-31.328125,40,130.485256,144,323.414062,0
Reinforced,104,B,100,-134.531250,40,112.375594,144,301.031250,0
Reinforced,105,B,100,-119.304199,40,133.196874,144,298.304199,0
Reinforced,106,B,100,-81.625061,40,128.745419,144,258.007874,0
Reinforced,107,B,100,-32.821655,40,118.732988,144,291.704468,0
Reinforced,108,B,100,-61.016197,40,103.718875,144,269.386314,0
Reinforced,109,B,100,-44.085693,40,126.745796,144,289.255127,0
Reinforced,110,B,100,-42.331848,40,125.299249,144,286.214050,0
Reinforced,111,B,100,-41.917572,40,153.457679,144,273.183197,0
Reinforced,112,B,100,-90.336609,40,114.131841,144,271.524109,0
Reinforced,113,B,100,-40.956430,40,119.133563,144,270.688833,0
Reinforced,114,B,100,-81.263351,40,111.940785,144,272.568039,0
Reinforced,115,B,100,4.774170,40,93.952419,144,293.412842,0
Reinforced,116,B,100,-45.058746,40,104.227188,144,255.093597,0
Reinforced,117,B,100,-59.502106,40,101.490214,144,260.217804,0
Reinforced,118,B,100,-99.046631,40,125.885058,144,314.765381,0
Reinforced,119,B,100,-111.009369,40,144.898984,144,297.431244,0
Reinforced,120,B,100,-96.193237,40,133.046965,144,259.411987,0
Reinforced,121,B,100,-57.770691,40,117.088516,144,310.520691,0
Reinforced,122,B,100,-56.347656,40,133.110471,144,297.359375,0
Reinforced,123,B,100,-67.765961,40,159.859133,144,277.342133,0
Reinforced,124,B,100,-64.472656,40,147.935415,144,297.681641,0
Reinforced,125,B,100,-142.641602,40,124.616922,144,309.141602,0
Reinforced,126,B,100,-40.696793,40,132.448337,144,273.417496,0
Reinforced,127,B,100,-5.517883,40,98.922878,144,294.478210,0
Reinforced,128,B,100,-129.516602,40,110.155752,144,283.477539,0
Reinforced,129,B,100,-29.451904,40,144.186077,144,277.795166,0
Reinforced,130,B,100,-112.968578,40,160.799213,144,276.343578,0
Reinforced,131,B,100,-103.767052,40,154.255704,144,272.063927,0
Reinforced,132,B,100,-100.165405,40,118.556579,144,286.431030,0
Reinforced,133,B,100,-87.697754,40,161.123214,144,270.447754,0
Reinforced,134,B,100,-60.187683,40,118.892629,144,279.324402,0
Reinforced,135,B,100,-74.390256,40,131.323653,144,259.249631,0
Reinforced,136,B,100,20.399780,40,150.433665,144,304.399780,0
Reinforced,137,B,100,-54.851074,40,106.363817,144,264.300293,0
Reinforced,138,B,100,-48.727417,40,138.096349,144,306.750854,0
Reinforced,139,B,100,-81.054688,40,112.247500,144,285.660156,0
Reinforced,140,B,100,-73.329468,40,168.890255,144,292.309937,0
Reinforced,141,B,100,-48.290405,40,101.744575,144,271.431030,0
Reinforced,142,B,100,-108.144531,40,125.533835,144,270.889648,0
Reinforced,143,B,100,-18.156738,40,137.534947,144,306.819824,0
Reinforced,144,B,100,-7.788105,40,112.688367,144,293.858379,0
Reinforced,145,B,100,-44.845428,40,157.707797,144,267.361053,0
Reinforced,146,B,100,-71.048584,40,139.396011,144,275.517334,0
Reinforced,147,B,100,-131.606445,40,151.932805,144,293.106445,0
Reinforced,148,B,100,-16.798706,40,129.404226,144,285.326294,0
Reinforced,149,B,100,-28.180847,40,123.828237,144,277.800964,0
Reinforced,150,B,100,-59.754639,40,132.799614,144,295.239014,0
Reinforced,151,B,100,-97.528667,40,116.716323,144,260.273785,0
Reinforced,152,B,100,-89.638672,40,134.778357,144,271.294922,0
Reinforced,153,B,100,-57.819824,40,115.465435,144,291.663574,0
Reinforced,154,B,100,-61.293793,40,129.766196,144,276.348480,0
Reinforced,155,B,100,-22.947083,40,136.374223,144,267.607483,0
Reinforced,156,B,100,-18.500977,40,146.267662,144,284.971679,0
Reinforced,157,B,100,-75.490303,40,166.928257,144,254.490303,0
Reinforced,158,B,100,5.398560,40,124.951098,144,300.022339,0
Reinforced,159,B,100,-73.244533,40,142.900474,144,244.412502,0
Reinforced,160,B,100,-1.401367,40,123.318709,144,300.791992,0
Reinforced,161,B,100,-51.058350,40,120.803775,144,274.179443,0
Reinforced,162,B,100,-33.456726,40,104.497408,144,256.767639,0
Reinforced,163,B,100,-72.996483,40,107.084912,144,250.429100,0
Reinforced,164,B,100,-129.654999,40,115.071605,144,293.029999,0
Reinforced,165,B,100,-114.908142,40,135.391465,144,286.720642,0
Reinforced,166,B,100,-54.005127,40,125.931310,144,286.667236,0
Reinforced,167,B,100,-12.941895,40,120.227881,144,295.198730,0
Reinforced,168,B,100,15.075684,40,133.979386,144,301.497559,0
Reinforced,169,B,100,-79.018555,40,133.603900,144,283.018555,0
Reinforced,170,B,100,-121.889648,40,112.099444,144,284.639648,0
Reinforced,171,B,100,-104.670715,40,166.626032,144,258.670715,0
Reinforced,172,B,100,-44.186974,40,106.798655,144,266.595177,0
Reinforced,173,B,100,-39.678345,40,165.244182,144,275.826782,0
Reinforced,174,B,100,-13.048706,40,128.148810,144,277.748169,0
Reinforced,175,B,100,-92.597188,40,114.252004,144,253.472188,0
Reinforced,176,B,100,-111.303711,40,129.409227,144,306.475586,0
Reinforced,177,B,100,-16.280518,40,176.476278,144,289.750732,0
Reinforced,178,B,100,-87.713623,40,120.628642,144,289.213623,0
Reinforced,179,B,100,-66.457825,40,119.398056,144,260.418152,0
Reinforced,180,B,100,14.822693,40,127.111986,144,298.822693,0
Reinforced,181,B,100,-87.929688,40,161.875706,144,278.140625,0
Reinforced,182,B,100,-91.577072,40,136.912386,144,255.381759,0
Reinforced,183,B,100,-98.791199,40,116.253869,144,270.252136,0
Reinforced,184,B,100,-47.260170,40,119.941498,144,256.806969,0
Reinforced,185,B,100,-21.422119,40,103.603294,144,286.747803,0
Reinforced,186,B,100,-48.721304,40,110.462362,144,253.813528,0
Reinforced,187,B,100,-115.175748,40,111.356454,144,259.175748,0
Reinforced,188,B,100,-68.867798,40,158.916145,144,273.959106,0
Reinforced,189,B,100,-83.218918,40,131.955086,144,272.199387,0
Reinforced,190,B,100,-52.524414,40,174.746808,144,281.158203,0
Reinforced,191,B,100,-60.527344,40,137.571333,144,280.894531,0
Reinforced,192,B,100,-83.090208,40,131.832876,144,262.012083,0
Reinforced,193,B,100,-77.478561,40,143.047370,144,272.102341,0
Reinforced,194,B,100,-81.427159,40,107.348622,144,267.924403,0
Reinforced,195,B,100,-132.753868,40,121.111276,144,286.128868,0
Reinforced,196,B,100,-72.897873,40,163.409021,144,296.839279,0
Reinforced,197,B,100,-90.838623,40,159.694264,144,279.838623,0
Reinforced,198,B,100,-133.139648,40,116.620704,144,300.889648,0
Reinforced,199,B,100,-63.476486,40,145.699226,144,299.038986,0
Reinforced,0,B,200,-107.471466,40,136.741963,144,335.023712,0
Reinforced,1,B,200,-135.330729,40,140.474313,144,355.031413,0
Reinforced,2,B,200,-120.384521,40,140.426042,144,359.651855,0
Reinforced,3,B,200,-65.467758,40,114.227421,144,326.762375,0
Reinforced,4,B,200,-85.072474,40,160.484820,144,372.939662,0
Reinforced,5,B,200,-62.486648,40,191.884199,144,335.218948,0
Reinforced,6,B,200,-198.136101,40,130.736920,144,351.511101,0
Reinforced,7,B,200,-121.544189,40,166.505086,144,337.533936,0
Reinforced,8,B,200,-78.122177,40,101.557739,144,281.970810,0
Reinforced,9,B,200,-176.934137,40,120.712248,144,354.679255,0
Reinforced,10,B,200,48.516273,40,176.543006,144,361.537193,0
Reinforced,11,B,200,-119.804688,40,103.121540,144,328.013672,0
Reinforced,12,B,200,-116.421547,40,139.124092,144,322.765297,0
Reinforced,13,B,200,-140.561981,40,144.943679,144,335.967621,0
Reinforced,14,B,200,-77.235563,40,113.573152,144,313.139859,0
Reinforced,15,B,200,-113.015213,40,173.218483,144,322.327713,0
Reinforced,16,B,200,-75.314283,40,152.978029,144,327.881178,0
Reinforced,17,B,200,-4.186687,40,111.046496,144,346.901897,0
Reinforced,18,B,200,-46.000690,40,125.524678,144,315.532916,0
Reinforced,19,B,200,-79.434528,40,129.934842,144,312.720989,0
Reinforced,20,B,200,-45.334969,40,107.665274,144,330.036873,0
Reinforced,21,B,200,-54.815559,40,105.308360,144,319.388527,0
Reinforced,22,B,200,-95.185966,40,152.269868,144,329.459404,0
Reinforced,23,B,200,-36.009349,40,149.252140,144,334.403880,0
Reinforced,24,B,200,-41.715430,40,124.905533,144,320.709860,0
Reinforced,25,B,200,-48.064919,40,128.522793,144,339.398903,0
Reinforced,26,B,200,-115.922043,40,159.251159,144,323.672043,0
Reinforced,27,B,200,8.296738,40,105.313273,144,342.394241,0
Reinforced,28,B,200,-42.219481,40,103.310079,144,289.570921,0
Reinforced,29,B,200,-105.048292,40,152.299174,144,303.579542,0
Reinforced,30,B,200,-86.968536,40,121.406198,144,353.267731,0
Reinforced,31,B,200,-130.819244,40,139.612706,144,331.537994,0
Reinforced,32,B,200,-107.132111,40,165.023860,144,336.276154,0
Reinforced,33,B,200,-63.773191,40,194.937474,144,337.753660,0
Reinforced,34,B,200,-86.513481,40,110.742804,144,311.914848,0
Reinforced,35,B,200,3.630219,40,164.092594,144,346.199554,0
Reinforced,36,B,200,-93.156166,40,149.694061,144,297.585854,0
Reinforced,37,B,200,-122.188931,40,119.611506,144,316.188931,0
Reinforced,38,B,200,-123.879623,40,106.584460,144,314.742416,0
Reinforced,39,B,200,11.044502,40,140.906928,144,358.217949,0
Reinforced,40,B,200,41.973791,40,120.589316,144,335.224279,0
Reinforced,41,B,200,-48.927869,40,145.332411,144,326.677869,0
Reinforced,42,B,200,-119.572296,40,146.611155,144,310.426392,0
Reinforced,43,B,200,-110.502930,40,136.146329,144,347.781738,0
Reinforced,44,B,200,7.904968,40,185.643236,144,341.465515,0
Reinforced,45,B,200,1.356487,40,114.944311,144,332.089886,0
Reinforced,46,B,200,-55.122070,40,150.985975,144,390.435547,0
Reinforced,47,B,200,-126.353302,40,125.509972,144,333.926910,0
Reinforced,48,B,200,-55.368977,40,151.843122,144,317.957615,0
Reinforced,49,B,200,35.585699,40,124.882590,144,319.585699,0
Reinforced,50,B,200,17.728281,40,111.428521,144,343.454336,0
Reinforced,51,B,200,-126.238203,40,145.987242,144,336.395430,0
Reinforced,52,B,200,-137.306671,40,139.037222,144,352.712921,0
Reinforced,53,B,200,-18.080445,40,129.875141,144,337.539427,0
Reinforced,54,B,200,-145.165098,40,125.356558,144,321.586973,0
Reinforced,55,B,200,-73.628616,40,147.292321,144,330.393356,0
Reinforced,56,B,200,17.247467,40,129.592727,144,350.602631,0
Reinforced,57,B,200,-34.506073,40,163.197113,144,390.742401,0
Reinforced,58,B,200,-5.911260,40,117.282211,144,308.248576,0
Reinforced,59,B,200,1.796914,40,134.612139,144,317.535118,0
Reinforced,60,B,200,-78.053360,40,120.459213,144,356.330704,0
Reinforced,61,B,200,-30.598745,40,170.664502,144,327.874960,0
Reinforced,62,B,200,-54.578094,40,174.786086,144,338.495087,0
Reinforced,63,B,200,-35.651550,40,141.713635,144,340.187134,0
Reinforced,64,B,200,-130.557556,40,146.512971,144,347.018494,0
Reinforced,65,B,200,-132.972641,40,164.924660,144,323.378891,0
Reinforced,66,B,200,-4.532166,40,114.581555,144,334.722656,0
Reinforced,67,B,200,-137.895603,40,115.374071,144,305.020603,0
Reinforced,68,B,200,-95.856891,40,128.514971,144,294.460162,0
Reinforced,69,B,200,79.872742,40,126.206562,144,368.394226,0
Reinforced,70,B,200,-49.097519,40,103.533864,144,321.293320,0
Reinforced,71,B,200,-83.046722,40,146.195899,144,338.870453,0
Reinforced,72,B,200,-62.246990,40,131.049845,144,324.230389,0
Reinforced,73,B,200,-20.400791,40,106.175150,144,322.525791,0
Reinforced,74,B,200,-116.871176,40,155.896479,144,325.080008,0
Reinforced,75,B,200,-188.074493,40,145.950769,144,332.074493,0
Reinforced,76,B,200,-21.859894,40,132.787992,144,323.198761,0
Reinforced,77,B,200,-31.038208,40,159.133939,144,359.217896,0
Reinforced,78,B,200,-147.195358,40,117.208177,144,335.570358,0
Reinforced,79,B,200,-51.123504,40,153.735731,144,312.462066,0
Reinforced,80,B,200,-28.477783,40,141.823823,144,336.462158,0
Reinforced,81,B,200,-57.946625,40,115.669762,144,339.311127,0
Reinforced,82,B,200,14.037316,40,105.746071,144,301.943566,0
Reinforced,83,B,200,-140.175703,40,101.370755,144,311.675703,0
Reinforced,84,B,200,-69.047356,40,137.931030,144,322.708000,0
Reinforced,85,B,200,-66.937499,40,118.881872,144,314.824218,0
Reinforced,86,B,200,-7.962151,40,173.118136,144,348.790459,0
Reinforced,87,B,200,30.242844,40,179.952705,144,362.948898,0
Reinforced,88,B,200,-31.624488,40,143.824338,144,314.921363,0
Reinforced,89,B,200,-38.880634,40,104.614850,144,312.870831,0
Reinforced,90,B,200,-58.463390,40,121.915567,144,286.436550,0
Reinforced,91,B,200,-93.798523,40,162.205217,144,347.368835,0
Reinforced,92,B,200,12.600097,40,142.646425,144,328.526367,0
Reinforced,93,B,200,-20.768433,40,117.503404,144,332.901977,0
Reinforced,94,B,200,-165.061340,40,161.330189,144,335.311340,0
Reinforced,95,B,200,-63.798332,40,163.865492,144,318.058952,0
Reinforced,96,B,200,-149.638057,40,176.260890,144,332.700557,0
Reinforced,97,B,200,-91.028614,40,152.026089,144,317.919239,0
Reinforced,98,B,200,-0.663223,40,148.426421,144,354.730820,0
Reinforced,99,B,200,-35.298882,40,178.899641,144,347.693962,0
Reinforced,100,B,200,-78.062391,40,104.904326,144,341.632704,0
Reinforced,101,B,200,-58.150330,40,157.620168,144,338.856873,0
Reinforced,102,B,200,-154.796252,40,129.485783,144,306.296252,0
Reinforced,103,B,200,6.792297,40,133.898527,144,393.643250,0
Reinforced,104,B,200,-75.949707,40,133.404159,144,372.244629,0
Reinforced,105,B,200,-147.113876,40,134.503632,144,329.238876,0
Reinforced,106,B,200,-129.654806,40,127.735049,144,308.642599,0
Reinforced,107,B,200,-70.659251,40,153.078039,144,346.787547,0
Reinforced,108,B,200,5.252876,40,102.994299,144,341.861137,0
Reinforced,109,B,200,34.527588,40,136.922382,144,372.883057,0
Reinforced,110,B,200,19.699364,40,124.478896,144,348.831200,0
Reinforced,111,B,200,-38.778887,40,199.757521,144,362.034258,0
Reinforced,112,B,200,-123.377380,40,117.233109,144,339.564880,0
Reinforced,113,B,200,-95.605173,40,121.704677,144,347.842459,0
Reinforced,114,B,200,-103.907394,40,134.055000,144,323.844894,0
Reinforced,115,B,200,58.328438,40,94.086802,144,349.857735,0
Reinforced,116,B,200,-61.171656,40,105.338644,144,283.127884,0
Reinforced,117,B,200,33.807831,40,152.981840,144,353.533844,0
Reinforced,118,B,200,-126.114197,40,131.710639,144,366.090759,0
Reinforced,119,B,200,-112.175578,40,150.230703,144,331.172831,0
Reinforced,120,B,200,-148.025417,40,148.131233,144,311.244167,0
Reinforced,121,B,200,-3.229980,40,116.083957,144,365.061401,0
Reinforced,122,B,200,-14.884644,40,194.124533,144,359.933228,0
Reinforced,123,B,200,-53.973408,40,158.478250,144,325.763592,0
Reinforced,124,B,200,-59.341316,40,178.565495,144,329.783195,0
Reinforced,125,B,200,-163.186187,40,126.462592,144,351.248687,0
Reinforced,126,B,200,8.149624,40,151.216810,144,355.991367,0
Reinforced,127,B,200,58.734741,40,95.340632,144,358.730835,0
Reinforced,128,B,200,-94.718170,40,130.942930,144,337.928986,0
Reinforced,129,B,200,-16.248817,40,158.346781,144,310.923790,0
Reinforced,130,B,200,-163.871077,40,182.536801,144,344.746077,0
Reinforced,131,B,200,-77.435207,40,153.150077,144,314.692043,0
Reinforced,132,B,200,-113.458290,40,148.241635,144,325.954231,0
Reinforced,133,B,200,-43.046684,40,190.173371,144,360.562309,0
Reinforced,134,B,200,21.299744,40,135.538605,144,360.811829,0
Reinforced,135,B,200,-87.423627,40,127.357170,144,315.876752,0
Reinforced,136,B,200,61.433716,40,155.638432,144,378.087524,0
Reinforced,137,B,200,-67.640228,40,145.523588,144,344.081635,0
Reinforced,138,B,200,-16.524811,40,136.507074,144,345.851959,0
Reinforced,139,B,200,-104.057293,40,124.450836,144,329.273113,0
Reinforced,140,B,200,-22.717285,40,191.353127,144,359.449219,0
Reinforced,141,B,200,-48.434525,40,181.708964,144,342.190384,0
Reinforced,142,B,200,-70.157433,40,168.364769,144,363.830284,0
Reinforced,143,B,200,-32.396126,40,150.230422,144,344.418587,0
Reinforced,144,B,200,-10.965534,40,158.000487,144,326.614702,0
Reinforced,145,B,200,-6.633701,40,158.180019,144,311.529507,0
Reinforced,146,B,200,-82.510176,40,138.893036,144,316.334394,0
Reinforced,147,B,200,-125.127449,40,148.442819,144,321.353859,0
Reinforced,148,B,200,38.203735,40,151.180335,144,356.019043,0
Reinforced,149,B,200,5.689471,40,127.371671,144,330.473615,0
Reinforced,150,B,200,-81.506500,40,151.184408,144,347.078766,0
Reinforced,151,B,200,-66.722097,40,109.244708,144,319.159292,0
Reinforced,152,B,200,-76.135483,40,155.737140,144,322.010483,0
Reinforced,153,B,200,-35.818462,40,124.997444,144,324.479107,0
Reinforced,154,B,200,-109.597449,40,159.002388,144,362.952308,0
Reinforced,155,B,200,-3.205947,40,151.760264,144,319.067520,0
Reinforced,156,B,200,28.548545,40,160.307603,144,355.800498,0
Reinforced,157,B,200,-36.058080,40,183.993865,144,307.050268,0
Reinforced,158,B,200,54.898224,40,125.148995,144,361.382050,0
Reinforced,159,B,200,-85.371070,40,163.552928,144,311.353492,0
Reinforced,160,B,200,38.619995,40,160.747236,144,372.024292,0
Reinforced,161,B,200,-44.692459,40,130.358580,144,304.299758,0
Reinforced,162,B,200,3.755522,40,126.738710,144,311.212496,0
Reinforced,163,B,200,-56.427181,40,107.070132,144,267.219116,0
Reinforced,164,B,200,-183.828888,40,109.800799,144,347.203888,0
Reinforced,165,B,200,-107.242661,40,156.725738,144,370.187973,0
Reinforced,166,B,200,-67.399931,40,165.478455,144,351.087278,0
Reinforced,167,B,200,-1.645684,40,122.366191,144,327.852363,0
Reinforced,168,B,200,-9.725151,40,135.061140,144,337.845940,0
Reinforced,169,B,200,-90.455570,40,158.976929,144,332.343754,0
Reinforced,170,B,200,-160.895214,40,115.108595,144,323.645214,0
Reinforced,171,B,200,-102.651730,40,173.306215,144,326.602901,0
Reinforced,172,B,200,-41.919506,40,107.513695,144,300.151454,0
Reinforced,173,B,200,-20.764694,40,169.344389,144,351.189865,0
Reinforced,174,B,200,4.530029,40,129.650229,144,308.141235,0
Reinforced,175,B,200,-105.539846,40,148.079805,144,312.801565,0
Reinforced,176,B,200,-133.575439,40,130.742108,144,377.336182,0
Reinforced,177,B,200,-23.908539,40,197.823348,144,360.188812,0
Reinforced,178,B,200,-96.864395,40,165.628540,144,327.876114,0
Reinforced,179,B,200,-114.640198,40,132.302451,144,337.975525,0
Reinforced,180,B,200,49.208255,40,137.287243,144,335.610599,0
Reinforced,181,B,200,-94.875450,40,178.373484,144,308.196739,0
Reinforced,182,B,200,-117.392115,40,136.912386,144,296.196802,0
Reinforced,183,B,200,-134.640732,40,147.801206,144,334.880966,0
Reinforced,184,B,200,-86.164131,40,122.749409,144,346.296867,0
Reinforced,185,B,200,-30.625153,40,106.692674,144,330.184235,0
Reinforced,186,B,200,-26.565318,40,163.950168,144,306.267823,0
Reinforced,187,B,200,-129.459527,40,145.180706,144,339.084527,0
Reinforced,188,B,200,-77.134628,40,161.052288,144,309.393905,0
Reinforced,189,B,200,-81.360691,40,130.496905,144,314.869968,0
Reinforced,190,B,200,-36.032887,40,183.836360,144,304.014476,0
Reinforced,191,B,200,-43.546562,40,138.447437,144,332.321953,0
Reinforced,192,B,200,-33.113422,40,130.908570,144,322.965435,0
Reinforced,193,B,200,-95.877533,40,149.100707,144,322.171234,0
Reinforced,194,B,200,-108.689733,40,107.301732,144,323.311976,0
Reinforced,195,B,200,-171.498222,40,123.486720,144,324.873222,0
Reinforced,196,B,200,-24.364624,40,170.044058,144,346.776489,0
Reinforced,197,B,200,-74.992905,40,177.155147,144,338.524155,0
Reinforced,198,B,200,-63.562012,40,135.903882,144,379.842285,0
Reinforced,199,B,200,-23.500328,40,146.876515,144,374.980797,0
Reinforced,0,B,400,3.777127,40,130.736489,144,447.326993,0
Reinforced,1,B,400,-77.577281,40,180.900231,144,470.566844,0
Reinforced,2,B,400,-55.436954,40,160.365331,144,466.377262,0
Reinforced,3,B,400,-91.077408,40,128.659755,144,377.991741,0
Reinforced,4,B,400,-110.631361,40,201.451704,144,448.933119,0
Reinforced,5,B,400,-27.214737,40,215.148887,144,441.032547,0
Reinforced,6,B,400,-232.504921,40,135.178737,144,385.879921,0
Reinforced,7,B,400,-129.380760,40,165.654416,144,410.045189,0
Reinforced,8,B,400,-145.708575,40,125.197102,144,364.003467,0
Reinforced,9,B,400,-191.083627,40,124.031418,144,405.708016,0
Reinforced,10,B,400,65.196133,40,191.389803,144,429.880909,0
Reinforced,11,B,400,-145.805411,40,119.257504,144,440.528068,0
Reinforced,12,B,400,-147.001588,40,180.876608,144,438.234254,0
Reinforced,13,B,400,-66.829453,40,165.452546,144,429.681973,0
Reinforced,14,B,400,-60.021295,40,131.925100,144,363.026336,0
Reinforced,15,B,400,-196.084850,40,184.125186,144,412.662975,0
Reinforced,16,B,400,7.799377,40,190.566498,144,438.057005,0
Reinforced,17,B,400,83.966060,40,112.094058,144,435.054645,0
Reinforced,18,B,400,39.134426,40,118.293692,144,400.668032,0
Reinforced,19,B,400,-18.729028,40,134.657979,144,408.299821,0
Reinforced,20,B,400,47.808328,40,103.758237,144,423.209466,0
Reinforced,21,B,400,-7.414397,40,118.553609,144,422.829612,0
Reinforced,22,B,400,-101.842203,40,173.183593,144,409.724039,0
Reinforced,23,B,400,-38.492986,40,150.591159,144,391.200793,0
Reinforced,24,B,400,15.843762,40,124.661652,144,378.269052,0
Reinforced,25,B,400,-22.731713,40,140.224194,144,406.271489,0
Reinforced,26,B,400,-39.526728,40,167.785810,144,425.821307,0
Reinforced,27,B,400,-4.232700,40,150.499502,144,398.131606,0
Reinforced,28,B,400,-81.431113,40,136.312042,144,334.448740,0
Reinforced,29,B,400,-51.855116,40,200.753321,144,414.985060,0
Reinforced,30,B,400,-99.497917,40,122.578734,144,426.858493,0
Reinforced,31,B,400,-132.430096,40,141.154210,144,431.627850,0
Reinforced,32,B,400,-134.620758,40,178.396917,144,397.740479,0
Reinforced,33,B,400,-42.665958,40,206.458062,144,409.454044,0
Reinforced,34,B,400,-92.587566,40,147.435149,144,407.167553,0
Reinforced,35,B,400,54.563122,40,186.495183,144,443.854870,0
Reinforced,36,B,400,-44.202132,40,165.323880,144,368.254918,0
Reinforced,37,B,400,-80.619726,40,173.644483,144,440.038427,0
Reinforced,38,B,400,-98.159709,40,134.156769,144,438.827189,0
Reinforced,39,B,400,59.378233,40,137.231044,144,406.551679,0
Reinforced,40,B,400,63.221235,40,159.409850,144,455.894636,0
Reinforced,41,B,400,46.386357,40,153.976785,144,431.665767,0
Reinforced,42,B,400,-130.429707,40,198.728526,144,389.007266,0
Reinforced,43,B,400,-106.776943,40,137.204261,144,406.076015,0
Reinforced,44,B,400,-33.130980,40,190.724223,144,428.379759,0
Reinforced,45,B,400,-4.597247,40,123.475195,144,384.934336,0
Reinforced,46,B,400,-1.025734,40,152.813251,144,474.948601,0
Reinforced,47,B,400,-166.104448,40,124.537627,144,373.678056,0
Reinforced,48,B,400,-27.472906,40,176.506960,144,425.441488,0
Reinforced,49,B,400,91.440077,40,147.223142,144,440.391249,0
Reinforced,50,B,400,50.244377,40,195.259461,144,431.613742,0
Reinforced,51,B,400,-132.434748,40,155.562927,144,401.459162,0
Reinforced,52,B,400,-183.035722,40,142.502253,144,446.897782,0
Reinforced,53,B,400,45.275374,40,131.290989,144,411.719145,0
Reinforced,54,B,400,-195.190835,40,139.651931,144,381.063393,0
Reinforced,55,B,400,-112.628250,40,153.827009,144,394.617371,0
Reinforced,56,B,400,82.446098,40,159.208127,144,468.583473,0
Reinforced,57,B,400,-52.809677,40,171.756682,144,473.366378,0
Reinforced,58,B,400,-87.527432,40,172.772958,144,427.054080,0
Reinforced,59,B,400,93.281138,40,149.814595,144,412.136327,0
Reinforced,60,B,400,-51.772456,40,132.063243,144,460.250148,0
Reinforced,61,B,400,-13.832378,40,184.636332,144,388.451556,0
Reinforced,62,B,400,-35.573454,40,177.200610,144,406.716894,0
Reinforced,63,B,400,-30.787733,40,170.412211,144,425.043394,0
Reinforced,64,B,400,-93.484859,40,179.487717,144,436.415485,0
Reinforced,65,B,400,-166.598095,40,166.646277,144,410.031689,0
Reinforced,66,B,400,-36.675551,40,136.967775,144,404.586226,0
Reinforced,67,B,400,-108.571824,40,189.406443,144,412.003892,0
Reinforced,68,B,400,-118.363055,40,134.553532,144,361.024554,0
Reinforced,69,B,400,142.790885,40,142.593799,144,450.947989,0
Reinforced,70,B,400,-39.174408,40,175.177506,144,406.786459,0
Reinforced,71,B,400,-87.341385,40,158.147916,144,388.976101,0
Reinforced,72,B,400,5.453348,40,141.034753,144,451.229738,0
Reinforced,73,B,400,-7.512451,40,138.491983,144,389.045257,0
Reinforced,74,B,400,-186.159582,40,182.263652,144,401.877683,0
Reinforced,75,B,400,-153.029756,40,159.105765,144,460.750459,0
Reinforced,76,B,400,8.379061,40,193.634737,144,450.372831,0
Reinforced,77,B,400,24.600184,40,181.372512,144,438.285924,0
Reinforced,78,B,400,-108.799667,40,113.213554,144,401.479019,0
Reinforced,79,B,400,-46.814588,40,192.817318,144,375.488432,0
Reinforced,80,B,400,-29.646529,40,204.683826,144,387.048285,0
Reinforced,81,B,400,15.788158,40,117.802603,144,414.665745,0
Reinforced,82,B,400,20.721061,40,118.437781,144,376.744986,0
Reinforced,83,B,400,-211.463733,40,162.790665,144,419.174670,0
Reinforced,84,B,400,-117.956413,40,163.727080,144,427.702262,0
Reinforced,85,B,400,-45.352667,40,124.104381,144,353.912113,0
Reinforced,86,B,400,-33.575234,40,203.990051,144,442.853536,0
Reinforced,87,B,400,15.921097,40,209.249844,144,450.770401,0
Reinforced,88,B,400,-59.085698,40,153.131565,144,384.402684,0
Reinforced,89,B,400,32.341873,40,141.628929,144,394.358603,0
Reinforced,90,B,400,-84.676431,40,174.034979,144,395.646246,0
Reinforced,91,B,400,-111.649704,40,158.036625,144,435.958237,0
Reinforced,92,B,400,61.792756,40,158.202128,144,417.230590,0
Reinforced,93,B,400,-25.192566,40,123.095836,144,398.219360,0
Reinforced,94,B,400,-126.561704,40,182.824846,144,426.714047,0
Reinforced,95,B,400,-42.223753,40,179.619454,144,392.682264,0
Reinforced,96,B,400,-116.956362,40,181.591212,144,417.634753,0
Reinforced,97,B,400,-41.891608,40,157.398699,144,422.938880,0
Reinforced,98,B,400,55.317839,40,151.507119,144,416.331389,0
Reinforced,99,B,400,8.281054,40,179.910100,144,400.921010,0
Reinforced,100,B,400,11.355323,40,124.188633,144,441.755374,0
Reinforced,101,B,400,-3.800735,40,171.835864,144,456.778854,0
Reinforced,102,B,400,-166.147884,40,141.507335,144,400.684993,0
Reinforced,103,B,400,37.711792,40,169.537334,144,485.442261,0
Reinforced,104,B,400,-3.289108,40,138.590138,144,460.157761,0
Reinforced,105,B,400,-169.302287,40,150.878514,144,377.325114,0
Reinforced,106,B,400,-161.203946,40,154.335756,144,397.976087,0
Reinforced,107,B,400,-43.360117,40,177.870714,144,392.800467,0
Reinforced,108,B,400,48.062454,40,120.946188,144,395.025043,0
Reinforced,109,B,400,73.473854,40,193.661013,144,445.705666,0
Reinforced,110,B,400,61.709423,40,127.601671,144,423.814739,0
Reinforced,111,B,400,-50.283155,40,215.151755,144,432.497877,0
Reinforced,112,B,400,-105.143385,40,177.191624,144,414.866041,0
Reinforced,113,B,400,-92.312469,40,179.910596,144,422.306713,0
Reinforced,114,B,400,-110.711641,40,165.574609,144,444.399141,0
Reinforced,115,B,400,52.662349,40,101.165470,144,427.880606,0
Reinforced,116,B,400,-39.156053,40,100.068803,144,334.793587,0
Reinforced,117,B,400,99.838177,40,162.710823,144,447.516001,0
Reinforced,118,B,400,-152.344502,40,135.368628,144,473.405048,0
Reinforced,119,B,400,-49.514024,40,168.566351,144,448.416139,0
Reinforced,120,B,400,-176.613889,40,176.338630,144,384.588498,0
Reinforced,121,B,400,5.439396,40,115.201460,144,420.869450,0
Reinforced,122,B,400,-33.637387,40,211.559868,144,406.091882,0
Reinforced,123,B,400,-66.864676,40,159.519275,144,404.756555,0
Reinforced,124,B,400,-28.457197,40,183.989627,144,382.796524,0
Reinforced,125,B,400,-192.183149,40,149.579160,144,425.932905,0
Reinforced,126,B,400,33.017166,40,171.034812,144,448.540489,0
Reinforced,127,B,400,99.638577,40,143.460722,144,419.983124,0
Reinforced,128,B,400,-33.313419,40,157.736818,144,425.516382,0
Reinforced,129,B,400,-50.156724,40,182.558830,144,397.114712,0
Reinforced,130,B,400,-119.875412,40,179.857600,144,448.223556,0
Reinforced,131,B,400,-105.652978,40,162.839928,144,410.541345,0
Reinforced,132,B,400,-186.937557,40,156.324277,144,405.143947,0
Reinforced,133,B,400,33.585777,40,200.900649,144,437.466740,0
Reinforced,134,B,400,41.272411,40,129.702835,144,401.634354,0
Reinforced,135,B,400,-112.299021,40,134.381654,144,399.218867,0
Reinforced,136,B,400,77.873840,40,168.916187,144,438.665813,0
Reinforced,137,B,400,-103.805943,40,151.992333,144,450.569920,0
Reinforced,138,B,400,17.965240,40,162.824491,144,453.965668,0
Reinforced,139,B,400,-93.702636,40,178.483689,144,422.611083,0
Reinforced,140,B,400,-63.331823,40,215.783940,144,453.391241,0
Reinforced,141,B,400,-38.997116,40,182.372329,144,422.655310,0
Reinforced,142,B,400,-41.292802,40,193.580182,144,424.979536,0
Reinforced,143,B,400,-18.685564,40,162.355365,144,425.219438,0
Reinforced,144,B,400,58.169407,40,192.329169,144,411.430566,0
Reinforced,145,B,400,13.192390,40,173.763552,144,355.851505,0
Reinforced,146,B,400,-96.397049,40,180.501204,144,387.989212,0
Reinforced,147,B,400,-131.652618,40,177.036845,144,389.185257,0
Reinforced,148,B,400,87.748985,40,174.542020,144,453.991875,0
Reinforced,149,B,400,69.866906,40,158.619156,144,433.700581,0
Reinforced,150,B,400,-119.699039,40,176.087412,144,431.394352,0
Reinforced,151,B,400,-81.333098,40,182.413209,144,405.171660,0
Reinforced,152,B,400,-52.996156,40,195.235560,144,411.409914,0
Reinforced,153,B,400,-2.372286,40,165.745208,144,450.293175,0
Reinforced,154,B,400,-54.102907,40,175.112203,144,436.834290,0
Reinforced,155,B,400,-61.284255,40,174.094215,144,400.053809,0
Reinforced,156,B,400,3.006782,40,163.227949,144,448.866371,0
Reinforced,157,B,400,26.000657,40,201.464490,144,373.653486,0
Reinforced,158,B,400,-32.740474,40,146.449970,144,465.103511,0
Reinforced,159,B,400,4.272079,40,157.333624,144,422.716621,0
Reinforced,160,B,400,8.814831,40,189.088272,144,453.893513,0
Reinforced,161,B,400,18.679619,40,131.064328,144,390.744766,0
Reinforced,162,B,400,13.014999,40,157.670805,144,427.314642,0
Reinforced,163,B,400,-102.246034,40,170.369767,144,345.537969,0
Reinforced,164,B,400,-183.189196,40,158.721002,144,406.486071,0
Reinforced,165,B,400,-21.960864,40,161.892055,144,467.513446,0
Reinforced,166,B,400,-44.662396,40,198.460376,144,411.677530,0
Reinforced,167,B,400,14.493332,40,120.926395,144,374.827561,0
Reinforced,168,B,400,-16.307710,40,129.855328,144,372.685401,0
Reinforced,169,B,400,-58.101512,40,162.812810,144,399.744023,0
Reinforced,170,B,400,-177.895942,40,114.667557,144,367.833442,0
Reinforced,171,B,400,-104.442146,40,177.477442,144,429.022590,0
Reinforced,172,B,400,-59.667169,40,136.882472,144,371.590791,0
Reinforced,173,B,400,-9.924376,40,193.997602,144,404.414445,0
Reinforced,174,B,400,24.456450,40,151.809681,144,358.221865,0
Reinforced,175,B,400,-45.276937,40,203.092160,144,422.487691,0
Reinforced,176,B,400,-169.627819,40,133.142094,144,424.863628,0
Reinforced,177,B,400,-14.136319,40,201.455286,144,398.733853,0
Reinforced,178,B,400,-107.272661,40,166.629896,144,402.551958,0
Reinforced,179,B,400,-128.301124,40,164.755645,144,437.600196,0
Reinforced,180,B,400,51.114137,40,171.829643,144,388.130495,0
Reinforced,181,B,400,-83.386446,40,179.324362,144,393.235367,0
Reinforced,182,B,400,-101.037916,40,137.407746,144,364.168623,0
Reinforced,183,B,400,-121.166448,40,150.760866,144,411.146673,0
Reinforced,184,B,400,-73.294849,40,179.764753,144,445.155643,0
Reinforced,185,B,400,-97.931175,40,142.331519,144,447.207664,0
Reinforced,186,B,400,-70.920939,40,195.643776,144,420.721559,0
Reinforced,187,B,400,-152.708597,40,174.147284,144,432.743753,0
Reinforced,188,B,400,-61.159124,40,191.108709,144,402.919896,0
Reinforced,189,B,400,-166.863581,40,127.633381,144,400.387507,0
Reinforced,190,B,400,-25.151971,40,213.565556,144,387.026373,0
Reinforced,191,B,400,-41.553648,40,170.726452,144,370.995237,0
Reinforced,192,B,400,-125.722618,40,126.994740,144,417.449630,0
Reinforced,193,B,400,-150.161939,40,177.462762,144,455.243482,0
Reinforced,194,B,400,-57.939229,40,140.754732,144,434.397706,0
Reinforced,195,B,400,-158.532190,40,200.287158,144,440.781702,0
Reinforced,196,B,400,40.265280,40,190.059236,144,417.866953,0
Reinforced,197,B,400,-109.624962,40,188.975117,144,434.099815,0
Reinforced,198,B,400,-93.471830,40,180.841943,144,470.398771,0
Reinforced,199,B,400,20.506525,40,149.212945,144,479.214663,0
Growing,0,A,0,84.000000,64,600.015849,174,244.000000,30
Growing,1,A,0,84.000000,64,600.015849,174,244.000000,30
Growing,2,A,0,84.000000,64,600.015849,174,244.000000,30
Growing,3,A,0,84.000000,64,600.015849,174,244.000000,30
Growing,4,A,0,84.000000,64,600.015849,174,244.000000,30
Growing,5,A,0,84.000000,64,600.015849,174,244.000000,30
Growing,6,A,0,84.000000,64,600.015849,174,244.000000,30
Growing,7,A,0,84.000000,64,600.015849,174,244.000000,30
Growing,8,A,0,84.000000,64,600.015849,174,244.000000,30
Growing,9,A,0,84.000000,64,600.015849,174,244.000000,30
Growing,10,A,0,84.000000,64,600.015849,174,244.000000,30
Growing,11,A,0,84.000000,64,600.015849,174,244.000000,30
Growing,12,A,0,84.000000,64,600.015849,174,244.000000,30
Growing,13,A,0,84.000000,64,600.015849,174,244.000000,30
Growing,14,A,0,84.000000,64,600.015849,174,244.000000,30
Growing,15,A,0,84.000000,64,600.015849,174,244.000000,30
Growing,16,A,0,84.000000,64,600.015849,174,244.000000,30
Growing,17,A,0,84.000000,64,600.015849,174,244.000000,30
Growing,18,A,0,84.000000,64,600.015849,174,244.000000,30
Growing,19,A,0,84.000000,64,600.015849,174,244.000000,30
Growing,20,A,0,84.000000,64,600.015849,174,244.000000,30
Growing,21,A,0,84.000000,64,600.015849,174,244.000000,30
Growing,22,A,0,84.000000,64,600.015849,174,244.000000,30
Growing,23,A,0,84.000000,64,600.015849,174,244.000000,30
Growing,24,A,0,84.000000,64,600.015849,174,244.000000,30
Growing,25,A,0,84.000000,64,600.015849,174,244.000000,30
Growing,26,A,0,84.000000,64,600.015849,174,244.000000,30
Growing,27,A,0,84.000000,64,600.015849,174,244.000000,30
Growing,28,A,0,84.000000,64,600.015849,174,244.000000,30
Growing,29,A,0,84.000000,64,600.015849,174,244.000000,30
Growing,30,A,0,84.000000,64,600.015849,174,244.000000,30
Growing,31,A,0,84.000000,64,600.015849,174,244.000000,30
Growing,32,A,0,84.000000,64,600.015849,174,244.000000,30
Growing,33,A,0,84.000000,64,600.015849,174,244.000000,30
Growing,34,A,0,84.000000,64,600.015849,174,244.000000,30
Growing,35,A,0,84.000000,64,600.015849,174,244.000000,30
Growing,36,A,0,84.000000,64,600.015849,174,244.000000,30
Growing,37,A,0,84.000000,64,600.015849,174,244.000000,30
Growing,38,A,0,84.000000,64,600.015849,174,244.000000,30
Growing,39,A,0,84.000000,64,600.015849,174,244.000000,30
Growing,40,A,0,84.000000,64,600.015849,174,244.000000,30
Growing,41,A,0,84.000000,64,600.015849,174,244.000000,30
Growing,42,A,0,84.000000,64,600.015849,174,244.000000,30
Growing,43,A,0,84.000000,64,600.015849,174,244.000000,30
Growing,44,A,0,84.000000,64,600.015849,174,244.000000,30
Growing,45,A,0,84.000000,64,600.015849,174,244.000000,30
Growing,46,A,0,84.000000,64,600.015849,174,244.000000,30
Growing,47,A,0,84.000000,64,600.015849,174,244.000000,30
Growing,48,A,0,84.000000,64,600.015849,174,244.000000,30
Growing,49,A,0,84.000000,64,600.015849,174,244.000000,30
Growing,50,A,0,84.000000,64,600.015849,174,244.000000,30
Growing,51,A,0,84.000000,64,600.015849,174,244.000000,30
Growing,52,A,0,84.000000,64,600.015849,174,244.000000,30
Growing,53,A,0,84.000000,64,600.015849,174,244.000000,30
Growing,54,A,0,84.000000,64,600.015849,174,244.000000,30
Growing,55,A,0,84.000000,64,600.015849,174,244.000000,30
Growing,56,A,0,84.000000,64,600.015849,174,244.000000,30
Growing,57,A,0,84.000000,64,600.015849,174,244.000000,30
Growing,58,A,0,84.000000,64,600.015849,174,244.000000,30
Growing,59,A,0,84.000000,64,600.015849,174,244.000000,30
Growing,60,A,0,84.000000,64,600.015849,174,244.000000,30
Growing,61,A,0,84.000000,64,600.015849,174,244.000000,30
Growing,62,A,0,84.000000,64,600.015849,174,244.000000,30
Growing,63,A,0,84.000000,64,600.015849,174,244.000000,30
Growing,64,A,0,84.000000,64,600.015849,174,244.000000,30
Growing,65,A,0,84.000000,64,600.015849,174,244.000000,30
Growing,66,A,0,84.000000,64,600.015849,174,244.000000,30
Growing,67,A,0,84.000000,64,600.015849,174,244.000000,30
Growing,68,A,0,84.000000,64,600.015849,174,244.000000,30
Growing,69,A,0,84.000000,64,600.015849,174,244.000000,30
Growing,70,A,0,84.000000,64,600.015849,174,244.000000,30
Growing,71,A,0,84.000000,64,600.015849,174,244.000000,30
Growing,72,A,0,84.000000,64,600.015849,174,244.000000,30
Growing,73,A,0,84.000000,64,600.015849,174,244.000000,30
Growing,74,A,0,84.000000,64,600.015849,174,244.000000,30
Growing,75,A,0,84.000000,64,600.015849,174,244.000000,30
Growing,76,A,0,84.000000,64,600.015849,174,244.000000,30
Growing,77,A,0,84.000000,64,600.015849,174,244.000000,30
Growing,78,A,0,84.000000,64,600.015849,174,244.000000,30
Growing,79,A,0,84.000000,64,600.015849,174,244.000000,30
Growing,80,A,0,84.000000,64,600.015849,174,244.000000,30
Growing,81,A,0,84.000000,64,600.015849,174,244.000000,30
Growing,82,A,0,84.000000,64,600.015849,174,244.000000,30
Growing,83,A,0,84.000000,64,600.015849,174,244.000000,30
Growing,84,A,0,84.000000,64,600.015849,174,244.000000,30
Growing,85,A,0,84.000000,64,600.015849,174,244.000000,30
Growing,86,A,0,84.000000,64,600.015849,174,244.000000,30
Growing,87,A,0,84.000000,64,600.015849,174,244.000000,30
Growing,88,A,0,84.000000,64,600.015849,174,244.000000,30
Growing,89,A,0,84.000000,64,600.015849,174,244.000000,30
Growing,90,A,0,84.000000,64,600.015849,174,244.000000,30
Growing,91,A,0,84.000000,64,600.015849,174,244.000000,30
Growing,92,A,0,84.000000,64,600.015849,174,244.000000,30
Growing,93,A,0,84.000000,64,600.015849,174,244.000000,30
Growing,94,A,0,84.000000,64,600.015849,174,244.000000,30
Growing,95,A,0,84.000000,64,600.015849,174,244.000000,30
Growing,96,A,0,84.000000,64,600.015849,174,244.000000,30
Growing,97,A,0,84.000000,64,600.015849,174,244.000000,30
Growing,98,A,0,84.000000,64,600.015849,174,244.000000,30
Growing,99,A,0,84.000000,64,600.015849,174,244.000000,30
Growing,100,A,0,84.000000,64,600.015849,174,244.000000,30
Growing,101,A,0,84.000000,64,600.015849,174,244.000000,30
Growing,102,A,0,84.000000,64,600.015849,174,244.000000,30
Growing,103,A,0,84.000000,64,600.015849,174,244.000000,30
Growing,104,A,0,84.000000,64,600.015849,174,244.000000,30
Growing,105,A,0,84.000000,64,600.015849,174,244.000000,30
Growing,106,A,0,84.000000,64,600.015849,174,244.000000,30
Growing,107,A,0,84.000000,64,600.015849,174,244.000000,30
Growing,108,A,0,84.000000,64,600.015849,174,244.000000,30
Growing,109,A,0,84.000000,64,600.015849,174,244.000000,30
Growing,110,A,0,84.000000,64,600.015849,174,244.000000,30
Growing,111,A,0,84.000000,64,600.015849,174,244.000000,30
Growing,112,A,0,84.000000,64,600.015849,174,244.000000,30
Growing,113,A,0,84.000000,64,600.015849,174,244.000000,30
Growing,114,A,0,84.000000,64,600.015849,174,244.000000,30
Growing,115,A,0,84.000000,64,600.015849,174,244.000000,30
Growing,116,A,0,84.000000,64,600.015849,174,244.000000,30
Growing,117,A,0,84.000000,64,600.015849,174,244.000000,30
Growing,118,A,0,84.000000,64,600.015849,174,244.000000,30
Growing,119,A,0,84.000000,64,600.015849,174,244.000000,30
Growing,120,A,0,84.000000,64,600.015849,174,244.000000,30
Growing,121,A,0,84.000000,64,600.015849,174,244.000000,30
Growing,122,A,0,84.000000,64,600.015849,174,244.000000,30
Growing,123,A,0,84.000000,64,600.015849,174,244.000000,30
Growing,124,A,0,84.000000,64,600.015849,174,244.000000,30
Growing,125,A,0,84.000000,64,600.015849,174,244.000000,30
Growing,126,A,0,84.000000,64,600.015849,174,244.000000,30
Growing,127,A,0,84.000000,64,600.015849,174,244.000000,30
Growing,128,A,0,84.000000,64,600.015849,174,244.000000,30
Growing,129,A,0,84.000000,64,600.015849,174,244.000000,30
Growing,130,A,0,84.000000,64,600.015849,174,244.000000,30
Growing,131,A,0,84.000000,64,600.015849,174,244.000000,30
Growing,132,A,0,84.000000,64,600.015849,174,244.000000,30
Growing,133,A,0,84.000000,64,600.015849,174,244.000000,30
Growing,134,A,0,84.000000,64,600.015849,174,244.000000,30
Growing,135,A,0,84.000000,64,600.015849,174,244.000000,30
Growing,136,A,0,84.000000,64,600.015849,174,244.000000,30
Growing,137,A,0,84.000000,64,600.015849,174,244.000000,30
Growing,138,A,0,84.000000,64,600.015849,174,244.000000,30
Growing,139,A,0,84.000000,64,600.015849,174,244.000000,30
Growing,140,A,0,84.000000,64,600.015849,174,244.000000,30
Growing,141,A,0,84.000000,64,600.015849,174,244.000000,30
Growing,142,A,0,84.000000,64,600.015849,174,244.000000,30
Growing,143,A,0,84.000000,64,600.015849,174,244.000000,30
Growing,144,A,0,84.000000,64,600.015849,174,244.000000,30
Growing,145,A,0,84.000000,64,600.015849,174,244.000000,30
Growing,146,A,0,84.000000,64,600.015849,174,244.000000,30
Growing,147,A,0,84.000000,64,600.015849,174,244.000000,30
Growing,148,A,0,84.000000,64,600.015849,174,244.000000,30
Growing,149,A,0,84.000000,64,600.015849,174,244.000000,30
Growing,150,A,0,84.000000,64,600.015849,174,244.000000,30
Growing,151,A,0,84.000000,64,600.015849,174,244.000000,30
Growing,152,A,0,84.000000,64,600.015849,174,244.000000,30
Growing,153,A,0,84.000000,64,600.015849,174,244.000000,30
Growing,154,A,0,84.000000,64,600.015849,174,244.000000,30
Growing,155,A,0,84.000000,64,600.015849,174,244.000000,30
Growing,156,A,0,84.000000,64,600.015849,174,244.000000,30
Growing,157,A,0,84.000000,64,600.015849,174,244.000000,30
Growing,158,A,0,84.000000,64,600.015849,174,244.000000,30
Growing,159,A,0,84.000000,64,600.015849,174,244.000000,30
Growing,160,A,0,84.000000,64,600.015849,174,244.000000,30
Growing,161,A,0,84.000000,64,600.015849,174,244.000000,30
Growing,162,A,0,84.000000,64,600.015849,174,244.000000,30
Growing,163,A,0,84.000000,64,600.015849,174,244.000000,30
Growing,164,A,0,84.000000,64,600.015849,174,244.000000,30
Growing,165,A,0,84.000000,64,600.015849,174,244.000000,30
Growing,166,A,0,84.000000,64,600.015849,174,244.000000,30
Growing,167,A,0,84.000000,64,600.015849,174,244.000000,30
Growing,168,A,0,84.000000,64,600.015849,174,244.000000,30
Growing,169,A,0,84.000000,64,600.015849,174,244.000000,30
Growing,170,A,0,84.000000,64,600.015849,174,244.000000,30
Growing,171,A,0,84.000000,64,600.015849,174,244.000000,30
Growing,172,A,0,84.000000,64,600.015849,174,244.000000,30
Growing,173,A,0,84.000000,64,600.015849,174,244.000000,30
Growing,174,A,0,84.000000,64,600.015849,174,244.000000,30
Growing,175,A,0,84.000000,64,600.015849,174,244.000000,30
Growing,176,A,0,84.000000,64,600.015849,174,244.000000,30
Growing,177,A,0,84.000000,64,600.015849,174,244.000000,30
Growing,178,A,0,84.000000,64,600.015849,174,244.000000,30
Growing,179,A,0,84.000000,64,600.015849,174,244.000000,30
Growing,180,A,0,84.000000,64,600.015849,174,244.000000,30
Growing,181,A,0,84.000000,64,600.015849,174,244.000000,30
Growing,182,A,0,84.000000,64,600.015849,174,244.000000,30
Growing,183,A,0,84.000000,64,600.015849,174,244.000000,30
Growing,184,A,0,84.000000,64,600.015849,174,244.000000,30
Growing,185,A,0,84.000000,64,600.015849,174,244.000000,30
Growing,186,A,0,84.000000,64,600.015849,174,244.000000,30
Growing,187,A,0,84.000000,64,600.015849,174,244.000000,30
Growing,188,A,0,84.000000,64,600.015849,174,244.000000,30
Growing,189,A,0,84.000000,64,600.015849,174,244.000000,30
Growing,190,A,0,84.000000,64,600.015849,174,244.000000,30
Growing,191,A,0,84.000000,64,600.015849,174,244.000000,30
Growing,192,A,0,84.000000,64,600.015849,174,244.000000,30
Growing,193,A,0,84.000000,64,600.015849,174,244.000000,30
Growing,194,A,0,84.000000,64,600.015849,174,244.000000,30
Growing,195,A,0,84.000000,64,600.015849,174,244.000000,30
Growing,196,A,0,84.000000,64,600.015849,174,244.000000,30
Growing,197,A,0,84.000000,64,600.015849,174,244.000000,30
Growing,198,A,0,84.000000,64,600.015849,174,244.000000,30
Growing,199,A,0,84.000000,64,600.015849,174,244.000000,30
Growing,0,A,100,154.624512,64,865.755694,182,344.233887,38
Growing,1,A,100,62.935547,66,818.369579,188,360.216797,44
Growing,2,A,100,45.839844,71,1151.152789,200,389.902344,56
Growing,3,A,100,20.737671,71,1080.796187,198,375.050171,54
Growing,4,A,100,88.997559,64,623.176071,182,321.289551,38
Growing,5,A,100,165.313843,73,1190.091302,196,373.157593,52
Growing,6,A,100,113.362305,64,753.097023,184,351.612305,40
Growing,7,A,100,112.712646,68,1054.957737,184,346.103271,40
Growing,8,A,100,122.870941,67,780.387600,192,359.167816,48
Growing,9,A,100,24.414062,68,1047.283269,188,352.648438,44
Growing,10,A,100,18.034180,68,1221.906574,198,376.706055,54
Growing,11,A,100,87.805435,71,1198.863075,188,331.617935,44
Growing,12,A,100,144.076660,64,725.383360,178,326.576660,34
Growing,13,A,100,90.196289,64,728.972770,186,346.715332,42
Growing,14,A,100,154.273438,66,957.747802,196,387.757812,52
Growing,15,A,100,94.720703,66,670.482330,186,352.845703,42
Growing,16,A,100,53.494507,64,624.541124,182,329.211304,38
Growing,17,A,100,101.331543,67,900.430013,198,381.347168,54
Growing,18,A,100,100.115234,68,1297.895671,184,347.994141,40
Growing,19,A,100,84.504395,67,721.972211,194,372.254395,50
Growing,20,A,100,97.208984,64,873.090803,186,328.773438,42
Growing,21,A,100,83.629883,68,950.129216,188,338.922852,44
Growing,22,A,100,59.646484,74,1187.164088,202,398.025391,58
Growing,23,A,100,58.428078,70,790.763896,194,363.677391,50
Growing,24,A,100,50.481079,73,1079.905269,196,345.037476,52
Growing,25,A,100,-2.024414,69,781.829056,190,348.447266,46
Growing,26,A,100,85.493347,64,571.416279,184,337.415222,40
Growing,27,A,100,92.142578,69,1024.914464,188,374.767578,44
Growing,28,A,100,155.325195,64,776.991056,186,350.575195,42
Growing,29,A,100,148.552124,64,706.554604,186,347.552124,42
Growing,30,A,100,4.228516,66,823.693547,188,345.236328,44
Growing,31,A,100,135.924072,64,799.880339,188,342.361572,44
Growing,32,A,100,111.255859,70,1001.929522,198,375.255859,54
Growing,33,A,100,117.523361,66,1023.859712,184,334.663986,40
Growing,34,A,100,10.975647,68,1104.501235,192,354.460022,48
Growing,35,A,100,36.946289,64,807.775760,186,333.368164,42
Growing,36,A,100,155.384766,69,898.690106,198,377.306641,54
Growing,37,A,100,66.299652,64,815.013585,184,325.985931,40
Growing,38,A,100,141.017944,64,599.053676,182,328.503296,38
Growing,39,A,100,137.275391,64,741.818439,188,347.423828,44
Growing,40,A,100,167.669312,66,596.790687,186,345.794312,42
Growing,41,A,100,72.224121,64,676.310651,186,352.052246,42
Growing,42,A,100,85.511230,71,1367.554990,186,344.737793,42
Growing,43,A,100,44.307953,67,896.996691,186,347.530609,42
Growing,44,A,100,75.334961,74,911.755274,192,357.366211,48
Growing,45,A,100,125.914246,64,872.102872,184,329.929871,40
Growing,46,A,100,105.794434,64,864.752613,186,347.794434,42
Growing,47,A,100,63.743652,71,1342.465387,200,393.337402,56
Growing,48,A,100,43.513977,68,853.820144,186,319.309021,42
Growing,49,A,100,103.668945,68,1051.162000,180,349.614258,36
Growing,50,A,100,156.939453,67,866.991582,192,366.111328,48
Growing,51,A,100,105.945312,69,899.562144,210,420.507812,66
Growing,52,A,100,21.415939,66,638.082366,188,339.845627,44
Growing,53,A,100,150.908539,66,732.218576,182,318.330414,38
Growing,54,A,100,55.928711,68,1081.829889,192,362.952148,48
Growing,55,A,100,36.054688,68,963.876810,192,361.804688,48
Growing,56,A,100,191.033203,69,991.762124,192,360.408203,48
Growing,57,A,100,194.088623,74,1337.040229,204,405.776123,60
Growing,58,A,100,100.875450,64,932.322735,188,350.209435,44
Growing,59,A,100,140.858643,68,1162.377145,186,336.108643,42
Growing,60,A,100,162.218750,66,863.168110,196,379.554688,52
Growing,61,A,100,-31.716797,70,661.731423,200,378.193359,56
Growing,62,A,100,209.294922,70,860.379195,192,371.794922,48
Growing,63,A,100,146.361328,74,957.174082,206,396.673828,62
Growing,64,A,100,143.591797,69,955.357554,190,353.779297,46
Growing,65,A,100,65.561279,65,910.188947,184,367.826904,40
Growing,66,A,100,60.972656,69,1011.290688,192,374.207031,48
Growing,67,A,100,52.912109,68,1059.422952,184,360.357422,40
Growing,68,A,100,117.294312,68,1214.462394,192,344.909546,48
Growing,69,A,100,96.704590,64,635.751801,184,336.106934,40
Growing,70,A,100,140.332397,69,689.830321,188,328.355835,44
Growing,71,A,100,200.621094,67,853.111344,194,381.558594,50
Growing,72,A,100,51.265137,67,829.964373,194,355.018066,50
Growing,73,A,100,155.930664,64,796.017179,186,349.930664,42
Growing,74,A,100,178.797729,67,745.893408,192,361.547729,48
Growing,75,A,100,152.327148,65,995.749356,194,377.139648,50
Growing,76,A,100,57.051758,67,1061.411099,200,382.573242,56
Growing,77,A,100,162.520020,64,670.440561,186,347.145020,42
Growing,78,A,100,134.296875,71,1052.015629,196,382.171875,52
Growing,79,A,100,152.369141,67,1097.689106,188,337.616699,44
Growing,80,A,100,166.357178,70,714.701025,198,369.654053,54
Growing,81,A,100,140.369873,70,997.975048,196,378.713623,52
Growing,82,A,100,-29.375000,73,766.453289,198,377.843750,54
Growing,83,A,100,48.586905,68,1234.286370,186,331.219717,42
Growing,84,A,100,138.216309,67,815.176334,188,346.977051,44
Growing,85,A,100,11.169922,67,595.743532,194,375.455078,50
Growing,86,A,100,33.617188,64,671.234535,182,331.379883,38
Growing,87,A,100,50.085449,71,1032.302627,192,362.627441,48
Growing,88,A,100,199.881836,68,816.860045,196,359.881836,52
Growing,89,A,100,98.809494,64,632.176933,178,307.614182,34
Growing,90,A,100,105.487793,68,780.689853,190,347.468262,46
Growing,91,A,100,21.673828,70,1188.454158,196,385.267578,52
Growing,92,A,100,68.898438,65,608.268733,192,360.710938,48
Growing,93,A,100,52.414062,73,834.210039,200,369.687500,56
Growing,94,A,100,123.488770,67,1042.574850,188,346.332520,44
Growing,95,A,100,177.370605,67,979.247359,190,345.808105,46
Growing,96,A,100,85.439720,64,747.661376,182,318.606102,38
Growing,97,A,100,143.356445,64,795.526082,182,352.668945,38
Growing,98,A,100,100.776733,64,781.926127,178,333.468140,34
Growing,99,A,100,194.230469,65,860.739557,192,387.761719,48
Growing,100,A,100,111.536621,73,890.796719,204,383.294434,60
Growing,101,A,100,140.736046,64,971.806298,184,337.821983,40
Growing,102,A,100,194.833984,67,794.255409,194,387.583984,50
Growing,103,A,100,68.458496,67,836.511009,194,371.145996,50
Growing,104,A,100,145.255310,65,668.806050,186,337.458435,42
Growing,105,A,100,216.640625,69,977.557819,200,381.015625,56
Growing,106,A,100,131.341797,67,753.474225,190,357.841644,46
Growing,107,A,100,-36.611328,67,571.038304,198,387.423828,54
Growing,108,A,100,-11.847107,68,729.088240,190,339.847107,46
Growing,109,A,100,73.361328,68,868.887485,188,334.787109,44
Growing,110,A,100,128.283203,64,775.616571,182,343.689453,38
Growing,111,A,100,159.451843,68,1223.751173,190,348.764343,46
Growing,112,A,100,66.874023,71,1182.138391,202,389.436523,58
Growing,113,A,100,208.062500,68,963.458321,198,401.125000,54
Growing,114,A,100,50.484009,73,964.115086,202,380.529663,58
Growing,115,A,100,220.971680,68,934.703332,200,393.471680,56
Growing,116,A,100,154.915527,66,904.665266,192,367.603027,48
Growing,117,A,100,113.718445,64,706.260761,186,338.460632,42
Growing,118,A,100,68.866211,64,1008.810950,186,351.678711,42
Growing,119,A,100,24.703125,74,1255.114930,204,394.351562,60
Growing,120,A,100,55.926758,65,907.170329,186,343.075195,42
Growing,121,A,100,-21.532898,73,899.268190,202,390.407898,58
Growing,122,A,100,45.705811,64,667.669245,182,333.365967,38
Growing,123,A,100,69.690186,67,859.296028,186,337.502686,42
Growing,124,A,100,144.910004,66,847.883455,186,338.910004,42
Growing,125,A,100,81.738281,64,947.155125,194,365.806641,50
Growing,126,A,100,17.182617,68,1215.944433,198,369.010742,54
Growing,127,A,100,91.762451,64,647.492303,182,344.293701,38
Growing,128,A,100,48.160889,71,824.922388,190,370.379639,46
Growing,129,A,100,98.670898,71,988.238399,192,352.483398,48
Growing,130,A,100,133.878830,64,883.598257,182,322.878830,38
Growing,131,A,100,122.233032,64,845.550467,178,329.356812,34
Growing,132,A,100,131.437256,64,735.253440,186,331.599365,42
Growing,133,A,100,92.947021,73,1146.567468,192,351.564209,48
Growing,134,A,100,43.538574,67,756.132856,184,352.913574,40
Growing,135,A,100,115.151367,68,1204.106542,188,348.288086,44
Growing,136,A,100,98.030762,70,802.311552,186,355.812012,42
Growing,137,A,100,67.343750,76,1558.394402,198,395.617188,54
Growing,138,A,100,102.078125,76,1251.309547,200,397.656250,56
Growing,139,A,100,90.195312,64,653.683544,194,379.351562,50
Growing,140,A,100,183.930664,67,747.320496,194,375.430664,50
Growing,141,A,100,18.883057,71,1028.974692,198,373.250244,54
Growing,142,A,100,82.600098,64,826.112229,182,340.420410,38
Growing,143,A,100,167.961426,67,1015.003276,194,362.742676,50
Growing,144,A,100,67.099609,64,601.208984,182,342.595703,38
Growing,145,A,100,102.350586,68,1321.436173,192,362.600586,48
Growing,146,A,100,112.693787,64,894.112086,192,345.553162,48
Growing,147,A,100,121.893555,68,1353.315939,196,392.831055,52
Growing,148,A,100,92.917480,64,991.685820,186,345.128418,42
Growing,149,A,100,146.267090,71,1213.692020,184,352.142090,40
Growing,150,A,100,132.940674,71,1140.742418,184,323.659424,40
Growing,151,A,100,88.381149,64,638.883265,184,322.254929,40
Growing,152,A,100,-14.400269,69,787.537487,194,350.359253,50
Growing,153,A,100,128.159180,64,778.355950,180,331.909180,36
Growing,154,A,100,154.637695,67,945.661114,190,358.637695,46
Growing,155,A,100,109.917950,64,655.637036,182,330.183575,38
Growing,156,A,100,103.266357,64,820.929654,182,321.852295,38
Growing,157,A,100,74.723511,64,710.253874,182,323.989059,38
Growing,158,A,100,116.382183,64,644.831293,182,314.225933,38
Growing,159,A,100,122.498047,71,1055.771372,200,373.271484,56
Growing,160,A,100,83.046713,68,830.599678,178,304.678915,34
Growing,161,A,100,77.580078,69,879.709308,200,384.638672,56
Growing,162,A,100,14.145508,71,1296.560904,192,364.329102,48
Growing,163,A,100,122.451904,69,1010.081710,194,354.301514,50
Growing,164,A,100,106.387695,66,828.135273,190,353.793945,46
Growing,165,A,100,191.441406,68,652.240219,194,366.441406,50
Growing,166,A,100,105.924194,71,1615.423702,190,355.346069,46
Growing,167,A,100,-0.479004,67,808.715037,190,343.205566,46
Growing,168,A,100,49.810471,66,689.255896,188,335.333908,44
Growing,169,A,100,114.796722,67,1224.806266,182,340.593597,38
Growing,170,A,100,125.751709,68,1296.383175,182,332.189209,38
Growing,171,A,100,51.146973,64,787.562088,188,364.032715,44
Growing,172,A,100,122.384277,64,708.733803,180,318.723145,36
Growing,173,A,100,106.432617,64,795.360126,182,336.838867,38
Growing,174,A,100,133.459351,70,817.030559,194,358.584351,50
Growing,175,A,100,103.830078,68,975.601229,190,350.166016,46
Growing,176,A,100,66.645996,71,1041.757556,200,381.281738,56
Growing,177,A,100,125.880859,64,917.257777,186,341.693359,42
Growing,178,A,100,23.289062,68,1533.335675,198,383.117188,54
Growing,179,A,100,158.302734,73,1065.826724,200,379.521484,56
Growing,180,A,100,148.099304,64,741.569404,190,363.017273,46
Growing,181,A,100,29.327158,64,814.383424,188,340.563467,44
Growing,182,A,100,14.894531,69,1021.170295,190,357.167969,46
Growing,183,A,100,121.042358,68,1061.470401,186,335.354858,42
Growing,184,A,100,101.389832,67,627.772807,190,343.913269,46
Growing,185,A,100,126.525146,67,738.663310,192,369.493896,48
Growing,186,A,100,93.525391,71,1086.606070,190,367.900391,46
Growing,187,A,100,73.239014,64,702.314433,184,345.160278,40
Growing,188,A,100,126.220703,66,863.143032,192,369.158203,48
Growing,189,A,100,98.158936,68,1237.282259,182,339.752686,38
Growing,190,A,100,128.108276,64,880.668926,182,343.139526,38
Growing,191,A,100,1.600098,70,786.593296,198,372.230957,54
Growing,192,A,100,129.159668,64,844.671354,186,348.644043,42
Growing,193,A,100,112.323242,71,1189.923670,188,353.541992,44
Growing,194,A,100,123.207886,64,804.325539,190,355.231323,46
Growing,195,A,100,155.242676,64,694.219218,184,345.086426,40
Growing,196,A,100,32.281250,64,600.286412,188,346.066406,44
Growing,197,A,100,114.588257,64,908.810149,180,327.023315,36
Growing,198,A,100,19.420898,68,1061.873924,194,370.225586,50
Growing,199,A,100,125.568359,64,1016.630220,182,329.724609,38
Growing,0,A,200,99.991394,68,1425.830101,202,442.861511,58
Growing,1,A,200,86.747559,66,830.468550,196,447.247559,52
Growing,2,A,200,79.588379,76,1889.246777,216,516.549316,72
Growing,3,A,200,4.517273,71,1524.222489,206,452.747742,62
Growing,4,A,200,151.089050,65,853.406243,194,420.662292,50
Growing,5,A,200,176.615082,73,1492.189664,198,428.497894,54
Growing,6,A,200,155.054443,64,1000.712135,198,445.210693,54
Growing,7,A,200,172.533630,72,1610.508785,196,447.658630,52
Growing,8,A,200,84.105220,71,1764.742496,202,458.175532,58
Growing,9,A,200,84.389160,68,1372.966633,204,478.396973,60
Growing,10,A,200,-6.792725,74,1438.456622,208,458.347900,64
Growing,11,A,200,29.684164,76,1702.113215,208,444.199789,64
Growing,12,A,200,180.060638,64,948.790433,188,399.685638,44
Growing,13,A,200,97.230545,64,740.187931,188,402.616547,44
Growing,14,A,200,195.147461,67,1144.931033,200,463.530273,56
Growing,15,A,200,8.299438,70,863.422292,200,446.860962,56
Growing,16,A,200,33.835281,64,655.473875,184,385.582718,40
Growing,17,A,200,109.459320,67,1176.303325,200,463.342133,56
Growing,18,A,200,76.938667,68,1318.606321,190,397.698860,46
Growing,19,A,200,159.679199,69,961.560586,210,464.890137,66
Growing,20,A,200,43.505127,67,969.584732,202,436.298096,58
Growing,21,A,200,71.561646,68,1203.217732,200,412.190552,56
Growing,22,A,200,12.708984,74,1314.375981,216,517.259766,72
Growing,23,A,200,24.015289,70,825.338538,202,435.815765,58
Growing,24,A,200,71.480301,73,1131.221211,208,432.799728,64
Growing,25,A,200,-51.267120,73,1078.157601,200,435.653229,56
Growing,26,A,200,69.433411,65,593.084966,192,405.771057,48
Growing,27,A,200,122.594727,71,1258.636650,202,470.422852,58
Growing,28,A,200,141.136716,64,932.963957,192,420.701169,48
Growing,29,A,200,183.825447,64,889.212760,186,399.192635,42
Growing,30,A,200,-65.294556,68,888.178450,202,443.586304,58
Growing,31,A,200,101.595978,64,809.729010,194,401.820587,50
Growing,32,A,200,202.769531,71,1089.560672,208,481.457031,64
Growing,33,A,200,149.528037,71,1454.614783,194,398.786338,50
Growing,34,A,200,14.807312,68,1815.061619,202,451.562683,58
Growing,35,A,200,10.117126,68,1101.429740,196,416.630188,52
Growing,36,A,200,171.256409,71,958.804886,214,476.308044,70
Growing,37,A,200,46.607773,68,1447.913423,190,411.941147,46
Growing,38,A,200,116.624786,64,938.265755,196,411.228958,52
Growing,39,A,200,129.171417,64,746.640228,194,433.132843,50
Growing,40,A,200,268.681854,69,857.899681,204,446.806854,60
Growing,41,A,200,33.692505,69,903.106774,202,449.356567,58
Growing,42,A,200,137.645752,74,1789.542194,198,442.276123,54
Growing,43,A,200,64.613308,67,1051.025309,196,422.041775,52
Growing,44,A,200,43.844482,74,1001.172899,206,436.606689,62
Growing,45,A,200,96.923034,64,910.860173,196,408.223815,52
Growing,46,A,200,58.562164,69,1093.078597,198,440.106781,54
Growing,47,A,200,106.472778,71,1617.795804,206,475.597778,62
Growing,48,A,200,46.244345,68,847.237907,196,394.421755,52
Growing,49,A,200,138.385254,68,1174.673849,188,429.560059,44
Growing,50,A,200,200.027390,67,917.114040,198,433.945358,54
Growing,51,A,200,111.232422,73,1111.270155,222,518.357422,78
Growing,52,A,200,-40.364380,68,906.754970,198,426.800583,54
Growing,53,A,200,195.950790,67,1198.219122,190,384.931259,46
Growing,54,A,200,57.336365,70,1331.470014,202,455.113708,58
Growing,55,A,200,22.212646,73,1200.939806,206,463.288818,62
Growing,56,A,200,272.966644,69,1305.208521,206,458.841644,62
Growing,57,A,200,216.030197,74,1344.901976,218,492.936447,74
Growing,58,A,200,25.534893,67,1006.424636,202,456.779034,58
Growing,59,A,200,163.912827,71,1660.329857,206,445.162827,62
Growing,60,A,200,254.344727,70,1070.419463,214,495.704102,70
Growing,61,A,200,-93.736807,71,672.589191,204,440.213369,60
Growing,62,A,200,266.373779,70,1051.767346,202,433.248779,58
Growing,63,A,200,129.173828,76,1422.801060,224,522.476562,80
Growing,64,A,200,120.382744,69,960.612543,196,412.177177,52
Growing,65,A,200,-38.322906,70,973.951246,212,495.928070,68
Growing,66,A,200,98.625488,71,1099.365275,214,489.734863,70
Growing,67,A,200,50.115601,71,1232.200077,194,424.897827,50
Growing,68,A,200,78.120529,71,1730.511509,204,426.267380,60
Growing,69,A,200,135.813599,66,635.026799,192,414.761841,48
Growing,70,A,200,149.545578,69,756.925048,200,417.808762,56
Growing,71,A,200,162.849609,72,923.540625,210,478.154297,66
Growing,72,A,200,111.213745,74,1031.500252,210,449.518433,66
Growing,73,A,200,135.005859,64,1091.265052,198,458.810547,54
Growing,74,A,200,269.496756,69,980.439983,204,455.293631,60
Growing,75,A,200,247.947021,70,1065.879709,208,473.384521,64
Growing,76,A,200,29.161743,70,1644.226470,208,458.131226,64
Growing,77,A,200,195.121216,66,763.530418,192,401.089966,48
Growing,78,A,200,182.435547,74,1375.050993,210,484.873047,66
Growing,79,A,200,205.687073,67,1204.854870,192,396.247131,48
Growing,80,A,200,210.726654,70,730.270111,200,439.605560,56
Growing,81,A,200,76.935303,70,1045.813850,204,460.546631,60
Growing,82,A,200,-116.415039,73,1029.357749,214,472.989258,70
Growing,83,A,200,48.354177,73,1633.216214,210,462.787771,66
Growing,84,A,200,142.120926,67,1028.471271,194,428.133835,50
Growing,85,A,200,9.715820,67,606.706105,198,435.338867,54
Growing,86,A,200,84.273132,70,1094.976307,202,426.945374,58
Growing,87,A,200,104.309326,73,1371.171437,202,448.881104,58
Growing,88,A,200,165.713257,73,1096.821126,212,460.392944,68
Growing,89,A,200,86.015021,66,759.337240,192,387.215873,48
Growing,90,A,200,112.034363,68,792.345299,194,410.137314,50
Growing,91,A,200,-16.523743,71,1698.542083,206,472.405945,62
Growing,92,A,200,-38.290977,73,755.253629,210,467.900352,66
Growing,93,A,200,29.891602,73,968.303185,210,483.930664,66
Growing,94,A,200,99.930878,68,1080.045865,198,423.843964,54
Growing,95,A,200,211.781006,67,1111.660887,194,417.226318,50
Growing,96,A,200,80.643881,64,915.854617,188,379.894350,44
Growing,97,A,200,147.358788,64,1063.525583,186,405.085350,42
Growing,98,A,200,129.977575,67,1167.135318,190,416.507528,46
Growing,99,A,200,247.651794,73,1431.383622,210,470.393982,66
Growing,100,A,200,1.310303,76,1248.384161,226,511.802002,82
Growing,101,A,200,184.064810,66,1085.945375,190,402.982168,46
Growing,102,A,200,96.531738,75,1376.868764,224,530.242676,80
Growing,103,A,200,57.225861,67,863.113312,200,431.260509,56
Growing,104,A,200,220.602913,67,1002.322314,194,420.716194,50
Growing,105,A,200,272.104370,69,1051.010564,202,453.666870,58
Growing,106,A,200,144.201233,67,813.327471,198,423.072322,54
Growing,107,A,200,-102.762085,70,611.303772,204,460.058960,60
Growing,108,A,200,-17.888306,69,817.735554,198,423.747681,54
Growing,109,A,200,140.412720,71,1355.417117,202,423.707153,58
Growing,110,A,200,112.107605,67,1054.954599,194,435.183777,50
Growing,111,A,200,214.767742,69,1455.144503,194,434.216961,50
Growing,112,A,200,51.977875,71,1317.861768,206,462.813812,62
Growing,113,A,200,319.148438,70,1057.146159,216,512.210938,72
Growing,114,A,200,97.536804,76,1522.147424,216,488.176819,72
Growing,115,A,200,173.358398,71,1065.383468,214,497.374023,70
Growing,116,A,200,186.013641,66,918.365388,200,460.857391,56
Growing,117,A,200,52.772944,69,791.604293,200,423.354487,56
Growing,118,A,200,12.023804,71,1420.162407,204,446.714233,60
Growing,119,A,200,14.645355,74,1267.004067,214,469.883636,70
Growing,120,A,200,74.289474,70,1168.821489,198,432.152756,54
Growing,121,A,200,-14.264862,73,1029.677583,212,491.647675,68
Growing,122,A,200,14.011681,64,666.388819,186,374.836021,42
Growing,123,A,200,98.445464,67,897.581237,192,395.902739,48
Growing,124,A,200,164.696712,66,967.435714,192,397.686946,48
Growing,125,A,200,103.083984,68,1175.378068,208,456.972168,64
Growing,126,A,200,-63.221680,71,1400.105709,214,467.781738,70
Growing,127,A,200,45.198669,68,1039.758165,196,416.118103,52
Growing,128,A,200,-32.585205,74,1129.222333,206,481.633545,62
Growing,129,A,200,7.571411,74,1055.832499,208,447.783325,64
Growing,130,A,200,127.346786,68,1212.789499,194,411.560654,50
Growing,131,A,200,136.583954,64,1167.091688,196,430.645233,52
Growing,132,A,200,102.406189,70,1390.652647,204,460.392517,60
Growing,133,A,200,105.864624,73,1496.703393,202,439.214966,58
Growing,134,A,200,52.181152,67,941.870587,200,467.985840,56
Growing,135,A,200,85.357391,68,1560.181096,196,422.755524,52
Growing,136,A,200,81.447449,72,852.412042,206,432.178894,62
Growing,137,A,200,154.926270,76,1959.822082,214,514.480957,70
Growing,138,A,200,177.052734,77,1717.145562,216,508.314453,72
Growing,139,A,200,35.394531,71,1213.797835,208,486.563232,64
Growing,140,A,200,179.706161,76,1164.928636,216,492.628036,72
Growing,141,A,200,81.561371,74,1523.557335,214,475.732025,70
Growing,142,A,200,112.259155,69,1250.734971,196,437.054077,52
Growing,143,A,200,189.955566,77,1205.447275,212,474.346191,68
Growing,144,A,200,5.971954,67,651.553756,194,420.665497,50
Growing,145,A,200,110.560303,71,1563.326452,202,433.846924,58
Growing,146,A,200,138.208099,71,1325.462735,206,441.742035,62
Growing,147,A,200,139.720196,68,1608.995216,206,481.720196,62
Growing,148,A,200,-6.481567,70,1045.462242,202,446.782104,58
Growing,149,A,200,134.419800,71,1496.884532,188,410.636108,44
Growing,150,A,200,208.754112,72,1284.436165,196,426.855675,52
Growing,151,A,200,75.818291,64,655.179719,186,379.249855,42
Growing,152,A,200,-74.761116,72,848.976128,200,416.599007,56
Growing,153,A,200,152.430054,67,982.754798,198,432.894409,54
Growing,154,A,200,218.257805,68,952.161733,198,422.257805,54
Growing,155,A,200,92.050658,64,680.923479,184,388.542845,40
Growing,156,A,200,130.299240,64,1291.030807,192,409.482834,48
Growing,157,A,200,173.201599,69,833.359291,202,448.014097,58
Growing,158,A,200,157.614309,65,719.004880,190,385.829153,46
Growing,159,A,200,92.280396,73,1311.906130,216,487.145630,72
Growing,160,A,200,122.116933,68,869.865267,184,374.948438,40
Growing,161,A,200,155.125671,70,913.778212,208,482.731140,64
Growing,162,A,200,22.686157,71,1499.128381,200,449.028931,56
Growing,163,A,200,158.552567,70,1050.432096,202,439.395859,58
Growing,164,A,200,107.559204,73,1379.760459,206,443.520142,62
Growing,165,A,200,281.612640,70,699.341556,206,456.612640,62
Growing,166,A,200,75.866745,74,1994.736909,200,440.599899,56
Growing,167,A,200,-3.220703,67,863.018887,194,417.874512,50
Growing,168,A,200,59.430222,67,937.645509,196,435.478073,52
Growing,169,A,200,132.605675,71,1482.415971,198,435.100792,54
Growing,170,A,200,130.409088,68,1460.455594,190,403.836823,46
Growing,171,A,200,79.522614,64,843.902681,194,430.420746,50
Growing,172,A,200,155.765381,66,860.665849,196,410.356689,52
Growing,173,A,200,94.150391,64,1047.458922,198,444.123047,54
Growing,174,A,200,198.168427,71,835.186049,198,435.793427,54
Growing,175,A,200,160.084351,73,1204.810758,208,460.670288,64
Growing,176,A,200,118.423096,71,1588.751255,204,465.988525,60
Growing,177,A,200,217.123413,68,927.976223,202,459.435913,58
Growing,178,A,200,12.051514,68,1648.499035,210,470.946045,66
Growing,179,A,200,80.831909,77,1108.926225,218,486.214722,74
Growing,180,A,200,195.820251,64,934.456634,194,435.841125,50
Growing,181,A,200,-12.380328,67,823.859223,196,420.870563,52
Growing,182,A,200,11.226074,69,1088.907752,200,421.804199,56
Growing,183,A,200,73.607040,68,1149.675185,192,402.936508,48
Growing,184,A,200,71.448692,71,849.872676,200,423.199425,56
Growing,185,A,200,135.009750,67,770.674685,198,446.333359,54
Growing,186,A,200,122.023529,71,1222.618911,198,445.203217,54
Growing,187,A,200,85.979721,64,762.729012,188,394.706467,44
Growing,188,A,200,155.415039,72,1040.370210,208,470.514648,64
Growing,189,A,200,190.562424,72,1552.807590,202,439.221603,58
Growing,190,A,200,102.212219,68,1158.218067,190,423.247375,46
Growing,191,A,200,-98.427612,74,1221.365670,214,481.031860,70
Growing,192,A,200,126.808838,66,1185.118439,198,451.033447,54
Growing,193,A,200,166.321026,73,1314.919404,202,446.168682,58
Growing,194,A,200,121.251812,71,1079.006200,196,414.888531,52
Growing,195,A,200,81.028809,72,1257.958553,208,479.638184,64
Growing,196,A,200,100.494385,67,627.230315,202,448.138916,58
Growing,197,A,200,147.997681,67,1263.158961,192,417.004272,48
Growing,198,A,200,14.846680,68,1172.000021,198,456.510742,54
Growing,199,A,200,89.136322,68,1316.616596,192,399.757416,48
Growing,0,A,400,-17.605988,77,2012.089097,238,665.820282,94
Growing,1,A,400,-66.270649,70,1032.305797,224,618.027081,80
Growing,2,A,400,167.160248,77,2315.852254,234,692.726654,90
Growing,3,A,400,12.269882,74,2016.360590,216,569.303452,72
Growing,4,A,400,155.991714,72,1615.926640,212,556.743414,68
Growing,5,A,400,188.169991,73,1748.334634,210,549.209785,66
Growing,6,A,400,224.315460,66,1449.927501,212,579.399445,68
Growing,7,A,400,223.722942,74,1953.238477,220,605.483685,76
Growing,8,A,400,169.547606,73,2349.944174,222,625.640136,78
Growing,9,A,400,100.937180,70,1895.030723,224,624.120773,80
Growing,10,A,400,-53.349457,74,2016.203242,222,602.374908,78
Growing,11,A,400,126.105307,79,2080.314452,236,655.257650,92
Growing,12,A,400,240.943178,71,1981.707398,214,571.548647,70
Growing,13,A,400,173.465748,67,857.704450,202,503.221399,58
Growing,14,A,400,187.972992,71,1921.282225,210,577.578583,66
Growing,15,A,400,-12.844798,73,979.608612,206,537.581492,62
Growing,16,A,400,-72.869072,73,1453.204267,208,525.719550,64
Growing,17,A,400,108.226166,71,2006.914449,226,635.551849,82
Growing,18,A,400,89.802873,68,1396.099887,202,492.722044,58
Growing,19,A,400,195.274094,75,1694.941946,230,633.004074,86
Growing,20,A,400,3.376160,74,1349.715189,230,626.403503,86
Growing,21,A,400,69.865643,70,1416.614348,214,543.789715,70
Growing,22,A,400,-27.140362,78,1907.612986,226,662.788311,82
Growing,23,A,400,30.630142,72,956.096650,216,558.691269,72
Growing,24,A,400,153.914433,75,1685.639128,238,618.492916,94
Growing,25,A,400,-90.841928,76,1722.392532,224,613.801302,80
Growing,26,A,400,233.259766,74,1360.768788,224,611.840576,80
Growing,27,A,400,-20.399353,77,1759.629266,232,659.876892,88
Growing,28,A,400,53.044371,74,1468.857194,224,601.187194,80
Growing,29,A,400,210.551332,71,1325.162759,204,535.537416,60
Growing,30,A,400,-74.780337,71,1547.338761,218,593.929563,74
Growing,31,A,400,107.785082,66,808.273970,198,487.150912,54
Growing,32,A,400,218.940765,77,1929.556188,218,594.969910,74
Growing,33,A,400,214.123043,73,1696.672480,206,511.901058,62
Growing,34,A,400,75.836819,71,2350.203839,224,622.557644,80
Growing,35,A,400,40.235031,75,1833.178645,226,606.334396,82
Growing,36,A,400,81.450044,75,994.877518,228,616.000640,84
Growing,37,A,400,7.272688,74,2246.281115,220,608.512602,76
Growing,38,A,400,174.779768,71,1112.790743,216,544.839207,72
Growing,39,A,400,104.632519,65,967.534999,204,543.579296,60
Growing,40,A,400,288.375572,73,1399.139938,218,609.992759,74
Growing,41,A,400,57.016500,71,928.046362,208,542.574423,64
Growing,42,A,400,208.088013,76,2204.296740,214,590.438446,70
Growing,43,A,400,85.750835,67,1269.814906,204,529.576153,60
Growing,44,A,400,117.626923,77,1474.670371,226,610.284210,82
Growing,45,A,400,-11.154839,69,1007.756618,224,575.778755,80
Growing,46,A,400,193.057098,76,2027.999453,230,672.230377,86
Growing,47,A,400,87.093689,74,2102.481381,222,632.435486,78
Growing,48,A,400,60.135888,71,1447.166741,214,547.941532,70
Growing,49,A,400,244.239685,71,1652.839640,212,569.552109,68
Growing,50,A,400,222.828664,67,1290.573719,206,529.246754,62
Growing,51,A,400,226.703613,74,1467.325508,232,669.551270,88
Growing,52,A,400,-61.883593,74,1985.998253,226,626.447874,82
Growing,53,A,400,205.629696,70,1568.054810,200,519.105282,56
Growing,54,A,400,-2.575562,73,1759.315612,218,584.161499,74
Growing,55,A,400,73.375916,74,1827.387398,228,670.227478,84
Growing,56,A,400,318.774185,72,1405.492051,224,629.217056,80
Growing,57,A,400,204.586693,74,1398.354529,222,615.383751,78
Growing,58,A,400,-20.195401,70,1053.982484,216,580.733767,72
Growing,59,A,400,141.614645,71,1762.603922,214,573.232321,70
Growing,60,A,400,315.455505,74,1665.882727,218,607.621277,74
Growing,61,A,400,-158.805385,76,1024.536685,220,582.395229,76
Growing,62,A,400,250.779678,73,1518.241739,216,581.801163,72
Growing,63,A,400,54.630289,79,1838.175489,238,696.987875,94
Growing,64,A,400,92.478823,69,1066.242633,210,572.973452,66
Growing,65,A,400,-120.927055,71,1085.194197,220,616.318130,76
Growing,66,A,400,156.569366,75,1585.996460,228,624.662140,84
Growing,67,A,400,72.312485,72,1587.564596,214,588.992142,70
Growing,68,A,400,163.481083,74,2293.939691,214,571.978337,70
Growing,69,A,400,236.015903,67,1044.220908,208,541.854160,64
Growing,70,A,400,208.340575,69,827.586171,208,523.901488,64
Growing,71,A,400,242.685196,77,1367.839687,224,611.361832,80
Growing,72,A,400,138.803841,78,1438.727721,232,630.565559,88
Growing,73,A,400,251.051971,70,1433.267968,216,634.270721,72
Growing,74,A,400,379.149962,70,1066.103116,216,580.845275,72
Growing,75,A,400,246.863028,73,1249.670346,222,633.663809,78
Growing,76,A,400,23.584522,73,1977.979390,212,548.770763,68
Growing,77,A,400,130.643118,73,1397.841927,216,573.721243,72
Growing,78,A,400,121.140808,74,1777.668545,226,652.274109,82
Growing,79,A,400,283.308997,67,1327.082323,200,498.363074,56
Growing,80,A,400,235.465080,77,1548.721460,220,616.228752,76
Growing,81,A,400,122.432669,70,1627.757338,218,587.859915,74
Growing,82,A,400,-55.195068,75,1754.783544,234,678.005127,90
Growing,83,A,400,65.960246,75,1890.396898,226,633.303996,82
Growing,84,A,400,-16.994064,77,1625.077497,228,641.995895,84
Growing,85,A,400,67.501301,70,794.975167,210,542.222576,66
Growing,86,A,400,207.437546,73,1490.322093,220,550.129318,76
Growing,87,A,400,55.540119,76,1648.770844,232,637.965862,88
Growing,88,A,400,219.157131,76,1882.273681,228,619.196194,84
Growing,89,A,400,30.442881,69,1388.324823,210,534.241629,66
Growing,90,A,400,282.040344,73,951.537414,220,623.518353,76
Growing,91,A,400,-18.593048,72,2274.569146,228,649.901093,84
Growing,92,A,400,-19.099205,76,1395.941917,234,648.717369,90
Growing,93,A,400,66.151703,74,1534.801547,224,615.283722,80
Growing,94,A,400,119.293121,76,1500.221852,234,654.036774,90
Growing,95,A,400,241.668301,67,1454.526750,214,589.326748,70
Growing,96,A,400,55.879761,75,1428.606474,220,564.129512,76
Growing,97,A,400,206.894349,67,1213.710574,196,508.795167,52
Growing,98,A,400,153.902193,71,1724.916594,208,539.373815,64
Growing,99,A,400,221.741745,76,1755.614640,230,653.020554,86
Growing,100,A,400,1.487137,77,1970.924723,240,666.227951,96
Growing,101,A,400,254.067075,73,2039.782160,210,555.209348,66
Growing,102,A,400,-70.265915,77,1423.245833,240,697.040329,96
Growing,103,A,400,56.631010,68,1034.689130,210,537.957500,66
Growing,104,A,400,208.233650,71,1493.998962,224,620.268806,80
Growing,105,A,400,334.939728,74,1291.963707,208,567.856720,64
Growing,106,A,400,236.127625,69,994.230882,210,574.970397,66
Growing,107,A,400,60.184631,76,756.583266,234,668.939270,90
Growing,108,A,400,5.973007,73,1223.967642,210,547.133560,66
Growing,109,A,400,130.443939,71,2287.818239,218,565.824554,74
Growing,110,A,400,150.208527,73,1646.779377,220,616.071320,76
Growing,111,A,400,258.586713,71,1882.103662,206,551.260541,62
Growing,112,A,400,16.788432,71,1586.119808,218,604.639994,74
Growing,113,A,400,423.930359,70,1486.001748,222,648.938171,78
Growing,114,A,400,102.660248,76,2128.819063,238,694.323395,94
Growing,115,A,400,163.504028,77,1795.671803,240,691.755676,96
Growing,116,A,400,209.812469,71,1226.165857,204,531.600555,60
Growing,117,A,400,-8.395701,73,1398.281321,214,574.099294,70
Growing,118,A,400,-2.634003,74,1665.593595,222,587.087585,78
Growing,119,A,400,-13.986725,74,1838.674905,236,644.719330,92
Growing,120,A,400,66.131699,71,1772.588506,212,568.630478,68
Growing,121,A,400,-28.117981,77,1793.092878,230,651.676331,86
Growing,122,A,400,125.603115,67,1221.796442,210,541.460094,66
Growing,123,A,400,59.922210,69,1447.101601,214,577.148040,70
Growing,124,A,400,131.845196,73,1425.097010,222,581.527569,78
Growing,125,A,400,178.290512,71,1684.396515,222,612.372467,78
Growing,126,A,400,-75.762538,71,1716.352814,232,636.816432,88
Growing,127,A,400,59.628185,68,1381.998020,200,509.792881,56
Growing,128,A,400,-25.129612,74,1281.322363,220,597.567616,76
Growing,129,A,400,-39.484257,76,1447.115142,214,547.346149,70
Growing,130,A,400,110.750208,68,1329.112626,202,524.652063,58
Growing,131,A,400,114.768409,68,1541.511654,208,545.521751,64
Growing,132,A,400,122.801529,72,1828.763679,216,586.119400,72
Growing,133,A,400,2.104088,78,1727.832444,232,624.907982,88
Growing,134,A,400,31.380451,68,1556.725012,218,601.565960,74
Growing,135,A,400,52.409769,71,2156.206929,216,575.164979,72
Growing,136,A,400,91.693802,74,1483.127578,218,574.276016,74
Growing,137,A,400,146.307663,76,2422.612471,226,666.256882,82
Growing,138,A,400,225.429688,77,2056.271884,230,682.338867,86
Growing,139,A,400,80.001175,74,1721.884727,218,608.937576,74
Growing,140,A,400,206.342339,76,1186.302368,220,602.064018,76
Growing,141,A,400,54.119522,74,1753.191889,222,611.925537,78
Growing,142,A,400,77.910984,70,1543.090299,204,539.376072,60
Growing,143,A,400,161.199341,77,1513.047620,236,658.283325,92
Growing,144,A,400,-5.152281,68,1099.690949,202,512.497770,58
Growing,145,A,400,109.662325,71,1882.116510,218,596.872526,74
Growing,146,A,400,178.609520,76,1924.410312,230,641.045799,86
Growing,147,A,400,123.341740,74,2260.965058,232,657.771427,88
Growing,148,A,400,-74.521973,70,1143.613427,216,600.114990,72
Growing,149,A,400,104.112125,71,1719.141159,202,520.603763,58
Growing,150,A,400,247.077955,72,1738.512851,214,576.264966,70
Growing,151,A,400,82.567869,67,1113.515204,196,487.976159,52
Growing,152,A,400,-41.597647,75,1270.806327,212,567.535116,68
Growing,153,A,400,254.578239,69,1297.775890,208,571.449516,64
Growing,154,A,400,151.883988,78,2018.844164,232,648.973832,88
Growing,155,A,400,49.044642,69,1026.640699,204,530.068416,60
Growing,156,A,400,148.119865,68,1824.458502,210,542.167473,66
Growing,157,A,400,178.283966,75,1453.083508,224,620.592559,80
Growing,158,A,400,149.020309,74,1120.640384,210,533.689499,66
Growing,159,A,400,129.369965,74,1304.290451,226,624.957367,82
Growing,160,A,400,123.805519,70,882.577496,196,454.574102,52
Growing,161,A,400,123.431335,77,1082.926245,248,707.023132,104
Growing,162,A,400,-84.461782,73,1988.319419,216,584.144145,72
Growing,163,A,400,298.514118,73,1385.050958,220,602.381115,76
Growing,164,A,400,-25.978642,76,1842.385221,230,634.663448,86
Growing,165,A,400,276.849274,70,818.143593,216,589.862419,72
Growing,166,A,400,175.718576,75,2019.517789,218,581.473196,74
Growing,167,A,400,-17.044217,67,868.539411,194,470.622496,50
Growing,168,A,400,-10.614297,70,1008.045001,210,546.516684,66
Growing,169,A,400,113.901878,71,1803.794641,212,585.958396,68
Growing,170,A,400,107.101303,68,2103.180765,210,548.136215,66
Growing,171,A,400,56.834085,68,1321.968942,208,559.502676,64
Growing,172,A,400,280.472462,68,855.332897,208,535.124195,64
Growing,173,A,400,217.499756,74,1773.087103,224,628.261475,80
Growing,174,A,400,340.530597,74,1289.128306,218,587.257159,74
Growing,175,A,400,222.953369,74,1646.960867,224,599.811768,80
Growing,176,A,400,82.716187,75,1716.066366,236,670.506226,92
Growing,177,A,400,203.294479,72,1619.760463,214,587.552780,70
Growing,178,A,400,57.264618,70,2160.463363,228,632.853973,84
Growing,179,A,400,112.085815,79,1413.125907,250,730.011597,106
Growing,180,A,400,155.368988,68,1585.557589,216,622.901684,72
Growing,181,A,400,-27.997508,68,876.928079,200,500.388255,56
Growing,182,A,400,7.352371,71,1616.452331,212,547.421677,68
Growing,183,A,400,115.870250,75,1808.491694,216,549.927715,72
Growing,184,A,400,29.819641,71,938.778684,204,514.285339,60
Growing,185,A,400,127.835361,71,1655.407384,216,587.015949,72
Growing,186,A,400,96.754440,71,1960.046498,212,595.251266,68
Growing,187,A,400,43.184380,65,784.573326,192,469.184269,48
Growing,188,A,400,151.018799,73,1656.240391,218,628.260010,74
Growing,189,A,400,279.348865,73,2206.500554,214,583.344318,70
Growing,190,A,400,246.006195,71,1820.858275,212,594.558975,68
Growing,191,A,400,-157.778442,74,1264.042159,220,600.751343,76
Growing,192,A,400,132.737595,70,1525.025915,208,570.166977,64
Growing,193,A,400,272.697811,74,1411.109655,220,613.106728,76
Growing,194,A,400,293.341343,74,1204.868224,222,634.601109,78
Growing,195,A,400,111.284027,74,1861.470590,218,617.135590,74
Growing,196,A,400,65.915564,67,771.160001,212,566.855862,68
Growing,197,A,400,28.852722,75,1558.228704,224,611.861633,80
Growing,198,A,400,0.179848,69,1338.307894,208,578.020714,64
Growing,199,A,400,79.419404,71,1581.554230,200,497.431672,56
Growing,0,B,0,-84.000000,64,600.015849,174,244.000000,30
Growing,1,B,0,-84.000000,64,600.015849,174,244.000000,30
Growing,2,B,0,-84.000000,64,600.015849,174,244.000000,30
Growing,3,B,0,-84.000000,64,600.015849,174,244.000000,30
Growing,4,B,0,-84.000000,64,600.015849,174,244.000000,30
Growing,5,B,0,-84.000000,64,600.015849,174,244.000000,30
Growing,6,B,0,-84.000000,64,600.015849,174,244.000000,30
Growing,7,B,0,-84.000000,64,600.015849,174,244.000000,30
Growing,8,B,0,-84.000000,64,600.015849,174,244.000000,30
Growing,9,B,0,-84.000000,64,600.015849,174,244.000000,30
Growing,10,B,0,-84.000000,64,600.015849,174,244.000000,30
Growing,11,B,0,-84.000000,64,600.015849,174,244.000000,30
Growing,12,B,0,-84.000000,64,600.015849,174,244.000000,30
Growing,13,B,0,-84.000000,64,600.015849,174,244.000000,30
Growing,14,B,0,-84.000000,64,600.015849,174,244.000000,30
Growing,15,B,0,-84.000000,64,600.015849,174,244.000000,30
Growing,16,B,0,-84.000000,64,600.015849,174,244.000000,30
Growing,17,B,0,-84.000000,64,600.015849,174,244.000000,30
Growing,18,B,0,-84.000000,64,600.015849,174,244.000000,30
Growing,19,B,0,-84.000000,64,600.015849,174,244.000000,30
Growing,20,B,0,-84.000000,64,600.015849,174,244.000000,30
Growing,21,B,0,-84.000000,64,600.015849,174,244.000000,30
Growing,22,B,0,-84.000000,64,600.015849,174,244.000000,30
Growing,23,B,0,-84.000000,64,600.015849,174,244.000000,30
Growing,24,B,0,-84.000000,64,600.015849,174,244.000000,30
Growing,25,B,0,-84.000000,64,600.015849,174,244.000000,30
Growing,26,B,0,-84.000000,64,600.015849,174,244.000000,30
Growing,27,B,0,-84.000000,64,600.015849,174,244.000000,30
Growing,28,B,0,-84.000000,64,600.015849,174,244.000000,30
Growing,29,B,0,-84.000000,64,600.015849,174,244.000000,30
Growing,30,B,0,-84.000000,64,600.015849,174,244.000000,30
Growing,31,B,0,-84.000000,64,600.015849,174,244.000000,30
Growing,32,B,0,-84.000000,64,600.015849,174,244.000000,30
Growing,33,B,0,-84.000000,64,600.015849,174,244.000000,30
Growing,34,B,0,-84.000000,64,600.015849,174,244.000000,30
Growing,35,B,0,-84.000000,64,600.015849,174,244.000000,30
Growing,36,B,0,-84.000000,64,600.015849,174,244.000000,30
Growing,37,B,0,-84.000000,64,600.015849,174,244.000000,30
Growing,38,B,0,-84.000000,64,600.015849,174,244.000000,30
Growing,39,B,0,-84.000000,64,600.015849,174,244.000000,30
Growing,40,B,0,-84.000000,64,600.015849,174,244.000000,30
Growing,41,B,0,-84.000000,64,600.015849,174,244.000000,30
Growing,42,B,0,-84.000000,64,600.015849,174,244.000000,30
Growing,43,B,0,-84.000000,64,600.015849,174,244.000000,30
Growing,44,B,0,-84.000000,64,600.015849,174,244.000000,30
Growing,45,B,0,-84.000000,64,600.015849,174,244.000000,30
Growing,46,B,0,-84.000000,64,600.015849,174,244.000000,30
Growing,47,B,0,-84.000000,64,600.015849,174,244.000000,30
Growing,48,B,0,-84.000000,64,600.015849,174,244.000000,30
Growing,49,B,0,-84.000000,64,600.015849,174,244.000000,30
Growing,50,B,0,-84.000000,64,600.015849,174,244.000000,30
Growing,51,B,0,-84.000000,64,600.015849,174,244.000000,30
Growing,52,B,0,-84.000000,64,600.015849,174,244.000000,30
Growing,53,B,0,-84.000000,64,600.015849,174,244.000000,30
Growing,54,B,0,-84.000000,64,600.015849,174,244.000000,30
Growing,55,B,0,-84.000000,64,600.015849,174,244.000000,30
Growing,56,B,0,-84.000000,64,600.015849,174,244.000000,30
Growing,57,B,0,-84.000000,64,600.015849,174,244.000000,30
Growing,58,B,0,-84.000000,64,600.015849,174,244.000000,30
Growing,59,B,0,-84.000000,64,600.015849,174,244.000000,30
Growing,60,B,0,-84.000000,64,600.015849,174,244.000000,30
Growing,61,B,0,-84.000000,64,600.015849,174,244.000000,30
Growing,62,B,0,-84.000000,64,600.015849,174,244.000000,30
Growing,63,B,0,-84.000000,64,600.015849,174,244.000000,30
Growing,64,B,0,-84.000000,64,600.015849,174,244.000000,30
Growing,65,B,0,-84.000000,64,600.015849,174,244.000000,30
Growing,66,B,0,-84.000000,64,600.015849,174,244.000000,30
Growing,67,B,0,-84.000000,64,600.015849,174,244.000000,30
Growing,68,B,0,-84.000000,64,600.015849,174,244.000000,30
Growing,69,B,0,-84.000000,64,600.015849,174,244.000000,30
Growing,70,B,0,-84.000000,64,600.015849,174,244.000000,30
Growing,71,B,0,-84.000000,64,600.015849,174,244.000000,30
Growing,72,B,0,-84.000000,64,600.015849,174,244.000000,30
Growing,73,B,0,-84.000000,64,600.015849,174,244.000000,30
Growing,74,B,0,-84.000000,64,600.015849,174,244.000000,30
Growing,75,B,0,-84.000000,64,600.015849,174,244.000000,30
Growing,76,B,0,-84.000000,64,600.015849,174,244.000000,30
Growing,77,B,0,-84.000000,64,600.015849,174,244.000000,30
Growing,78,B,0,-84.000000,64,600.015849,174,244.000000,30
Growing,79,B,0,-84.000000,64,600.015849,174,244.000000,30
Growing,80,B,0,-84.000000,64,600.015849,174,244.000000,30
Growing,81,B,0,-84.000000,64,600.015849,174,244.000000,30
Growing,82,B,0,-84.000000,64,600.015849,174,244.000000,30
Growing,83,B,0,-84.000000,64,600.015849,174,244.000000,30
Growing,84,B,0,-84.000000,64,600.015849,174,244.000000,30
Growing,85,B,0,-84.000000,64,600.015849,174,244.000000,30
Growing,86,B,0,-84.000000,64,600.015849,174,244.000000,30
Growing,87,B,0,-84.000000,64,600.015849,174,244.000000,30
Growing,88,B,0,-84.000000,64,600.015849,174,244.000000,30
Growing,89,B,0,-84.000000,64,600.015849,174,244.000000,30
Growing,90,B,0,-84.000000,64,600.015849,174,244.000000,30
Growing,91,B,0,-84.000000,64,600.015849,174,244.000000,30
Growing,92,B,0,-84.000000,64,600.015849,174,244.000000,30
Growing,93,B,0,-84.000000,64,600.015849,174,244.000000,30
Growing,94,B,0,-84.000000,64,600.015849,174,244.000000,30
Growing,95,B,0,-84.000000,64,600.015849,174,244.000000,30
Growing,96,B,0,-84.000000,64,600.015849,174,244.000000,30
Growing,97,B,0,-84.000000,64,600.015849,174,244.000000,30
Growing,98,B,0,-84.000000,64,600.015849,174,244.000000,30
Growing,99,B,0,-84.000000,64,600.015849,174,244.000000,30
Growing,100,B,0,-84.000000,64,600.015849,174,244.000000,30
Growing,101,B,0,-84.000000,64,600.015849,174,244.000000,30
Growing,102,B,0,-84.000000,64,600.015849,174,244.000000,30
Growing,103,B,0,-84.000000,64,600.015849,174,244.000000,30
Growing,104,B,0,-84.000000,64,600.015849,174,244.000000,30
Growing,105,B,0,-84.000000,64,600.015849,174,244.000000,30
Growing,106,B,0,-84.000000,64,600.015849,174,244.000000,30
Growing,107,B,0,-84.000000,64,600.015849,174,244.000000,30
Growing,108,B,0,-84.000000,64,600.015849,174,244.000000,30
Growing,109,B,0,-84.000000,64,600.015849,174,244.000000,30
Growing,110,B,0,-84.000000,64,600.015849,174,244.000000,30
Growing,111,B,0,-84.000000,64,600.015849,174,244.000000,30
Growing,112,B,0,-84.000000,64,600.015849,174,244.000000,30
Growing,113,B,0,-84.000000,64,600.015849,174,244.000000,30
Growing,114,B,0,-84.000000,64,600.015849,174,244.000000,30
Growing,115,B,0,-84.000000,64,600.015849,174,244.000000,30
Growing,116,B,0,-84.000000,64,600.015849,174,244.000000,30
Growing,117,B,0,-84.000000,64,600.015849,174,244.000000,30
Growing,118,B,0,-84.000000,64,600.015849,174,244.000000,30
Growing,119,B,0,-84.000000,64,600.015849,174,244.000000,30
Growing,120,B,0,-84.000000,64,600.015849,174,244.000000,30
Growing,121,B,0,-84.000000,64,600.015849,174,244.000000,30
Growing,122,B,0,-84.000000,64,600.015849,174,244.000000,30
Growing,123,B,0,-84.000000,64,600.015849,174,244.000000,30
Growing,124,B,0,-84.000000,64,600.015849,174,244.000000,30
Growing,125,B,0,-84.000000,64,600.015849,174,244.000000,30
Growing,126,B,0,-84.000000,64,600.015849,174,244.000000,30
Growing,127,B,0,-84.000000,64,600.015849,174,244.000000,30
Growing,128,B,0,-84.000000,64,600.015849,174,244.000000,30
Growing,129,B,0,-84.000000,64,600.015849,174,244.000000,30
Growing,130,B,0,-84.000000,64,600.015849,174,244.000000,30
Growing,131,B,0,-84.000000,64,600.015849,174,244.000000,30
Growing,132,B,0,-84.000000,64,600.015849,174,244.000000,30
Growing,133,B,0,-84.000000,64,600.015849,174,244.000000,30
Growing,134,B,0,-84.000000,64,600.015849,174,244.000000,30
Growing,135,B,0,-84.000000,64,600.015849,174,244.000000,30
Growing,136,B,0,-84.000000,64,600.015849,174,244.000000,30
Growing,137,B,0,-84.000000,64,600.015849,174,244.000000,30
Growing,138,B,0,-84.000000,64,600.015849,174,244.000000,30
Growing,139,B,0,-84.000000,64,600.015849,174,244.000000,30
Growing,140,B,0,-84.000000,64,600.015849,174,244.000000,30
Growing,141,B,0,-84.000000,64,600.015849,174,244.000000,30
Growing,142,B,0,-84.000000,64,600.015849,174,244.000000,30
Growing,143,B,0,-84.000000,64,600.015849,174,244.000000,30
Growing,144,B,0,-84.000000,64,600.015849,174,244.000000,30
Growing,145,B,0,-84.000000,64,600.015849,174,244.000000,30
Growing,146,B,0,-84.000000,64,600.015849,174,244.000000,30
Growing,147,B,0,-84.000000,64,600.015849,174,244.000000,30
Growing,148,B,0,-84.000000,64,600.015849,174,244.000000,30
Growing,149,B,0,-84.000000,64,600.015849,174,244.000000,30
Growing,150,B,0,-84.000000,64,600.015849,174,244.000000,30
Growing,151,B,0,-84.000000,64,600.015849,174,244.000000,30
Growing,152,B,0,-84.000000,64,600.015849,174,244.000000,30
Growing,153,B,0,-84.000000,64,600.015849,174,244.000000,30
Growing,154,B,0,-84.000000,64,600.015849,174,244.000000,30
Growing,155,B,0,-84.000000,64,600.015849,174,244.000000,30
Growing,156,B,0,-84.000000,64,600.015849,174,244.000000,30
Growing,157,B,0,-84.000000,64,600.015849,174,244.000000,30
Growing,158,B,0,-84.000000,64,600.015849,174,244.000000,30
Growing,159,B,0,-84.000000,64,600.015849,174,244.000000,30
Growing,160,B,0,-84.000000,64,600.015849,174,244.000000,30
Growing,161,B,0,-84.000000,64,600.015849,174,244.000000,30
Growing,162,B,0,-84.000000,64,600.015849,174,244.000000,30
Growing,163,B,0,-84.000000,64,600.015849,174,244.000000,30
Growing,164,B,0,-84.000000,64,600.015849,174,244.000000,30
Growing,165,B,0,-84.000000,64,600.015849,174,244.000000,30
Growing,166,B,0,-84.000000,64,600.015849,174,244.000000,30
Growing,167,B,0,-84.000000,64,600.015849,174,244.000000,30
Growing,168,B,0,-84.000000,64,600.015849,174,244.000000,30
Growing,169,B,0,-84.000000,64,600.015849,174,244.000000,30
Growing,170,B,0,-84.000000,64,600.015849,174,244.000000,30
Growing,171,B,0,-84.000000,64,600.015849,174,244.000000,30
Growing,172,B,0,-84.000000,64,600.015849,174,244.000000,30
Growing,173,B,0,-84.000000,64,600.015849,174,244.000000,30
Growing,174,B,0,-84.000000,64,600.015849,174,244.000000,30
Growing,175,B,0,-84.000000,64,600.015849,174,244.000000,30
Growing,176,B,0,-84.000000,64,600.015849,174,244.000000,30
Growing,177,B,0,-84.000000,64,600.015849,174,244.000000,30
Growing,178,B,0,-84.000000,64,600.015849,174,244.000000,30
Growing,179,B,0,-84.000000,64,600.015849,174,244.000000,30
Growing,180,B,0,-84.000000,64,600.015849,174,244.000000,30
Growing,181,B,0,-84.000000,64,600.015849,174,244.000000,30
Growing,182,B,0,-84.000000,64,600.015849,174,244.000000,30
Growing,183,B,0,-84.000000,64,600.015849,174,244.000000,30
Growing,184,B,0,-84.000000,64,600.015849,174,244.000000,30
Growing,185,B,0,-84.000000,64,600.015849,174,244.000000,30
Growing,186,B,0,-84.000000,64,600.015849,174,244.000000,30
Growing,187,B,0,-84.000000,64,600.015849,174,244.000000,30
Growing,188,B,0,-84.000000,64,600.015849,174,244.000000,30
Growing,189,B,0,-84.000000,64,600.015849,174,244.000000,30
Growing,190,B,0,-84.000000,64,600.015849,174,244.000000,30
Growing,191,B,0,-84.000000,64,600.015849,174,244.000000,30
Growing,192,B,0,-84.000000,64,600.015849,174,244.000000,30
Growing,193,B,0,-84.000000,64,600.015849,174,244.000000,30
Growing,194,B,0,-84.000000,64,600.015849,174,244.000000,30
Growing,195,B,0,-84.000000,64,600.015849,174,244.000000,30
Growing,196,B,0,-84.000000,64,600.015849,174,244.000000,30
Growing,197,B,0,-84.000000,64,600.015849,174,244.000000,30
Growing,198,B,0,-84.000000,64,600.015849,174,244.000000,30
Growing,199,B,0,-84.000000,64,600.015849,174,244.000000,30
Growing,0,B,100,-79.791016,68,1217.617769,200,389.267578,56
Growing,1,B,100,-129.149414,71,952.990385,188,362.711914,44
Growing,2,B,100,-132.735840,67,916.348187,190,357.038574,46
Growing,3,B,100,-106.862305,71,996.419897,186,335.399414,42
Growing,4,B,100,-173.151123,73,894.051143,196,349.026123,52
Growing,5,B,100,-125.663757,68,954.247079,188,341.002625,44
Growing,6,B,100,-128.992188,71,1235.164225,198,387.335938,54
Growing,7,B,100,-173.270874,70,780.562353,190,352.020874,46
Growing,8,B,100,-38.871094,72,916.219810,192,357.507812,48
Growing,9,B,100,-192.471603,69,743.505234,194,358.721603,50
Growing,10,B,100,-21.692322,67,680.855356,194,343.510193,50
Growing,11,B,100,-70.027588,71,1308.460132,188,340.652588,44
Growing,12,B,100,-23.725281,71,1558.151531,192,361.809265,48
Growing,13,B,100,-118.305147,64,692.274838,178,305.136202,34
Growing,14,B,100,-158.478516,68,1568.180696,186,381.009766,42
Growing,15,B,100,-87.174194,68,937.774561,188,350.924194,44
Growing,16,B,100,-119.784241,66,983.961684,184,333.862366,40
Growing,17,B,100,-55.515625,71,1313.710671,194,369.195312,50
Growing,18,B,100,-153.348389,69,917.296727,194,348.422607,50
Growing,19,B,100,-126.285004,68,885.102558,186,346.566254,42
Growing,20,B,100,-77.192871,68,821.021904,188,350.062988,44
Growing,21,B,100,-94.941162,64,802.028872,190,344.222412,46
Growing,22,B,100,-151.947266,76,1392.096146,202,387.087891,58
Growing,23,B,100,-52.146240,71,1081.919260,190,351.741943,46
Growing,24,B,100,-148.661377,64,725.419023,186,329.536377,42
Growing,25,B,100,-142.251953,70,1127.288911,192,363.142578,48
Growing,26,B,100,-33.670898,68,841.892327,186,345.555664,42
Growing,27,B,100,-82.092468,65,855.524028,188,351.373718,44
Growing,28,B,100,-159.212891,67,1022.424127,186,354.212891,42
Growing,29,B,100,-140.257568,64,686.164760,180,319.788818,36
Growing,30,B,100,-49.445332,68,760.496981,188,337.373760,44
Growing,31,B,100,-14.759521,71,1389.351254,188,360.220459,44
Growing,32,B,100,-54.377686,71,812.528396,202,380.690186,58
Growing,33,B,100,-165.721680,71,1017.792077,198,383.971680,54
Growing,34,B,100,-27.638672,68,1001.849264,190,368.525391,46
Growing,35,B,100,-107.051758,68,805.459334,186,343.583008,42
Growing,36,B,100,-16.519531,66,820.031845,198,383.136719,54
Growing,37,B,100,-88.191895,69,1273.935427,198,389.066895,54
Growing,38,B,100,-27.744629,67,666.479815,186,331.788574,42
Growing,39,B,100,-0.258545,74,1270.927300,202,405.426514,58
Growing,40,B,100,-11.207031,71,1025.816802,194,347.164062,50
Growing,41,B,100,-156.498047,69,1027.749104,190,336.738281,46
Growing,42,B,100,-113.059570,66,755.038760,186,330.759521,42
Growing,43,B,100,4.705078,68,1254.894047,190,367.041016,46
Growing,44,B,100,-41.193359,73,1070.518542,200,366.591797,56
Growing,45,B,100,-102.141602,64,738.132348,180,337.485352,36
Growing,46,B,100,-137.234375,70,793.779533,206,410.765625,62
Growing,47,B,100,-99.134277,64,651.806799,182,334.116699,38
Growing,48,B,100,-104.014496,68,1214.013608,182,330.295746,38
Growing,49,B,100,-21.413086,68,1203.767548,190,369.155273,46
Growing,50,B,100,-38.360352,68,939.434848,188,352.399414,44
Growing,51,B,100,-130.180664,64,821.775254,188,349.899414,44
Growing,52,B,100,-54.009460,64,729.299471,184,331.157898,40
Growing,53,B,100,-137.358398,67,892.888301,188,362.389648,44
Growing,54,B,100,-157.152039,64,800.071929,186,340.589539,42
Growing,55,B,100,-124.789795,68,706.051684,188,350.977295,44
Growing,56,B,100,-149.506683,70,977.346661,188,356.100433,44
Growing,57,B,100,-68.651123,68,959.339481,186,355.354248,42
Growing,58,B,100,-130.635742,64,978.317635,182,332.698242,38
Growing,59,B,100,21.225079,71,813.276242,196,364.645000,52
Growing,60,B,100,-50.762207,71,1364.544666,194,359.285645,50
Growing,61,B,100,-113.230206,64,805.381089,180,301.544170,36
Growing,62,B,100,-102.637695,68,823.891234,186,335.165039,42
Growing,63,B,100,14.309326,69,676.674773,194,359.301514,50
Growing,64,B,100,-11.303223,68,675.128510,190,356.721191,46
Growing,65,B,100,-117.598633,64,702.360850,182,333.059570,38
Growing,66,B,100,-169.398193,69,919.016651,194,372.304443,50
Growing,67,B,100,-115.540405,64,619.070572,184,324.692749,40
Growing,68,B,100,-101.203613,64,828.690145,196,342.008301,52
Growing,69,B,100,-114.364746,71,777.792203,198,364.638184,54
Growing,70,B,100,-45.437012,66,659.809125,188,344.901855,44
Growing,71,B,100,-125.294769,64,868.146966,182,331.071808,38
Growing,72,B,100,57.813965,73,876.987625,204,385.813965,60
Growing,73,B,100,-164.341187,64,809.866354,184,340.903687,40
Growing,74,B,100,-87.269775,64,570.130740,180,331.871338,36
Growing,75,B,100,-157.591797,69,1234.961009,190,370.810547,46
Growing,76,B,100,-141.933594,67,976.743745,188,338.214844,44
Growing,77,B,100,-140.149414,67,698.378239,194,368.711914,50
Growing,78,B,100,-206.609375,70,927.450791,210,417.109375,66
Growing,79,B,100,-131.078613,64,680.803479,186,341.227051,42
Growing,80,B,100,-103.489594,64,702.129648,178,311.705902,34
Growing,81,B,100,-41.137695,74,1470.405129,198,378.434570,54
Growing,82,B,100,-84.951660,68,1372.987055,184,345.799316,40
Growing,83,B,100,-14.474243,73,1090.960491,200,380.307007,56
Growing,84,B,100,-84.047852,68,1257.632160,190,358.110352,46
Growing,85,B,100,-50.677124,64,739.830845,186,346.448608,42
Growing,86,B,100,-31.507812,71,1332.530030,194,379.000000,50
Growing,87,B,100,-85.578125,68,1431.385663,192,353.867676,48
Growing,88,B,100,44.000000,73,857.904915,202,396.804688,58
Growing,89,B,100,-139.502930,71,1115.416497,196,362.440430,52
Growing,90,B,100,-74.605816,64,603.812523,180,303.607769,36
Growing,91,B,100,-180.788574,67,873.857838,190,356.413574,46
Growing,92,B,100,-59.690918,68,979.373578,184,332.962402,40
Growing,93,B,100,-104.198484,68,880.481160,188,330.042234,44
Growing,94,B,100,-36.514954,67,722.232934,184,333.164734,40
Growing,95,B,100,-90.316406,75,1127.563086,196,356.156250,52
Growing,96,B,100,-112.423950,64,764.983703,176,299.609008,32
Growing,97,B,100,-83.142578,64,693.916184,184,348.111328,40
Growing,98,B,100,-119.306030,69,779.688991,184,326.626343,40
Growing,99,B,100,-60.755859,70,1172.541507,202,405.662109,58
Growing,100,B,100,-94.126953,68,1216.233111,190,351.923828,46
Growing,101,B,100,-182.488281,70,858.167154,192,358.425781,48
Growing,102,B,100,-5.451172,65,764.371811,194,372.564453,50
Growing,103,B,100,-52.063477,66,902.681403,198,380.866211,54
Growing,104,B,100,-57.272949,68,798.909400,192,348.335449,48
Growing,105,B,100,-98.455078,64,815.204366,188,362.619141,44
Growing,106,B,100,-111.415039,68,989.889904,184,345.333008,40
Growing,107,B,100,-205.212891,67,1131.616344,196,391.400391,52
Growing,108,B,100,-46.582886,64,934.563221,186,331.778198,42
Growing,109,B,100,-66.991211,65,617.555739,190,355.190430,46
Growing,110,B,100,-119.424561,70,863.072653,186,369.612061,42
Growing,111,B,100,-19.737305,69,694.203141,194,354.229492,50
Growing,112,B,100,-39.910400,68,1300.832684,194,348.097900,50
Growing,113,B,100,-62.386719,65,818.131185,182,356.511719,38
Growing,114,B,100,75.830078,71,704.485574,208,413.478516,64
Growing,115,B,100,-36.275391,67,812.290096,192,370.291016,48
Growing,116,B,100,-54.788753,64,650.766061,182,327.702815,38
Growing,117,B,100,-106.270630,64,612.904515,180,326.067505,36
Growing,118,B,100,-29.362305,69,694.492555,194,371.846680,50
Growing,119,B,100,-103.908569,68,1010.640898,188,344.596069,44
Growing,120,B,100,-111.288086,64,940.422723,180,323.920898,36
Growing,121,B,100,-86.807335,67,620.050655,200,368.807335,56
Growing,122,B,100,-85.386719,64,1087.522715,194,375.777344,50
Growing,123,B,100,-147.845947,71,1296.231421,186,347.470947,42
Growing,124,B,100,-93.863281,64,907.424302,190,365.878906,46
Growing,125,B,100,-59.127686,68,1172.963947,186,354.885498,42
Growing,126,B,100,-71.859253,64,697.991010,180,318.078003,36
Growing,127,B,100,-2.349609,73,1166.213191,194,362.662109,50
Growing,128,B,100,29.047363,70,662.811950,196,376.422363,52
Growing,129,B,100,-87.053711,64,823.607478,188,341.608398,44
Growing,130,B,100,-142.541504,64,895.277584,188,341.010254,44
Growing,131,B,100,-31.099609,66,707.572871,188,343.351562,44
Growing,132,B,100,-101.835938,64,884.114293,186,353.460938,42
Growing,133,B,100,-189.625244,69,885.850333,190,352.125244,46
Growing,134,B,100,-131.529297,68,1078.846397,190,366.748047,46
Growing,135,B,100,-127.494141,71,1413.452685,188,349.961670,44
Growing,136,B,100,-128.505859,64,698.349126,188,363.224609,44
Growing,137,B,100,-170.310760,67,563.696946,186,330.310760,42
Growing,138,B,100,-82.421875,74,1558.254467,202,401.609375,58
Growing,139,B,100,-53.106445,68,1097.554246,184,340.293945,40
Growing,140,B,100,-92.778687,67,948.578015,182,333.552124,38
Growing,141,B,100,-191.156250,69,713.367936,204,387.593750,60
Growing,142,B,100,-101.900391,64,893.925262,186,351.869141,42
Growing,143,B,100,-7.349609,73,1296.917915,198,379.630859,54
Growing,144,B,100,47.085938,69,650.952968,202,389.539062,58
Growing,145,B,100,-189.318054,67,893.302153,188,354.318054,44
Growing,146,B,100,-110.274170,71,1021.818677,190,342.703857,46
Growing,147,B,100,-128.690552,64,756.370921,178,328.300903,34
Growing,148,B,100,-21.434326,71,1165.590215,192,348.251221,48
Growing,149,B,100,-133.850952,68,864.734318,184,329.311890,40
Growing,150,B,100,-102.140864,68,907.125963,186,336.465083,42
Growing,151,B,100,-81.995850,64,624.842662,178,302.105225,34
Growing,152,B,100,-130.838562,68,851.543338,184,341.338562,40
Growing,153,B,100,-145.489258,71,1177.253319,192,364.739258,48
Growing,154,B,100,-67.773438,67,945.953138,192,367.273438,48
Growing,155,B,100,-195.149170,69,921.985711,196,366.399170,52
Growing,156,B,100,-57.264359,68,1013.444665,190,335.868454,46
Growing,157,B,100,-52.024536,68,931.471623,192,351.290161,48
Growing,158,B,100,-129.966553,64,784.521331,182,339.825928,38
Growing,159,B,100,-96.628784,64,717.186986,182,323.652222,38
Growing,160,B,100,-75.118500,64,629.183313,186,329.366547,42
Growing,161,B,100,-127.909546,73,1381.878620,192,371.784546,48
Growing,162,B,100,-10.736328,68,1346.022113,192,362.830078,48
Growing,163,B,100,-115.230469,68,966.587022,194,368.042969,50
Growing,164,B,100,-151.831543,71,1282.146016,186,348.282715,42
Growing,165,B,100,-18.439453,67,720.669342,190,362.138672,46
Growing,166,B,100,-94.997070,71,945.244990,186,348.622070,42
Growing,167,B,100,-53.015602,64,692.343769,184,329.328026,40
Growing,168,B,100,-123.937452,64,597.974934,182,331.374952,38
Growing,169,B,100,-109.675781,69,931.871576,194,367.222656,50
Growing,170,B,100,-140.708664,67,853.528268,186,337.419601,42
Growing,171,B,100,-144.130127,70,992.226918,190,361.973877,46
Growing,172,B,100,-106.606812,64,744.669514,182,334.880249,38
Growing,173,B,100,-174.413574,67,649.924912,192,358.257324,48
Growing,174,B,100,57.822266,74,1162.989390,208,409.162109,64
Growing,175,B,100,-105.368408,64,673.231921,182,338.597900,38
Growing,176,B,100,-99.560059,69,1226.319087,198,373.544434,54
Growing,177,B,100,-153.787109,71,961.768026,190,353.583984,46
Growing,178,B,100,-160.125488,67,1149.198573,188,355.375488,44
Growing,179,B,100,-118.290863,71,1083.428451,188,349.454926,44
Growing,180,B,100,-168.681152,70,800.218300,196,370.743652,52
Growing,181,B,100,-116.052734,64,841.480185,186,344.569336,42
Growing,182,B,100,-127.830078,71,1143.332900,190,365.126953,46
Growing,183,B,100,-74.823776,68,1216.613300,190,346.167526,46
Growing,184,B,100,-62.927368,64,683.734191,188,332.262085,44
Growing,185,B,100,-56.054077,68,1116.542777,194,370.522827,50
Growing,186,B,100,-183.000000,67,784.974260,188,346.750000,44
Growing,187,B,100,-198.101562,68,838.355595,194,377.476562,50
Growing,188,B,100,-161.209961,70,875.920658,194,361.709961,50
Growing,189,B,100,-134.559677,64,732.384358,178,307.997177,34
Growing,190,B,100,-27.910156,71,1156.034981,192,365.037109,48
Growing,191,B,100,-119.737305,71,1238.513077,190,351.557617,46
Growing,192,B,100,-62.882935,68,880.163556,182,333.334839,38
Growing,193,B,100,-188.899414,68,1080.634757,196,377.743164,52
Growing,194,B,100,-66.171997,68,990.361785,180,330.023804,36
Growing,195,B,100,-105.984131,68,1069.810556,184,340.214600,40
Growing,196,B,100,-120.619835,67,717.503116,190,349.080772,46
Growing,197,B,100,-85.013390,68,841.747506,178,306.370323,34
Growing,198,B,100,-67.996319,64,803.918156,184,333.371319,40
Growing,199,B,100,-3.382812,69,981.059987,192,376.101562,48
Growing,0,B,200,-140.909180,71,1344.800504,210,476.645508,66
Growing,1,B,200,-216.003601,73,1211.796799,204,463.316101,60
Growing,2,B,200,-157.601685,71,1370.165317,196,444.401489,52
Growing,3,B,200,-137.069092,76,1796.921011,204,460.356201,60
Growing,4,B,200,-205.875732,73,1245.402866,212,473.453857,68
Growing,5,B,200,-244.533051,72,1462.862872,206,474.954315,62
Growing,6,B,200,-157.627441,76,1516.586879,230,541.564941,86
Growing,7,B,200,-230.751526,70,948.922185,202,429.481995,58
Growing,8,B,200,25.820312,74,1229.237840,206,462.577148,62
Growing,9,B,200,-217.195538,71,771.430337,208,462.117413,64
Growing,10,B,200,-25.427673,74,1228.978095,218,489.214294,74
Growing,11,B,200,-39.442841,71,1898.742424,194,427.208466,50
Growing,12,B,200,-30.810192,71,1652.113368,206,451.768871,62
Growing,13,B,200,-151.614833,64,861.988055,184,362.946357,40
Growing,14,B,200,-158.515381,71,1868.326710,194,457.880615,50
Growing,15,B,200,26.383423,74,1368.900183,210,467.919312,66
Growing,16,B,200,-99.805695,66,998.426196,192,403.910858,48
Growing,17,B,200,-18.861176,71,1448.202042,204,456.944183,60
Growing,18,B,200,-255.824463,70,1220.641916,206,450.898682,62
Growing,19,B,200,-43.719574,73,1104.371593,208,464.977386,64
Growing,20,B,200,-82.440567,68,832.218950,190,407.694321,46
Growing,21,B,200,-94.465374,65,821.156912,194,418.996624,50
Growing,22,B,200,-170.113281,76,1651.260834,216,506.253906,72
Growing,23,B,200,-6.563110,71,1510.057991,204,454.408325,60
Growing,24,B,200,-149.541718,70,916.083377,200,424.010468,56
Growing,25,B,200,-142.528564,70,1428.581430,206,462.778564,62
Growing,26,B,200,-26.872528,68,954.992056,196,422.477509,52
Growing,27,B,200,-148.037762,70,1042.574502,204,444.365887,60
Growing,28,B,200,-202.298248,71,1496.104183,196,440.923248,52
Growing,29,B,200,-127.798747,67,803.076741,190,413.896403,46
Growing,30,B,200,-159.068613,73,982.100182,210,459.504976,66
Growing,31,B,200,-91.029785,74,1899.719198,214,473.279785,70
Growing,32,B,200,-90.916260,73,1383.267053,212,479.447510,68
Growing,33,B,200,-167.344482,74,1280.098178,206,472.688232,62
Growing,34,B,200,0.652588,68,1489.719597,198,442.747314,54
Growing,35,B,200,-110.501308,68,866.432072,194,397.001003,50
Growing,36,B,200,-8.112671,66,839.458054,208,460.517700,64
Growing,37,B,200,-143.890381,73,1570.169135,212,484.738037,68
Growing,38,B,200,-33.970398,67,929.112866,196,419.172913,52
Growing,39,B,200,35.855057,74,1757.258663,220,518.229904,76
Growing,40,B,200,-51.705566,74,1689.654864,210,467.355957,66
Growing,41,B,200,-232.698853,69,1229.210938,196,426.070190,52
Growing,42,B,200,-206.951508,68,755.756400,198,424.651459,54
Growing,43,B,200,-17.672485,73,1642.239511,212,472.507202,68
Growing,44,B,200,-38.841797,73,1191.212073,202,431.155273,58
Growing,45,B,200,-130.427979,71,1554.639522,194,425.168213,50
Growing,46,B,200,-124.425293,72,1017.415516,212,481.357910,68
Growing,47,B,200,-103.287231,68,1369.774458,188,413.750122,44
Growing,48,B,200,-58.588542,68,1258.978297,192,398.678386,48
Growing,49,B,200,-52.237755,71,1800.666451,210,486.911583,66
Growing,50,B,200,38.212484,70,1119.394326,196,430.534750,52
Growing,51,B,200,-167.035973,64,1074.139683,194,422.532066,50
Growing,52,B,200,-51.132828,64,829.485760,186,398.649918,42
Growing,53,B,200,-140.178558,69,1012.042788,198,434.389008,54
Growing,54,B,200,-183.057002,67,816.768331,202,430.549190,58
Growing,55,B,200,-160.539307,70,750.383146,200,429.195557,56
Growing,56,B,200,-189.049307,74,1287.982711,202,424.385244,58
Growing,57,B,200,-89.970642,68,988.841321,202,428.783142,58
Growing,58,B,200,-158.349731,64,1027.441138,186,385.157715,42
Growing,59,B,200,-35.260151,79,965.192190,224,490.907330,80
Growing,60,B,200,24.431152,74,1618.147101,224,511.873535,80
Growing,61,B,200,-39.001202,67,827.354294,196,406.858135,52
Growing,62,B,200,-146.176147,69,985.562402,192,391.153442,48
Growing,63,B,200,33.774170,69,831.348505,196,429.377686,52
Growing,64,B,200,24.173838,68,712.637029,194,407.061209,50
Growing,65,B,200,-39.526123,72,1057.952833,202,449.713623,58
Growing,66,B,200,-209.654541,73,1249.018818,198,445.847900,54
Growing,67,B,200,-206.402456,70,674.311323,200,415.554800,56
Growing,68,B,200,-147.450104,64,960.263817,200,419.090729,56
Growing,69,B,200,-171.487671,73,884.073757,210,459.353638,66
Growing,70,B,200,-48.464417,73,1354.889544,204,434.956116,60
Growing,71,B,200,-89.057617,71,1288.352535,198,447.379730,54
Growing,72,B,200,117.873413,76,1116.154535,222,511.623413,78
Growing,73,B,200,-192.474655,64,1059.389278,192,416.392624,48
Growing,74,B,200,-35.034935,67,583.182440,198,437.479637,54
Growing,75,B,200,-199.406006,72,1449.529263,204,488.486084,60
Growing,76,B,200,-107.344219,70,1201.937701,196,426.715313,52
Growing,77,B,200,-109.947144,69,714.000981,200,428.648682,56
Growing,78,B,200,-230.056641,70,940.158435,214,481.431641,70
Growing,79,B,200,-71.125488,70,1099.235149,206,457.145020,62
Growing,80,B,200,-127.421542,68,1184.834494,192,398.030231,48
Growing,81,B,200,43.785156,75,1782.271365,212,463.517334,68
Growing,82,B,200,-21.208008,76,1978.585524,206,452.508789,62
Growing,83,B,200,-50.417603,74,1667.399285,212,486.711304,68
Growing,84,B,200,-87.993652,68,1647.763395,196,421.478516,52
Growing,85,B,200,-44.135269,68,1158.709956,192,398.150284,48
Growing,86,B,200,-5.128662,71,1457.656651,198,451.341064,54
Growing,87,B,200,-10.154907,68,1559.815594,208,454.422729,64
Growing,88,B,200,42.102295,73,1429.092655,212,490.350830,68
Growing,89,B,200,-132.936890,71,1808.992944,206,458.904663,62
Growing,90,B,200,-69.691359,68,824.446847,188,371.789748,44
Growing,91,B,200,-211.144806,71,1294.240795,198,437.207306,54
Growing,92,B,200,-52.641348,68,1005.910963,192,405.026114,48
Growing,93,B,200,-37.998718,68,908.388648,196,443.846374,52
Growing,94,B,200,-124.920715,71,794.733421,208,445.922058,64
Growing,95,B,200,-178.277588,75,1482.271377,210,475.716553,66
Growing,96,B,200,-153.214477,69,955.627191,192,410.704223,48
Growing,97,B,200,-77.438965,64,699.418180,186,397.433105,42
Growing,98,B,200,-229.028442,70,825.665290,202,436.348755,58
Growing,99,B,200,-143.394531,71,1256.703386,210,493.457031,66
Growing,100,B,200,-104.948303,72,1398.461222,204,456.440491,60
Growing,101,B,200,-275.583252,70,996.476358,204,454.020752,60
Growing,102,B,200,70.863678,67,767.731902,204,448.879303,60
Growing,103,B,200,-46.573822,66,919.107549,198,445.200775,54
Growing,104,B,200,-9.041122,69,898.118014,198,415.221298,54
Growing,105,B,200,-154.822266,67,1049.687339,202,446.770508,58
Growing,106,B,200,-159.470627,68,1250.890174,198,443.537033,54
Growing,107,B,200,-256.109863,69,1325.343544,212,492.021973,68
Growing,108,B,200,3.077026,68,1536.886362,198,432.397583,54
Growing,109,B,200,-53.157227,70,817.276272,206,455.350586,62
Growing,110,B,200,-35.935791,75,1173.784193,210,503.287354,66
Growing,111,B,200,90.766113,71,712.361093,206,467.857910,62
Growing,112,B,200,-47.905159,68,1372.650622,196,398.733021,52
Growing,113,B,200,25.603516,70,860.141490,200,471.259766,56
Growing,114,B,200,145.061523,73,857.057053,220,512.397461,76
Growing,115,B,200,-34.127197,69,1131.239695,200,452.720947,56
Growing,116,B,200,-39.168762,64,682.508546,188,394.239623,44
Growing,117,B,200,-157.463898,66,749.525056,192,407.084991,48
Growing,118,B,200,39.865234,73,854.517259,200,441.074219,56
Growing,119,B,200,-83.316589,74,1547.880005,210,459.660339,66
Growing,120,B,200,-167.386963,67,1101.559194,186,384.394775,42
Growing,121,B,200,3.049843,68,621.871564,210,458.664513,66
Growing,122,B,200,-120.803955,68,1146.412087,206,464.189697,62
Growing,123,B,200,-226.240845,73,1665.947608,208,459.289673,64
Growing,124,B,200,-134.401733,71,1384.930334,202,455.182983,58
Growing,125,B,200,-71.779053,68,1317.832532,198,447.583740,54
Growing,126,B,200,-49.613495,68,1009.655849,202,420.248749,58
Growing,127,B,200,18.598938,73,1305.388581,202,447.245667,58
Growing,128,B,200,94.936768,72,730.305236,204,453.605713,60
Growing,129,B,200,-111.390503,66,1036.665261,200,441.359253,56
Growing,130,B,200,-140.069748,67,1300.323525,192,410.806076,48
Growing,131,B,200,-49.444458,72,1219.981582,214,474.280151,70
Growing,132,B,200,-85.546210,64,891.888507,188,403.099921,44
Growing,133,B,200,-275.108765,69,894.093783,198,439.483765,54
Growing,134,B,200,-190.014984,71,1110.050361,198,425.350922,54
Growing,135,B,200,-82.657166,71,1623.187405,194,415.363144,50
Growing,136,B,200,-131.855316,64,1086.353577,196,445.199066,52
Growing,137,B,200,-267.004042,70,658.187365,202,430.754042,58
Growing,138,B,200,-139.287231,75,1820.004587,218,503.964966,74
Growing,139,B,200,-48.723506,68,1198.107483,192,412.978389,48
Growing,140,B,200,-104.153992,68,1350.682569,196,435.071960,52
Growing,141,B,200,-229.921387,69,847.617690,210,487.702637,66
Growing,142,B,200,-126.442261,71,1242.054488,196,431.817261,52
Growing,143,B,200,-50.947678,73,1446.276976,206,471.158615,62
Growing,144,B,200,48.517944,69,655.920328,204,446.245483,60
Growing,145,B,200,-276.016777,70,1090.140615,208,441.016777,64
Growing,146,B,200,-112.338654,71,1107.617178,196,405.188995,52
Growing,147,B,200,-127.933167,64,1165.550044,186,412.957092,42
Growing,148,B,200,39.312561,71,1281.180504,200,434.817810,56
Growing,149,B,200,-142.389816,68,1006.579689,194,412.585129,50
Growing,150,B,200,-171.752655,71,962.975605,194,413.633026,50
Growing,151,B,200,-169.033846,67,1101.271355,192,398.244783,48
Growing,152,B,200,-152.942958,68,857.337155,188,377.134364,44
Growing,153,B,200,-153.261902,71,1236.307714,198,429.222839,54
Growing,154,B,200,-11.101074,70,1172.340964,202,442.319824,58
Growing,155,B,200,-162.688009,76,1239.466518,214,480.625509,70
Growing,156,B,200,-6.545609,76,1121.548583,230,497.665329,86
Growing,157,B,200,-17.321411,70,1378.885329,196,429.264771,52
Growing,158,B,200,-154.311859,71,1330.200772,194,401.956390,50
Growing,159,B,200,-76.814892,64,777.873732,192,390.865032,48
Growing,160,B,200,-64.509666,70,794.888229,204,445.567650,60
Growing,161,B,200,-159.660482,76,1962.215735,200,466.818686,56
Growing,162,B,200,1.306351,71,1713.943913,200,431.478806,56
Growing,163,B,200,-90.478882,71,1421.914033,204,444.595093,60
Growing,164,B,200,-127.436646,74,1643.290150,202,452.513306,58
Growing,165,B,200,-69.273438,69,1007.118970,204,451.578125,60
Growing,166,B,200,-171.530743,73,1096.828961,206,453.116680,62
Growing,167,B,200,-31.955167,66,702.779589,192,385.245690,48
Growing,168,B,200,-91.463575,64,702.182858,190,411.531935,46
Growing,169,B,200,-104.921692,69,1006.057533,210,466.042175,66
Growing,170,B,200,-115.353868,71,1496.779351,196,419.811631,52
Growing,171,B,200,-187.204346,70,1105.975497,200,439.923096,56
Growing,172,B,200,-153.178345,72,1422.217205,210,467.061157,66
Growing,173,B,200,-140.704590,70,681.562236,204,441.067871,60
Growing,174,B,200,64.478882,74,1549.154759,214,499.453491,70
Growing,175,B,200,-178.203857,76,1060.799193,208,473.667725,64
Growing,176,B,200,-132.288742,69,1630.943220,204,456.191086,60
Growing,177,B,200,-218.266968,73,1007.671458,202,438.127319,58
Growing,178,B,200,-163.462769,71,1557.516409,210,474.415894,66
Growing,179,B,200,-193.333702,74,1351.251920,202,444.100792,58
Growing,180,B,200,-200.945435,70,959.762174,202,453.248169,58
Growing,181,B,200,-229.000977,69,856.452237,202,457.517578,58
Growing,182,B,200,-139.462402,71,1154.451828,198,438.739746,54
Growing,183,B,200,-110.888751,71,1418.153737,206,455.295001,62
Growing,184,B,200,-44.903687,68,777.235198,204,432.113403,60
Growing,185,B,200,-57.102142,72,1469.137432,210,470.086517,66
Growing,186,B,200,-216.051682,70,1087.739346,200,447.739182,56
Growing,187,B,200,-175.739258,68,937.967790,204,478.028320,60
Growing,188,B,200,-149.897995,70,998.619125,204,451.319870,60
Growing,189,B,200,-173.830051,64,799.887896,184,363.298801,40
Growing,190,B,200,-60.401855,71,1252.506580,206,461.726318,62
Growing,191,B,200,-28.038330,76,1527.291180,208,462.400635,64
Growing,192,B,200,-58.989258,71,1540.349588,196,427.485596,52
Growing,193,B,200,-234.482910,75,1177.356190,220,520.842285,76
Growing,194,B,200,-49.614243,68,1116.566940,188,386.911667,44
Growing,195,B,200,-84.984558,68,1560.376640,196,422.330261,52
Growing,196,B,200,-112.752647,74,1478.848083,210,475.819054,66
Growing,197,B,200,-146.568554,76,1179.048756,198,421.811474,54
Growing,198,B,200,-55.916337,68,1142.765235,192,392.314775,48
Growing,199,B,200,58.116577,70,1006.835070,210,495.487671,66
Growing,0,B,400,-215.584251,73,1401.826670,218,583.053978,74
Growing,1,B,400,-270.134537,73,1598.713709,224,625.640396,80
Growing,2,B,400,-260.807983,71,1792.879513,216,611.199585,72
Growing,3,B,400,-216.213234,76,2014.864864,212,567.251198,68
Growing,4,B,400,-232.570702,74,1569.181704,222,627.965233,78
Growing,5,B,400,-242.054405,75,1788.200084,222,623.780891,78
Growing,6,B,400,-121.604698,78,2243.336328,238,705.645226,94
Growing,7,B,400,-337.224966,74,1363.241524,214,582.558950,70
Growing,8,B,400,115.790009,74,1996.531413,222,631.459686,78
Growing,9,B,400,-271.941558,73,977.991132,220,597.129058,76
Growing,10,B,400,-15.316376,75,1663.579938,234,643.524384,90
Growing,11,B,400,-109.964878,74,2308.394156,218,561.303013,74
Growing,12,B,400,2.874094,71,1884.388512,214,587.526754,70
Growing,13,B,400,-96.468456,68,1447.865752,200,494.897706,56
Growing,14,B,400,-154.414337,71,2179.365558,212,592.193024,68
Growing,15,B,400,134.180618,74,1764.284211,222,622.688553,78
Growing,16,B,400,-70.852363,70,1320.941401,202,498.447136,58
Growing,17,B,400,-39.620644,72,2076.938160,218,585.787514,74
Growing,18,B,400,-182.677605,77,1792.733669,226,592.873856,82
Growing,19,B,400,-98.266266,76,1617.471541,226,643.847443,82
Growing,20,B,400,-121.294552,68,1182.611812,208,577.356899,64
Growing,21,B,400,57.388996,68,889.769004,222,607.121746,78
Growing,22,B,400,-180.417480,76,2063.858555,228,675.282715,84
Growing,23,B,400,-20.893752,74,1829.220880,226,628.441939,82
Growing,24,B,400,-50.152657,74,1853.892222,242,668.741524,98
Growing,25,B,400,-220.994476,73,1666.386615,226,606.479279,82
Growing,26,B,400,-14.987422,73,1155.609892,208,549.210170,64
Growing,27,B,400,-181.296470,73,1661.111069,222,599.260337,78
Growing,28,B,400,-235.017942,71,1667.175906,200,547.604856,56
Growing,29,B,400,-178.056992,73,1016.407590,220,572.914414,76
Growing,30,B,400,-201.485841,73,1489.177327,222,626.435424,78
Growing,31,B,400,-83.804581,74,2281.504044,228,649.437149,84
Growing,32,B,400,-87.520264,76,1820.196078,228,632.796143,84
Growing,33,B,400,-106.033447,74,1787.077589,228,628.352783,84
Growing,34,B,400,19.317699,68,1610.642781,200,512.458324,56
Growing,35,B,400,-96.332003,68,2086.439406,210,556.713800,66
Growing,36,B,400,-19.566450,66,854.820703,216,557.611414,72
Growing,37,B,400,-144.578262,76,2092.844284,220,644.315567,76
Growing,38,B,400,-24.527646,67,1036.569257,202,520.149753,58
Growing,39,B,400,64.143166,75,2100.891119,230,671.427269,86
Growing,40,B,400,26.972763,74,1724.815468,232,641.288559,88
Growing,41,B,400,-355.916588,74,1730.948525,214,570.102867,70
Growing,42,B,400,-272.848399,70,774.886986,202,490.548350,58
Growing,43,B,400,6.971893,73,2283.726808,224,614.223236,80
Growing,44,B,400,40.770012,73,2055.700336,218,585.485161,74
Growing,45,B,400,-182.465729,74,1946.761419,220,589.842682,76
Growing,46,B,400,-165.584104,74,1561.084135,232,630.499143,88
Growing,47,B,400,-48.011391,71,1854.033603,214,561.651405,70
Growing,48,B,400,-154.025724,74,1480.630793,208,544.603239,64
Growing,49,B,400,-18.156210,75,2122.855286,228,627.832296,84
Growing,50,B,400,-45.026330,73,1654.423162,220,615.706420,76
Growing,51,B,400,-140.748046,70,1657.071672,210,544.206542,66
Growing,52,B,400,8.942882,69,1096.178914,200,506.821797,56
Growing,53,B,400,-94.328011,73,1176.683326,220,604.747581,76
Growing,54,B,400,-311.370260,73,1530.324551,220,598.048971,76
Growing,55,B,400,-138.051880,70,1115.193351,214,578.392662,70
Growing,56,B,400,-236.499652,74,1735.646874,224,606.919574,80
Growing,57,B,400,-160.952332,71,1816.615945,222,584.145691,78
Growing,58,B,400,-205.094361,67,1440.156531,198,478.759934,54
Growing,59,B,400,-185.333317,80,1402.231955,250,686.277370,106
Growing,60,B,400,71.511597,74,1970.642146,232,657.852661,88
Growing,61,B,400,-85.122900,74,1762.940554,228,610.392168,84
Growing,62,B,400,-111.181334,74,1520.786079,218,569.582330,74
Growing,63,B,400,86.912437,71,1470.322244,210,553.900108,66
Growing,64,B,400,72.055730,71,1471.018447,214,574.232081,70
Growing,65,B,400,-24.716286,73,1466.590615,218,593.127296,74
Growing,66,B,400,-216.190220,73,1445.250946,210,538.633823,66
Growing,67,B,400,-279.523768,73,1265.587810,212,550.985194,68
Growing,68,B,400,-167.061607,74,1497.489272,226,608.512779,82
Growing,69,B,400,-187.790913,74,1169.225505,224,604.719585,80
Growing,70,B,400,-81.838894,76,1539.252199,228,598.406971,84
Growing,71,B,400,1.456754,73,1706.214460,228,610.543696,84
Growing,72,B,400,-23.215820,80,1321.308800,246,706.716553,102
Growing,73,B,400,-62.878708,73,1550.895631,222,595.994064,78
Growing,74,B,400,-26.116484,67,760.442690,200,509.760679,56
Growing,75,B,400,-216.433655,73,1928.886296,218,609.917114,74
Growing,76,B,400,-121.414262,71,1954.198974,210,564.532793,66
Growing,77,B,400,-186.563136,69,972.042614,212,554.604274,68
Growing,78,B,400,-315.063965,70,1139.025532,214,585.862793,70
Growing,79,B,400,-19.242062,73,1535.529069,224,604.998173,80
Growing,80,B,400,-108.166104,69,1737.721185,212,563.058301,68
Growing,81,B,400,67.576828,75,2219.698981,222,612.249939,78
Growing,82,B,400,74.693710,76,2580.240659,232,654.547073,88
Growing,83,B,400,25.115715,76,2223.353494,228,616.393547,84
Growing,84,B,400,-211.834721,74,1770.288500,218,570.597713,74
Growing,85,B,400,-117.093328,70,1497.617010,214,572.217230,70
Growing,86,B,400,39.822540,75,1859.697410,210,559.328156,66
Growing,87,B,400,18.002464,68,1830.660905,212,598.088448,68
Growing,88,B,400,32.916662,74,1738.412461,224,640.124353,80
Growing,89,B,400,-172.467922,71,2154.157289,228,617.316311,84
Growing,90,B,400,-7.238962,68,909.467166,194,458.461851,50
Growing,91,B,400,-234.217016,73,1914.669199,226,590.402075,82
Growing,92,B,400,-110.037202,69,1024.513166,206,515.005079,62
Growing,93,B,400,-41.000854,73,1584.001925,216,589.045044,72
Growing,94,B,400,-145.536530,72,1880.161810,230,643.719330,86
Growing,95,B,400,-222.494415,75,1950.617651,220,612.053680,76
Growing,96,B,400,-216.863596,71,988.692781,208,540.509592,64
Growing,97,B,400,-129.787354,67,1225.266961,206,534.264160,62
Growing,98,B,400,-226.687156,77,1634.447235,236,647.608543,92
Growing,99,B,400,-166.788330,76,1834.409754,222,633.300049,78
Growing,100,B,400,-95.567474,72,1723.478709,226,638.852631,82
Growing,101,B,400,-146.374146,77,1330.856279,232,677.264282,88
Growing,102,B,400,151.159118,74,1374.785961,216,587.778259,72
Growing,103,B,400,-163.423611,76,1257.770195,216,601.060329,72
Growing,104,B,400,-1.874680,73,1475.161951,226,578.613449,82
Growing,105,B,400,-263.231445,74,1756.209270,228,641.125000,84
Growing,106,B,400,-18.532433,73,1690.657668,226,630.483604,82
Growing,107,B,400,-250.763702,73,1712.462297,226,614.799591,82
Growing,108,B,400,-6.754105,68,1606.157622,206,554.047867,62
Growing,109,B,400,3.785187,71,821.624306,226,616.417938,82
Growing,110,B,400,13.603409,76,1440.177744,228,647.862900,84
Growing,111,B,400,98.068649,73,1734.739576,220,598.269119,76
Growing,112,B,400,-94.019907,71,1646.514936,212,544.443343,68
Growing,113,B,400,50.649536,76,1518.115401,220,602.695923,76
Growing,114,B,400,45.039139,79,1700.904173,246,709.393478,102
Growing,115,B,400,68.470587,73,1225.591924,214,577.688574,70
Growing,116,B,400,76.609070,70,1115.643539,220,622.423705,76
Growing,117,B,400,-300.656353,69,1192.728773,218,589.174908,74
Growing,118,B,400,8.512390,73,1153.903423,212,564.809753,68
Growing,119,B,400,-7.480286,75,2102.150052,226,612.664124,82
Growing,120,B,400,-326.059460,69,1656.095852,212,553.349010,68
Growing,121,B,400,81.834665,71,647.745967,216,537.449335,72
Growing,122,B,400,-104.129405,71,1304.568847,214,560.267690,70
Growing,123,B,400,-294.537888,73,1938.690838,212,578.333847,68
Growing,124,B,400,-153.523834,71,1971.513463,210,577.105865,66
Growing,125,B,400,-35.542053,74,1818.242255,226,626.830383,82
Growing,126,B,400,74.905110,76,1328.807240,224,570.650761,80
Growing,127,B,400,-7.094162,73,1341.084464,208,510.279456,64
Growing,128,B,400,174.251419,74,1078.552659,222,592.663986,78
Growing,129,B,400,-26.997314,68,1797.920706,216,583.242432,72
Growing,130,B,400,-43.219421,70,1760.591530,214,571.493591,70
Growing,131,B,400,-32.684555,73,1453.265539,220,608.189163,76
Growing,132,B,400,-229.126510,70,1058.253349,210,569.559859,66
Growing,133,B,400,-350.898146,69,1291.128947,204,536.484083,60
Growing,134,B,400,-32.499432,76,1517.466199,230,641.446819,86
Growing,135,B,400,-84.882439,71,1754.254365,208,554.773787,64
Growing,136,B,400,-180.154243,69,1419.501352,212,588.695991,68
Growing,137,B,400,-302.360827,77,1142.031652,220,602.362780,76
Growing,138,B,400,-37.080998,75,2032.573665,230,643.837581,86
Growing,139,B,400,-5.470228,73,1931.846745,222,591.562147,78
Growing,140,B,400,-202.212402,77,1803.561614,228,645.868652,84
Growing,141,B,400,-293.003220,70,1237.899408,220,595.116501,76
Growing,142,B,400,-247.860718,73,1500.745009,222,628.415405,78
Growing,143,B,400,-132.283421,78,1956.186482,236,637.502171,92
Growing,144,B,400,73.132843,72,953.258718,230,612.978058,86
Growing,145,B,400,-355.946388,70,1122.976373,214,562.973732,70
Growing,146,B,400,-113.348938,71,1342.993235,208,538.691833,64
Growing,147,B,400,-136.569489,64,1522.541107,206,540.777374,62
Growing,148,B,400,27.293785,74,1680.435324,218,572.316597,74
Growing,149,B,400,-173.578993,69,1468.353248,212,561.375563,68
Growing,150,B,400,-234.464643,71,1444.292223,216,575.064436,72
Growing,151,B,400,-230.461679,67,1409.500333,214,555.452889,70
Growing,152,B,400,-195.478698,71,1426.852500,206,548.912291,62
Growing,153,B,400,-94.129456,71,1414.393010,214,586.447815,70
Growing,154,B,400,58.537201,73,1725.164128,230,649.167633,86
Growing,155,B,400,-158.222548,79,1522.240253,236,642.716689,92
Growing,156,B,400,42.558117,80,1955.766968,254,681.113781,110
Growing,157,B,400,-35.046345,70,1443.962235,208,555.868290,64
Growing,158,B,400,-244.471848,75,1955.119306,220,589.140549,76
Growing,159,B,400,-79.164915,75,1822.062719,228,618.814493,84
Growing,160,B,400,-26.277855,74,1000.929580,234,619.517235,90
Growing,161,B,400,-159.605691,76,2161.137051,220,627.967508,76
Growing,162,B,400,35.592798,71,2077.268079,208,560.520361,64
Growing,163,B,400,16.356247,71,1634.389061,216,587.699753,72
Growing,164,B,400,-112.947159,79,1935.396014,234,657.095932,90
Growing,165,B,400,-55.042201,69,1059.048240,212,566.608597,68
Growing,166,B,400,-189.367361,73,1410.575598,224,583.630544,80
Growing,167,B,400,-65.172909,71,1135.985579,208,533.716070,64
Growing,168,B,400,-99.209373,72,1045.365291,218,582.526229,74
Growing,169,B,400,-102.553207,70,1171.253049,218,590.498856,74
Growing,170,B,400,-100.677599,73,1639.678736,216,552.444670,72
Growing,171,B,400,-213.967369,77,1853.247864,228,635.175865,84
Growing,172,B,400,-208.471252,76,1802.287599,230,641.588440,86
Growing,173,B,400,-38.034320,74,1211.625727,220,613.316302,76
Growing,174,B,400,104.074364,76,2081.152226,228,628.586205,84
Growing,175,B,400,-162.268078,76,1150.580154,214,570.417675,70
Growing,176,B,400,-122.520020,69,1921.401584,224,640.769867,80
Growing,177,B,400,-286.688805,73,1243.646782,212,536.254570,68
Growing,178,B,400,-126.693783,72,2070.653167,220,607.001400,76
Growing,179,B,400,-149.562063,77,1878.820142,220,590.858450,76
Growing,180,B,400,-284.186993,70,1110.096342,220,593.874416,76
Growing,181,B,400,-255.477842,69,910.944287,216,565.404600,72
Growing,182,B,400,-141.051651,71,1597.235001,212,537.424576,68
Growing,183,B,400,-111.318910,71,1667.126831,214,593.180238,70
Growing,184,B,400,15.772331,73,1158.868513,224,602.651543,80
Growing,185,B,400,-17.128094,72,1575.654709,218,579.392498,74
Growing,186,B,400,-255.830345,72,1372.678598,218,613.361595,74
Growing,187,B,400,-235.011826,70,1062.905030,214,591.393417,70
Growing,188,B,400,-48.286907,74,1467.160521,232,667.730267,88
Growing,189,B,400,-106.162469,68,1243.162533,204,497.767251,60
Growing,190,B,400,10.515057,73,1536.821909,222,619.540417,78
Growing,191,B,400,-6.323753,76,1763.278826,224,603.045067,80
Growing,192,B,400,-56.036484,71,2024.059630,210,549.608994,66
Growing,193,B,400,-213.568665,79,1810.532329,234,672.515625,90
Growing,194,B,400,-6.599482,68,1560.049158,206,562.604757,62
Growing,195,B,400,-78.821838,73,1991.834405,218,591.682861,74
Growing,196,B,400,-220.878521,77,1987.200805,230,665.215435,86
Growing,197,B,400,-242.378664,77,1562.214504,226,595.391603,82
Growing,198,B,400,-44.189448,68,1318.371602,192,493.311084,48
Growing,199,B,400,78.893295,73,1703.087848,232,674.731552,88
Growing-MatchedControl,0,A,0,70.000000,59,280.623652,174,244.000000,30
Growing-MatchedControl,1,A,0,73.000000,58,307.307926,174,244.000000,30
Growing-MatchedControl,2,A,0,70.000000,52,146.592183,174,244.000000,30
Growing-MatchedControl,3,A,0,69.000000,51,198.560657,174,244.000000,30
Growing-MatchedControl,4,A,0,63.000000,54,242.282258,174,244.000000,30
Growing-MatchedControl,5,A,0,70.000000,58,389.660832,174,244.000000,30
Growing-MatchedControl,6,A,0,64.000000,60,450.490388,174,244.000000,30
Growing-MatchedControl,7,A,0,62.000000,47,135.129780,174,244.000000,30
Growing-MatchedControl,8,A,0,73.000000,57,335.323441,174,244.000000,30
Growing-MatchedControl,9,A,0,76.000000,55,286.895472,174,244.000000,30
Growing-MatchedControl,10,A,0,72.000000,51,171.521194,174,244.000000,30
Growing-MatchedControl,11,A,0,65.000000,62,209.681750,174,244.000000,30
Growing-MatchedControl,12,A,0,63.000000,55,245.620478,174,244.000000,30
Growing-MatchedControl,13,A,0,75.000000,55,167.372486,174,244.000000,30
Growing-MatchedControl,14,A,0,65.000000,53,126.252688,174,244.000000,30
Growing-MatchedControl,15,A,0,75.000000,52,277.648843,174,244.000000,30
Growing-MatchedControl,16,A,0,66.000000,51,175.452442,174,244.000000,30
Growing-MatchedControl,17,A,0,70.000000,58,450.694496,174,244.000000,30
Growing-MatchedControl,18,A,0,71.000000,58,168.245059,174,244.000000,30
Growing-MatchedControl,19,A,0,73.000000,49,180.036139,174,244.000000,30
Growing-MatchedControl,20,A,0,71.000000,62,260.774802,174,244.000000,30
Growing-MatchedControl,21,A,0,77.000000,47,130.827962,174,244.000000,30
Growing-MatchedControl,22,A,0,73.000000,51,191.033431,174,244.000000,30
Growing-MatchedControl,23,A,0,66.000000,52,157.755521,174,244.000000,30
Growing-MatchedControl,24,A,0,69.000000,54,254.750167,174,244.000000,30
Growing-MatchedControl,25,A,0,78.000000,60,296.846687,174,244.000000,30
Growing-MatchedControl,26,A,0,77.000000,57,231.451045,174,244.000000,30
Growing-MatchedControl,27,A,0,71.000000,55,243.189167,174,244.000000,30
Growing-MatchedControl,28,A,0,75.000000,54,303.019835,174,244.000000,30
Growing-MatchedControl,29,A,0,74.000000,58,242.900722,174,244.000000,30
Growing-MatchedControl,30,A,0,70.000000,51,145.126262,174,244.000000,30
Growing-MatchedControl,31,A,0,75.000000,55,233.803321,174,244.000000,30
Growing-MatchedControl,32,A,0,86.000000,51,157.114528,174,244.000000,30
Growing-MatchedControl,33,A,0,71.000000,57,276.447588,174,244.000000,30
Growing-MatchedControl,34,A,0,73.000000,53,239.132633,174,244.000000,30
Growing-MatchedControl,35,A,0,70.000000,61,210.457005,174,244.000000,30
Growing-MatchedControl,36,A,0,73.000000,52,139.763903,174,244.000000,30
Growing-MatchedControl,37,A,0,75.000000,52,170.005124,174,244.000000,30
Growing-MatchedControl,38,A,0,63.000000,51,281.517370,174,244.000000,30
Growing-MatchedControl,39,A,0,67.000000,49,126.807527,174,244.000000,30
Growing-MatchedControl,40,A,0,76.000000,56,198.757558,174,244.000000,30
Growing-MatchedControl,41,A,0,68.000000,62,343.241714,174,244.000000,30
Growing-MatchedControl,42,A,0,69.000000,59,217.988931,174,244.000000,30
Growing-MatchedControl,43,A,0,68.000000,50,128.787388,174,244.000000,30
Growing-MatchedControl,44,A,0,71.000000,52,122.634761,174,244.000000,30
Growing-MatchedControl,45,A,0,70.000000,63,394.297786,174,244.000000,30
Growing-MatchedControl,46,A,0,70.000000,53,286.851967,174,244.000000,30
Growing-MatchedControl,47,A,0,74.000000,51,159.370443,174,244.000000,30
Growing-MatchedControl,48,A,0,69.000000,57,247.480216,174,244.000000,30
Growing-MatchedControl,49,A,0,70.000000,56,240.741990,174,244.000000,30
Growing-MatchedControl,50,A,0,77.000000,57,341.363324,174,244.000000,30
Growing-MatchedControl,51,A,0,79.000000,54,181.157478,174,244.000000,30
Growing-MatchedControl,52,A,0,67.000000,54,227.354272,174,244.000000,30
Growing-MatchedControl,53,A,0,66.000000,59,236.068359,174,244.000000,30
Growing-MatchedControl,54,A,0,72.000000,54,270.905121,174,244.000000,30
Growing-MatchedControl,55,A,0,76.000000,55,241.434992,174,244.000000,30
Growing-MatchedControl,56,A,0,76.000000,54,247.888882,174,244.000000,30
Growing-MatchedControl,57,A,0,75.000000,51,240.399193,174,244.000000,30
Growing-MatchedControl,58,A,0,71.000000,59,331.658368,174,244.000000,30
Growing-MatchedControl,59,A,0,67.000000,59,231.890646,174,244.000000,30
Growing-MatchedControl,60,A,0,77.000000,55,349.702922,174,244.000000,30
Growing-MatchedControl,61,A,0,67.000000,53,310.644817,174,244.000000,30
Growing-MatchedControl,62,A,0,72.000000,57,278.689592,174,244.000000,30
Growing-MatchedControl,63,A,0,61.000000,52,199.670069,174,244.000000,30
Growing-MatchedControl,64,A,0,69.000000,49,192.172793,174,244.000000,30
Growing-MatchedControl,65,A,0,66.000000,50,262.364003,174,244.000000,30
Growing-MatchedControl,66,A,0,72.000000,54,194.955836,174,244.000000,30
Growing-MatchedControl,67,A,0,69.000000,56,174.105228,174,244.000000,30
Growing-MatchedControl,68,A,0,71.000000,55,320.967228,174,244.000000,30
Growing-MatchedControl,69,A,0,79.000000,54,244.222121,174,244.000000,30
Growing-MatchedControl,70,A,0,65.000000,56,228.869704,174,244.000000,30
Growing-MatchedControl,71,A,0,64.000000,59,317.347169,174,244.000000,30
Growing-MatchedControl,72,A,0,71.000000,59,247.308596,174,244.000000,30
Growing-MatchedControl,73,A,0,66.000000,52,127.334076,174,244.000000,30
Growing-MatchedControl,74,A,0,70.000000,56,304.472931,174,244.000000,30
Growing-MatchedControl,75,A,0,77.000000,56,294.513261,174,244.000000,30
Growing-MatchedControl,76,A,0,66.000000,56,208.348581,174,244.000000,30
Growing-MatchedControl,77,A,0,66.000000,50,150.264671,174,244.000000,30
Growing-MatchedControl,78,A,0,66.000000,58,315.624926,174,244.000000,30
Growing-MatchedControl,79,A,0,73.000000,52,308.336846,174,244.000000,30
Growing-MatchedControl,80,A,0,71.000000,56,206.171834,174,244.000000,30
Growing-MatchedControl,81,A,0,62.000000,56,327.374206,174,244.000000,30
Growing-MatchedControl,82,A,0,73.000000,59,282.886113,174,244.000000,30
Growing-MatchedControl,83,A,0,74.000000,65,538.357441,174,244.000000,30
Growing-MatchedControl,84,A,0,77.000000,52,204.133649,174,244.000000,30
Growing-MatchedControl,85,A,0,67.000000,49,197.084972,174,244.000000,30
Growing-MatchedControl,86,A,0,67.000000,61,356.493251,174,244.000000,30
Growing-MatchedControl,87,A,0,69.000000,54,202.262282,174,244.000000,30
Growing-MatchedControl,88,A,0,66.000000,52,161.756600,174,244.000000,30
Growing-MatchedControl,89,A,0,74.000000,56,209.503593,174,244.000000,30
Growing-MatchedControl,90,A,0,75.000000,53,330.030452,174,244.000000,30
Growing-MatchedControl,91,A,0,76.000000,54,176.308116,174,244.000000,30
Growing-MatchedControl,92,A,0,70.000000,57,211.173200,174,244.000000,30
Growing-MatchedControl,93,A,0,73.000000,51,164.890690,174,244.000000,30
Growing-MatchedControl,94,A,0,70.000000,53,197.124469,174,244.000000,30
Growing-MatchedControl,95,A,0,69.000000,53,217.118512,174,244.000000,30
Growing-MatchedControl,96,A,0,81.000000,54,212.530482,174,244.000000,30
Growing-MatchedControl,97,A,0,71.000000,58,271.687213,174,244.000000,30
Growing-MatchedControl,98,A,0,65.000000,51,186.840075,174,244.000000,30
Growing-MatchedControl,99,A,0,67.000000,50,156.976981,174,244.000000,30
Growing-MatchedControl,100,A,0,73.000000,54,246.082658,174,244.000000,30
Growing-MatchedControl,101,A,0,76.000000,61,323.044281,174,244.000000,30
Growing-MatchedControl,102,A,0,70.000000,48,154.653085,174,244.000000,30
Growing-MatchedControl,103,A,0,68.000000,56,212.675578,174,244.000000,30
Growing-MatchedControl,104,A,0,63.000000,50,246.176128,174,244.000000,30
Growing-MatchedControl,105,A,0,71.000000,49,143.023277,174,244.000000,30
Growing-MatchedControl,106,A,0,74.000000,56,200.439109,174,244.000000,30
Growing-MatchedControl,107,A,0,69.000000,49,197.514565,174,244.000000,30
Growing-MatchedControl,108,A,0,76.000000,60,196.351949,174,244.000000,30
Growing-MatchedControl,109,A,0,69.000000,54,204.132272,174,244.000000,30
Growing-MatchedControl,110,A,0,75.000000,53,189.703241,174,244.000000,30
Growing-MatchedControl,111,A,0,73.000000,55,267.508036,174,244.000000,30
Growing-MatchedControl,112,A,0,72.000000,52,245.595900,174,244.000000,30
Growing-MatchedControl,113,A,0,70.000000,58,300.463995,174,244.000000,30
Growing-MatchedControl,114,A,0,62.000000,49,195.482495,174,244.000000,30
Growing-MatchedControl,115,A,0,67.000000,58,258.428126,174,244.000000,30
Growing-MatchedControl,116,A,0,66.000000,49,180.131768,174,244.000000,30
Growing-MatchedControl,117,A,0,72.000000,60,256.617735,174,244.000000,30
Growing-MatchedControl,118,A,0,74.000000,51,249.787768,174,244.000000,30
Growing-MatchedControl,119,A,0,68.000000,52,274.601244,174,244.000000,30
Growing-MatchedControl,120,A,0,72.000000,57,233.213626,174,244.000000,30
Growing-MatchedControl,121,A,0,68.000000,56,342.309952,174,244.000000,30
Growing-MatchedControl,122,A,0,78.000000,50,155.778398,174,244.000000,30
Growing-MatchedControl,123,A,0,67.000000,60,258.763111,174,244.000000,30
Growing-MatchedControl,124,A,0,76.000000,57,439.612393,174,244.000000,30
Growing-MatchedControl,125,A,0,61.000000,53,179.536691,174,244.000000,30
Growing-MatchedControl,126,A,0,73.000000,54,266.411824,174,244.000000,30
Growing-MatchedControl,127,A,0,60.000000,59,197.652804,174,244.000000,30
Growing-MatchedControl,128,A,0,64.000000,57,251.174755,174,244.000000,30
Growing-MatchedControl,129,A,0,76.000000,54,238.569652,174,244.000000,30
Growing-MatchedControl,130,A,0,65.000000,62,220.375254,174,244.000000,30
Growing-MatchedControl,131,A,0,71.000000,46,165.203275,174,244.000000,30
Growing-MatchedControl,132,A,0,75.000000,52,286.046459,174,244.000000,30
Growing-MatchedControl,133,A,0,64.000000,52,171.226671,174,244.000000,30
Growing-MatchedControl,134,A,0,78.000000,64,364.804469,174,244.000000,30
Growing-MatchedControl,135,A,0,64.000000,49,154.549550,174,244.000000,30
Growing-MatchedControl,136,A,0,67.000000,53,199.882263,174,244.000000,30
Growing-MatchedControl,137,A,0,80.000000,58,291.925423,174,244.000000,30
Growing-MatchedControl,138,A,0,71.000000,66,316.692624,174,244.000000,30
Growing-MatchedControl,139,A,0,71.000000,56,187.018818,174,244.000000,30
Growing-MatchedControl,140,A,0,76.000000,57,246.601352,174,244.000000,30
Growing-MatchedControl,141,A,0,73.000000,55,318.133120,174,244.000000,30
Growing-MatchedControl,142,A,0,71.000000,56,206.268140,174,244.000000,30
Growing-MatchedControl,143,A,0,70.000000,56,323.409809,174,244.000000,30
Growing-MatchedControl,144,A,0,64.000000,62,175.864151,174,244.000000,30
Growing-MatchedControl,145,A,0,64.000000,56,236.806479,174,244.000000,30
Growing-MatchedControl,146,A,0,77.000000,49,163.102644,174,244.000000,30
Growing-MatchedControl,147,A,0,66.000000,54,185.912071,174,244.000000,30
Growing-MatchedControl,148,A,0,71.000000,50,156.937837,174,244.000000,30
Growing-MatchedControl,149,A,0,70.000000,54,215.669267,174,244.000000,30
Growing-MatchedControl,150,A,0,65.000000,60,218.548150,174,244.000000,30
Growing-MatchedControl,151,A,0,69.000000,61,316.136540,174,244.000000,30
Growing-MatchedControl,152,A,0,68.000000,48,155.988172,174,244.000000,30
Growing-MatchedControl,153,A,0,67.000000,53,201.873203,174,244.000000,30
Growing-MatchedControl,154,A,0,69.000000,53,327.231468,174,244.000000,30
Growing-MatchedControl,155,A,0,75.000000,50,156.147793,174,244.000000,30
Growing-MatchedControl,156,A,0,75.000000,57,225.168106,174,244.000000,30
Growing-MatchedControl,157,A,0,73.000000,56,233.337036,174,244.000000,30
Growing-MatchedControl,158,A,0,67.000000,56,173.441894,174,244.000000,30
Growing-MatchedControl,159,A,0,78.000000,56,173.976439,174,244.000000,30
Growing-MatchedControl,160,A,0,70.000000,56,232.898625,174,244.000000,30
Growing-MatchedControl,161,A,0,72.000000,63,407.367295,174,244.000000,30
Growing-MatchedControl,162,A,0,74.000000,61,353.077975,174,244.000000,30
Growing-MatchedControl,163,A,0,69.000000,52,205.414751,174,244.000000,30
Growing-MatchedControl,164,A,0,66.000000,49,145.542543,174,244.000000,30
Growing-MatchedControl,165,A,0,82.000000,56,237.124146,174,244.000000,30
Growing-MatchedControl,166,A,0,72.000000,48,186.779736,174,244.000000,30
Growing-MatchedControl,167,A,0,68.000000,56,258.044604,174,244.000000,30
Growing-MatchedControl,168,A,0,64.000000,62,304.993327,174,244.000000,30
Growing-MatchedControl,169,A,0,72.000000,55,262.690828,174,244.000000,30
Growing-MatchedControl,170,A,0,73.000000,59,256.386875,174,244.000000,30
Growing-MatchedControl,171,A,0,65.000000,56,271.997889,174,244.000000,30
Growing-MatchedControl,172,A,0,77.000000,53,235.140420,174,244.000000,30
Growing-MatchedControl,173,A,0,70.000000,52,142.568577,174,244.000000,30
Growing-MatchedControl,174,A,0,72.000000,52,146.037727,174,244.000000,30
Growing-MatchedControl,175,A,0,80.000000,65,456.116755,174,244.000000,30
Growing-MatchedControl,176,A,0,76.000000,59,208.122765,174,244.000000,30
Growing-MatchedControl,177,A,0,68.000000,50,162.914436,174,244.000000,30
Growing-MatchedControl,178,A,0,72.000000,54,192.211080,174,244.000000,30
Growing-MatchedControl,179,A,0,70.000000,57,157.836326,174,244.000000,30
Growing-MatchedControl,180,A,0,75.000000,55,309.794804,174,244.000000,30
Growing-MatchedControl,181,A,0,66.000000,49,180.722064,174,244.000000,30
Growing-MatchedControl,182,A,0,71.000000,53,160.200899,174,244.000000,30
Growing-MatchedControl,183,A,0,73.000000,57,249.757889,174,244.000000,30
Growing-MatchedControl,184,A,0,76.000000,51,183.501836,174,244.000000,30
Growing-MatchedControl,185,A,0,69.000000,60,265.829544,174,244.000000,30
Growing-MatchedControl,186,A,0,68.000000,56,193.305022,174,244.000000,30
Growing-MatchedControl,187,A,0,69.000000,55,220.782324,174,244.000000,30
Growing-MatchedControl,188,A,0,73.000000,45,161.489825,174,244.000000,30
Growing-MatchedControl,189,A,0,69.000000,49,123.472078,174,244.000000,30
Growing-MatchedControl,190,A,0,69.000000,55,160.140329,174,244.000000,30
Growing-MatchedControl,191,A,0,68.000000,61,359.288117,174,244.000000,30
Growing-MatchedControl,192,A,0,69.000000,59,256.004406,174,244.000000,30
Growing-MatchedControl,193,A,0,78.000000,53,282.234415,174,244.000000,30
Growing-MatchedControl,194,A,0,72.000000,56,250.684028,174,244.000000,30
Growing-MatchedControl,195,A,0,65.000000,58,217.196844,174,244.000000,30
Growing-MatchedControl,196,A,0,70.000000,57,248.015926,174,244.000000,30
Growing-MatchedControl,197,A,0,72.000000,59,270.926320,174,244.000000,30
Growing-MatchedControl,198,A,0,66.000000,59,286.170508,174,244.000000,30
Growing-MatchedControl,199,A,0,71.000000,53,192.938342,174,244.000000,30
Growing-MatchedControl,0,A,100,110.347290,59,400.594568,182,344.222290,38
Growing-MatchedControl,1,A,100,-6.320312,62,455.221829,188,376.085938,44
Growing-MatchedControl,2,A,100,90.040527,61,191.925631,200,326.032715,56
Growing-MatchedControl,3,A,100,132.400391,59,285.330621,198,370.275391,54
Growing-MatchedControl,4,A,100,30.897461,55,480.930127,182,351.116211,38
Growing-MatchedControl,5,A,100,2.527710,72,686.984930,196,355.638062,52
Growing-MatchedControl,6,A,100,87.016602,66,463.401298,184,334.883789,40
Growing-MatchedControl,7,A,100,7.933594,53,334.851406,184,334.185547,40
Growing-MatchedControl,8,A,100,104.187347,60,533.630639,192,351.824066,48
Growing-MatchedControl,9,A,100,63.966187,60,503.060782,188,335.348022,44
Growing-MatchedControl,10,A,100,89.600342,67,397.894244,198,359.209717,54
Growing-MatchedControl,11,A,100,127.812012,65,365.297224,188,329.062012,44
Growing-MatchedControl,12,A,100,14.154785,56,339.496116,178,350.873535,34
Growing-MatchedControl,13,A,100,124.032802,63,380.951045,186,323.220302,42
Growing-MatchedControl,14,A,100,25.193359,59,313.099684,196,397.123047,52
Growing-MatchedControl,15,A,100,26.233887,57,525.087557,186,340.890137,42
Growing-MatchedControl,16,A,100,68.253754,54,303.889018,182,310.144379,38
Growing-MatchedControl,17,A,100,161.934448,60,643.478911,198,358.934448,54
Growing-MatchedControl,18,A,100,44.684561,60,217.731050,184,333.750967,40
Growing-MatchedControl,19,A,100,91.578491,60,535.988974,194,357.383179,50
Growing-MatchedControl,20,A,100,132.943848,62,348.776490,186,337.193848,42
Growing-MatchedControl,21,A,100,115.776855,53,148.034678,188,334.589355,44
Growing-MatchedControl,22,A,100,84.799622,66,453.889342,202,323.485825,58
Growing-MatchedControl,23,A,100,19.123047,60,335.968571,194,359.498047,50
Growing-MatchedControl,24,A,100,59.176208,65,491.770880,196,316.105896,52
Growing-MatchedControl,25,A,100,16.686523,63,378.861072,190,333.383789,46
Growing-MatchedControl,26,A,100,84.775137,61,357.248356,184,296.454824,40
Growing-MatchedControl,27,A,100,118.161743,64,402.356550,188,326.911743,44
Growing-MatchedControl,28,A,100,128.151245,60,525.572806,186,334.151245,42
Growing-MatchedControl,29,A,100,99.193604,59,520.016757,186,334.443604,42
Growing-MatchedControl,30,A,100,-35.285156,56,146.633651,188,361.535156,44
Growing-MatchedControl,31,A,100,72.233307,57,234.486150,188,313.428314,44
Growing-MatchedControl,32,A,100,124.777344,63,518.550279,198,351.652344,54
Growing-MatchedControl,33,A,100,51.895386,58,388.076905,184,336.106323,40
Growing-MatchedControl,34,A,100,9.049805,55,320.150977,192,355.637695,48
Growing-MatchedControl,35,A,100,78.182617,65,412.802145,186,326.869141,42
Growing-MatchedControl,36,A,100,172.947632,63,215.829406,198,369.947632,54
Growing-MatchedControl,37,A,100,13.384155,55,374.294852,184,333.929810,40
Growing-MatchedControl,38,A,100,138.864258,56,416.532722,182,332.786133,38
Growing-MatchedControl,39,A,100,92.532639,57,233.790192,188,340.829514,44
Growing-MatchedControl,40,A,100,132.463867,62,347.981800,186,347.088867,42
Growing-MatchedControl,41,A,100,-19.060547,66,661.529635,186,351.527344,42
Growing-MatchedControl,42,A,100,30.238434,63,392.327579,186,325.687347,42
Growing-MatchedControl,43,A,100,134.632793,58,226.021297,186,351.195293,42
Growing-MatchedControl,44,A,100,74.951904,65,278.662930,192,347.623779,48
Growing-MatchedControl,45,A,100,117.469727,64,478.059805,184,326.719727,40
Growing-MatchedControl,46,A,100,74.371948,56,437.074031,186,324.429565,42
Growing-MatchedControl,47,A,100,92.284592,63,317.223466,200,344.431076,56
Growing-MatchedControl,48,A,100,125.701416,60,345.934919,186,323.701416,42
Growing-MatchedControl,49,A,100,32.516846,57,306.284886,180,342.108154,36
Growing-MatchedControl,50,A,100,11.872223,63,487.253308,192,335.935394,48
Growing-MatchedControl,51,A,100,179.214691,66,495.925734,210,389.589691,66
Growing-MatchedControl,52,A,100,-13.023804,58,363.879012,188,349.498413,44
Growing-MatchedControl,53,A,100,62.862305,59,258.850075,182,316.779053,38
Growing-MatchedControl,54,A,100,153.812195,62,319.163095,192,352.312195,48
Growing-MatchedControl,55,A,100,100.571127,63,378.036287,192,309.446127,48
Growing-MatchedControl,56,A,100,95.619225,60,486.848249,192,315.491783,48
Growing-MatchedControl,57,A,100,83.728882,64,418.981053,204,341.553101,60
Growing-MatchedControl,58,A,100,-0.142334,67,499.594712,188,339.517334,44
Growing-MatchedControl,59,A,100,104.019043,66,367.908918,186,327.862793,42
Growing-MatchedControl,60,A,100,81.610535,64,762.133993,196,366.133972,52
Growing-MatchedControl,61,A,100,85.631592,69,446.591015,200,361.090088,56
Growing-MatchedControl,62,A,100,94.087891,63,420.102872,192,377.693359,48
Growing-MatchedControl,63,A,100,91.538086,63,268.425589,206,339.403320,62
Growing-MatchedControl,64,A,100,66.827759,63,289.431112,190,320.776978,46
Growing-MatchedControl,65,A,100,35.195190,59,346.239304,184,321.820435,40
Growing-MatchedControl,66,A,100,48.471481,60,405.988845,192,318.427536,48
Growing-MatchedControl,67,A,100,46.230881,60,289.933039,184,329.793381,40
Growing-MatchedControl,68,A,100,3.121887,59,471.768405,192,336.728699,48
Growing-MatchedControl,69,A,100,53.520813,60,374.157762,184,336.963562,40
Growing-MatchedControl,70,A,100,79.903198,60,284.798739,188,304.676636,44
Growing-MatchedControl,71,A,100,64.437424,63,405.863424,194,321.441330,50
Growing-MatchedControl,72,A,100,73.493652,69,479.442390,194,357.493652,50
Growing-MatchedControl,73,A,100,-11.586670,54,154.954482,186,366.711670,42
Growing-MatchedControl,74,A,100,131.574310,62,337.381973,192,341.918060,48
Growing-MatchedControl,75,A,100,98.866211,59,416.341939,194,368.116211,50
Growing-MatchedControl,76,A,100,94.392727,63,513.698209,200,320.767727,56
Growing-MatchedControl,77,A,100,8.249138,56,161.257737,186,334.032112,42
Growing-MatchedControl,78,A,100,-2.756897,63,637.887406,196,370.491272,52
Growing-MatchedControl,79,A,100,103.346375,57,526.716335,188,379.596375,44
Growing-MatchedControl,80,A,100,139.996948,62,374.809163,198,337.996948,54
Growing-MatchedControl,81,A,100,52.001953,62,525.825364,196,368.617188,52
Growing-MatchedControl,82,A,100,94.488281,65,417.029211,198,353.478516,54
Growing-MatchedControl,83,A,100,125.161802,66,535.086996,186,329.661802,42
Growing-MatchedControl,84,A,100,45.003448,59,322.749787,188,323.546112,44
Growing-MatchedControl,85,A,100,72.730286,58,383.500349,194,322.777161,50
Growing-MatchedControl,86,A,100,-4.525238,63,395.301074,182,333.064301,38
Growing-MatchedControl,87,A,100,151.038147,62,334.850894,192,347.038147,48
Growing-MatchedControl,88,A,100,115.722656,56,243.821075,196,350.160156,52
Growing-MatchedControl,89,A,100,58.104004,61,301.811505,178,319.975098,34
Growing-MatchedControl,90,A,100,50.138184,53,443.994154,190,347.888184,46
Growing-MatchedControl,91,A,100,123.968140,62,580.484954,196,337.249390,52
Growing-MatchedControl,92,A,100,-3.789673,59,262.936587,192,336.102173,48
Growing-MatchedControl,93,A,100,79.567322,60,330.788978,200,316.150818,56
Growing-MatchedControl,94,A,100,-13.515320,59,330.738286,188,348.937195,44
Growing-MatchedControl,95,A,100,77.082558,59,397.389240,190,302.941856,46
Growing-MatchedControl,96,A,100,106.933838,55,327.372261,182,323.558838,38
Growing-MatchedControl,97,A,100,51.961304,60,408.588908,182,360.305054,38
Growing-MatchedControl,98,A,100,116.483093,55,228.224185,178,318.326843,34
Growing-MatchedControl,99,A,100,18.101562,57,345.551193,192,367.654297,48
Growing-MatchedControl,100,A,100,147.612976,66,408.669730,204,352.612976,60
Growing-MatchedControl,101,A,100,109.085938,63,431.533190,184,340.728516,40
Growing-MatchedControl,102,A,100,41.134766,67,492.480068,194,373.462891,50
Growing-MatchedControl,103,A,100,126.326843,68,344.109534,194,346.514343,50
Growing-MatchedControl,104,A,100,33.024170,55,363.305013,186,337.258545,42
Growing-MatchedControl,105,A,100,162.469788,58,379.276634,200,357.469788,56
Growing-MatchedControl,106,A,100,102.189396,63,287.788928,190,322.626591,46
Growing-MatchedControl,107,A,100,102.571289,62,384.520239,198,367.165039,54
Growing-MatchedControl,108,A,100,109.854111,62,288.512697,190,328.041611,46
Growing-MatchedControl,109,A,100,41.863693,55,306.943290,188,326.019943,44
Growing-MatchedControl,110,A,100,67.518326,54,201.210892,182,299.767105,38
Growing-MatchedControl,111,A,100,166.783569,62,537.716141,190,361.283569,46
Growing-MatchedControl,112,A,100,69.974609,67,518.067277,202,356.091797,58
Growing-MatchedControl,113,A,100,155.132507,66,771.548784,198,382.726257,54
Growing-MatchedControl,114,A,100,65.285675,62,390.180989,202,350.907928,58
Growing-MatchedControl,115,A,100,46.243408,65,568.723884,200,395.037842,56
Growing-MatchedControl,116,A,100,60.002365,62,358.313335,192,324.775803,48
Growing-MatchedControl,117,A,100,118.475784,62,279.567050,186,315.163132,42
Growing-MatchedControl,118,A,100,141.868988,57,530.130027,186,359.349457,42
Growing-MatchedControl,119,A,100,6.202637,74,700.394765,204,371.390137,60
Growing-MatchedControl,120,A,100,55.035034,60,269.479834,186,318.794800,42
Growing-MatchedControl,121,A,100,77.077194,69,648.174681,202,329.776413,58
Growing-MatchedControl,122,A,100,128.117676,53,210.406187,182,342.617676,38
Growing-MatchedControl,123,A,100,99.700928,66,394.348173,186,330.349365,42
Growing-MatchedControl,124,A,100,85.072960,62,495.175035,186,327.619835,42
Growing-MatchedControl,125,A,100,116.599365,61,372.529022,194,353.974365,50
Growing-MatchedControl,126,A,100,117.330078,67,698.033091,198,376.173828,54
Growing-MatchedControl,127,A,100,104.944702,67,296.827110,182,363.288452,38
Growing-MatchedControl,128,A,100,119.025070,59,336.397893,190,329.525070,46
Growing-MatchedControl,129,A,100,131.310059,62,279.383106,192,362.778809,48
Growing-MatchedControl,130,A,100,91.413574,67,263.020134,182,337.632324,38
Growing-MatchedControl,131,A,100,110.546143,52,294.436102,178,327.796143,34
Growing-MatchedControl,132,A,100,94.986816,60,566.151679,186,314.332520,42
Growing-MatchedControl,133,A,100,18.140625,60,323.222361,192,335.164062,48
Growing-MatchedControl,134,A,100,105.960938,67,469.909283,184,363.912109,40
Growing-MatchedControl,135,A,100,27.384460,60,252.836287,188,343.907898,44
Growing-MatchedControl,136,A,100,90.128906,57,409.135148,186,337.035156,42
Growing-MatchedControl,137,A,100,123.712891,66,515.525737,198,343.380859,54
Growing-MatchedControl,138,A,100,59.805115,70,413.043112,200,338.055115,56
Growing-MatchedControl,139,A,100,41.683838,63,314.515508,194,355.087646,50
Growing-MatchedControl,140,A,100,177.847656,68,446.741471,194,392.222656,50
Growing-MatchedControl,141,A,100,41.787598,63,361.022458,198,356.303223,54
Growing-MatchedControl,142,A,100,8.716797,57,389.854376,182,350.232422,38
Growing-MatchedControl,143,A,100,-9.313477,67,569.238569,194,361.797852,50
Growing-MatchedControl,144,A,100,86.225418,69,244.673316,182,326.393234,38
Growing-MatchedControl,145,A,100,48.474609,60,488.562240,192,343.708984,48
Growing-MatchedControl,146,A,100,53.945465,52,232.429623,192,341.238129,48
Growing-MatchedControl,147,A,100,22.696289,59,238.519717,196,345.624023,52
Growing-MatchedControl,148,A,100,55.384766,56,247.779115,186,341.751953,42
Growing-MatchedControl,149,A,100,-11.376221,61,366.719024,184,350.912842,40
Growing-MatchedControl,150,A,100,98.067383,62,279.667466,184,351.817383,40
Growing-MatchedControl,151,A,100,154.304932,61,372.747348,184,340.304932,40
Growing-MatchedControl,152,A,100,80.224792,53,231.532214,194,314.724792,50
Growing-MatchedControl,153,A,100,32.905609,55,257.275708,180,327.077484,36
Growing-MatchedControl,154,A,100,9.975098,60,400.737213,190,347.224121,46
Growing-MatchedControl,155,A,100,9.919777,56,205.835357,182,332.846825,38
Growing-MatchedControl,156,A,100,15.443848,59,225.583247,182,336.743652,38
Growing-MatchedControl,157,A,100,52.984009,59,310.929136,182,331.152222,38
Growing-MatchedControl,158,A,100,123.249390,61,301.104950,182,362.468140,38
Growing-MatchedControl,159,A,100,108.535492,63,388.586679,200,343.410492,56
Growing-MatchedControl,160,A,100,58.534592,56,224.820137,178,311.112717,34
Growing-MatchedControl,161,A,100,102.673340,72,597.241033,200,369.548340,56
Growing-MatchedControl,162,A,100,72.645039,63,437.395280,192,319.062969,48
Growing-MatchedControl,163,A,100,61.980469,55,539.481443,194,383.042969,50
Growing-MatchedControl,164,A,100,-18.369995,59,339.246442,190,349.713745,46
Growing-MatchedControl,165,A,100,92.126953,64,355.026877,194,363.189453,50
Growing-MatchedControl,166,A,100,91.904221,56,334.725030,190,341.279221,46
Growing-MatchedControl,167,A,100,80.094849,62,380.926684,190,311.585083,46
Growing-MatchedControl,168,A,100,44.563278,70,554.987220,188,293.060348,44
Growing-MatchedControl,169,A,100,92.841644,60,410.465687,182,315.466644,38
Growing-MatchedControl,170,A,100,4.904297,61,236.286097,182,337.244141,38
Growing-MatchedControl,171,A,100,88.794434,58,516.841981,188,346.669434,44
Growing-MatchedControl,172,A,100,36.893311,53,270.637010,180,318.258057,36
Growing-MatchedControl,173,A,100,62.023193,56,160.191167,182,329.991943,38
Growing-MatchedControl,174,A,100,76.103516,57,260.704675,194,376.783203,50
Growing-MatchedControl,175,A,100,76.080963,68,577.246044,190,339.549408,46
Growing-MatchedControl,176,A,100,0.282471,64,312.447269,200,359.041748,56
Growing-MatchedControl,177,A,100,97.530762,52,249.444927,186,348.077637,42
Growing-MatchedControl,178,A,100,60.787842,60,372.206602,198,361.631592,54
Growing-MatchedControl,179,A,100,106.846130,69,426.683080,200,343.064880,56
Growing-MatchedControl,180,A,100,139.978516,60,549.342801,190,347.353516,46
Growing-MatchedControl,181,A,100,27.118576,59,283.397726,188,327.899826,44
Growing-MatchedControl,182,A,100,95.304688,63,308.422102,190,352.812500,46
Growing-MatchedControl,183,A,100,146.286133,62,424.696893,186,350.536133,42
Growing-MatchedControl,184,A,100,89.072212,59,284.956253,190,296.244087,46
Growing-MatchedControl,185,A,100,160.243164,67,350.255554,192,358.430664,48
Growing-MatchedControl,186,A,100,15.998657,63,436.901408,190,356.376343,46
Growing-MatchedControl,187,A,100,30.484375,55,440.018819,184,370.171875,40
Growing-MatchedControl,188,A,100,111.398643,56,407.165520,192,306.898643,48
Growing-MatchedControl,189,A,100,57.097824,55,214.052485,182,324.064133,38
Growing-MatchedControl,190,A,100,50.257568,63,287.218477,182,339.054443,38
Growing-MatchedControl,191,A,100,27.777344,69,770.269484,198,341.646240,54
Growing-MatchedControl,192,A,100,24.846313,60,529.609221,186,343.391968,42
Growing-MatchedControl,193,A,100,35.365875,60,301.234200,188,331.727875,44
Growing-MatchedControl,194,A,100,84.934448,61,468.740287,190,334.645386,46
Growing-MatchedControl,195,A,100,7.873779,60,339.405211,184,338.805908,40
Growing-MatchedControl,196,A,100,29.488281,63,462.731078,188,362.667969,44
Growing-MatchedControl,197,A,100,64.538498,62,358.979079,180,309.919357,36
Growing-MatchedControl,198,A,100,15.643799,62,476.654996,194,353.451904,50
Growing-MatchedControl,199,A,100,98.354370,56,343.201283,182,343.354370,38
Growing-MatchedControl,0,A,200,71.322998,68,493.734131,202,436.333496,58
Growing-MatchedControl,1,A,200,43.336792,67,511.371072,196,472.266479,52
Growing-MatchedControl,2,A,200,47.837660,67,361.087339,216,394.210707,72
Growing-MatchedControl,3,A,200,188.291016,62,437.183226,206,464.916016,62
Growing-MatchedControl,4,A,200,36.559814,67,668.905301,194,430.602783,50
Growing-MatchedControl,5,A,200,-49.135132,73,835.779187,198,421.347778,54
Growing-MatchedControl,6,A,200,153.802734,71,683.083734,198,428.419922,54
Growing-MatchedControl,7,A,200,68.456055,61,456.816035,196,440.458008,52
Growing-MatchedControl,8,A,200,140.455260,61,730.242395,202,436.093932,58
Growing-MatchedControl,9,A,200,56.540016,71,663.897593,204,438.659004,60
Growing-MatchedControl,10,A,200,107.729683,67,472.885932,208,429.386909,64
Growing-MatchedControl,11,A,200,91.514008,69,765.719948,208,423.524750,64
Growing-MatchedControl,12,A,200,95.760010,61,503.099213,188,442.478760,44
Growing-MatchedControl,13,A,200,139.822568,66,549.437440,188,400.609677,44
Growing-MatchedControl,14,A,200,-42.232422,61,378.656725,200,478.369141,56
Growing-MatchedControl,15,A,200,-0.683502,61,677.261158,200,457.476654,56
Growing-MatchedControl,16,A,200,133.643997,56,309.412579,184,378.813919,40
Growing-MatchedControl,17,A,200,187.301498,60,783.068535,200,416.926498,56
Growing-MatchedControl,18,A,200,14.104727,64,318.779048,190,386.727285,46
Growing-MatchedControl,19,A,200,51.925139,66,712.816756,210,421.234282,66
Growing-MatchedControl,20,A,200,150.538406,64,387.113284,202,411.132156,58
Growing-MatchedControl,21,A,200,159.156418,60,288.219529,200,419.468918,56
Growing-MatchedControl,22,A,200,38.992817,67,611.741990,216,400.981041,72
Growing-MatchedControl,23,A,200,11.787598,61,482.448348,202,455.293457,58
Growing-MatchedControl,24,A,200,50.393598,71,604.093229,208,368.129926,64
Growing-MatchedControl,25,A,200,40.369690,63,559.084840,200,428.025818,56
Growing-MatchedControl,26,A,200,94.195053,64,383.773710,192,391.558334,48
Growing-MatchedControl,27,A,200,177.225195,66,517.744824,202,399.943945,58
Growing-MatchedControl,28,A,200,139.971783,60,692.613352,192,410.596783,48
Growing-MatchedControl,29,A,200,164.308350,59,535.697917,186,412.839600,42
Growing-MatchedControl,30,A,200,2.626953,68,358.058226,202,466.082031,58
Growing-MatchedControl,31,A,200,104.963670,62,303.943722,194,378.447554,50
Growing-MatchedControl,32,A,200,67.695801,65,656.526017,208,474.066895,64
Growing-MatchedControl,33,A,200,36.544556,61,452.635117,194,413.573975,50
Growing-MatchedControl,34,A,200,-69.994568,59,313.020166,202,446.744568,58
Growing-MatchedControl,35,A,200,90.381721,66,507.305119,196,389.002510,52
Growing-MatchedControl,36,A,200,144.535034,67,463.936870,214,466.042847,70
Growing-MatchedControl,37,A,200,17.783691,56,441.004556,190,384.090576,46
Growing-MatchedControl,38,A,200,134.651245,61,590.927877,196,413.780151,52
Growing-MatchedControl,39,A,200,2.353567,58,354.636689,194,460.145926,50
Growing-MatchedControl,40,A,200,218.720215,67,428.267237,204,461.595215,60
Growing-MatchedControl,41,A,200,-48.533200,69,901.450687,202,418.586910,58
Growing-MatchedControl,42,A,200,114.931650,68,457.179311,198,424.372061,54
Growing-MatchedControl,43,A,200,157.476055,61,238.968144,196,419.278790,52
Growing-MatchedControl,44,A,200,26.884521,69,492.532888,206,418.187958,62
Growing-MatchedControl,45,A,200,133.600250,70,692.396389,196,392.662750,52
Growing-MatchedControl,46,A,200,89.420303,58,510.521723,198,389.137772,54
Growing-MatchedControl,47,A,200,0.247482,63,615.582833,206,462.901779,62
Growing-MatchedControl,48,A,200,185.425873,62,380.867626,196,404.863373,52
Growing-MatchedControl,49,A,200,-3.800049,63,469.168738,188,395.481079,44
Growing-MatchedControl,50,A,200,-22.034073,68,638.543770,198,397.879532,54
Growing-MatchedControl,51,A,200,175.313751,70,745.359844,222,497.501251,78
Growing-MatchedControl,52,A,200,-104.221252,63,471.342189,198,453.445862,54
Growing-MatchedControl,53,A,200,65.311455,60,279.222945,190,356.300468,46
Growing-MatchedControl,54,A,200,217.488018,63,394.841046,202,420.988018,58
Growing-MatchedControl,55,A,200,89.827659,69,556.466422,206,389.546409,62
Growing-MatchedControl,56,A,200,117.709222,63,539.831042,206,388.941155,62
Growing-MatchedControl,57,A,200,157.996719,67,733.771349,218,437.838028,74
Growing-MatchedControl,58,A,200,33.674072,67,643.260246,202,426.920654,58
Growing-MatchedControl,59,A,200,144.101126,72,547.513082,206,411.206594,62
Growing-MatchedControl,60,A,200,85.489853,72,986.124376,214,468.340439,70
Growing-MatchedControl,61,A,200,27.820658,69,505.602245,204,434.002279,60
Growing-MatchedControl,62,A,200,164.481293,65,553.515375,202,460.578949,58
Growing-MatchedControl,63,A,200,65.455526,67,404.274670,224,422.569784,80
Growing-MatchedControl,64,A,200,113.154610,64,312.792458,196,390.041328,52
Growing-MatchedControl,65,A,200,-2.559212,62,597.486201,212,417.042610,68
Growing-MatchedControl,66,A,200,69.677067,69,621.447516,214,393.276371,70
Growing-MatchedControl,67,A,200,39.486674,65,326.627535,194,370.335979,50
Growing-MatchedControl,68,A,200,-54.893234,66,572.777107,204,426.263107,60
Growing-MatchedControl,69,A,200,-7.473079,64,397.580997,192,416.751887,48
Growing-MatchedControl,70,A,200,8.252319,62,324.242403,200,413.822632,56
Growing-MatchedControl,71,A,200,41.552788,70,490.875587,210,367.839535,66
Growing-MatchedControl,72,A,200,77.484488,70,594.132155,210,422.546988,66
Growing-MatchedControl,73,A,200,-83.168518,57,193.822396,198,449.168518,54
Growing-MatchedControl,74,A,200,130.362747,67,454.536758,204,416.616653,60
Growing-MatchedControl,75,A,200,124.563477,65,726.000359,208,479.938477,64
Growing-MatchedControl,76,A,200,105.572652,64,616.712087,208,403.611714,64
Growing-MatchedControl,77,A,200,-24.607378,57,161.713334,192,407.117998,48
Growing-MatchedControl,78,A,200,-42.517822,67,712.698002,210,429.674072,66
Growing-MatchedControl,79,A,200,32.619629,58,596.680032,192,460.146362,48
Growing-MatchedControl,80,A,200,215.056567,63,379.401624,200,415.056567,56
Growing-MatchedControl,81,A,200,-43.765625,63,677.554422,204,468.565430,60
Growing-MatchedControl,82,A,200,51.301514,71,720.017366,214,471.357178,70
Growing-MatchedControl,83,A,200,183.692960,71,762.418853,210,427.942960,66
Growing-MatchedControl,84,A,200,12.451073,61,364.315201,194,384.393028,50
Growing-MatchedControl,85,A,200,-6.587620,60,410.304578,198,416.441677,54
Growing-MatchedControl,86,A,200,45.350319,71,535.714664,202,428.420555,58
Growing-MatchedControl,87,A,200,120.642700,64,474.160406,202,442.252075,58
Growing-MatchedControl,88,A,200,44.657303,60,286.081937,212,454.670822,68
Growing-MatchedControl,89,A,200,73.354370,68,358.851051,192,394.584839,48
Growing-MatchedControl,90,A,200,-23.895752,53,444.986103,194,427.922119,50
Growing-MatchedControl,91,A,200,126.906282,67,655.722609,206,400.842806,62
Growing-MatchedControl,92,A,200,-45.382973,62,611.068089,210,402.351723,66
Growing-MatchedControl,93,A,200,115.262672,62,364.590309,210,399.663734,66
Growing-MatchedControl,94,A,200,2.444435,61,424.540682,198,425.693748,54
Growing-MatchedControl,95,A,200,85.569653,59,493.173889,194,372.422604,50
Growing-MatchedControl,96,A,200,74.112274,56,406.214401,188,381.796844,44
Growing-MatchedControl,97,A,200,75.865494,61,424.451728,186,431.763931,42
Growing-MatchedControl,98,A,200,168.703674,61,409.738589,190,424.547424,46
Growing-MatchedControl,99,A,200,57.719727,62,517.925565,210,455.317383,66
Growing-MatchedControl,100,A,200,203.461761,72,706.870501,226,463.211761,82
Growing-MatchedControl,101,A,200,137.543839,65,491.443428,190,386.316299,46
Growing-MatchedControl,102,A,200,-42.935791,74,798.246008,224,489.220947,80
Growing-MatchedControl,103,A,200,149.517914,68,447.021428,200,423.820648,56
Growing-MatchedControl,104,A,200,94.272339,64,608.674473,194,432.619995,50
Growing-MatchedControl,105,A,200,171.594131,58,448.723663,202,420.516006,58
Growing-MatchedControl,106,A,200,21.746563,63,301.355054,198,407.538536,54
Growing-MatchedControl,107,A,200,107.703735,64,406.736940,204,428.131470,60
Growing-MatchedControl,108,A,200,166.098984,65,340.458397,198,447.583359,54
Growing-MatchedControl,109,A,200,42.876116,62,484.788589,202,377.377092,58
Growing-MatchedControl,110,A,200,-27.304399,56,237.409080,194,402.610029,50
Growing-MatchedControl,111,A,200,133.218185,62,558.395096,194,444.749435,50
Growing-MatchedControl,112,A,200,-6.158203,68,513.077183,206,463.851562,62
Growing-MatchedControl,113,A,200,135.987755,76,1134.686594,216,500.045372,72
Growing-MatchedControl,114,A,200,126.511993,65,504.549110,216,467.274872,72
Growing-MatchedControl,115,A,200,32.704710,69,884.381381,214,456.219846,70
Growing-MatchedControl,116,A,200,54.770978,65,417.530646,200,374.910077,56
Growing-MatchedControl,117,A,200,177.044148,71,408.474326,200,415.481486,56
Growing-MatchedControl,118,A,200,124.727783,71,930.825710,204,440.192626,60
Growing-MatchedControl,119,A,200,-31.079987,74,779.869339,214,460.939240,70
Growing-MatchedControl,120,A,200,2.145233,64,436.134230,198,407.547272,54
Growing-MatchedControl,121,A,200,110.321487,69,722.590961,212,415.650589,68
Growing-MatchedControl,122,A,200,183.161072,57,279.961620,186,408.598572,42
Growing-MatchedControl,123,A,200,72.847046,66,494.130489,192,402.712280,48
Growing-MatchedControl,124,A,200,105.487347,64,609.761042,192,406.236126,48
Growing-MatchedControl,125,A,200,140.650693,63,551.582800,208,410.744443,64
Growing-MatchedControl,126,A,200,122.211121,71,894.176889,214,463.981995,70
Growing-MatchedControl,127,A,200,94.642662,70,468.588427,196,427.657982,52
Growing-MatchedControl,128,A,200,81.416180,65,504.357171,206,432.564617,62
Growing-MatchedControl,129,A,200,126.201653,66,388.847758,208,430.103996,64
Growing-MatchedControl,130,A,200,78.674072,68,382.133481,194,421.867432,50
Growing-MatchedControl,131,A,200,112.362816,59,565.383239,196,431.167503,52
Growing-MatchedControl,132,A,200,154.910889,64,676.083243,204,410.131592,60
Growing-MatchedControl,133,A,200,-33.133667,61,311.840967,202,415.873901,58
Growing-MatchedControl,134,A,200,149.181114,72,492.561530,200,429.226036,56
Growing-MatchedControl,135,A,200,54.820007,61,354.853512,196,430.589539,52
Growing-MatchedControl,136,A,200,84.038422,73,853.331047,206,423.214203,62
Growing-MatchedControl,137,A,200,124.932251,71,639.393989,214,426.705688,70
Growing-MatchedControl,138,A,200,56.668259,72,488.301941,216,411.609665,72
Growing-MatchedControl,139,A,200,-0.108398,67,403.203775,208,437.150085,64
Growing-MatchedControl,140,A,200,184.162689,70,524.184080,216,447.561127,72
Growing-MatchedControl,141,A,200,-31.842773,68,693.528734,214,474.122070,70
Growing-MatchedControl,142,A,200,0.906982,62,621.973469,196,407.683350,52
Growing-MatchedControl,143,A,200,-79.363922,71,999.931453,212,481.503937,68
Growing-MatchedControl,144,A,200,78.863497,69,339.857063,194,398.873197,50
Growing-MatchedControl,145,A,200,75.895782,63,589.276839,202,402.696564,58
Growing-MatchedControl,146,A,200,44.898880,60,316.831540,206,426.754776,62
Growing-MatchedControl,147,A,200,-20.171509,63,352.295885,206,437.967163,62
Growing-MatchedControl,148,A,200,76.240311,60,437.381334,202,404.875748,58
Growing-MatchedControl,149,A,200,-42.604736,61,467.805362,188,431.192139,44
Growing-MatchedControl,150,A,200,125.780365,68,449.624856,196,439.897552,52
Growing-MatchedControl,151,A,200,165.490082,62,373.044103,186,402.220551,42
Growing-MatchedControl,152,A,200,55.899589,56,342.598862,200,373.020682,56
Growing-MatchedControl,153,A,200,83.330780,60,349.394698,198,426.502655,54
Growing-MatchedControl,154,A,200,-56.898926,63,525.812239,198,450.934570,54
Growing-MatchedControl,155,A,200,-60.180672,57,207.637861,184,406.947273,40
Growing-MatchedControl,156,A,200,-55.048340,62,322.241218,192,448.774902,48
Growing-MatchedControl,157,A,200,13.820521,62,457.291375,202,397.172079,58
Growing-MatchedControl,158,A,200,137.386032,62,383.230772,190,435.917282,46
Growing-MatchedControl,159,A,200,198.265961,69,610.563573,216,468.101898,72
Growing-MatchedControl,160,A,200,40.431751,58,240.082648,184,374.101185,40
Growing-MatchedControl,161,A,200,112.735069,75,682.351957,208,413.692101,64
Growing-MatchedControl,162,A,200,51.359016,66,476.024777,200,368.081425,56
Growing-MatchedControl,163,A,200,76.329102,61,587.716833,202,462.288086,58
Growing-MatchedControl,164,A,200,-79.086385,63,444.033176,206,424.430135,62
Growing-MatchedControl,165,A,200,109.949097,70,454.519830,206,452.725464,62
Growing-MatchedControl,166,A,200,147.290997,58,424.145632,200,412.587872,56
Growing-MatchedControl,167,A,200,155.636841,62,479.405137,194,422.071899,50
Growing-MatchedControl,168,A,200,62.505174,70,623.381491,196,360.511399,52
Growing-MatchedControl,169,A,200,85.851513,67,497.395612,198,382.694042,54
Growing-MatchedControl,170,A,200,-49.012558,62,258.112157,190,413.985214,46
Growing-MatchedControl,171,A,200,59.849304,59,618.748163,194,441.607117,50
Growing-MatchedControl,172,A,200,-0.963852,65,399.168427,196,378.410660,52
Growing-MatchedControl,173,A,200,-23.378540,59,223.334379,198,443.471802,54
Growing-MatchedControl,174,A,200,123.345703,64,307.245942,198,449.406250,54
Growing-MatchedControl,175,A,200,147.913055,69,743.846833,208,427.074860,64
Growing-MatchedControl,176,A,200,-82.874847,65,387.555562,204,448.667816,60
Growing-MatchedControl,177,A,200,103.861137,59,349.077375,202,426.321098,58
Growing-MatchedControl,178,A,200,46.073711,64,427.910506,210,418.815899,66
Growing-MatchedControl,179,A,200,75.268127,72,633.683422,218,435.848206,74
Growing-MatchedControl,180,A,200,137.937073,60,591.203232,194,410.905823,50
Growing-MatchedControl,181,A,200,0.904690,61,288.776502,196,406.109615,52
Growing-MatchedControl,182,A,200,136.484406,70,565.797244,200,423.585968,56
Growing-MatchedControl,183,A,200,118.150513,66,510.777710,192,424.966919,48
Growing-MatchedControl,184,A,200,162.626301,62,398.035749,200,399.868488,56
Growing-MatchedControl,185,A,200,91.230957,72,536.551401,198,459.652832,54
Growing-MatchedControl,186,A,200,13.693378,65,576.658955,198,410.963848,54
Growing-MatchedControl,187,A,200,78.835449,59,561.560275,188,450.766113,44
Growing-MatchedControl,188,A,200,112.027860,66,659.025893,208,369.049345,64
Growing-MatchedControl,189,A,200,19.831139,64,395.516482,202,393.912117,58
Growing-MatchedControl,190,A,200,-14.740387,64,295.281635,190,420.898285,46
Growing-MatchedControl,191,A,200,17.833344,74,846.975272,214,426.174225,70
Growing-MatchedControl,192,A,200,86.734772,65,741.828082,198,438.137787,54
Growing-MatchedControl,193,A,200,-55.381329,62,335.782692,202,459.414532,58
Growing-MatchedControl,194,A,200,60.577393,68,573.352448,196,415.169922,52
Growing-MatchedControl,195,A,200,-46.719795,66,778.360322,208,419.920967,64
Growing-MatchedControl,196,A,200,95.180054,66,505.388550,202,441.359741,58
Growing-MatchedControl,197,A,200,-19.727639,67,519.766252,192,408.841697,48
Growing-MatchedControl,198,A,200,-69.129028,65,502.666310,198,451.316040,54
Growing-MatchedControl,199,A,200,96.011925,66,468.492664,192,421.361534,48
Growing-MatchedControl,0,A,400,44.524115,74,1051.109650,238,595.733526,94
Growing-MatchedControl,1,A,400,27.884735,74,872.301426,224,638.424286,80
Growing-MatchedControl,2,A,400,38.116108,74,855.943108,234,588.630451,90
Growing-MatchedControl,3,A,400,161.584778,63,648.642515,216,592.809387,72
Growing-MatchedControl,4,A,400,64.013870,73,824.631234,212,539.102737,68
Growing-MatchedControl,5,A,400,-65.303467,73,1034.676038,210,552.567139,66
Growing-MatchedControl,6,A,400,184.955425,75,913.168078,212,550.715191,68
Growing-MatchedControl,7,A,400,36.866669,68,791.976537,220,633.361053,76
Growing-MatchedControl,8,A,400,205.816307,74,1366.455831,222,593.056023,78
Growing-MatchedControl,9,A,400,82.992004,75,830.655584,224,591.732086,80
Growing-MatchedControl,10,A,400,145.547567,70,576.860559,222,561.950247,78
Growing-MatchedControl,11,A,400,125.181313,76,1295.205145,236,558.971840,92
Growing-MatchedControl,12,A,400,73.065033,71,823.283246,214,615.688080,70
Growing-MatchedControl,13,A,400,95.821028,74,808.798844,202,546.333479,58
Growing-MatchedControl,14,A,400,-71.394656,61,449.040175,210,613.701780,66
Growing-MatchedControl,15,A,400,-3.097187,62,780.424203,206,580.776592,62
Growing-MatchedControl,16,A,400,110.004629,68,579.126042,208,500.773540,64
Growing-MatchedControl,17,A,400,185.085388,70,1075.184962,226,530.182434,82
Growing-MatchedControl,18,A,400,7.666262,67,487.381871,202,517.125551,58
Growing-MatchedControl,19,A,400,-38.354805,75,1111.310676,230,628.120918,86
Growing-MatchedControl,20,A,400,177.492664,70,622.137313,230,583.530750,86
Growing-MatchedControl,21,A,400,240.769289,64,428.950868,214,532.960695,70
Growing-MatchedControl,22,A,400,13.547223,69,883.299082,226,549.616052,82
Growing-MatchedControl,23,A,400,124.672241,64,724.547920,216,604.743286,72
Growing-MatchedControl,24,A,400,-38.167157,75,1397.851977,238,538.699024,94
Growing-MatchedControl,25,A,400,37.102096,73,982.231360,224,584.199418,80
Growing-MatchedControl,26,A,400,80.456237,71,757.166085,224,577.619690,80
Growing-MatchedControl,27,A,400,138.417552,71,894.781298,232,607.449290,88
Growing-MatchedControl,28,A,400,97.039723,71,1451.794261,224,556.072285,80
Growing-MatchedControl,29,A,400,218.619281,66,602.941048,204,509.798969,60
Growing-MatchedControl,30,A,400,9.113235,69,541.216532,218,610.363663,74
Growing-MatchedControl,31,A,400,139.505610,62,425.687832,198,479.266718,54
Growing-MatchedControl,32,A,400,-31.022558,68,773.406864,218,585.785254,74
Growing-MatchedControl,33,A,400,-63.199203,66,626.536566,206,576.111771,62
Growing-MatchedControl,34,A,400,-39.104950,68,941.017947,224,568.767914,80
Growing-MatchedControl,35,A,400,-41.372154,71,759.278114,226,572.568794,82
Growing-MatchedControl,36,A,400,-2.461956,71,724.963889,228,626.122845,84
Growing-MatchedControl,37,A,400,7.628569,67,711.508823,220,575.121717,76
Growing-MatchedControl,38,A,400,65.089629,67,680.199735,216,561.877776,72
Growing-MatchedControl,39,A,400,-30.298536,64,496.816853,204,612.445940,60
Growing-MatchedControl,40,A,400,207.094208,70,666.417538,218,642.844208,74
Growing-MatchedControl,41,A,400,-51.051176,72,1143.711543,208,550.429045,64
Growing-MatchedControl,42,A,400,-16.163897,68,648.753001,214,593.975871,70
Growing-MatchedControl,43,A,400,140.708908,67,493.017297,204,600.862717,60
Growing-MatchedControl,44,A,400,-37.130367,73,995.902908,226,559.476467,82
Growing-MatchedControl,45,A,400,146.587772,73,1168.334780,224,485.859989,80
Growing-MatchedControl,46,A,400,175.842157,69,759.754159,230,590.960283,86
Growing-MatchedControl,47,A,400,-76.167191,65,782.530480,222,616.213181,78
Growing-MatchedControl,48,A,400,243.841628,66,714.068476,214,503.740065,70
Growing-MatchedControl,49,A,400,-8.121075,67,690.572611,212,559.169514,68
Growing-MatchedControl,50,A,400,-34.577496,68,657.851381,206,533.603741,62
Growing-MatchedControl,51,A,400,249.223956,73,1058.784575,232,629.450519,88
Growing-MatchedControl,52,A,400,-135.417570,74,758.280571,226,576.538359,82
Growing-MatchedControl,53,A,400,27.170893,68,412.554985,200,477.998247,56
Growing-MatchedControl,54,A,400,134.619359,69,720.382853,218,555.807591,74
Growing-MatchedControl,55,A,400,80.599347,73,791.112590,228,486.002271,84
Growing-MatchedControl,56,A,400,138.908644,69,644.754400,224,460.788252,80
Growing-MatchedControl,57,A,400,224.507289,70,1050.657619,222,569.686824,78
Growing-MatchedControl,58,A,400,-63.976583,69,905.755061,216,568.257223,72
Growing-MatchedControl,59,A,400,111.131736,74,728.425100,214,578.986228,70
Growing-MatchedControl,60,A,400,20.708084,75,1063.671613,218,595.568111,74
Growing-MatchedControl,61,A,400,18.048731,71,643.444955,220,585.690985,76
Growing-MatchedControl,62,A,400,202.645554,68,847.255579,216,612.497116,72
Growing-MatchedControl,63,A,400,91.986961,73,711.019885,238,559.569251,94
Growing-MatchedControl,64,A,400,14.528576,66,487.035289,210,564.832287,66
Growing-MatchedControl,65,A,400,16.218579,65,615.641569,220,484.351651,76
Growing-MatchedControl,66,A,400,106.550607,70,939.794425,228,547.442056,84
Growing-MatchedControl,67,A,400,-45.361567,72,641.896810,214,527.839788,70
Growing-MatchedControl,68,A,400,-82.780752,68,730.957029,214,510.998632,70
Growing-MatchedControl,69,A,400,-92.973777,67,648.635005,208,549.342429,64
Growing-MatchedControl,70,A,400,47.788255,63,497.276004,208,497.363336,64
Growing-MatchedControl,71,A,400,162.661922,73,670.926532,224,518.437336,80
Growing-MatchedControl,72,A,400,100.970437,76,822.730571,232,533.460500,88
Growing-MatchedControl,73,A,400,-138.844821,68,499.375556,216,552.175144,72
Growing-MatchedControl,74,A,400,150.373758,71,583.467112,216,593.780008,72
Growing-MatchedControl,75,A,400,55.655462,67,788.920780,222,608.481543,78
Growing-MatchedControl,76,A,400,2.208594,66,631.735444,212,520.795508,68
Growing-MatchedControl,77,A,400,-63.196878,70,381.301661,216,537.883466,72
Growing-MatchedControl,78,A,400,-123.157223,75,1176.246361,226,549.396908,82
Growing-MatchedControl,79,A,400,23.732481,61,791.028699,200,575.084391,56
Growing-MatchedControl,80,A,400,290.646936,72,567.541710,220,519.834436,76
Growing-MatchedControl,81,A,400,-98.464722,69,888.844334,218,588.950928,74
Growing-MatchedControl,82,A,400,-40.381138,76,1225.808951,234,617.803501,90
Growing-MatchedControl,83,A,400,181.458997,75,1291.259378,226,590.888685,82
Growing-MatchedControl,84,A,400,5.879091,69,635.598416,228,578.541773,84
Growing-MatchedControl,85,A,400,-40.947739,64,590.174665,210,542.698708,66
Growing-MatchedControl,86,A,400,161.871083,71,737.479054,220,591.814189,76
Growing-MatchedControl,87,A,400,220.218160,73,780.833341,232,589.317770,88
Growing-MatchedControl,88,A,400,-1.915184,66,461.245960,228,614.286888,84
Growing-MatchedControl,89,A,400,67.414509,70,668.709482,210,523.030567,66
Growing-MatchedControl,90,A,400,-4.776978,63,758.564835,220,587.476196,76
Growing-MatchedControl,91,A,400,36.598436,71,874.300726,228,538.320241,84
Growing-MatchedControl,92,A,400,52.688005,75,937.055122,234,563.095381,90
Growing-MatchedControl,93,A,400,128.221918,68,569.392715,224,512.695352,80
Growing-MatchedControl,94,A,400,74.684595,73,1042.890759,234,607.506689,90
Growing-MatchedControl,95,A,400,27.355061,68,600.176521,214,523.372756,70
Growing-MatchedControl,96,A,400,-1.094780,65,733.567174,220,524.832115,76
Growing-MatchedControl,97,A,400,110.024750,65,520.526121,196,561.433197,52
Growing-MatchedControl,98,A,400,195.115704,69,863.334670,208,502.271954,64
Growing-MatchedControl,99,A,400,51.785101,73,906.453343,230,596.469030,86
Growing-MatchedControl,100,A,400,254.948924,73,935.543948,240,606.792674,96
Growing-MatchedControl,101,A,400,105.298717,71,776.082515,210,475.641033,66
Growing-MatchedControl,102,A,400,-102.523071,75,1339.848261,240,660.657349,96
Growing-MatchedControl,103,A,400,216.148811,76,943.089843,210,538.251839,66
Growing-MatchedControl,104,A,400,73.333176,73,1066.775658,224,616.276535,80
Growing-MatchedControl,105,A,400,216.710868,61,568.943730,208,522.462332,64
Growing-MatchedControl,106,A,400,58.199533,69,624.633266,210,578.446584,66
Growing-MatchedControl,107,A,400,148.530722,77,618.466743,234,577.930807,90
Growing-MatchedControl,108,A,400,277.062577,69,537.732510,210,569.781327,66
Growing-MatchedControl,109,A,400,0.405248,68,572.805313,218,549.116185,74
Growing-MatchedControl,110,A,400,-41.913923,69,581.344645,220,535.328928,76
Growing-MatchedControl,111,A,400,81.634186,68,774.467993,206,574.892517,62
Growing-MatchedControl,112,A,400,-115.729248,69,752.770892,218,609.893311,74
Growing-MatchedControl,113,A,400,118.702739,77,1413.459697,222,629.606578,78
Growing-MatchedControl,114,A,400,175.190002,73,1055.308279,238,614.507568,94
Growing-MatchedControl,115,A,400,77.983211,76,1391.147198,240,554.242306,96
Growing-MatchedControl,116,A,400,79.386493,65,454.122690,204,499.687468,60
Growing-MatchedControl,117,A,400,221.895594,74,545.840618,214,544.871999,70
Growing-MatchedControl,118,A,400,216.603537,73,1076.615561,222,566.375753,78
Growing-MatchedControl,119,A,400,-14.582066,77,1097.064314,236,621.627956,92
Growing-MatchedControl,120,A,400,-14.931412,67,686.379189,212,522.322418,68
Growing-MatchedControl,121,A,400,155.190163,72,891.322094,230,545.412312,86
Growing-MatchedControl,122,A,400,202.967124,59,416.098429,210,538.118491,66
Growing-MatchedControl,123,A,400,52.223839,70,622.871100,214,535.422081,70
Growing-MatchedControl,124,A,400,120.492199,71,724.660719,222,570.428478,78
Growing-MatchedControl,125,A,400,97.427764,70,943.336195,222,579.262725,78
Growing-MatchedControl,126,A,400,156.298485,74,1189.636425,232,598.595650,88
Growing-MatchedControl,127,A,400,103.204693,70,447.426414,200,484.605081,56
Growing-MatchedControl,128,A,400,72.997451,66,629.702918,220,539.613418,76
Growing-MatchedControl,129,A,400,151.976303,69,463.159018,214,555.603012,70
Growing-MatchedControl,130,A,400,168.419327,68,454.374292,202,554.080460,58
Growing-MatchedControl,131,A,400,166.830250,66,846.698024,208,533.908070,64
Growing-MatchedControl,132,A,400,282.215233,67,951.352312,216,560.851952,72
Growing-MatchedControl,133,A,400,-13.986847,75,913.129084,232,583.339569,88
Growing-MatchedControl,134,A,400,175.350609,73,771.843691,218,573.543480,74
Growing-MatchedControl,135,A,400,58.160187,69,781.074344,216,607.266632,72
Growing-MatchedControl,136,A,400,-50.056099,75,1106.114891,218,575.812614,74
Growing-MatchedControl,137,A,400,80.157536,73,1114.493806,226,530.563633,82
Growing-MatchedControl,138,A,400,42.651688,75,589.501795,230,559.428482,86
Growing-MatchedControl,139,A,400,-36.620682,69,556.523079,218,614.822891,74
Growing-MatchedControl,140,A,400,175.035290,70,893.225915,220,617.473278,76
Growing-MatchedControl,141,A,400,129.219574,69,784.012938,222,674.387543,78
Growing-MatchedControl,142,A,400,85.348816,63,682.703548,204,513.853172,60
Growing-MatchedControl,143,A,400,-64.210454,74,1331.150298,236,579.737476,92
Growing-MatchedControl,144,A,400,-37.329059,69,399.452538,202,532.110919,58
Growing-MatchedControl,145,A,400,73.014381,68,992.650739,218,579.149635,74
Growing-MatchedControl,146,A,400,8.834271,70,793.484940,230,523.729510,86
Growing-MatchedControl,147,A,400,-50.194103,70,725.988641,232,549.406330,88
Growing-MatchedControl,148,A,400,67.429417,68,594.405980,216,543.648182,72
Growing-MatchedControl,149,A,400,-125.837219,68,792.520668,202,538.032526,58
Growing-MatchedControl,150,A,400,135.381180,69,663.632151,214,589.171585,70
Growing-MatchedControl,151,A,400,120.879700,66,483.223100,196,538.512512,52
Growing-MatchedControl,152,A,400,13.202981,67,825.906144,212,470.975484,68
Growing-MatchedControl,153,A,400,28.734947,62,369.914826,208,595.752037,64
Growing-MatchedControl,154,A,400,-143.570797,71,1018.831651,232,622.622768,88
Growing-MatchedControl,155,A,400,-120.891276,69,470.026969,204,526.493204,60
Growing-MatchedControl,156,A,400,-143.682858,70,570.633571,210,564.792233,66
Growing-MatchedControl,157,A,400,-40.899328,76,906.248940,224,561.170980,80
Growing-MatchedControl,158,A,400,108.518058,70,517.493123,210,569.473548,66
Growing-MatchedControl,159,A,400,245.375228,75,1129.618882,226,585.608992,82
Growing-MatchedControl,160,A,400,8.242656,63,390.262609,196,476.998378,52
Growing-MatchedControl,161,A,400,106.131403,79,1331.093193,248,621.335505,104
Growing-MatchedControl,162,A,400,61.391005,73,692.566921,216,530.891474,72
Growing-MatchedControl,163,A,400,92.347403,70,856.790814,220,591.004629,76
Growing-MatchedControl,164,A,400,-135.745439,70,979.502533,230,552.888994,86
Growing-MatchedControl,165,A,400,136.641037,73,607.988348,216,585.518814,72
Growing-MatchedControl,166,A,400,158.413709,64,652.933451,218,565.754133,74
Growing-MatchedControl,167,A,400,203.610779,62,511.460620,194,518.309692,50
Growing-MatchedControl,168,A,400,114.580542,72,848.321320,210,477.220933,66
Growing-MatchedControl,169,A,400,97.929185,71,679.538212,212,487.197434,68
Growing-MatchedControl,170,A,400,14.977188,69,667.108090,210,593.664169,66
Growing-MatchedControl,171,A,400,100.582657,62,686.398417,208,558.104141,64
Growing-MatchedControl,172,A,400,-56.844740,69,533.706801,208,481.943599,64
Growing-MatchedControl,173,A,400,-82.475062,73,601.886232,224,529.730128,80
Growing-MatchedControl,174,A,400,201.334349,68,410.055783,218,583.077513,74
Growing-MatchedControl,175,A,400,132.215321,71,991.285323,224,584.705251,80
Growing-MatchedControl,176,A,400,-81.198940,77,892.213659,236,592.663837,92
Growing-MatchedControl,177,A,400,109.208999,62,442.599834,214,518.044876,70
Growing-MatchedControl,178,A,400,-91.981678,71,841.350894,228,580.742138,84
Growing-MatchedControl,179,A,400,79.857693,76,1186.788448,250,626.390705,106
Growing-MatchedControl,180,A,400,116.245300,67,733.034435,216,567.857605,72
Growing-MatchedControl,181,A,400,23.917895,63,313.664271,200,486.839236,56
Growing-MatchedControl,182,A,400,218.820568,74,987.297041,212,546.052502,68
Growing-MatchedControl,183,A,400,91.613884,70,850.636378,216,566.930290,72
Growing-MatchedControl,184,A,400,199.551006,63,619.738804,204,545.115704,60
Growing-MatchedControl,185,A,400,71.399994,72,918.667315,216,616.801849,72
Growing-MatchedControl,186,A,400,60.230610,69,747.765177,212,543.118145,68
Growing-MatchedControl,187,A,400,152.640038,59,574.357070,192,587.040550,48
Growing-MatchedControl,188,A,400,104.621997,69,882.802277,218,498.593395,74
Growing-MatchedControl,189,A,400,70.346666,65,716.374151,214,517.748237,70
Growing-MatchedControl,190,A,400,-87.687780,67,497.842817,212,571.232550,68
Growing-MatchedControl,191,A,400,-11.982985,74,938.690882,220,608.519545,76
Growing-MatchedControl,192,A,400,102.956356,66,904.419591,208,536.091640,64
Growing-MatchedControl,193,A,400,-103.504207,69,700.455454,220,612.816463,76
Growing-MatchedControl,194,A,400,16.855881,72,914.525767,222,561.120865,78
Growing-MatchedControl,195,A,400,-41.461828,75,1265.257187,218,566.647070,74
Growing-MatchedControl,196,A,400,24.563171,68,847.270020,212,604.914734,68
Growing-MatchedControl,197,A,400,-127.194740,72,887.095469,224,543.688537,80
Growing-MatchedControl,198,A,400,-143.629681,71,758.907176,208,575.752972,64
Growing-MatchedControl,199,A,400,76.533778,68,591.813119,200,501.824489,56
Growing-MatchedControl,0,B,0,-70.000000,59,282.462126,174,244.000000,30
Growing-MatchedControl,1,B,0,-67.000000,58,281.331302,174,244.000000,30
Growing-MatchedControl,2,B,0,-70.000000,52,134.760079,174,244.000000,30
Growing-MatchedControl,3,B,0,-71.000000,51,220.678509,174,244.000000,30
Growing-MatchedControl,4,B,0,-77.000000,54,257.442163,174,244.000000,30
Growing-MatchedControl,5,B,0,-70.000000,58,344.633596,174,244.000000,30
Growing-MatchedControl,6,B,0,-76.000000,60,454.969319,174,244.000000,30
Growing-MatchedControl,7,B,0,-78.000000,47,134.859892,174,244.000000,30
Growing-MatchedControl,8,B,0,-67.000000,57,329.755197,174,244.000000,30
Growing-MatchedControl,9,B,0,-64.000000,55,238.480417,174,244.000000,30
Growing-MatchedControl,10,B,0,-68.000000,51,192.464449,174,244.000000,30
Growing-MatchedControl,11,B,0,-75.000000,62,269.135639,174,244.000000,30
Growing-MatchedControl,12,B,0,-77.000000,55,233.034792,174,244.000000,30
Growing-MatchedControl,13,B,0,-65.000000,55,167.195752,174,244.000000,30
Growing-MatchedControl,14,B,0,-75.000000,53,145.560161,174,244.000000,30
Growing-MatchedControl,15,B,0,-65.000000,52,226.121656,174,244.000000,30
Growing-MatchedControl,16,B,0,-74.000000,51,191.743331,174,244.000000,30
Growing-MatchedControl,17,B,0,-70.000000,58,408.840549,174,244.000000,30
Growing-MatchedControl,18,B,0,-69.000000,58,153.490474,174,244.000000,30
Growing-MatchedControl,19,B,0,-67.000000,49,191.964115,174,244.000000,30
Growing-MatchedControl,20,B,0,-69.000000,62,279.934276,174,244.000000,30
Growing-MatchedControl,21,B,0,-63.000000,47,125.442356,174,244.000000,30
Growing-MatchedControl,22,B,0,-67.000000,51,205.477025,174,244.000000,30
Growing-MatchedControl,23,B,0,-74.000000,52,175.589960,174,244.000000,30
Growing-MatchedControl,24,B,0,-71.000000,54,285.044592,174,244.000000,30
Growing-MatchedControl,25,B,0,-62.000000,60,259.145458,174,244.000000,30
Growing-MatchedControl,26,B,0,-63.000000,57,175.024699,174,244.000000,30
Growing-MatchedControl,27,B,0,-69.000000,55,276.380571,174,244.000000,30
Growing-MatchedControl,28,B,0,-65.000000,54,289.821509,174,244.000000,30
Growing-MatchedControl,29,B,0,-66.000000,58,275.364965,174,244.000000,30
Growing-MatchedControl,30,B,0,-70.000000,51,147.318436,174,244.000000,30
Growing-MatchedControl,31,B,0,-65.000000,55,224.872092,174,244.000000,30
Growing-MatchedControl,32,B,0,-54.000000,51,125.784143,174,244.000000,30
Growing-MatchedControl,33,B,0,-69.000000,57,230.923493,174,244.000000,30
Growing-MatchedControl,34,B,0,-67.000000,53,184.279607,174,244.000000,30
Growing-MatchedControl,35,B,0,-70.000000,61,235.912681,174,244.000000,30
Growing-MatchedControl,36,B,0,-67.000000,52,138.110778,174,244.000000,30
Growing-MatchedControl,37,B,0,-65.000000,52,151.935623,174,244.000000,30
Growing-MatchedControl,38,B,0,-77.000000,51,313.522247,174,244.000000,30
Growing-MatchedControl,39,B,0,-73.000000,49,144.246963,174,244.000000,30
Growing-MatchedControl,40,B,0,-64.000000,56,196.349405,174,244.000000,30
Growing-MatchedControl,41,B,0,-72.000000,62,373.870683,174,244.000000,30
Growing-MatchedControl,42,B,0,-71.000000,59,188.229984,174,244.000000,30
Growing-MatchedControl,43,B,0,-72.000000,50,139.345973,174,244.000000,30
Growing-MatchedControl,44,B,0,-69.000000,52,123.268612,174,244.000000,30
Growing-MatchedControl,45,B,0,-70.000000,63,386.779835,174,244.000000,30
Growing-MatchedControl,46,B,0,-70.000000,53,250.454860,174,244.000000,30
Growing-MatchedControl,47,B,0,-66.000000,51,209.079104,174,244.000000,30
Growing-MatchedControl,48,B,0,-71.000000,57,289.119556,174,244.000000,30
Growing-MatchedControl,49,B,0,-70.000000,56,206.280261,174,244.000000,30
Growing-MatchedControl,50,B,0,-63.000000,57,254.195754,174,244.000000,30
Growing-MatchedControl,51,B,0,-61.000000,54,193.401624,174,244.000000,30
Growing-MatchedControl,52,B,0,-73.000000,54,239.352916,174,244.000000,30
Growing-MatchedControl,53,B,0,-74.000000,59,284.470806,174,244.000000,30
Growing-MatchedControl,54,B,0,-68.000000,54,270.614355,174,244.000000,30
Growing-MatchedControl,55,B,0,-64.000000,55,254.973023,174,244.000000,30
Growing-MatchedControl,56,B,0,-64.000000,54,208.967693,174,244.000000,30
Growing-MatchedControl,57,B,0,-65.000000,51,217.166439,174,244.000000,30
Growing-MatchedControl,58,B,0,-69.000000,59,330.526494,174,244.000000,30
Growing-MatchedControl,59,B,0,-73.000000,59,271.120883,174,244.000000,30
Growing-MatchedControl,60,B,0,-63.000000,55,284.491241,174,244.000000,30
Growing-MatchedControl,61,B,0,-73.000000,53,341.393116,174,244.000000,30
Growing-MatchedControl,62,B,0,-68.000000,57,217.643419,174,244.000000,30
Growing-MatchedControl,63,B,0,-79.000000,52,188.657758,174,244.000000,30
Growing-MatchedControl,64,B,0,-71.000000,49,191.290323,174,244.000000,30
Growing-MatchedControl,65,B,0,-74.000000,50,247.748830,174,244.000000,30
Growing-MatchedControl,66,B,0,-68.000000,54,185.622638,174,244.000000,30
Growing-MatchedControl,67,B,0,-71.000000,56,187.501611,174,244.000000,30
Growing-MatchedControl,68,B,0,-69.000000,55,325.654979,174,244.000000,30
Growing-MatchedControl,69,B,0,-61.000000,54,209.542414,174,244.000000,30
Growing-MatchedControl,70,B,0,-75.000000,56,228.435842,174,244.000000,30
Growing-MatchedControl,71,B,0,-76.000000,59,295.620118,174,244.000000,30
Growing-MatchedControl,72,B,0,-69.000000,59,266.500110,174,244.000000,30
Growing-MatchedControl,73,B,0,-74.000000,52,156.414945,174,244.000000,30
Growing-MatchedControl,74,B,0,-70.000000,56,265.603932,174,244.000000,30
Growing-MatchedControl,75,B,0,-63.000000,56,251.278357,174,244.000000,30
Growing-MatchedControl,76,B,0,-74.000000,56,211.385976,174,244.000000,30
Growing-MatchedControl,77,B,0,-74.000000,50,153.850786,174,244.000000,30
Growing-MatchedControl,78,B,0,-74.000000,58,341.288207,174,244.000000,30
Growing-MatchedControl,79,B,0,-67.000000,52,267.208966,174,244.000000,30
Growing-MatchedControl,80,B,0,-69.000000,56,156.810701,174,244.000000,30
Growing-MatchedControl,81,B,0,-78.000000,56,327.018001,174,244.000000,30
Growing-MatchedControl,82,B,0,-67.000000,59,239.626056,174,244.000000,30
Growing-MatchedControl,83,B,0,-66.000000,65,464.457728,174,244.000000,30
Growing-MatchedControl,84,B,0,-63.000000,52,204.017372,174,244.000000,30
Growing-MatchedControl,85,B,0,-73.000000,49,164.654214,174,244.000000,30
Growing-MatchedControl,86,B,0,-73.000000,61,353.717405,174,244.000000,30
Growing-MatchedControl,87,B,0,-71.000000,54,229.754936,174,244.000000,30
Growing-MatchedControl,88,B,0,-74.000000,52,151.428129,174,244.000000,30
Growing-MatchedControl,89,B,0,-66.000000,56,231.462241,174,244.000000,30
Growing-MatchedControl,90,B,0,-65.000000,53,294.001659,174,244.000000,30
Growing-MatchedControl,91,B,0,-64.000000,54,173.746076,174,244.000000,30
Growing-MatchedControl,92,B,0,-70.000000,57,195.879253,174,244.000000,30
Growing-MatchedControl,93,B,0,-67.000000,51,178.476684,174,244.000000,30
Growing-MatchedControl,94,B,0,-70.000000,53,197.443254,174,244.000000,30
Growing-MatchedControl,95,B,0,-71.000000,53,202.289104,174,244.000000,30
Growing-MatchedControl,96,B,0,-59.000000,54,222.139272,174,244.000000,30
Growing-MatchedControl,97,B,0,-69.000000,58,296.317288,174,244.000000,30
Growing-MatchedControl,98,B,0,-75.000000,51,135.964439,174,244.000000,30
Growing-MatchedControl,99,B,0,-73.000000,50,146.505885,174,244.000000,30
Growing-MatchedControl,100,B,0,-67.000000,54,247.901951,174,244.000000,30
Growing-MatchedControl,101,B,0,-64.000000,61,281.890569,174,244.000000,30
Growing-MatchedControl,102,B,0,-70.000000,48,129.601630,174,244.000000,30
Growing-MatchedControl,103,B,0,-72.000000,56,186.709484,174,244.000000,30
Growing-MatchedControl,104,B,0,-77.000000,50,229.515258,174,244.000000,30
Growing-MatchedControl,105,B,0,-69.000000,49,129.830756,174,244.000000,30
Growing-MatchedControl,106,B,0,-66.000000,56,177.490739,174,244.000000,30
Growing-MatchedControl,107,B,0,-71.000000,49,188.415476,174,244.000000,30
Growing-MatchedControl,108,B,0,-64.000000,60,192.473083,174,244.000000,30
Growing-MatchedControl,109,B,0,-71.000000,54,224.494742,174,244.000000,30
Growing-MatchedControl,110,B,0,-65.000000,53,172.081716,174,244.000000,30
Growing-MatchedControl,111,B,0,-67.000000,55,244.638987,174,244.000000,30
Growing-MatchedControl,112,B,0,-68.000000,52,237.447628,174,244.000000,30
Growing-MatchedControl,113,B,0,-70.000000,58,252.050917,174,244.000000,30
Growing-MatchedControl,114,B,0,-78.000000,49,198.241870,174,244.000000,30
Growing-MatchedControl,115,B,0,-73.000000,58,314.691370,174,244.000000,30
Growing-MatchedControl,116,B,0,-74.000000,49,217.389279,174,244.000000,30
Growing-MatchedControl,117,B,0,-68.000000,60,281.921820,174,244.000000,30
Growing-MatchedControl,118,B,0,-66.000000,51,236.074975,174,244.000000,30
Growing-MatchedControl,119,B,0,-72.000000,52,271.221788,174,244.000000,30
Growing-MatchedControl,120,B,0,-68.000000,57,234.078029,174,244.000000,30
Growing-MatchedControl,121,B,0,-72.000000,56,284.788606,174,244.000000,30
Growing-MatchedControl,122,B,0,-62.000000,50,124.300821,174,244.000000,30
Growing-MatchedControl,123,B,0,-73.000000,60,278.185955,174,244.000000,30
Growing-MatchedControl,124,B,0,-64.000000,57,373.091399,174,244.000000,30
Growing-MatchedControl,125,B,0,-79.000000,53,219.961373,174,244.000000,30
Growing-MatchedControl,126,B,0,-67.000000,54,256.597725,174,244.000000,30
Growing-MatchedControl,127,B,0,-80.000000,59,260.557605,174,244.000000,30
Growing-MatchedControl,128,B,0,-76.000000,57,302.989943,174,244.000000,30
Growing-MatchedControl,129,B,0,-64.000000,54,204.826142,174,244.000000,30
Growing-MatchedControl,130,B,0,-75.000000,62,246.851145,174,244.000000,30
Growing-MatchedControl,131,B,0,-69.000000,46,152.266405,174,244.000000,30
Growing-MatchedControl,132,B,0,-65.000000,52,254.960962,174,244.000000,30
Growing-MatchedControl,133,B,0,-76.000000,52,157.833380,174,244.000000,30
Growing-MatchedControl,134,B,0,-62.000000,64,418.133969,174,244.000000,30
Growing-MatchedControl,135,B,0,-76.000000,49,164.014137,174,244.000000,30
Growing-MatchedControl,136,B,0,-73.000000,53,240.769346,174,244.000000,30
Growing-MatchedControl,137,B,0,-60.000000,58,261.329399,174,244.000000,30
Growing-MatchedControl,138,B,0,-69.000000,66,285.217754,174,244.000000,30
Growing-MatchedControl,139,B,0,-69.000000,56,202.498425,174,244.000000,30
Growing-MatchedControl,140,B,0,-64.000000,57,226.189494,174,244.000000,30
Growing-MatchedControl,141,B,0,-67.000000,55,278.606917,174,244.000000,30
Growing-MatchedControl,142,B,0,-69.000000,56,220.972794,174,244.000000,30
Growing-MatchedControl,143,B,0,-70.000000,56,272.362934,174,244.000000,30
Growing-MatchedControl,144,B,0,-76.000000,62,211.399210,174,244.000000,30
Growing-MatchedControl,145,B,0,-76.000000,56,256.316945,174,244.000000,30
Growing-MatchedControl,146,B,0,-63.000000,49,135.765902,174,244.000000,30
Growing-MatchedControl,147,B,0,-74.000000,54,186.758154,174,244.000000,30
Growing-MatchedControl,148,B,0,-69.000000,50,183.165125,174,244.000000,30
Growing-MatchedControl,149,B,0,-70.000000,54,270.151760,174,244.000000,30
Growing-MatchedControl,150,B,0,-75.000000,60,297.136123,174,244.000000,30
Growing-MatchedControl,151,B,0,-71.000000,61,369.813134,174,244.000000,30
Growing-MatchedControl,152,B,0,-72.000000,48,140.830771,174,244.000000,30
Growing-MatchedControl,153,B,0,-73.000000,53,184.936098,174,244.000000,30
Growing-MatchedControl,154,B,0,-71.000000,53,314.421281,174,244.000000,30
Growing-MatchedControl,155,B,0,-65.000000,50,167.138545,174,244.000000,30
Growing-MatchedControl,156,B,0,-65.000000,57,175.948212,174,244.000000,30
Growing-MatchedControl,157,B,0,-67.000000,56,211.520355,174,244.000000,30
Growing-MatchedControl,158,B,0,-73.000000,56,156.546156,174,244.000000,30
Growing-MatchedControl,159,B,0,-62.000000,56,138.502008,174,244.000000,30
Growing-MatchedControl,160,B,0,-70.000000,56,265.344879,174,244.000000,30
Growing-MatchedControl,161,B,0,-68.000000,63,378.757702,174,244.000000,30
Growing-MatchedControl,162,B,0,-66.000000,61,368.971197,174,244.000000,30
Growing-MatchedControl,163,B,0,-71.000000,52,234.527152,174,244.000000,30
Growing-MatchedControl,164,B,0,-74.000000,49,161.344441,174,244.000000,30
Growing-MatchedControl,165,B,0,-58.000000,56,179.918998,174,244.000000,30
Growing-MatchedControl,166,B,0,-68.000000,48,202.416529,174,244.000000,30
Growing-MatchedControl,167,B,0,-72.000000,56,241.157321,174,244.000000,30
Growing-MatchedControl,168,B,0,-76.000000,62,301.144510,174,244.000000,30
Growing-MatchedControl,169,B,0,-68.000000,55,217.874862,174,244.000000,30
Growing-MatchedControl,170,B,0,-67.000000,59,185.346486,174,244.000000,30
Growing-MatchedControl,171,B,0,-75.000000,56,247.390546,174,244.000000,30
Growing-MatchedControl,172,B,0,-63.000000,53,254.817354,174,244.000000,30
Growing-MatchedControl,173,B,0,-70.000000,52,130.817317,174,244.000000,30
Growing-MatchedControl,174,B,0,-68.000000,52,144.152377,174,244.000000,30
Growing-MatchedControl,175,B,0,-60.000000,65,336.120921,174,244.000000,30
Growing-MatchedControl,176,B,0,-64.000000,59,265.270941,174,244.000000,30
Growing-MatchedControl,177,B,0,-72.000000,50,176.369756,174,244.000000,30
Growing-MatchedControl,178,B,0,-68.000000,54,207.262064,174,244.000000,30
Growing-MatchedControl,179,B,0,-70.000000,57,156.569339,174,244.000000,30
Growing-MatchedControl,180,B,0,-65.000000,55,267.304798,174,244.000000,30
Growing-MatchedControl,181,B,0,-74.000000,49,159.742551,174,244.000000,30
Growing-MatchedControl,182,B,0,-69.000000,53,184.104884,174,244.000000,30
Growing-MatchedControl,183,B,0,-67.000000,57,247.351095,174,244.000000,30
Growing-MatchedControl,184,B,0,-64.000000,51,137.488438,174,244.000000,30
Growing-MatchedControl,185,B,0,-71.000000,60,307.631691,174,244.000000,30
Growing-MatchedControl,186,B,0,-72.000000,56,254.452361,174,244.000000,30
Growing-MatchedControl,187,B,0,-71.000000,55,203.447519,174,244.000000,30
Growing-MatchedControl,188,B,0,-67.000000,45,149.528083,174,244.000000,30
Growing-MatchedControl,189,B,0,-71.000000,49,155.171874,174,244.000000,30
Growing-MatchedControl,190,B,0,-71.000000,55,188.582421,174,244.000000,30
Growing-MatchedControl,191,B,0,-72.000000,61,330.573826,174,244.000000,30
Growing-MatchedControl,192,B,0,-71.000000,59,232.125916,174,244.000000,30
Growing-MatchedControl,193,B,0,-62.000000,53,239.737254,174,244.000000,30
Growing-MatchedControl,194,B,0,-68.000000,56,222.876689,174,244.000000,30
Growing-MatchedControl,195,B,0,-75.000000,58,223.653801,174,244.000000,30
Growing-MatchedControl,196,B,0,-70.000000,57,245.787795,174,244.000000,30
Growing-MatchedControl,197,B,0,-68.000000,59,268.306694,174,244.000000,30
Growing-MatchedControl,198,B,0,-74.000000,59,271.158534,174,244.000000,30
Growing-MatchedControl,199,B,0,-69.000000,53,172.795897,174,244.000000,30
Growing-MatchedControl,0,B,100,-50.336243,64,395.192165,200,353.710632,56
Growing-MatchedControl,1,B,100,-137.095430,62,342.405066,188,327.095430,44
Growing-MatchedControl,2,B,100,-129.865234,62,269.403651,190,346.240234,46
Growing-MatchedControl,3,B,100,-115.640564,57,326.829443,186,320.073181,42
Growing-MatchedControl,4,B,100,-21.510986,61,441.910131,196,348.879639,52
Growing-MatchedControl,5,B,100,-65.552246,63,551.391810,188,337.006348,44
Growing-MatchedControl,6,B,100,-70.721050,68,571.645846,198,343.658550,54
Growing-MatchedControl,7,B,100,-110.460449,64,336.998790,190,349.147949,46
Growing-MatchedControl,8,B,100,-117.453106,60,491.192192,192,333.015606,48
Growing-MatchedControl,9,B,100,-46.015381,57,421.195124,194,354.374756,50
Growing-MatchedControl,10,B,100,-92.149414,58,396.753119,194,344.649414,50
Growing-MatchedControl,11,B,100,-49.412109,65,402.694199,188,327.638672,44
Growing-MatchedControl,12,B,100,-9.864258,58,296.757114,192,347.405273,48
Growing-MatchedControl,13,B,100,1.746821,55,249.218284,178,328.184321,34
Growing-MatchedControl,14,B,100,-83.737488,57,200.553086,186,325.049988,42
Growing-MatchedControl,15,B,100,-20.682617,60,524.830137,188,371.588867,44
Growing-MatchedControl,16,B,100,-56.181358,54,246.321670,184,323.818077,40
Growing-MatchedControl,17,B,100,11.673340,68,599.432786,194,361.189941,50
Growing-MatchedControl,18,B,100,-65.616180,61,361.959947,194,309.452118,50
Growing-MatchedControl,19,B,100,10.819336,58,293.409257,186,369.061523,42
Growing-MatchedControl,20,B,100,-49.614502,64,484.919200,188,352.080811,44
Growing-MatchedControl,21,B,100,-43.488953,54,177.881178,190,340.854187,46
Growing-MatchedControl,22,B,100,-52.917969,66,439.031854,202,375.769531,58
Growing-MatchedControl,23,B,100,-120.503906,63,423.475454,190,365.253906,46
Growing-MatchedControl,24,B,100,-52.570923,64,302.859441,186,344.161011,42
Growing-MatchedControl,25,B,100,-116.323242,64,435.659620,192,352.698242,48
Growing-MatchedControl,26,B,100,-52.022484,63,441.482551,186,315.764671,42
Growing-MatchedControl,27,B,100,-42.478668,64,515.250722,188,339.357269,44
Growing-MatchedControl,28,B,100,-60.864334,60,496.121420,186,311.219040,42
Growing-MatchedControl,29,B,100,-60.589050,60,351.810598,180,333.073425,36
Growing-MatchedControl,30,B,100,10.143616,56,208.030652,188,350.127991,44
Growing-MatchedControl,31,B,100,-97.686279,57,314.292882,188,342.217529,44
Growing-MatchedControl,32,B,100,-46.321655,67,557.298924,202,339.742310,58
Growing-MatchedControl,33,B,100,-50.740234,60,498.714188,198,378.615234,54
Growing-MatchedControl,34,B,100,-2.299067,56,214.845095,190,339.185786,46
Growing-MatchedControl,35,B,100,-31.047195,65,268.516545,186,337.702805,42
Growing-MatchedControl,36,B,100,-32.568115,63,265.122023,198,352.456787,54
Growing-MatchedControl,37,B,100,-151.703613,60,307.675704,198,351.703613,54
Growing-MatchedControl,38,B,100,-6.940674,60,457.815362,186,334.426514,42
Growing-MatchedControl,39,B,100,-130.117889,64,334.133116,202,351.117889,58
Growing-MatchedControl,40,B,100,4.243408,62,328.646826,194,344.020752,50
Growing-MatchedControl,41,B,100,-112.323456,64,634.540907,190,326.503143,46
Growing-MatchedControl,42,B,100,-102.628464,63,247.141498,186,309.003464,42
Growing-MatchedControl,43,B,100,-113.957031,59,223.701884,190,357.050781,46
Growing-MatchedControl,44,B,100,47.515625,62,205.476015,200,397.187500,56
Growing-MatchedControl,45,B,100,-94.668945,63,569.302313,180,334.711914,36
Growing-MatchedControl,46,B,100,-57.883545,69,519.254771,206,373.410889,62
Growing-MatchedControl,47,B,100,-43.744438,59,310.210822,182,312.109673,38
Growing-MatchedControl,48,B,100,-122.685959,62,471.885135,182,327.373459,38
Growing-MatchedControl,49,B,100,-116.737061,64,446.340970,190,339.080811,46
Growing-MatchedControl,50,B,100,-113.152679,63,360.963847,188,322.152679,44
Growing-MatchedControl,51,B,100,-140.069504,58,288.255461,188,333.069504,44
Growing-MatchedControl,52,B,100,-94.001404,60,307.354928,184,320.126404,40
Growing-MatchedControl,53,B,100,-104.018478,67,371.752270,188,321.881760,44
Growing-MatchedControl,54,B,100,-41.120117,63,494.834400,186,329.120117,42
Growing-MatchedControl,55,B,100,-45.561666,60,389.243149,188,312.779806,44
Growing-MatchedControl,56,B,100,-52.187500,56,403.398041,188,348.078125,44
Growing-MatchedControl,57,B,100,6.719910,60,384.268084,186,349.063660,42
Growing-MatchedControl,58,B,100,-37.496084,59,496.151241,182,317.942373,38
Growing-MatchedControl,59,B,100,-112.027672,63,321.900805,196,338.621422,52
Growing-MatchedControl,60,B,100,-129.154633,56,314.978458,194,338.904633,50
Growing-MatchedControl,61,B,100,-91.076507,53,445.158073,180,303.420257,36
Growing-MatchedControl,62,B,100,-38.509766,66,555.525127,186,351.322266,42
Growing-MatchedControl,63,B,100,-38.622559,54,278.655644,194,341.849121,50
Growing-MatchedControl,64,B,100,-70.303894,63,334.772010,190,327.116394,46
Growing-MatchedControl,65,B,100,-128.335938,53,366.866623,182,337.893555,38
Growing-MatchedControl,66,B,100,-150.751953,65,305.908908,194,343.501953,50
Growing-MatchedControl,67,B,100,-69.700439,60,298.806642,184,335.014404,40
Growing-MatchedControl,68,B,100,-1.889404,70,631.796301,196,362.397705,52
Growing-MatchedControl,69,B,100,7.013123,62,265.439697,198,343.013123,54
Growing-MatchedControl,70,B,100,-113.869385,60,341.059169,188,340.369385,44
Growing-MatchedControl,71,B,100,-15.154785,62,429.848604,182,338.345215,38
Growing-MatchedControl,72,B,100,-37.794273,69,596.250323,204,345.903648,60
Growing-MatchedControl,73,B,100,-135.280029,54,209.630542,184,334.780029,40
Growing-MatchedControl,74,B,100,-89.164551,56,407.760040,180,332.180176,36
Growing-MatchedControl,75,B,100,-44.042480,64,471.350476,190,330.490723,46
Growing-MatchedControl,76,B,100,-115.142822,59,363.464576,188,345.017822,44
Growing-MatchedControl,77,B,100,-124.560654,56,194.133979,194,329.685654,50
Growing-MatchedControl,78,B,100,-119.189453,70,852.583495,210,361.650391,66
Growing-MatchedControl,79,B,100,-48.241455,57,292.483284,186,323.296143,42
Growing-MatchedControl,80,B,100,-58.604568,57,250.559968,178,333.385666,34
Growing-MatchedControl,81,B,100,-124.624268,61,524.268620,198,342.239502,54
Growing-MatchedControl,82,B,100,-169.478882,60,274.274313,184,350.478882,40
Growing-MatchedControl,83,B,100,8.073965,70,617.303123,200,338.323965,56
Growing-MatchedControl,84,B,100,-69.020264,60,299.909387,190,318.582764,46
Growing-MatchedControl,85,B,100,-55.050415,53,283.471529,186,319.081665,42
Growing-MatchedControl,86,B,100,-26.277344,71,563.869495,194,387.300781,50
Growing-MatchedControl,87,B,100,14.837891,62,370.298960,192,362.556641,48
Growing-MatchedControl,88,B,100,-17.258667,65,318.828750,202,346.196167,58
Growing-MatchedControl,89,B,100,30.299042,65,421.815376,196,364.549042,52
Growing-MatchedControl,90,B,100,-36.979675,56,316.881827,180,298.366394,36
Growing-MatchedControl,91,B,100,-152.690186,58,317.630137,190,364.315186,46
Growing-MatchedControl,92,B,100,-48.439941,57,345.586713,184,348.680176,40
Growing-MatchedControl,93,B,100,-133.781494,64,314.229478,188,332.156494,44
Growing-MatchedControl,94,B,100,-136.942871,54,275.204939,184,349.192871,40
Growing-MatchedControl,95,B,100,-110.922852,59,426.060193,196,337.215820,52
Growing-MatchedControl,96,B,100,-72.216797,54,309.260793,176,327.982422,32
Growing-MatchedControl,97,B,100,-90.469727,59,406.808860,184,378.584961,40
Growing-MatchedControl,98,B,100,-33.013203,55,194.528260,184,343.216290,40
Growing-MatchedControl,99,B,100,-26.083984,60,380.135766,202,370.369141,58
Growing-MatchedControl,100,B,100,10.934326,63,365.619703,190,370.301514,46
Growing-MatchedControl,101,B,100,-63.801636,64,612.580101,192,335.783569,48
Growing-MatchedControl,102,B,100,-116.719219,67,398.439508,194,336.805157,50
Growing-MatchedControl,103,B,100,-65.566650,65,412.097639,198,336.150635,54
Growing-MatchedControl,104,B,100,-93.456116,56,376.003425,192,357.955505,48
Growing-MatchedControl,105,B,100,-27.604004,58,186.453796,188,340.878418,44
Growing-MatchedControl,106,B,100,-57.191772,60,214.096934,184,324.941772,40
Growing-MatchedControl,107,B,100,-159.301147,62,358.414185,196,357.801147,52
Growing-MatchedControl,108,B,100,-23.950073,64,246.015785,186,354.278198,42
Growing-MatchedControl,109,B,100,-111.293015,62,413.835734,190,311.668015,46
Growing-MatchedControl,110,B,100,7.540283,57,239.140857,186,345.412842,42
Growing-MatchedControl,111,B,100,-41.732758,65,281.088149,194,331.795258,50
Growing-MatchedControl,112,B,100,-92.140503,58,380.784133,194,348.601440,50
Growing-MatchedControl,113,B,100,8.176514,62,315.883292,182,349.371826,38
Growing-MatchedControl,114,B,100,-65.892456,64,512.235601,208,340.160034,64
Growing-MatchedControl,115,B,100,-168.795288,62,542.210422,192,365.295288,48
Growing-MatchedControl,116,B,100,-61.661652,53,234.083143,182,306.247589,38
Growing-MatchedControl,117,B,100,-11.743652,62,301.377517,180,331.726074,36
Growing-MatchedControl,118,B,100,-102.622559,59,424.930494,194,378.978027,50
Growing-MatchedControl,119,B,100,-37.098633,59,519.519576,188,334.352539,44
Growing-MatchedControl,120,B,100,-127.833420,58,242.727231,180,311.833420,36
Growing-MatchedControl,121,B,100,-167.255371,67,456.685781,200,379.255371,56
Growing-MatchedControl,122,B,100,-56.888672,60,217.533669,194,359.810547,50
Growing-MatchedControl,123,B,100,-92.392578,66,446.324647,186,340.111328,42
Growing-MatchedControl,124,B,100,-12.330078,64,689.297622,190,336.162109,46
Growing-MatchedControl,125,B,100,-39.023071,58,302.880889,186,326.282593,42
Growing-MatchedControl,126,B,100,-37.094406,62,343.749857,180,302.029953,36
Growing-MatchedControl,127,B,100,-45.789062,68,426.021236,194,388.687500,50
Growing-MatchedControl,128,B,100,-113.235352,59,380.434763,196,368.446289,52
Growing-MatchedControl,129,B,100,-104.080383,59,332.733739,188,348.361023,44
Growing-MatchedControl,130,B,100,-49.573669,66,296.793691,188,319.136169,44
Growing-MatchedControl,131,B,100,21.637054,53,307.828775,188,348.637054,44
Growing-MatchedControl,132,B,100,-119.715332,60,655.264681,186,349.137207,42
Growing-MatchedControl,133,B,100,-94.966553,56,393.710527,190,343.060303,46
Growing-MatchedControl,134,B,100,-132.012695,70,679.109369,190,348.012695,46
Growing-MatchedControl,135,B,100,-45.801346,60,291.116117,188,334.017990,44
Growing-MatchedControl,136,B,100,26.767090,60,343.124479,188,356.767090,44
Growing-MatchedControl,137,B,100,23.488647,66,457.935525,186,361.541382,42
Growing-MatchedControl,138,B,100,-27.677811,69,493.598912,202,372.068283,58
Growing-MatchedControl,139,B,100,-120.074219,60,357.033088,184,351.314453,40
Growing-MatchedControl,140,B,100,49.194092,66,354.061909,182,377.975342,38
Growing-MatchedControl,141,B,100,-46.398132,63,371.265221,204,338.755554,60
Growing-MatchedControl,142,B,100,-81.727051,67,357.046136,186,350.602051,42
Growing-MatchedControl,143,B,100,-12.570877,67,634.500422,198,346.640060,54
Growing-MatchedControl,144,B,100,-65.728027,68,536.322716,202,362.603027,58
Growing-MatchedControl,145,B,100,-85.563965,62,315.830914,188,340.897949,44
Growing-MatchedControl,146,B,100,-10.523926,60,315.445781,190,359.367676,46
Growing-MatchedControl,147,B,100,-58.124115,55,241.352760,178,319.749115,34
Growing-MatchedControl,148,B,100,-100.289978,58,335.087247,192,337.664978,48
Growing-MatchedControl,149,B,100,-47.214233,61,477.355942,184,320.434937,40
Growing-MatchedControl,150,B,100,-55.761475,64,395.213758,186,333.816162,42
Growing-MatchedControl,151,B,100,16.607422,61,395.125755,178,353.654297,34
Growing-MatchedControl,152,B,100,-75.715332,52,272.868702,184,331.277832,40
Growing-MatchedControl,153,B,100,-156.498047,63,305.743775,192,359.841797,48
Growing-MatchedControl,154,B,100,13.948730,57,539.766140,192,356.538574,48
Growing-MatchedControl,155,B,100,-45.252655,67,491.123912,196,345.122772,52
Growing-MatchedControl,156,B,100,-23.785166,58,274.468643,190,327.871084,46
Growing-MatchedControl,157,B,100,-60.476746,65,297.626886,192,331.289246,48
Growing-MatchedControl,158,B,100,-126.803711,61,351.176462,182,344.866211,38
Growing-MatchedControl,159,B,100,18.669617,59,217.019882,182,337.028992,38
Growing-MatchedControl,160,B,100,-24.101807,57,391.227124,186,320.171143,42
Growing-MatchedControl,161,B,100,-67.038986,70,571.948100,192,351.335861,48
Growing-MatchedControl,162,B,100,-40.546509,63,482.912812,192,328.693420,48
Growing-MatchedControl,163,B,100,-99.834106,55,504.046434,194,343.177856,50
Growing-MatchedControl,164,B,100,-74.309692,56,347.732943,186,320.856567,42
Growing-MatchedControl,165,B,100,-42.148438,64,306.301075,190,323.587646,46
Growing-MatchedControl,166,B,100,-55.299805,57,426.522759,186,323.055664,42
Growing-MatchedControl,167,B,100,-124.893677,58,267.382924,184,321.893677,40
Growing-MatchedControl,168,B,100,-35.048656,64,354.361300,182,313.767368,38
Growing-MatchedControl,169,B,100,-83.838501,63,490.833909,194,322.057251,50
Growing-MatchedControl,170,B,100,-102.340538,63,250.992856,186,323.059288,42
Growing-MatchedControl,171,B,100,-175.355469,57,469.882626,190,379.355469,46
Growing-MatchedControl,172,B,100,-31.870464,56,278.325270,182,330.807964,38
Growing-MatchedControl,173,B,100,-48.366699,61,322.311998,192,328.218262,48
Growing-MatchedControl,174,B,100,-54.317261,69,515.968196,208,382.567261,64
Growing-MatchedControl,175,B,100,-63.057699,66,355.531691,182,287.430746,38
Growing-MatchedControl,176,B,100,-58.305786,66,442.214837,198,351.118286,54
Growing-MatchedControl,177,B,100,-90.197266,60,241.588819,190,365.322266,46
Growing-MatchedControl,178,B,100,-96.934570,62,354.736224,188,354.918945,44
Growing-MatchedControl,179,B,100,-108.184654,63,280.669826,188,330.122154,44
Growing-MatchedControl,180,B,100,-120.191589,61,647.528621,196,349.879089,52
Growing-MatchedControl,181,B,100,-35.942383,53,258.650710,186,331.219727,42
Growing-MatchedControl,182,B,100,-34.500000,63,451.581195,190,326.933594,46
Growing-MatchedControl,183,B,100,-4.439209,65,546.523241,190,367.064209,46
Growing-MatchedControl,184,B,100,10.950645,62,347.112352,188,349.638145,44
Growing-MatchedControl,185,B,100,-132.363953,66,441.642055,194,337.363953,50
Growing-MatchedControl,186,B,100,-138.624390,58,316.668330,188,327.999390,44
Growing-MatchedControl,187,B,100,-117.248047,61,441.526579,194,370.435547,50
Growing-MatchedControl,188,B,100,-0.632812,57,400.267022,194,364.195312,50
Growing-MatchedControl,189,B,100,-119.068054,51,186.068134,178,319.864929,34
Growing-MatchedControl,190,B,100,-32.231781,64,438.693474,192,328.970062,48
Growing-MatchedControl,191,B,100,-140.240234,68,572.205137,190,356.865234,46
Growing-MatchedControl,192,B,100,7.239746,61,416.847601,182,351.177246,38
Growing-MatchedControl,193,B,100,4.023194,62,271.695238,196,343.906494,52
Growing-MatchedControl,194,B,100,-38.931488,56,306.107578,180,323.154144,36
Growing-MatchedControl,195,B,100,-56.314453,60,228.298055,184,328.287109,40
Growing-MatchedControl,196,B,100,-32.779297,61,346.878953,190,357.451172,46
Growing-MatchedControl,197,B,100,-151.548828,61,407.359711,178,330.548828,34
Growing-MatchedControl,198,B,100,-74.698608,65,438.751136,184,312.729858,40
Growing-MatchedControl,199,B,100,-175.177734,65,428.333580,192,377.927734,48
Growing-MatchedControl,0,B,200,-21.763428,68,634.939400,210,427.561951,66
Growing-MatchedControl,1,B,200,-114.442049,68,553.980830,204,420.645174,60
Growing-MatchedControl,2,B,200,-198.215332,64,416.753306,196,429.820801,52
Growing-MatchedControl,3,B,200,-162.061913,64,428.866829,204,403.123192,60
Growing-MatchedControl,4,B,200,41.500774,66,581.404641,212,468.125774,68
Growing-MatchedControl,5,B,200,-136.912032,66,613.672963,206,426.366133,62
Growing-MatchedControl,6,B,200,7.193806,76,858.962007,230,455.321331,86
Growing-MatchedControl,7,B,200,-56.079842,69,500.607191,202,436.474373,58
Growing-MatchedControl,8,B,200,-137.476025,62,672.396056,206,389.467236,62
Growing-MatchedControl,9,B,200,-11.942319,65,606.403956,208,446.926694,64
Growing-MatchedControl,10,B,200,-80.766907,69,730.934657,218,414.794739,74
Growing-MatchedControl,11,B,200,-77.058350,67,456.172406,194,385.443481,50
Growing-MatchedControl,12,B,200,21.609146,63,359.470165,206,399.915787,62
Growing-MatchedControl,13,B,200,29.217055,57,336.479551,184,394.465926,40
Growing-MatchedControl,14,B,200,-121.742035,59,313.229514,194,411.577972,50
Growing-MatchedControl,15,B,200,-36.305099,62,708.760618,210,443.391037,66
Growing-MatchedControl,16,B,200,-50.728231,58,277.174255,192,384.706137,48
Growing-MatchedControl,17,B,200,58.167267,70,688.124907,204,416.683868,60
Growing-MatchedControl,18,B,200,-151.161217,66,484.181319,206,411.090904,62
Growing-MatchedControl,19,B,200,24.595215,69,457.363943,208,478.422363,64
Growing-MatchedControl,20,B,200,-70.460266,64,679.117214,190,439.740906,46
Growing-MatchedControl,21,B,200,13.867821,63,374.661000,194,401.210960,50
Growing-MatchedControl,22,B,200,-143.988770,67,705.536142,216,485.777832,72
Growing-MatchedControl,23,B,200,-208.606407,65,543.627403,204,464.356407,60
Growing-MatchedControl,24,B,200,-54.143188,65,376.283586,200,455.983276,56
Growing-MatchedControl,25,B,200,-105.411499,66,536.611483,206,456.848999,62
Growing-MatchedControl,26,B,200,7.565254,64,466.245922,196,394.655205,52
Growing-MatchedControl,27,B,200,-15.774921,66,809.918445,204,438.709454,60
Growing-MatchedControl,28,B,200,-126.374454,67,537.873040,196,389.729160,52
Growing-MatchedControl,29,B,200,-62.970862,67,511.331044,190,401.017737,46
Growing-MatchedControl,30,B,200,75.942220,63,330.178295,210,439.926595,66
Growing-MatchedControl,31,B,200,-140.391937,62,468.239429,214,426.043304,70
Growing-MatchedControl,32,B,200,-106.754456,69,659.278369,212,413.577454,68
Growing-MatchedControl,33,B,200,10.569733,60,679.613883,206,467.109467,62
Growing-MatchedControl,34,B,200,-4.515528,56,294.575527,198,395.464747,54
Growing-MatchedControl,35,B,200,-3.429414,66,308.123310,194,405.530913,50
Growing-MatchedControl,36,B,200,-63.806320,68,463.209182,208,434.780930,64
Growing-MatchedControl,37,B,200,-118.270081,62,517.003676,212,460.863831,68
Growing-MatchedControl,38,B,200,-10.979107,64,506.013913,196,404.142681,52
Growing-MatchedControl,39,B,200,-71.272690,69,736.213967,220,466.303940,76
Growing-MatchedControl,40,B,200,-13.173370,68,515.942424,210,410.778961,66
Growing-MatchedControl,41,B,200,-86.029354,65,759.908577,196,394.735256,52
Growing-MatchedControl,42,B,200,-158.304433,68,293.207427,198,402.554433,54
Growing-MatchedControl,43,B,200,-126.241516,68,383.368255,212,462.204773,68
Growing-MatchedControl,44,B,200,-53.827148,62,236.387089,202,500.530273,58
Growing-MatchedControl,45,B,200,-115.609985,66,886.957933,194,409.332642,50
Growing-MatchedControl,46,B,200,-76.231689,72,555.434990,212,483.641846,68
Growing-MatchedControl,47,B,200,-84.479301,61,467.509485,188,393.038872,44
Growing-MatchedControl,48,B,200,-110.525494,64,567.684720,192,416.548931,48
Growing-MatchedControl,49,B,200,-168.541438,67,532.002605,210,423.885188,66
Growing-MatchedControl,50,B,200,-129.716773,67,501.037847,196,372.591773,52
Growing-MatchedControl,51,B,200,-165.960782,59,352.629364,194,383.960782,50
Growing-MatchedControl,52,B,200,-73.190552,60,318.743090,186,409.518677,42
Growing-MatchedControl,53,B,200,-13.806969,71,468.817846,198,427.518394,54
Growing-MatchedControl,54,B,200,-56.013977,70,822.634544,202,412.530090,58
Growing-MatchedControl,55,B,200,-26.898095,61,564.128098,200,413.600605,56
Growing-MatchedControl,56,B,200,-14.736195,62,477.855598,202,422.903149,58
Growing-MatchedControl,57,B,200,69.244324,69,664.545637,202,437.700378,58
Growing-MatchedControl,58,B,200,-43.647140,61,516.275461,186,347.520385,42
Growing-MatchedControl,59,B,200,-109.703970,74,483.059704,224,440.500845,80
Growing-MatchedControl,60,B,200,-96.767454,67,535.725325,224,459.060422,80
Growing-MatchedControl,61,B,200,-37.086838,64,684.512358,196,394.203049,52
Growing-MatchedControl,62,B,200,-76.853271,66,700.959651,192,427.159912,48
Growing-MatchedControl,63,B,200,-62.685974,54,358.746239,196,442.404724,52
Growing-MatchedControl,64,B,200,-39.170128,65,451.481297,194,431.750206,50
Growing-MatchedControl,65,B,200,-147.292816,61,430.161612,202,402.761414,58
Growing-MatchedControl,66,B,200,-202.468536,65,424.419204,198,405.906036,54
Growing-MatchedControl,67,B,200,-105.197632,63,424.669165,200,422.825317,56
Growing-MatchedControl,68,B,200,56.028900,70,786.292552,200,451.644135,56
Growing-MatchedControl,69,B,200,47.534515,70,428.735789,210,390.534515,66
Growing-MatchedControl,70,B,200,-185.568771,66,425.460168,204,427.068771,60
Growing-MatchedControl,71,B,200,33.890869,69,646.564541,198,414.152954,54
Growing-MatchedControl,72,B,200,-16.134080,71,937.933088,222,424.806687,78
Growing-MatchedControl,73,B,200,-180.977221,62,317.620840,192,389.477221,48
Growing-MatchedControl,74,B,200,-28.367188,61,518.601645,198,449.542969,54
Growing-MatchedControl,75,B,200,0.074707,71,1028.068061,204,433.201050,60
Growing-MatchedControl,76,B,200,-141.211143,62,462.604888,196,428.320518,52
Growing-MatchedControl,77,B,200,-124.015266,58,220.673625,200,427.440071,56
Growing-MatchedControl,78,B,200,-183.027466,70,982.881106,214,438.363403,70
Growing-MatchedControl,79,B,200,-28.222317,67,603.519652,206,386.965481,62
Growing-MatchedControl,80,B,200,-75.134384,60,278.566952,192,397.926895,48
Growing-MatchedControl,81,B,200,-171.046844,67,795.805798,212,425.621063,68
Growing-MatchedControl,82,B,200,-214.241989,66,562.567549,206,445.679489,62
Growing-MatchedControl,83,B,200,24.994680,73,703.286318,212,433.485891,68
Growing-MatchedControl,84,B,200,-79.395844,61,351.417290,196,379.344574,52
Growing-MatchedControl,85,B,200,-22.864697,59,504.554690,192,399.231884,48
Growing-MatchedControl,86,B,200,-9.894531,71,648.113070,198,488.566406,54
Growing-MatchedControl,87,B,200,2.604248,68,700.431580,208,490.335205,64
Growing-MatchedControl,88,B,200,-29.185669,66,401.072170,212,431.976196,68
Growing-MatchedControl,89,B,200,81.634232,68,564.332136,206,429.915482,62
Growing-MatchedControl,90,B,200,-108.568115,58,492.607632,188,389.673584,44
Growing-MatchedControl,91,B,200,-117.701843,61,462.784626,198,429.574402,54
Growing-MatchedControl,92,B,200,-70.935303,61,419.251176,192,449.376709,48
Growing-MatchedControl,93,B,200,-93.174805,67,513.012578,196,421.893555,52
Growing-MatchedControl,94,B,200,-134.034180,63,473.185143,208,478.346680,64
Growing-MatchedControl,95,B,200,-119.318085,64,730.575022,210,436.964569,66
Growing-MatchedControl,96,B,200,-21.569702,60,422.847521,192,417.526733,48
Growing-MatchedControl,97,B,200,-84.205322,59,451.804616,186,445.429932,42
Growing-MatchedControl,98,B,200,13.434118,64,413.013969,202,422.866659,58
Growing-MatchedControl,99,B,200,-66.541504,64,462.626991,210,468.576660,66
Growing-MatchedControl,100,B,200,98.518402,66,398.596828,204,471.885590,60
Growing-MatchedControl,101,B,200,-66.687866,68,881.950473,204,407.728485,60
Growing-MatchedControl,102,B,200,-153.054075,71,499.107398,204,394.409544,60
Growing-MatchedControl,103,B,200,-2.715088,65,418.038625,198,401.472900,54
Growing-MatchedControl,104,B,200,-6.512367,56,548.409018,198,466.084068,54
Growing-MatchedControl,105,B,200,33.161682,69,234.048038,202,420.644104,58
Growing-MatchedControl,106,B,200,-68.733436,70,465.563382,198,381.200965,54
Growing-MatchedControl,107,B,200,-149.926636,66,532.945441,212,439.418823,68
Growing-MatchedControl,108,B,200,25.572876,68,337.480643,198,474.117554,54
Growing-MatchedControl,109,B,200,-161.200607,66,550.152227,206,421.388107,62
Growing-MatchedControl,110,B,200,19.224429,69,480.591668,210,411.852720,66
Growing-MatchedControl,111,B,200,-97.752009,67,513.609352,206,415.759822,62
Growing-MatchedControl,112,B,200,-66.200867,59,481.117223,196,434.446350,52
Growing-MatchedControl,113,B,200,-82.826416,63,427.029812,200,460.374756,56
Growing-MatchedControl,114,B,200,-29.195404,67,566.775568,220,401.864471,76
Growing-MatchedControl,115,B,200,-87.483032,64,670.818287,200,464.146118,56
Growing-MatchedControl,116,B,200,-52.745997,54,290.240096,188,352.802375,44
Growing-MatchedControl,117,B,200,-96.610764,66,485.350018,192,427.593185,48
Growing-MatchedControl,118,B,200,-129.110349,67,510.383490,200,412.465818,56
Growing-MatchedControl,119,B,200,-31.321609,60,730.326395,210,424.815598,66
Growing-MatchedControl,120,B,200,-74.871628,64,303.525841,186,419.301315,42
Growing-MatchedControl,121,B,200,-210.333496,70,726.357048,210,465.270996,66
Growing-MatchedControl,122,B,200,-6.144470,63,495.353648,206,455.056091,62
Growing-MatchedControl,123,B,200,-51.139648,69,691.476786,208,462.487305,64
Growing-MatchedControl,124,B,200,18.736450,67,785.562808,202,421.248657,58
Growing-MatchedControl,125,B,200,-50.211307,58,480.927859,198,377.561572,54
Growing-MatchedControl,126,B,200,5.018282,69,574.013419,202,418.880980,58
Growing-MatchedControl,127,B,200,2.397217,68,455.977380,202,446.744873,58
Growing-MatchedControl,128,B,200,-96.742767,60,426.118348,204,439.867157,60
Growing-MatchedControl,129,B,200,-76.941059,69,598.361977,200,414.310894,56
Growing-MatchedControl,130,B,200,-36.817001,66,352.476876,192,371.163742,48
Growing-MatchedControl,131,B,200,78.820125,71,675.438843,214,445.492000,70
Growing-MatchedControl,132,B,200,-139.204735,61,782.995756,188,410.596703,44
Growing-MatchedControl,133,B,200,-132.509390,57,397.445935,198,448.728140,54
Growing-MatchedControl,134,B,200,-74.983154,72,698.933714,198,438.975342,54
Growing-MatchedControl,135,B,200,-85.623695,63,394.613600,194,420.471519,50
Growing-MatchedControl,136,B,200,83.344025,64,411.919033,196,434.094025,52
Growing-MatchedControl,137,B,200,54.813080,68,576.384067,202,443.893158,58
Growing-MatchedControl,138,B,200,72.208420,69,564.945614,218,483.954514,74
Growing-MatchedControl,139,B,200,-86.767700,61,539.403579,192,437.167847,48
Growing-MatchedControl,140,B,200,75.412964,69,366.913488,196,453.037964,52
Growing-MatchedControl,141,B,200,-61.454908,68,497.280028,210,418.966017,66
Growing-MatchedControl,142,B,200,-121.173266,68,388.022119,196,400.048266,52
Growing-MatchedControl,143,B,200,23.801685,67,859.311021,206,406.767994,62
Growing-MatchedControl,144,B,200,-51.252686,68,699.893755,204,452.924561,60
Growing-MatchedControl,145,B,200,-50.138489,66,401.674265,208,420.849426,64
Growing-MatchedControl,146,B,200,-8.210266,61,338.468947,196,424.017883,52
Growing-MatchedControl,147,B,200,-38.480565,57,322.025526,186,394.334804,42
Growing-MatchedControl,148,B,200,-40.779343,59,499.077980,200,426.355515,56
Growing-MatchedControl,149,B,200,12.907997,66,563.257743,194,408.465294,50
Growing-MatchedControl,150,B,200,-58.215179,64,575.469729,194,401.692413,50
Growing-MatchedControl,151,B,200,13.026489,69,486.108624,192,404.516479,48
Growing-MatchedControl,152,B,200,-123.681335,53,338.641800,188,424.259460,44
Growing-MatchedControl,153,B,200,-144.913864,67,363.185335,198,438.225143,54
Growing-MatchedControl,154,B,200,67.635254,63,665.126988,202,444.648926,58
Growing-MatchedControl,155,B,200,23.290535,69,590.401161,214,446.572746,70
Growing-MatchedControl,156,B,200,-36.815190,75,634.700702,230,450.762935,86
Growing-MatchedControl,157,B,200,22.613831,68,299.555932,196,427.250916,52
Growing-MatchedControl,158,B,200,-160.479248,65,426.050033,194,429.369873,50
Growing-MatchedControl,159,B,200,70.158855,61,325.836546,192,420.451824,48
Growing-MatchedControl,160,B,200,10.853130,66,701.785612,204,420.868229,60
Growing-MatchedControl,161,B,200,15.775528,71,594.368064,200,440.611191,56
Growing-MatchedControl,162,B,200,-112.759171,66,547.800145,200,417.406082,56
Growing-MatchedControl,163,B,200,-86.409912,58,644.567102,204,446.337646,60
Growing-MatchedControl,164,B,200,-107.507930,60,407.247266,202,423.648555,58
Growing-MatchedControl,165,B,200,-22.261658,66,360.434449,204,430.661682,60
Growing-MatchedControl,166,B,200,-34.486282,65,757.970947,206,401.680428,62
Growing-MatchedControl,167,B,200,-180.142899,65,397.756157,192,409.252274,48
Growing-MatchedControl,168,B,200,-33.508091,64,434.309460,190,355.949587,46
Growing-MatchedControl,169,B,200,-109.214508,65,753.261491,210,373.581696,66
Growing-MatchedControl,170,B,200,-76.135554,63,326.786659,196,386.508113,52
Growing-MatchedControl,171,B,200,-198.072433,59,573.979959,200,453.072433,56
Growing-MatchedControl,172,B,200,-63.069111,67,607.742054,210,412.490986,66
Growing-MatchedControl,173,B,200,-33.346555,67,399.157122,204,460.744993,60
Growing-MatchedControl,174,B,200,13.637512,70,491.108728,214,467.912659,70
Growing-MatchedControl,175,B,200,-25.238955,69,608.830610,208,371.256524,64
Growing-MatchedControl,176,B,200,-133.793638,71,547.575786,204,463.574888,60
Growing-MatchedControl,177,B,200,-140.183105,65,461.285671,202,440.151855,58
Growing-MatchedControl,178,B,200,-57.537477,68,427.144246,210,423.316039,66
Growing-MatchedControl,179,B,200,-172.829876,70,574.684295,202,400.767376,58
Growing-MatchedControl,180,B,200,-136.395103,63,692.375031,202,433.660728,58
Growing-MatchedControl,181,B,200,-54.434751,67,393.571471,202,395.278501,58
Growing-MatchedControl,182,B,200,-25.891327,66,457.827773,198,414.949921,54
Growing-MatchedControl,183,B,200,12.743835,72,597.790901,206,437.996155,62
Growing-MatchedControl,184,B,200,114.494957,66,524.073602,204,470.432457,60
Growing-MatchedControl,185,B,200,-91.502502,71,550.595738,210,434.596252,66
Growing-MatchedControl,186,B,200,-83.830261,60,389.166749,200,427.453308,56
Growing-MatchedControl,187,B,200,-118.541992,66,736.724148,204,455.323242,60
Growing-MatchedControl,188,B,200,32.701355,61,528.611064,204,444.583191,60
Growing-MatchedControl,189,B,200,-91.566956,53,236.378907,184,405.793518,40
Growing-MatchedControl,190,B,200,43.093056,65,575.597028,206,442.353722,62
Growing-MatchedControl,191,B,200,-146.482697,73,635.017090,208,435.888947,64
Growing-MatchedControl,192,B,200,9.197876,65,506.946763,196,424.132935,52
Growing-MatchedControl,193,B,200,-10.943237,68,403.637840,220,461.251831,76
Growing-MatchedControl,194,B,200,6.563721,69,400.691917,188,393.376892,44
Growing-MatchedControl,195,B,200,-89.864258,64,375.729974,196,418.211914,52
Growing-MatchedControl,196,B,200,21.363556,65,587.462231,210,435.594025,66
Growing-MatchedControl,197,B,200,-208.116577,65,544.167539,198,432.491577,54
Growing-MatchedControl,198,B,200,-51.857300,66,591.049426,192,379.735901,48
Growing-MatchedControl,199,B,200,-143.664490,72,563.441350,210,483.055115,66
Growing-MatchedControl,0,B,400,73.175187,68,1020.339221,218,567.400843,74
Growing-MatchedControl,1,B,400,-65.384302,73,1216.604555,224,584.129907,80
Growing-MatchedControl,2,B,400,-238.969383,73,691.318505,216,559.578606,72
Growing-MatchedControl,3,B,400,-171.454864,65,490.259153,212,553.904073,68
Growing-MatchedControl,4,B,400,115.092383,70,996.289427,222,593.941504,78
Growing-MatchedControl,5,B,400,-29.816856,69,845.547723,222,634.993126,78
Growing-MatchedControl,6,B,400,44.717010,77,928.315565,238,584.782360,94
Growing-MatchedControl,7,B,400,-99.873169,73,772.108838,214,621.420044,70
Growing-MatchedControl,8,B,400,-196.776470,69,804.475345,222,583.890240,78
Growing-MatchedControl,9,B,400,23.200347,68,743.466750,220,547.095978,76
Growing-MatchedControl,10,B,400,-119.540825,73,906.249565,234,590.913872,90
Growing-MatchedControl,11,B,400,-154.185913,68,587.644055,218,540.311401,74
Growing-MatchedControl,12,B,400,39.509056,65,473.719201,214,552.157616,70
Growing-MatchedControl,13,B,400,73.010216,62,511.820755,200,533.461113,56
Growing-MatchedControl,14,B,400,-145.702508,60,397.884743,212,514.432336,68
Growing-MatchedControl,15,B,400,-65.496635,66,780.192301,222,554.544823,78
Growing-MatchedControl,16,B,400,3.146759,61,375.589814,202,507.657913,58
Growing-MatchedControl,17,B,400,105.816523,74,935.261453,218,534.520625,74
Growing-MatchedControl,18,B,400,-214.953429,68,782.789940,226,577.401672,82
Growing-MatchedControl,19,B,400,84.932053,73,637.689525,226,643.133713,82
Growing-MatchedControl,20,B,400,-40.818848,74,954.819409,208,610.672729,64
Growing-MatchedControl,21,B,400,137.304991,71,734.092531,222,587.702819,78
Growing-MatchedControl,22,B,400,-164.923576,72,1102.188714,228,620.154045,84
Growing-MatchedControl,23,B,400,-188.874313,71,1101.357886,226,612.161423,82
Growing-MatchedControl,24,B,400,-4.674183,78,840.612228,242,636.950085,98
Growing-MatchedControl,25,B,400,12.350402,68,896.586835,226,609.932799,82
Growing-MatchedControl,26,B,400,-49.050716,68,501.839219,208,523.187874,64
Growing-MatchedControl,27,B,400,19.132106,72,1255.744553,222,564.145534,78
Growing-MatchedControl,28,B,400,-154.864037,67,595.276104,200,487.063169,56
Growing-MatchedControl,29,B,400,-23.394807,72,929.553589,220,524.649243,76
Growing-MatchedControl,30,B,400,-78.219096,65,481.451499,222,665.712911,78
Growing-MatchedControl,31,B,400,-124.593052,72,740.161724,228,574.021519,84
Growing-MatchedControl,32,B,400,-69.307819,71,1287.542479,228,579.645184,84
Growing-MatchedControl,33,B,400,61.237002,69,1002.537370,228,601.182676,84
Growing-MatchedControl,34,B,400,-42.651700,59,375.646858,200,520.361661,56
Growing-MatchedControl,35,B,400,-64.990918,67,547.184865,210,543.225230,66
Growing-MatchedControl,36,B,400,-111.209150,68,675.261347,216,562.365156,72
Growing-MatchedControl,37,B,400,36.574341,64,600.116637,220,642.716064,76
Growing-MatchedControl,38,B,400,7.390311,66,591.030369,202,465.667783,58
Growing-MatchedControl,39,B,400,-98.839821,72,992.502189,230,628.802223,86
Growing-MatchedControl,40,B,400,7.382069,71,805.856395,232,546.113827,88
Growing-MatchedControl,41,B,400,-151.708740,68,857.447086,214,539.789642,70
Growing-MatchedControl,42,B,400,-185.930374,68,477.107174,202,536.678421,58
Growing-MatchedControl,43,B,400,-109.915974,68,455.252224,224,603.414310,80
Growing-MatchedControl,44,B,400,-96.988449,71,400.021868,218,617.937668,74
Growing-MatchedControl,45,B,400,-5.605331,73,1353.868828,220,570.729904,76
Growing-MatchedControl,46,B,400,-64.998589,79,1066.853635,232,632.894585,88
Growing-MatchedControl,47,B,400,-121.311567,71,886.844122,214,521.689722,70
Growing-MatchedControl,48,B,400,-112.560843,69,998.851600,208,577.079275,64
Growing-MatchedControl,49,B,400,-65.042650,72,1059.509600,228,587.724138,84
Growing-MatchedControl,50,B,400,-169.680021,73,578.311867,220,486.066984,76
Growing-MatchedControl,51,B,400,-152.275041,61,494.815349,210,469.842347,66
Growing-MatchedControl,52,B,400,-80.863861,64,613.674800,200,546.617279,56
Growing-MatchedControl,53,B,400,92.145874,76,793.476564,220,592.099838,76
Growing-MatchedControl,54,B,400,-156.211296,72,1174.076892,220,591.357536,76
Growing-MatchedControl,55,B,400,26.871056,67,775.763018,214,547.767207,70
Growing-MatchedControl,56,B,400,89.185020,69,718.492822,224,588.573364,80
Growing-MatchedControl,57,B,400,-35.369736,74,987.150803,222,619.497940,78
Growing-MatchedControl,58,B,400,1.896838,65,649.069947,198,491.757657,54
Growing-MatchedControl,59,B,400,-96.224116,79,1099.011614,250,642.082515,106
Growing-MatchedControl,60,B,400,-211.246982,73,974.990887,232,605.468418,88
Growing-MatchedControl,61,B,400,50.015864,74,1046.592772,228,568.990484,84
Growing-MatchedControl,62,B,400,-193.653702,74,1037.010518,218,588.679092,74
Growing-MatchedControl,63,B,400,-39.970573,57,418.005882,210,563.642540,66
Growing-MatchedControl,64,B,400,-93.054317,71,809.716269,214,566.192988,70
Growing-MatchedControl,65,B,400,-135.721813,69,610.073270,218,576.657207,74
Growing-MatchedControl,66,B,400,-214.178453,66,540.694624,210,525.685289,66
Growing-MatchedControl,67,B,400,-129.914739,63,442.230644,212,551.164720,68
Growing-MatchedControl,68,B,400,102.727674,72,1210.384324,226,568.140608,82
Growing-MatchedControl,69,B,400,127.042752,72,524.468824,224,517.307157,80
Growing-MatchedControl,70,B,400,-178.286920,74,878.095186,228,549.724420,84
Growing-MatchedControl,71,B,400,25.923904,74,1208.302217,228,571.267136,84
Growing-MatchedControl,72,B,400,-8.560679,77,1438.658918,246,565.627207,102
Growing-MatchedControl,73,B,400,-224.906673,67,607.660345,222,527.922298,78
Growing-MatchedControl,74,B,400,-77.509028,62,539.711907,200,585.377192,56
Growing-MatchedControl,75,B,400,53.776073,77,1170.404218,218,573.988140,74
Growing-MatchedControl,76,B,400,-112.442638,65,769.129450,210,564.301891,66
Growing-MatchedControl,77,B,400,-136.152870,59,296.143252,212,527.977478,68
Growing-MatchedControl,78,B,400,-209.872864,70,1053.146014,214,576.283020,70
Growing-MatchedControl,79,B,400,1.769603,73,1002.695869,224,513.593968,80
Growing-MatchedControl,80,B,400,-61.154289,68,567.500319,212,533.780599,68
Growing-MatchedControl,81,B,400,-226.543064,70,975.027898,222,604.260532,78
Growing-MatchedControl,82,B,400,-105.700878,75,756.037786,232,650.009167,88
Growing-MatchedControl,83,B,400,92.199713,75,1114.075798,228,597.135351,84
Growing-MatchedControl,84,B,400,16.152776,75,498.489263,218,526.290706,74
Growing-MatchedControl,85,B,400,62.668413,66,850.321197,214,545.678267,70
Growing-MatchedControl,86,B,400,-73.673035,73,984.843521,210,629.928894,66
Growing-MatchedControl,87,B,400,-12.655144,68,898.357837,212,580.337517,68
Growing-MatchedControl,88,B,400,9.444822,69,625.381456,224,582.873289,80
Growing-MatchedControl,89,B,400,113.256597,74,1169.356608,228,565.530035,84
Growing-MatchedControl,90,B,400,-29.438309,58,645.246120,194,551.658768,50
Growing-MatchedControl,91,B,400,-166.446106,69,827.654693,226,602.587219,82
Growing-MatchedControl,92,B,400,-119.330719,67,494.336512,206,565.830780,62
Growing-MatchedControl,93,B,400,-55.949423,73,711.699540,216,495.957266,72
Growing-MatchedControl,94,B,400,-42.426964,69,722.599362,230,633.172569,86
Growing-MatchedControl,95,B,400,-16.730956,72,1048.142263,220,580.358075,76
Growing-MatchedControl,96,B,400,35.229004,63,602.659606,208,524.923828,64
Growing-MatchedControl,97,B,400,-127.265137,61,640.776766,206,576.061035,62
Growing-MatchedControl,98,B,400,79.165281,72,652.967380,236,517.597822,92
Growing-MatchedControl,99,B,400,-19.562699,66,707.393466,222,629.937546,78
Growing-MatchedControl,100,B,400,60.394241,70,811.125969,226,617.308975,82
Growing-MatchedControl,101,B,400,-35.859006,75,1462.533418,232,530.856000,88
Growing-MatchedControl,102,B,400,-65.211301,73,858.455063,216,588.101438,72
Growing-MatchedControl,103,B,400,-74.234920,73,745.343482,216,573.824397,72
Growing-MatchedControl,104,B,400,42.447050,71,1004.034691,226,622.157179,82
Growing-MatchedControl,105,B,400,94.237865,71,514.705254,228,544.603374,84
Growing-MatchedControl,106,B,400,-79.881712,73,971.553301,226,494.545958,82
Growing-MatchedControl,107,B,400,-229.527832,70,852.841433,226,599.332520,82
Growing-MatchedControl,108,B,400,57.486816,69,594.774685,206,588.924805,62
Growing-MatchedControl,109,B,400,-156.497473,74,839.124807,226,564.669348,82
Growing-MatchedControl,110,B,400,52.883392,71,574.540649,228,539.290722,84
Growing-MatchedControl,111,B,400,-155.038486,69,1012.900761,220,536.538486,76
Growing-MatchedControl,112,B,400,-94.933325,69,698.107652,212,552.588526,68
Growing-MatchedControl,113,B,400,-178.977444,63,664.578621,220,582.897854,76
Growing-MatchedControl,114,B,400,-46.456762,78,1260.518165,246,592.745946,102
Growing-MatchedControl,115,B,400,-1.018633,67,887.992981,214,576.773237,70
Growing-MatchedControl,116,B,400,-28.527254,68,525.277214,220,435.557020,76
Growing-MatchedControl,117,B,400,-4.949461,68,708.418661,218,580.303464,74
Growing-MatchedControl,118,B,400,-91.087064,68,899.272301,212,580.518216,68
Growing-MatchedControl,119,B,400,-41.669361,67,1034.391621,226,610.190807,82
Growing-MatchedControl,120,B,400,69.377014,70,561.776800,212,590.549957,68
Growing-MatchedControl,121,B,400,-219.787842,71,878.389254,216,580.920654,72
Growing-MatchedControl,122,B,400,16.059265,67,525.160637,214,620.087952,70
Growing-MatchedControl,123,B,400,-168.033112,69,728.438507,212,613.380768,68
Growing-MatchedControl,124,B,400,50.318645,67,881.560249,210,531.410198,66
Growing-MatchedControl,125,B,400,-75.210891,68,782.433028,226,579.431945,82
Growing-MatchedControl,126,B,400,-51.199663,73,1010.090838,224,584.054185,80
Growing-MatchedControl,127,B,400,69.560592,69,624.470646,208,540.853560,64
Growing-MatchedControl,128,B,400,-93.382520,72,634.104696,222,564.402014,78
Growing-MatchedControl,129,B,400,-98.644953,72,1036.757512,216,514.949957,72
Growing-MatchedControl,130,B,400,-59.735477,70,663.777104,214,509.813522,70
Growing-MatchedControl,131,B,400,108.854243,71,801.675181,220,585.359492,76
Growing-MatchedControl,132,B,400,-184.724920,66,1099.615621,210,518.638067,66
Growing-MatchedControl,133,B,400,-186.317393,57,482.778526,204,560.333995,60
Growing-MatchedControl,134,B,400,-77.719146,77,1053.957946,230,532.728526,86
Growing-MatchedControl,135,B,400,-98.774277,73,591.453791,208,536.201408,64
Growing-MatchedControl,136,B,400,71.527519,73,837.601102,212,578.668510,68
Growing-MatchedControl,137,B,400,56.617542,72,900.853839,220,559.324780,76
Growing-MatchedControl,138,B,400,102.277145,70,776.395544,230,608.002548,86
Growing-MatchedControl,139,B,400,-26.315948,69,735.977191,222,617.181122,78
Growing-MatchedControl,140,B,400,23.952576,78,977.892849,228,638.596619,84
Growing-MatchedControl,141,B,400,75.484462,70,513.261827,220,583.523335,76
Growing-MatchedControl,142,B,400,-172.481141,71,651.871010,222,556.133484,78
Growing-MatchedControl,143,B,400,74.819694,76,1231.334588,236,529.584478,92
Growing-MatchedControl,144,B,400,-22.399567,75,1058.212865,230,613.272858,86
Growing-MatchedControl,145,B,400,-55.593658,66,520.816949,214,590.931305,70
Growing-MatchedControl,146,B,400,-29.286109,64,670.888654,208,554.738257,64
Growing-MatchedControl,147,B,400,35.939597,60,566.663398,206,520.146018,62
Growing-MatchedControl,148,B,400,62.657675,64,730.595555,218,559.349325,74
Growing-MatchedControl,149,B,400,68.285957,67,704.929530,212,542.474968,68
Growing-MatchedControl,150,B,400,23.412067,70,984.095375,216,582.831951,72
Growing-MatchedControl,151,B,400,21.545232,70,840.635136,214,508.335608,70
Growing-MatchedControl,152,B,400,-85.035172,61,411.677240,206,555.703102,62
Growing-MatchedControl,153,B,400,-14.354527,69,601.504152,214,607.607936,70
Growing-MatchedControl,154,B,400,57.803314,75,939.913674,230,599.060669,86
Growing-MatchedControl,155,B,400,64.908058,71,912.232099,236,624.932457,92
Growing-MatchedControl,156,B,400,34.272885,77,970.595339,254,610.141049,110
Growing-MatchedControl,157,B,400,19.628409,69,610.136447,208,582.114022,64
Growing-MatchedControl,158,B,400,-154.910309,74,759.085026,220,585.566406,76
Growing-MatchedControl,159,B,400,87.768598,75,700.471580,228,547.165266,84
Growing-MatchedControl,160,B,400,56.421217,76,1608.724213,234,577.008070,90
Growing-MatchedControl,161,B,400,65.626137,74,1140.481812,220,575.473518,76
Growing-MatchedControl,162,B,400,-139.861310,70,692.753545,208,570.883222,64
Growing-MatchedControl,163,B,400,-171.765087,67,811.037113,216,616.469189,72
Growing-MatchedControl,164,B,400,-11.812007,73,706.314282,234,606.404780,90
Growing-MatchedControl,165,B,400,-7.971117,67,432.741954,212,532.798388,68
Growing-MatchedControl,166,B,400,-97.473698,69,947.805224,224,554.445757,80
Growing-MatchedControl,167,B,400,-87.901096,66,515.813843,208,547.140110,64
Growing-MatchedControl,168,B,400,78.525766,73,640.504301,218,546.903401,74
Growing-MatchedControl,169,B,400,-161.201294,66,1044.251174,218,579.306763,74
Growing-MatchedControl,170,B,400,-86.741063,71,574.285331,216,480.850728,72
Growing-MatchedControl,171,B,400,-303.461940,65,778.405834,228,596.586940,84
Growing-MatchedControl,172,B,400,-83.024115,74,1114.568963,230,567.355170,86
Growing-MatchedControl,173,B,400,-18.309205,72,721.669402,220,605.303341,76
Growing-MatchedControl,174,B,400,-52.491089,74,1025.855332,228,651.995972,84
Growing-MatchedControl,175,B,400,-52.031992,69,750.511937,214,500.727729,70
Growing-MatchedControl,176,B,400,-133.078104,73,865.593543,224,607.026102,80
Growing-MatchedControl,177,B,400,-150.867292,69,681.581945,212,584.843854,68
Growing-MatchedControl,178,B,400,-49.007891,68,790.115367,220,553.193109,76
Growing-MatchedControl,179,B,400,-156.512991,76,1082.043229,220,613.911428,76
Growing-MatchedControl,180,B,400,-96.971037,70,932.737669,220,561.283288,76
Growing-MatchedControl,181,B,400,-78.393536,69,645.356482,216,498.109707,72
Growing-MatchedControl,182,B,400,-56.448715,66,543.142778,212,542.928230,68
Growing-MatchedControl,183,B,400,96.042778,73,663.390721,214,556.786217,70
Growing-MatchedControl,184,B,400,141.919241,68,1108.729297,224,619.194349,80
Growing-MatchedControl,185,B,400,-115.622757,75,1014.681488,218,543.176468,74
Growing-MatchedControl,186,B,400,-66.165519,67,486.002162,218,577.042473,74
Growing-MatchedControl,187,B,400,-143.725307,67,961.499139,214,555.516323,70
Growing-MatchedControl,188,B,400,116.066875,74,761.677365,232,581.917827,88
Growing-MatchedControl,189,B,400,14.315817,63,293.393643,204,559.837240,60
Growing-MatchedControl,190,B,400,38.226915,68,791.985832,222,592.932540,78
Growing-MatchedControl,191,B,400,-148.829998,75,989.814028,224,582.655682,80
Growing-MatchedControl,192,B,400,9.530645,69,803.099774,210,548.177118,66
Growing-MatchedControl,193,B,400,-123.042049,72,674.442704,234,634.610103,90
Growing-MatchedControl,194,B,400,-62.832123,72,628.067428,206,583.864532,62
Growing-MatchedControl,195,B,400,-78.109331,69,917.103194,218,542.895830,74
Growing-MatchedControl,196,B,400,0.715657,72,825.094624,230,588.577962,86
Growing-MatchedControl,197,B,400,-267.121756,69,828.356137,226,588.934256,82
Growing-MatchedControl,198,B,400,-43.841486,66,644.465330,192,464.666712,48
Growing-MatchedControl,199,B,400,-160.380516,73,1164.266271,232,596.804344,88
