substrate,experiment,covariate,partial_r,partial_r2,residue_within_set_sd
ammann_beenker,exp3,max_transit_depth,-0.015045883407412334,0.0002263786075094458,1.2415569661717207e-16
ammann_beenker,exp3,zone_crossings,-0.02338407443975045,0.0005468149374037903,1.2415569661717207e-16
ammann_beenker,exp3,path_len,-0.01878446495330875,0.00035285612358208464,1.2415569661717207e-16
ammann_beenker,exp3,min_transit_depth,0.0010030903957464422,1.006190342038754e-06,1.2415569661717207e-16
penrose,exp3,max_transit_depth,-0.005519766876749495,3.046782637366087e-05,1.2745663143682859e-16
penrose,exp3,zone_crossings,-0.010767137949508569,0.00011593125962374759,1.2745663143682859e-16
penrose,exp3,path_len,-0.002263697284580938,5.124325396219113e-06,1.2745663143682859e-16
penrose,exp3,min_transit_depth,0.00837456262921896,7.013329923071078e-05,1.2745663143682859e-16
