source_index,target_index
0,1
0,156
1,2
1,158
2,3
2,5
2,159
3,4
3,6
4,7
5,6
5,163
6,7
6,8
6,165
7,9
8,9
8,166
9,10
9,12
9,167
10,11
10,13
11,15
12,13
12,14
12,171
13,15
14,15
14,172
15,16
15,17
15,19
15,173
16,18
17,18
17,20
18,21
19,20
19,178
20,21
20,180
21,22
21,24
21,181
22,23
22,25
23,26
24,25
24,185
25,26
25,27
25,187
26,28
27,28
27,188
28,29
28,30
28,32
28,189
29,31
30,31
30,33
31,34
32,33
32,193
33,34
33,195
34,35
34,37
34,196
35,36
35,38
36,39
37,38
37,200
38,39
38,40
38,202
39,41
40,41
40,203
41,42
41,44
41,204
42,43
42,45
43,47
44,45
44,46
44,208
45,47
46,47
46,209
47,48
47,50
47,210
48,49
48,51
49,52
50,51
50,215
51,52
51,53
51,217
52,54
53,54
53,218
54,55
54,57
54,219
55,56
55,58
56,60
57,58
57,59
57,223
58,60
59,60
59,224
60,61
60,62
60,64
60,225
61,63
62,63
62,65
63,66
64,65
64,230
65,66
65,232
66,67
66,69
66,233
67,68
67,70
68,71
69,70
69,237
70,71
70,72
70,239
71,73
72,73
72,240
73,74
73,75
73,77
73,241
74,76
75,76
75,78
76,79
77,78
77,245
78,79
78,247
79,80
79,82
79,248
80,81
80,83
81,84
82,83
82,252
83,84
83,85
83,254
84,86
85,86
85,255
86,87
86,89
86,256
87,88
87,90
88,92
89,90
89,91
89,260
90,92
91,92
91,261
92,93
92,94
92,96
92,262
93,95
94,95
94,97
95,98
96,97
96,267
97,98
97,269
98,99
98,101
98,270
99,100
99,102
100,103
101,102
101,274
102,103
102,104
102,276
103,105
104,105
104,277
105,106
105,107
105,109
105,278
106,108
107,108
107,110
108,111
109,110
109,282
110,111
110,284
111,112
111,114
111,285
112,113
112,115
113,116
114,115
114,289
115,116
115,117
115,291
116,118
117,118
117,292
118,119
118,121
118,293
119,120
119,122
120,124
121,122
121,123
121,297
122,124
123,124
123,298
124,125
124,127
124,299
125,126
125,128
126,129
127,128
127,304
128,129
128,130
128,306
129,131
130,131
130,307
131,132
131,134
131,308
132,133
132,135
133,137
134,135
134,136
134,312
135,137
136,137
136,313
137,138
137,139
137,141
137,314
138,140
139,140
139,142
140,143
141,142
141,319
142,143
142,321
143,144
143,146
143,322
144,145
144,147
145,148
146,147
146,326
147,148
147,149
147,328
148,150
149,150
149,329
150,151
150,330
151,152
151,334
152,335
153,154
153,345
154,155
154,346
155,156
155,157
155,160
155,348
156,158
157,158
157,161
158,159
158,162
159,163
160,161
160,351
161,162
161,352
162,163
162,164
162,353
163,165
164,165
164,168
164,354
165,166
165,169
166,167
166,170
167,171
168,169
168,358
169,170
169,359
170,171
170,174
170,361
171,172
171,175
172,173
172,177
173,178
174,175
174,176
174,364
175,177
176,177
176,365
177,178
177,179
177,182
177,366
178,180
179,180
179,183
180,181
180,184
181,185
182,183
182,369
183,184
183,371
184,185
184,186
184,372
185,187
186,187
186,190
186,373
187,188
187,191
188,189
188,192
189,193
190,191
190,377
191,192
191,378
192,193
192,194
192,197
192,380
193,195
194,195
194,198
195,196
195,199
196,200
197,198
197,383
198,199
198,384
199,200
199,201
199,385
200,202
201,202
201,205
201,386
202,203
202,206
203,204
203,207
204,208
205,206
205,390
206,207
206,391
207,208
207,211
207,393
208,209
208,212
209,210
209,214
210,215
211,212
211,213
211,396
212,214
213,214
213,397
214,215
214,216
214,398
215,217
216,217
216,220
216,399
217,218
217,221
218,219
218,222
219,223
220,221
220,403
221,222
221,404
222,223
222,226
222,406
223,224
223,227
224,225
224,229
225,230
226,227
226,228
226,409
227,229
228,229
228,410
229,230
229,231
229,234
229,411
230,232
231,232
231,235
232,233
232,236
233,237
234,235
234,414
235,236
235,416
236,237
236,238
236,417
237,239
238,239
238,242
238,418
239,240
239,243
240,241
240,244
241,245
242,243
242,422
243,244
243,423
244,245
244,246
244,249
244,425
245,247
246,247
246,250
247,248
247,251
248,252
249,250
249,428
250,251
250,429
251,252
251,253
251,430
252,254
253,254
253,257
253,431
254,255
254,258
255,256
255,259
256,260
257,258
257,435
258,259
258,436
259,260
259,263
259,438
260,261
260,264
261,262
261,266
262,267
263,264
263,265
263,441
264,266
265,266
265,442
266,267
266,268
266,271
266,443
267,269
268,269
268,272
269,270
269,273
270,274
271,272
271,446
272,273
272,448
273,274
273,275
273,449
274,276
275,276
275,279
275,450
276,277
276,280
277,278
277,281
278,282
279,280
279,454
280,281
280,455
281,282
281,283
281,286
281,457
282,284
283,284
283,287
284,285
284,288
285,289
286,287
286,460
287,288
287,461
288,289
288,290
288,462
289,291
290,291
290,294
290,463
291,292
291,295
292,293
292,296
293,297
294,295
294,467
295,296
295,468
296,297
296,300
296,470
297,298
297,301
298,299
298,303
299,304
300,301
300,302
300,473
301,303
302,303
302,474
303,304
303,305
303,475
304,306
305,306
305,309
305,476
306,307
306,310
307,308
307,311
308,312
309,310
309,480
310,311
310,481
311,312
311,315
311,483
312,313
312,316
313,314
313,318
314,319
315,316
315,317
315,486
316,318
317,318
317,487
318,319
318,320
318,323
318,488
319,321
320,321
320,324
321,322
321,325
322,326
323,324
323,491
324,325
324,493
325,326
325,327
325,494
326,328
327,328
327,331
327,495
328,329
328,332
329,330
329,333
330,334
331,332
331,499
332,333
332,500
333,334
333,336
333,502
334,335
334,337
335,339
336,337
336,338
336,505
337,339
338,339
338,506
339,340
339,507
340,341
340,508
341,512
342,343
342,344
342,519
343,345
344,345
344,520
345,346
345,347
345,349
345,521
346,348
347,348
347,350
348,351
349,350
349,526
350,351
350,528
351,352
351,529
352,353
352,355
352,531
353,354
353,356
354,358
355,356
355,357
355,535
356,358
357,358
357,536
358,359
358,360
358,362
358,537
359,361
360,361
360,363
361,364
362,363
362,541
363,364
363,543
364,365
364,367
364,544
365,366
365,368
366,369
367,368
367,548
368,369
368,370
368,550
369,371
370,371
370,551
371,372
371,374
371,552
372,373
372,375
373,377
374,375
374,376
374,556
375,377
376,377
376,557
377,378
377,379
377,381
377,558
378,380
379,380
379,382
380,383
381,382
381,563
382,383
382,565
383,384
383,566
384,385
384,387
384,568
385,386
385,388
386,390
387,388
387,389
387,572
388,390
389,390
389,573
390,391
390,392
390,394
390,574
391,393
392,393
392,395
393,396
394,395
394,578
395,396
395,580
396,397
396,581
397,398
397,400
397,582
398,399
398,401
399,403
400,401
400,402
400,587
401,403
402,403
402,588
403,404
403,405
403,407
403,589
404,406
405,406
405,408
406,409
407,408
407,593
408,409
408,595
409,410
409,412
409,596
410,411
410,413
411,414
412,413
412,600
413,414
413,415
413,602
414,416
415,416
415,603
416,417
416,419
416,604
417,418
417,420
418,422
419,420
419,421
419,608
420,422
421,422
421,609
422,423
422,424
422,426
422,610
423,425
424,425
424,427
425,428
426,427
426,615
427,428
427,617
428,429
428,618
429,430
429,432
429,620
430,431
430,433
431,435
432,433
432,434
432,624
433,435
434,435
434,625
435,436
435,437
435,439
435,626
436,438
437,438
437,440
438,441
439,440
439,630
440,441
440,632
441,442
441,444
441,633
442,443
442,445
443,446
444,445
444,637
445,446
445,447
445,639
446,448
447,448
447,640
448,449
448,451
448,641
449,450
449,452
450,454
451,452
451,453
451,645
452,454
453,454
453,646
454,455
454,456
454,458
454,647
455,457
456,457
456,459
457,460
458,459
458,652
459,460
459,654
460,461
460,655
461,462
461,464
461,657
462,463
462,465
463,467
464,465
464,466
464,661
465,467
466,467
466,662
467,468
467,469
467,471
467,663
468,470
469,470
469,472
470,473
471,472
471,667
472,473
472,669
473,474
473,670
474,475
474,477
474,671
475,476
475,478
476,480
477,478
477,479
477,676
478,480
479,480
479,677
480,481
480,482
480,484
480,678
481,483
482,483
482,485
483,486
484,485
484,682
485,486
485,684
486,487
486,489
486,685
487,488
487,490
488,491
489,490
489,689
490,491
490,492
490,691
491,493
492,493
492,692
493,494
493,496
493,693
494,495
494,497
495,499
496,497
496,498
496,697
497,499
498,499
498,698
499,500
499,501
499,503
499,699
500,502
501,502
501,504
502,505
503,504
503,704
504,505
504,706
505,506
505,707
506,507
506,509
506,708
507,508
507,510
508,512
509,510
509,511
509,713
510,512
511,512
511,714
512,513
512,514
512,715
513,515
514,515
514,719
515,721
516,517
516,730
517,518
517,731
518,519
518,522
518,733
519,520
519,523
520,521
520,525
521,526
522,523
522,524
522,736
523,525
524,525
524,737
525,526
525,527
525,738
526,528
527,528
527,532
527,739
528,529
528,530
528,533
529,531
530,531
530,534
531,535
532,533
532,743
533,534
533,744
534,535
534,538
534,746
535,536
535,539
536,537
536,540
537,541
538,539
538,749
539,540
539,750
540,541
540,542
540,545
540,752
541,543
542,543
542,546
543,544
543,547
544,548
545,546
545,755
546,547
546,756
547,548
547,549
547,757
548,550
549,550
549,553
549,758
550,551
550,554
551,552
551,555
552,556
553,554
553,762
554,555
554,763
555,556
555,559
555,765
556,557
556,560
557,558
557,562
558,563
559,560
559,561
559,768
560,562
561,562
561,769
562,563
562,564
562,770
563,565
564,565
564,569
564,771
565,566
565,567
565,570
566,568
567,568
567,571
568,572
569,570
569,775
570,571
570,776
571,572
571,575
571,778
572,573
572,576
573,574
573,577
574,578
575,576
575,781
576,577
576,782
577,578
577,579
577,784
578,580
579,580
579,583
579,785
580,581
580,584
581,582
581,585
582,587
583,584
583,788
584,585
584,586
584,789
585,587
586,587
586,590
586,790
587,588
587,591
588,589
588,592
589,593
590,591
590,794
591,592
591,795
592,593
592,594
592,597
592,797
593,595
594,595
594,598
595,596
595,599
596,600
597,598
597,800
598,599
598,801
599,600
599,601
599,802
600,602
601,602
601,605
601,803
602,603
602,606
603,604
603,607
604,608
605,606
605,807
606,607
606,808
607,608
607,611
607,810
608,609
608,612
609,610
609,614
610,615
611,612
611,613
611,813
612,614
613,614
613,814
614,615
614,616
614,815
615,617
616,617
616,621
616,816
617,618
617,619
617,622
618,620
619,620
619,623
620,624
621,622
621,820
622,623
622,821
623,624
623,627
623,823
624,625
624,628
625,626
625,629
626,630
627,628
627,826
628,629
628,827
629,630
629,631
629,634
629,829
630,632
631,632
631,635
632,633
632,636
633,637
634,635
634,832
635,636
635,833
636,637
636,638
636,834
637,639
638,639
638,642
638,835
639,640
639,643
640,641
640,644
641,645
642,643
642,839
643,644
643,840
644,645
644,648
644,842
645,646
645,649
646,647
646,651
647,652
648,649
648,650
648,845
649,651
650,651
650,846
651,652
651,653
651,847
652,654
653,654
653,658
653,848
654,655
654,656
654,659
655,657
656,657
656,660
657,661
658,659
658,852
659,660
659,853
660,661
660,664
660,855
661,662
661,665
662,663
662,666
663,667
664,665
664,858
665,666
665,859
666,667
666,668
666,861
667,669
668,669
668,672
668,862
669,670
669,673
670,671
670,674
671,676
672,673
672,865
673,674
673,675
673,866
674,676
675,676
675,679
675,867
676,677
676,680
677,678
677,681
678,682
679,680
679,871
680,681
680,872
681,682
681,683
681,686
681,874
682,684
683,684
683,687
684,685
684,688
685,689
686,687
686,877
687,688
687,878
688,689
688,690
688,879
689,691
690,691
690,694
690,880
691,692
691,695
692,693
692,696
693,697
694,695
694,884
695,696
695,885
696,697
696,700
696,887
697,698
697,701
698,699
698,703
699,704
700,701
700,702
700,890
701,703
702,703
702,891
703,704
703,705
703,892
704,706
705,706
705,709
705,893
706,707
706,710
707,708
707,711
708,713
709,710
709,897
710,711
710,712
710,898
711,713
712,713
712,716
712,899
713,714
713,717
714,715
714,718
715,719
716,717
716,903
717,718
717,904
718,719
718,720
718,722
718,906
719,721
720,721
720,723
721,724
722,723
722,909
723,724
723,910
724,725
724,911
725,726
725,912
726,916
727,728
727,729
727,923
728,730
729,730
729,924
730,731
730,732
730,734
730,925
731,733
732,733
732,735
733,736
734,735
734,929
735,736
735,931
736,737
736,932
737,738
737,740
737,933
738,739
738,741
739,743
740,741
740,742
740,938
741,743
742,743
742,939
743,744
743,745
743,747
743,940
744,746
745,746
745,748
746,749
747,748
747,944
748,749
748,946
749,750
749,751
749,753
749,947
750,752
751,752
751,754
752,755
753,754
753,951
754,755
754,953
755,756
755,954
756,757
756,759
756,956
757,758
757,760
758,762
759,760
759,761
759,960
760,762
761,762
761,961
762,763
762,764
762,766
762,962
763,765
764,765
764,767
765,768
766,767
766,966
767,768
767,968
768,769
768,969
769,770
769,772
769,970
770,771
770,773
771,775
772,773
772,774
772,975
773,775
774,775
774,976
775,776
775,777
775,779
775,977
776,778
777,778
777,780
778,781
779,780
779,981
780,781
780,983
781,782
781,783
781,984
782,784
783,784
783,786
783,985
784,785
784,787
785,788
786,787
786,990
787,788
787,991
788,789
788,791
788,993
789,790
789,792
790,794
791,792
791,793
791,997
792,794
793,794
793,998
794,795
794,796
794,798
794,999
795,797
796,797
796,799
797,800
798,799
798,1003
799,800
799,1005
800,801
800,1006
801,802
801,804
801,1008
802,803
802,805
803,807
804,805
804,806
804,1012
805,807
806,807
806,1013
807,808
807,809
807,811
807,1014
808,810
809,810
809,812
810,813
811,812
811,1018
812,813
812,1020
813,814
813,1021
814,815
814,817
814,1022
815,816
815,818
816,820
817,818
817,819
817,1027
818,820
819,820
819,1028
820,821
820,822
820,824
820,1029
821,823
822,823
822,825
823,826
824,825
824,1033
825,826
825,1035
826,827
826,828
826,830
826,1036
827,829
828,829
828,831
829,832
830,831
830,1040
831,832
831,1042
832,833
832,1043
833,834
833,836
833,1045
834,835
834,837
835,839
836,837
836,838
836,1049
837,839
838,839
838,1050
839,840
839,841
839,843
839,1051
840,842
841,842
841,844
842,845
843,844
843,1055
844,845
844,1057
845,846
845,1058
846,847
846,849
846,1059
847,848
847,850
848,852
849,850
849,851
849,1064
850,852
851,852
851,1065
852,853
852,854
852,856
852,1066
853,855
854,855
854,857
855,858
856,857
856,1070
857,858
857,1072
858,859
858,860
858,1073
859,861
860,861
860,863
860,1074
861,862
861,864
862,865
863,864
863,1079
864,865
864,1080
865,866
865,868
865,1082
866,867
866,869
867,871
868,869
868,870
868,1086
869,871
870,871
870,1087
871,872
871,873
871,875
871,1088
872,874
873,874
873,876
874,877
875,876
875,1092
876,877
876,1094
877,878
877,1095
878,879
878,881
878,1097
879,880
879,882
880,884
881,882
881,883
881,1101
882,884
883,884
883,1102
884,885
884,886
884,888
884,1103
885,887
886,887
886,889
887,890
888,889
888,1107
889,890
889,1109
890,891
890,1110
891,892
891,894
891,1111
892,893
892,895
893,897
894,895
894,896
894,1116
895,897
896,897
896,1117
897,898
897,900
897,1118
898,899
898,901
899,903
900,901
900,902
900,1122
901,903
902,903
902,1123
903,904
903,905
903,907
903,1124
904,906
905,906
905,908
906,909
907,908
907,1129
908,909
908,1131
909,910
909,1132
910,911
910,913
910,1134
911,912
911,914
912,916
913,914
913,915
913,1138
914,916
915,916
915,1139
916,917
916,918
916,1140
917,919
918,919
918,1144
919,1146
920,921
920,1154
921,922
921,1155
922,923
922,926
922,1157
923,924
923,927
924,925
924,928
925,929
926,927
926,1160
927,928
927,1161
928,929
928,930
928,1163
929,931
930,931
930,934
930,1164
931,932
931,935
932,933
932,936
933,938
934,935
934,1167
935,936
935,937
935,1168
936,938
937,938
937,941
937,1169
938,939
938,942
939,940
939,943
940,944
941,942
941,1173
942,943
942,1174
943,944
943,945
943,948
943,1176
944,946
945,946
945,949
946,947
946,950
947,951
948,949
948,1179
949,950
949,1180
950,951
950,952
950,1181
951,953
952,953
952,957
952,1182
953,954
953,955
953,958
954,956
955,956
955,959
956,960
957,958
957,1186
958,959
958,1187
959,960
959,963
959,1189
960,961
960,964
961,962
961,965
962,966
963,964
963,1192
964,965
964,1193
965,966
965,967
965,1195
966,968
967,968
967,971
967,1196
968,969
968,972
969,970
969,973
970,975
971,972
971,1199
972,973
972,974
972,1200
973,975
974,975
974,978
974,1201
975,976
975,979
976,977
976,980
977,981
978,979
978,1205
979,980
979,1206
980,981
980,982
980,1208
981,983
982,983
982,986
982,1209
983,984
983,987
984,985
984,988
985,990
986,987
986,1212
987,988
987,989
987,1213
988,990
989,990
989,994
989,1214
990,991
990,992
990,995
991,993
992,993
992,996
993,997
994,995
994,1218
995,996
995,1219
996,997
996,1000
996,1221
997,998
997,1001
998,999
998,1002
999,1003
1000,1001
1000,1224
1001,1002
1001,1225
1002,1003
1002,1004
1002,1227
1003,1005
1004,1005
1004,1009
1004,1228
1005,1006
1005,1007
1005,1010
1006,1008
1007,1008
1007,1011
1008,1012
1009,1010
1009,1231
1010,1011
1010,1232
1011,1012
1011,1015
1011,1234
1012,1013
1012,1016
1013,1014
1013,1017
1014,1018
1015,1016
1015,1237
1016,1017
1016,1238
1017,1018
1017,1019
1017,1240
1018,1020
1019,1020
1019,1023
1019,1241
1020,1021
1020,1024
1021,1022
1021,1025
1022,1027
1023,1024
1023,1244
1024,1025
1024,1026
1024,1245
1025,1027
1026,1027
1026,1030
1026,1246
1027,1028
1027,1031
1028,1029
1028,1032
1029,1033
1030,1031
1030,1250
1031,1032
1031,1251
1032,1033
1032,1034
1032,1037
1032,1253
1033,1035
1034,1035
1034,1038
1035,1036
1035,1039
1036,1040
1037,1038
1037,1256
1038,1039
1038,1257
1039,1040
1039,1041
1039,1258
1040,1042
1041,1042
1041,1046
1041,1259
1042,1043
1042,1044
1042,1047
1043,1045
1044,1045
1044,1048
1045,1049
1046,1047
1046,1263
1047,1048
1047,1264
1048,1049
1048,1052
1048,1266
1049,1050
1049,1053
1050,1051
1050,1054
1051,1055
1052,1053
1052,1269
1053,1054
1053,1270
1054,1055
1054,1056
1054,1272
1055,1057
1056,1057
1056,1060
1056,1273
1057,1058
1057,1061
1058,1059
1058,1062
1059,1064
1060,1061
1060,1276
1061,1062
1061,1063
1061,1277
1062,1064
1063,1064
1063,1067
1063,1278
1064,1065
1064,1068
1065,1066
1065,1069
1066,1070
1067,1068
1067,1282
1068,1069
1068,1283
1069,1070
1069,1071
1069,1285
1070,1072
1071,1072
1071,1075
1071,1286
1072,1073
1072,1076
1073,1074
1073,1077
1074,1079
1075,1076
1075,1289
1076,1077
1076,1078
1076,1290
1077,1079
1078,1079
1078,1083
1078,1291
1079,1080
1079,1081
1079,1084
1080,1082
1081,1082
1081,1085
1082,1086
1083,1084
1083,1295
1084,1085
1084,1296
1085,1086
1085,1089
1085,1298
1086,1087
1086,1090
1087,1088
1087,1091
1088,1092
1089,1090
1089,1301
1090,1091
1090,1302
1091,1092
1091,1093
1091,1304
1092,1094
1093,1094
1093,1098
1093,1305
1094,1095
1094,1096
1094,1099
1095,1097
1096,1097
1096,1100
1097,1101
1098,1099
1098,1308
1099,1100
1099,1309
1100,1101
1100,1104
1100,1311
1101,1102
1101,1105
1102,1103
1102,1106
1103,1107
1104,1105
1104,1314
1105,1106
1105,1315
1106,1107
1106,1108
1106,1317
1107,1109
1108,1109
1108,1112
1108,1318
1109,1110
1109,1113
1110,1111
1110,1114
1111,1116
1112,1113
1112,1321
1113,1114
1113,1115
1113,1322
1114,1116
1115,1116
1115,1119
1115,1323
1116,1117
1116,1120
1117,1118
1117,1121
1118,1122
1119,1120
1119,1327
1120,1121
1120,1328
1121,1122
1121,1125
1121,1330
1122,1123
1122,1126
1123,1124
1123,1128
1124,1129
1125,1126
1125,1127
1125,1333
1126,1128
1127,1128
1127,1334
1128,1129
1128,1130
1128,1335
1129,1131
1130,1131
1130,1135
1130,1336
1131,1132
1131,1133
1131,1136
1132,1134
1133,1134
1133,1137
1134,1138
1135,1136
1135,1340
1136,1137
1136,1341
1137,1138
1137,1141
1137,1343
1138,1139
1138,1142
1139,1140
1139,1143
1140,1144
1141,1142
1141,1346
1142,1143
1142,1347
1143,1144
1143,1145
1143,1349
1144,1146
1145,1146
1145,1147
1145,1350
1146,1148
1147,1148
1147,1353
1148,1149
1148,1354
1149,1150
1149,1355
1150,1359
1151,1152
1151,1153
1151,1365
1152,1154
1153,1154
1153,1366
1154,1155
1154,1156
1154,1158
1154,1367
1155,1157
1156,1157
1156,1159
1157,1160
1158,1159
1158,1370
1159,1160
1159,1372
1160,1161
1160,1162
1160,1373
1161,1163
1162,1163
1162,1165
1162,1374
1163,1164
1163,1166
1164,1167
1165,1166
1165,1378
1166,1167
1166,1379
1167,1168
1167,1170
1167,1381
1168,1169
1168,1171
1169,1173
1170,1171
1170,1172
1170,1384
1171,1173
1172,1173
1172,1385
1173,1174
1173,1175
1173,1177
1173,1386
1174,1176
1175,1176
1175,1178
1176,1179
1177,1178
1177,1389
1178,1179
1178,1391
1179,1180
1179,1392
1180,1181
1180,1183
1180,1394
1181,1182
1181,1184
1182,1186
1183,1184
1183,1185
1183,1397
1184,1186
1185,1186
1185,1398
1186,1187
1186,1188
1186,1190
1186,1399
1187,1189
1188,1189
1188,1191
1189,1192
1190,1191
1190,1402
1191,1192
1191,1404
1192,1193
1192,1194
1192,1405
1193,1195
1194,1195
1194,1197
1194,1406
1195,1196
1195,1198
1196,1199
1197,1198
1197,1410
1198,1199
1198,1411
1199,1200
1199,1202
1199,1413
1200,1201
1200,1203
1201,1205
1202,1203
1202,1204
1202,1416
1203,1205
1204,1205
1204,1417
1205,1206
1205,1207
1205,1418
1206,1208
1207,1208
1207,1210
1207,1419
1208,1209
1208,1211
1209,1212
1210,1211
1210,1423
1211,1212
1211,1424
1212,1213
1212,1215
1212,1426
1213,1214
1213,1216
1214,1218
1215,1216
1215,1217
1215,1429
1216,1218
1217,1218
1217,1430
1218,1219
1218,1220
1218,1222
1218,1431
1219,1221
1220,1221
1220,1223
1221,1224
1222,1223
1222,1434
1223,1224
1223,1436
1224,1225
1224,1226
1224,1437
1225,1227
1226,1227
1226,1229
1226,1438
1227,1228
1227,1230
1228,1231
1229,1230
1229,1442
1230,1231
1230,1443
1231,1232
1231,1233
1231,1235
1231,1445
1232,1234
1233,1234
1233,1236
1234,1237
1235,1236
1235,1448
1236,1237
1236,1449
1237,1238
1237,1239
1237,1450
1238,1240
1239,1240
1239,1242
1239,1451
1240,1241
1240,1243
1241,1244
1242,1243
1242,1455
1243,1244
1243,1456
1244,1245
1244,1247
1244,1458
1245,1246
1245,1248
1246,1250
1247,1248
1247,1249
1247,1461
1248,1250
1249,1250
1249,1462
1250,1251
1250,1252
1250,1254
1250,1463
1251,1253
1252,1253
1252,1255
1253,1256
1254,1255
1254,1466
1255,1256
1255,1468
1256,1257
1256,1469
1257,1258
1257,1260
1257,1471
1258,1259
1258,1261
1259,1263
1260,1261
1260,1262
1260,1474
1261,1263
1262,1263
1262,1475
1263,1264
1263,1265
1263,1267
1263,1476
1264,1266
1265,1266
1265,1268
1266,1269
1267,1268
1267,1479
1268,1269
1268,1481
1269,1270
1269,1271
1269,1482
1270,1272
1271,1272
1271,1274
1271,1483
1272,1273
1272,1275
1273,1276
1274,1275
1274,1487
1275,1276
1275,1488
1276,1277
1276,1279
1276,1490
1277,1278
1277,1280
1278,1282
1279,1280
1279,1281
1279,1493
1280,1282
1281,1282
1281,1494
1282,1283
1282,1284
1282,1495
1283,1285
1284,1285
1284,1287
1284,1496
1285,1286
1285,1288
1286,1289
1287,1288
1287,1500
1288,1289
1288,1501
1289,1290
1289,1292
1289,1503
1290,1291
1290,1293
1291,1295
1292,1293
1292,1294
1292,1506
1293,1295
1294,1295
1294,1507
1295,1296
1295,1297
1295,1299
1295,1508
1296,1298
1297,1298
1297,1300
1298,1301
1299,1300
1299,1511
1300,1301
1300,1513
1301,1302
1301,1303
1301,1514
1302,1304
1303,1304
1303,1306
1303,1515
1304,1305
1304,1307
1305,1308
1306,1307
1306,1519
1307,1308
1307,1520
1308,1309
1308,1310
1308,1312
1308,1522
1309,1311
1310,1311
1310,1313
1311,1314
1312,1313
1312,1525
1313,1314
1313,1526
1314,1315
1314,1316
1314,1527
1315,1317
1316,1317
1316,1319
1316,1528
1317,1318
1317,1320
1318,1321
1319,1320
1319,1532
1320,1321
1320,1533
1321,1322
1321,1324
1321,1535
1322,1323
1322,1325
1323,1327
1324,1325
1324,1326
1324,1538
1325,1327
1326,1327
1326,1539
1327,1328
1327,1329
1327,1331
1327,1540
1328,1330
1329,1330
1329,1332
1330,1333
1331,1332
1331,1543
1332,1333
1332,1545
1333,1334
1333,1546
1334,1335
1334,1337
1334,1547
1335,1336
1335,1338
1336,1340
1337,1338
1337,1339
1337,1551
1338,1340
1339,1340
1339,1552
1340,1341
1340,1342
1340,1344
1340,1553
1341,1343
1342,1343
1342,1345
1343,1346
1344,1345
1344,1556
1345,1346
1345,1558
1346,1347
1346,1348
1346,1559
1347,1349
1348,1349
1348,1351
1348,1560
1349,1350
1349,1352
1350,1353
1351,1352
1351,1564
1352,1353
1352,1565
1353,1354
1353,1356
1353,1567
1354,1355
1354,1357
1355,1359
1356,1357
1356,1358
1356,1570
1357,1359
1358,1359
1358,1571
1359,1360
1359,1572
1360,1361
1360,1573
1361,1577
1362,1363
1362,1364
1362,1584
1363,1365
1364,1365
1364,1585
1365,1366
1365,1368
1365,1586
1366,1367
1366,1369
1367,1370
1368,1369
1368,1591
1369,1370
1369,1371
1369,1593
1370,1372
1371,1372
1371,1594
1372,1373
1372,1375
1372,1595
1373,1374
1373,1376
1374,1378
1375,1376
1375,1377
1375,1599
1376,1378
1377,1378
1377,1600
1378,1379
1378,1380
1378,1382
1378,1601
1379,1381
1380,1381
1380,1383
1381,1384
1382,1383
1382,1606
1383,1384
1383,1608
1384,1385
1384,1387
1384,1609
1385,1386
1385,1388
1386,1389
1387,1388
1387,1613
1388,1389
1388,1390
1388,1615
1389,1391
1390,1391
1390,1616
1391,1392
1391,1393
1391,1395
1391,1617
1392,1394
1393,1394
1393,1396
1394,1397
1395,1396
1395,1621
1396,1397
1396,1623
1397,1398
1397,1400
1397,1624
1398,1399
1398,1401
1399,1402
1400,1401
1400,1628
1401,1402
1401,1403
1401,1630
1402,1404
1403,1404
1403,1631
1404,1405
1404,1407
1404,1632
1405,1406
1405,1408
1406,1410
1407,1408
1407,1409
1407,1636
1408,1410
1409,1410
1409,1637
1410,1411
1410,1412
1410,1414
1410,1638
1411,1413
1412,1413
1412,1415
1413,1416
1414,1415
1414,1643
1415,1416
1415,1645
1416,1417
1416,1646
1417,1418
1417,1420
1417,1647
1418,1419
1418,1421
1419,1423
1420,1421
1420,1422
1420,1652
1421,1423
1422,1423
1422,1653
1423,1424
1423,1425
1423,1427
1423,1654
1424,1426
1425,1426
1425,1428
1426,1429
1427,1428
1427,1658
1428,1429
1428,1660
1429,1430
1429,1432
1429,1661
1430,1431
1430,1433
1431,1434
1432,1433
1432,1665
1433,1434
1433,1435
1433,1667
1434,1436
1435,1436
1435,1668
1436,1437
1436,1439
1436,1669
1437,1438
1437,1440
1438,1442
1439,1440
1439,1441
1439,1673
1440,1442
1441,1442
1441,1674
1442,1443
1442,1444
1442,1446
1442,1675
1443,1445
1444,1445
1444,1447
1445,1448
1446,1447
1446,1680
1447,1448
1447,1682
1448,1449
1448,1683
1449,1450
1449,1452
1449,1685
1450,1451
1450,1453
1451,1455
1452,1453
1452,1454
1452,1689
1453,1455
1454,1455
1454,1690
1455,1456
1455,1457
1455,1459
1455,1691
1456,1458
1457,1458
1457,1460
1458,1461
1459,1460
1459,1695
1460,1461
1460,1697
1461,1462
1461,1464
1461,1698
1462,1463
1462,1465
1463,1466
1464,1465
1464,1702
1465,1466
1465,1467
1465,1704
1466,1468
1467,1468
1467,1705
1468,1469
1468,1470
1468,1472
1468,1706
1469,1471
1470,1471
1470,1473
1471,1474
1472,1473
1472,1710
1473,1474
1473,1712
1474,1475
1474,1477
1474,1713
1475,1476
1475,1478
1476,1479
1477,1478
1477,1717
1478,1479
1478,1480
1478,1719
1479,1481
1480,1481
1480,1720
1481,1482
1481,1484
1481,1721
1482,1483
1482,1485
1483,1487
1484,1485
1484,1486
1484,1725
1485,1487
1486,1487
1486,1726
1487,1488
1487,1489
1487,1491
1487,1727
1488,1490
1489,1490
1489,1492
1490,1493
1491,1492
1491,1732
1492,1493
1492,1734
1493,1494
1493,1735
1494,1495
1494,1497
1494,1736
1495,1496
1495,1498
1496,1500
1497,1498
1497,1499
1497,1741
1498,1500
1499,1500
1499,1742
1500,1501
1500,1502
1500,1504
1500,1743
1501,1503
1502,1503
1502,1505
1503,1506
1504,1505
1504,1747
1505,1506
1505,1749
1506,1507
1506,1509
1506,1750
1507,1508
1507,1510
1508,1511
1509,1510
1509,1754
1510,1511
1510,1512
1510,1756
1511,1513
1512,1513
1512,1757
1513,1514
1513,1516
1513,1758
1514,1515
1514,1517
1515,1519
1516,1517
1516,1518
1516,1762
1517,1519
1518,1519
1518,1763
1519,1520
1519,1521
1519,1523
1519,1764
1520,1522
1521,1522
1521,1524
1522,1525
1523,1524
1523,1769
1524,1525
1524,1771
1525,1526
1525,1772
1526,1527
1526,1529
1526,1774
1527,1528
1527,1530
1528,1532
1529,1530
1529,1531
1529,1778
1530,1532
1531,1532
1531,1779
1532,1533
1532,1534
1532,1536
1532,1780
1533,1535
1534,1535
1534,1537
1535,1538
1536,1537
1536,1784
1537,1538
1537,1786
1538,1539
1538,1541
1538,1787
1539,1540
1539,1542
1540,1543
1541,1542
1541,1791
1542,1543
1542,1544
1542,1793
1543,1545
1544,1545
1544,1794
1545,1546
1545,1548
1545,1795
1546,1547
1546,1549
1547,1551
1548,1549
1548,1550
1548,1799
1549,1551
1550,1551
1550,1800
1551,1552
1551,1554
1551,1801
1552,1553
1552,1555
1553,1556
1554,1555
1554,1806
1555,1556
1555,1557
1555,1808
1556,1558
1557,1558
1557,1809
1558,1559
1558,1561
1558,1810
1559,1560
1559,1562
1560,1564
1561,1562
1561,1563
1561,1814
1562,1564
1563,1564
1563,1815
1564,1565
1564,1566
1564,1568
1564,1816
1565,1567
1566,1567
1566,1569
1567,1570
1568,1569
1568,1821
1569,1570
1569,1823
1570,1571
1570,1824
1571,1572
1571,1574
1571,1825
1572,1573
1572,1575
1573,1577
1574,1575
1574,1576
1574,1830
1575,1577
1576,1577
1576,1831
1577,1578
1577,1579
1577,1832
1578,1580
1579,1580
1579,1836
1580,1838
1581,1582
1581,1847
1582,1583
1582,1848
1583,1584
1583,1587
1583,1850
1584,1585
1584,1588
1585,1586
1585,1590
1586,1591
1587,1588
1587,1589
1587,1853
1588,1590
1589,1590
1589,1854
1590,1591
1590,1592
1590,1855
1591,1593
1592,1593
1592,1596
1592,1856
1593,1594
1593,1597
1594,1595
1594,1598
1595,1599
1596,1597
1596,1860
1597,1598
1597,1861
1598,1599
1598,1602
1598,1863
1599,1600
1599,1603
1600,1601
1600,1605
1601,1606
1602,1603
1602,1604
1602,1866
1603,1605
1604,1605
1604,1867
1605,1606
1605,1607
1605,1610
1605,1868
1606,1608
1607,1608
1607,1611
1608,1609
1608,1612
1609,1613
1610,1611
1610,1871
1611,1612
1611,1873
1612,1613
1612,1614
1612,1874
1613,1615
1614,1615
1614,1618
1614,1875
1615,1616
1615,1619
1616,1617
1616,1620
1617,1621
1618,1619
1618,1879
1619,1620
1619,1880
1620,1621
1620,1622
1620,1625
1620,1882
1621,1623
1622,1623
1622,1626
1623,1624
1623,1627
1624,1628
1625,1626
1625,1885
1626,1627
1626,1886
1627,1628
1627,1629
1627,1887
1628,1630
1629,1630
1629,1633
1629,1888
1630,1631
1630,1634
1631,1632
1631,1635
1632,1636
1633,1634
1633,1892
1634,1635
1634,1893
1635,1636
1635,1639
1635,1895
1636,1637
1636,1640
1637,1638
1637,1642
1638,1643
1639,1640
1639,1641
1639,1898
1640,1642
1641,1642
1641,1899
1642,1643
1642,1644
1642,1900
1643,1645
1644,1645
1644,1648
1644,1901
1645,1646
1645,1649
1646,1647
1646,1650
1647,1652
1648,1649
1648,1905
1649,1650
1649,1651
1649,1906
1650,1652
1651,1652
1651,1655
1651,1907
1652,1653
1652,1656
1653,1654
1653,1657
1654,1658
1655,1656
1655,1911
1656,1657
1656,1912
1657,1658
1657,1659
1657,1662
1657,1914
1658,1660
1659,1660
1659,1663
1660,1661
1660,1664
1661,1665
1662,1663
1662,1917
1663,1664
1663,1918
1664,1665
1664,1666
1664,1919
1665,1667
1666,1667
1666,1670
1666,1920
1667,1668
1667,1671
1668,1669
1668,1672
1669,1673
1670,1671
1670,1924
1671,1672
1671,1925
1672,1673
1672,1676
1672,1927
1673,1674
1673,1677
1674,1675
1674,1679
1675,1680
1676,1677
1676,1678
1676,1930
1677,1679
1678,1679
1678,1931
1679,1680
1679,1681
1679,1932
1680,1682
1681,1682
1681,1686
1681,1933
1682,1683
1682,1684
1682,1687
1683,1685
1684,1685
1684,1688
1685,1689
1686,1687
1686,1937
1687,1688
1687,1938
1688,1689
1688,1692
1688,1940
1689,1690
1689,1693
1690,1691
1690,1694
1691,1695
1692,1693
1692,1943
1693,1694
1693,1944
1694,1695
1694,1696
1694,1699
1694,1946
1695,1697
1696,1697
1696,1700
1697,1698
1697,1701
1698,1702
1699,1700
1699,1949
1700,1701
1700,1950
1701,1702
1701,1703
1701,1951
1702,1704
1703,1704
1703,1707
1703,1952
1704,1705
1704,1708
1705,1706
1705,1709
1706,1710
1707,1708
1707,1956
1708,1709
1708,1957
1709,1710
1709,1711
1709,1714
1709,1959
1710,1712
1711,1712
1711,1715
1712,1713
1712,1716
1713,1717
1714,1715
1714,1962
1715,1716
1715,1963
1716,1717
1716,1718
1716,1964
1717,1719
1718,1719
1718,1722
1718,1965
1719,1720
1719,1723
1720,1721
1720,1724
1721,1725
1722,1723
1722,1969
1723,1724
1723,1970
1724,1725
1724,1728
1724,1972
1725,1726
1725,1729
1726,1727
1726,1731
1727,1732
1728,1729
1728,1730
1728,1975
1729,1731
1730,1731
1730,1976
1731,1732
1731,1733
1731,1977
1732,1734
1733,1734
1733,1737
1733,1978
1734,1735
1734,1738
1735,1736
1735,1739
1736,1741
1737,1738
1737,1982
1738,1739
1738,1740
1738,1983
1739,1741
1740,1741
1740,1744
1740,1984
1741,1742
1741,1745
1742,1743
1742,1746
1743,1747
1744,1745
1744,1988
1745,1746
1745,1989
1746,1747
1746,1748
1746,1751
1746,1991
1747,1749
1748,1749
1748,1752
1749,1750
1749,1753
1750,1754
1751,1752
1751,1994
1752,1753
1752,1995
1753,1754
1753,1755
1753,1996
1754,1756
1755,1756
1755,1759
1755,1997
1756,1757
1756,1760
1757,1758
1757,1761
1758,1762
1759,1760
1759,2001
1760,1761
1760,2002
1761,1762
1761,1765
1761,2004
1762,1763
1762,1766
1763,1764
1763,1768
1764,1769
1765,1766
1765,1767
1765,2007
1766,1768
1767,1768
1767,2008
1768,1769
1768,1770
1768,2009
1769,1771
1770,1771
1770,1775
1770,2010
1771,1772
1771,1773
1771,1776
1772,1774
1773,1774
1773,1777
1774,1778
1775,1776
1775,2014
1776,1777
1776,2015
1777,1778
1777,1781
1777,2017
1778,1779
1778,1782
1779,1780
1779,1783
1780,1784
1781,1782
1781,2020
1782,1783
1782,2021
1783,1784
1783,1785
1783,1788
1783,2023
1784,1786
1785,1786
1785,1789
1786,1787
1786,1790
1787,1791
1788,1789
1788,2026
1789,1790
1789,2027
1790,1791
1790,1792
1790,2028
1791,1793
1792,1793
1792,1796
1792,2029
1793,1794
1793,1797
1794,1795
1794,1798
1795,1799
1796,1797
1796,2033
1797,1798
1797,2034
1798,1799
1798,1802
1798,2036
1799,1800
1799,1803
1800,1801
1800,1805
1801,1806
1802,1803
1802,1804
1802,2039
1803,1805
1804,1805
1804,2040
1805,1806
1805,1807
1805,2041
1806,1808
1807,1808
1807,1811
1807,2042
1808,1809
1808,1812
1809,1810
1809,1813
1810,1814
1811,1812
1811,2046
1812,1813
1812,2047
1813,1814
1813,1817
1813,2049
1814,1815
1814,1818
1815,1816
1815,1820
1816,1821
1817,1818
1817,1819
1817,2052
1818,1820
1819,1820
1819,2053
1820,1821
1820,1822
1820,2054
1821,1823
1822,1823
1822,1826
1822,2055
1823,1824
1823,1827
1824,1825
1824,1828
1825,1830
1826,1827
1826,2059
1827,1828
1827,1829
1827,2060
1828,1830
1829,1830
1829,1833
1829,2061
1830,1831
1830,1834
1831,1832
1831,1835
1832,1836
1833,1834
1833,2065
1834,1835
1834,2066
1835,1836
1835,1837
1835,1839
1835,2068
1836,1838
1837,1838
1837,1840
1838,1841
1839,1840
1839,2071
1840,1841
1840,2072
1841,1842
1841,2073
1842,1843
1842,2074
1843,2078
1844,1845
1844,1846
1844,2085
1845,1847
1846,1847
1846,2086
1847,1848
1847,1849
1847,1851
1847,2087
1848,1850
1849,1850
1849,1852
1850,1853
1851,1852
1851,2091
1852,1853
1852,2093
1853,1854
1853,2094
1854,1855
1854,1857
1854,2095
1855,1856
1855,1858
1856,1860
1857,1858
1857,1859
1857,2100
1858,1860
1859,1860
1859,2101
1860,1861
1860,1862
1860,1864
1860,2102
1861,1863
1862,1863
1862,1865
1863,1866
1864,1865
1864,2106
1865,1866
1865,2108
1866,1867
1866,1869
1866,2109
1867,1868
1867,1870
1868,1871
1869,1870
1869,2113
1870,1871
1870,1872
1870,2115
1871,1873
1872,1873
1872,2116
1873,1874
1873,1876
1873,2117
1874,1875
1874,1877
1875,1879
1876,1877
1876,1878
1876,2121
1877,1879
1878,1879
1878,2122
1879,1880
1879,1881
1879,1883
1879,2123
1880,1882
1881,1882
1881,1884
1882,1885
1883,1884
1883,2128
1884,1885
1884,2130
1885,1886
1885,2131
1886,1887
1886,1889
1886,2133
1887,1888
1887,1890
1888,1892
1889,1890
1889,1891
1889,2137
1890,1892
1891,1892
1891,2138
1892,1893
1892,1894
1892,1896
1892,2139
1893,1895
1894,1895
1894,1897
1895,1898
1896,1897
1896,2143
1897,1898
1897,2145
1898,1899
1898,2146
1899,1900
1899,1902
1899,2147
1900,1901
1900,1903
1901,1905
1902,1903
1902,1904
1902,2152
1903,1905
1904,1905
1904,2153
1905,1906
1905,1908
1905,2154
1906,1907
1906,1909
1907,1911
1908,1909
1908,1910
1908,2158
1909,1911
1910,1911
1910,2159
1911,1912
1911,1913
1911,1915
1911,2160
1912,1914
1913,1914
1913,1916
1914,1917
1915,1916
1915,2165
1916,1917
1916,2167
1917,1918
1917,2168
1918,1919
1918,1921
1918,2170
1919,1920
1919,1922
1920,1924
1921,1922
1921,1923
1921,2174
1922,1924
1923,1924
1923,2175
1924,1925
1924,1926
1924,1928
1924,2176
1925,1927
1926,1927
1926,1929
1927,1930
1928,1929
1928,2180
1929,1930
1929,2182
1930,1931
1930,2183
1931,1932
1931,1934
1931,2184
1932,1933
1932,1935
1933,1937
1934,1935
1934,1936
1934,2189
1935,1937
1936,1937
1936,2190
1937,1938
1937,1939
1937,1941
1937,2191
1938,1940
1939,1940
1939,1942
1940,1943
1941,1942
1941,2195
1942,1943
1942,2197
1943,1944
1943,1945
1943,1947
1943,2198
1944,1946
1945,1946
1945,1948
1946,1949
1947,1948
1947,2202
1948,1949
1948,2204
1949,1950
1949,2205
1950,1951
1950,1953
1950,2207
1951,1952
1951,1954
1952,1956
1953,1954
1953,1955
1953,2211
1954,1956
1955,1956
1955,2212
1956,1957
1956,1958
1956,1960
1956,2213
1957,1959
1958,1959
1958,1961
1959,1962
1960,1961
1960,2217
1961,1962
1961,2219
1962,1963
1962,2220
1963,1964
1963,1966
1963,2222
1964,1965
1964,1967
1965,1969
1966,1967
1966,1968
1966,2226
1967,1969
1968,1969
1968,2227
1969,1970
1969,1971
1969,1973
1969,2228
1970,1972
1971,1972
1971,1974
1972,1975
1973,1974
1973,2232
1974,1975
1974,2234
1975,1976
1975,2235
1976,1977
1976,1979
1976,2236
1977,1978
1977,1980
1978,1982
1979,1980
1979,1981
1979,2241
1980,1982
1981,1982
1981,2242
1982,1983
1982,1985
1982,2243
1983,1984
1983,1986
1984,1988
1985,1986
1985,1987
1985,2247
1986,1988
1987,1988
1987,2248
1988,1989
1988,1990
1988,1992
1988,2249
1989,1991
1990,1991
1990,1993
1991,1994
1992,1993
1992,2254
1993,1994
1993,2256
1994,1995
1994,2257
1995,1996
1995,1998
1995,2259
1996,1997
1996,1999
1997,2001
1998,1999
1998,2000
1998,2263
1999,2001
2000,2001
2000,2264
2001,2002
2001,2003
2001,2005
2001,2265
2002,2004
2003,2004
2003,2006
2004,2007
2005,2006
2005,2269
2006,2007
2006,2271
2007,2008
2007,2272
2008,2009
2008,2011
2008,2273
2009,2010
2009,2012
2010,2014
2011,2012
2011,2013
2011,2278
2012,2014
2013,2014
2013,2279
2014,2015
2014,2016
2014,2018
2014,2280
2015,2017
2016,2017
2016,2019
2017,2020
2018,2019
2018,2284
2019,2020
2019,2286
2020,2021
2020,2022
2020,2024
2020,2287
2021,2023
2022,2023
2022,2025
2023,2026
2024,2025
2024,2291
2025,2026
2025,2293
2026,2027
2026,2294
2027,2028
2027,2030
2027,2296
2028,2029
2028,2031
2029,2033
2030,2031
2030,2032
2030,2300
2031,2033
2032,2033
2032,2301
2033,2034
2033,2035
2033,2037
2033,2302
2034,2036
2035,2036
2035,2038
2036,2039
2037,2038
2037,2306
2038,2039
2038,2308
2039,2040
2039,2309
2040,2041
2040,2043
2040,2310
2041,2042
2041,2044
2042,2046
2043,2044
2043,2045
2043,2315
2044,2046
2045,2046
2045,2316
2046,2047
2046,2048
2046,2050
2046,2317
2047,2049
2048,2049
2048,2051
2049,2052
2050,2051
2050,2321
2051,2052
2051,2323
2052,2053
2052,2324
2053,2054
2053,2056
2053,2325
2054,2055
2054,2057
2055,2059
2056,2057
2056,2058
2056,2330
2057,2059
2058,2059
2058,2331
2059,2060
2059,2062
2059,2332
2060,2061
2060,2063
2061,2065
2062,2063
2062,2064
2062,2336
2063,2065
2064,2065
2064,2337
2065,2066
2065,2067
2065,2069
2065,2338
2066,2068
2067,2068
2067,2070
2068,2071
2069,2070
2069,2343
2070,2071
2070,2345
2071,2072
2071,2346
2072,2073
2072,2075
2072,2348
2073,2074
2073,2076
2074,2078
2075,2076
2075,2077
2075,2352
2076,2078
2077,2078
2077,2353
2078,2079
2078,2080
2078,2354
2079,2081
2080,2081
2080,2358
2081,2360
2082,2083
2082,2368
2083,2084
2083,2369
2084,2085
2084,2088
2084,2371
2085,2086
2085,2089
2086,2087
2086,2090
2087,2091
2088,2089
2088,2374
2089,2090
2089,2375
2090,2091
2090,2092
2090,2377
2091,2093
2092,2093
2092,2096
2092,2378
2093,2094
2093,2097
2094,2095
2094,2098
2095,2100
2096,2097
2096,2381
2097,2098
2097,2099
2097,2382
2098,2100
2099,2100
2099,2103
2099,2383
2100,2101
2100,2104
2101,2102
2101,2105
2102,2106
2103,2104
2103,2387
2104,2105
2104,2388
2105,2106
2105,2107
2105,2110
2105,2390
2106,2108
2107,2108
2107,2111
2108,2109
2108,2112
2109,2113
2110,2111
2110,2393
2111,2112
2111,2394
2112,2113
2112,2114
2112,2395
2113,2115
2114,2115
2114,2118
2114,2396
2115,2116
2115,2119
2116,2117
2116,2120
2117,2121
2118,2119
2118,2400
2119,2120
2119,2401
2120,2121
2120,2124
2120,2403
2121,2122
2121,2125
2122,2123
2122,2127
2123,2128
2124,2125
2124,2126
2124,2406
2125,2127
2126,2127
2126,2407
2127,2128
2127,2129
2127,2408
2128,2130
2129,2130
2129,2134
2129,2409
2130,2131
2130,2132
2130,2135
2131,2133
2132,2133
2132,2136
2133,2137
2134,2135
2134,2413
2135,2136
2135,2414
2136,2137
2136,2140
2136,2416
2137,2138
2137,2141
2138,2139
2138,2142
2139,2143
2140,2141
2140,2419
2141,2142
2141,2420
2142,2143
2142,2144
2142,2422
2143,2145
2144,2145
2144,2148
2144,2423
2145,2146
2145,2149
2146,2147
2146,2150
2147,2152
2148,2149
2148,2426
2149,2150
2149,2151
2149,2427
2150,2152
2151,2152
2151,2155
2151,2428
2152,2153
2152,2156
2153,2154
2153,2157
2154,2158
2155,2156
2155,2432
2156,2157
2156,2433
2157,2158
2157,2161
2157,2435
2158,2159
2158,2162
2159,2160
2159,2164
2160,2165
2161,2162
2161,2163
2161,2438
2162,2164
2163,2164
2163,2439
2164,2165
2164,2166
2164,2440
2165,2167
2166,2167
2166,2171
2166,2441
2167,2168
2167,2169
2167,2172
2168,2170
2169,2170
2169,2173
2170,2174
2171,2172
2171,2445
2172,2173
2172,2446
2173,2174
2173,2177
2173,2448
2174,2175
2174,2178
2175,2176
2175,2179
2176,2180
2177,2178
2177,2451
2178,2179
2178,2452
2179,2180
2179,2181
2179,2454
2180,2182
2181,2182
2181,2185
2181,2455
2182,2183
2182,2186
2183,2184
2183,2187
2184,2189
2185,2186
2185,2458
2186,2187
2186,2188
2186,2459
2187,2189
2188,2189
2188,2192
2188,2460
2189,2190
2189,2193
2190,2191
2190,2194
2191,2195
2192,2193
2192,2464
2193,2194
2193,2465
2194,2195
2194,2196
2194,2199
2194,2467
2195,2197
2196,2197
2196,2200
2197,2198
2197,2201
2198,2202
2199,2200
2199,2470
2200,2201
2200,2471
2201,2202
2201,2203
2201,2472
2202,2204
2203,2204
2203,2208
2203,2473
2204,2205
2204,2206
2204,2209
2205,2207
2206,2207
2206,2210
2207,2211
2208,2209
2208,2477
2209,2210
2209,2478
2210,2211
2210,2214
2210,2480
2211,2212
2211,2215
2212,2213
2212,2216
2213,2217
2214,2215
2214,2483
2215,2216
2215,2484
2216,2217
2216,2218
2216,2486
2217,2219
2218,2219
2218,2223
2218,2487
2219,2220
2219,2221
2219,2224
2220,2222
2221,2222
2221,2225
2222,2226
2223,2224
2223,2490
2224,2225
2224,2491
2225,2226
2225,2229
2225,2493
2226,2227
2226,2230
2227,2228
2227,2231
2228,2232
2229,2230
2229,2496
2230,2231
2230,2497
2231,2232
2231,2233
2231,2499
2232,2234
2233,2234
2233,2237
2233,2500
2234,2235
2234,2238
2235,2236
2235,2239
2236,2241
2237,2238
2237,2503
2238,2239
2238,2240
2238,2504
2239,2241
2240,2241
2240,2244
2240,2505
2241,2242
2241,2245
2242,2243
2242,2246
2243,2247
2244,2245
2244,2509
2245,2246
2245,2510
2246,2247
2246,2250
2246,2512
2247,2248
2247,2251
2248,2249
2248,2253
2249,2254
2250,2251
2250,2252
2250,2515
2251,2253
2252,2253
2252,2516
2253,2254
2253,2255
2253,2517
2254,2256
2255,2256
2255,2260
2255,2518
2256,2257
2256,2258
2256,2261
2257,2259
2258,2259
2258,2262
2259,2263
2260,2261
2260,2522
2261,2262
2261,2523
2262,2263
2262,2266
2262,2525
2263,2264
2263,2267
2264,2265
2264,2268
2265,2269
2266,2267
2266,2528
2267,2268
2267,2529
2268,2269
2268,2270
2268,2531
2269,2271
2270,2271
2270,2274
2270,2532
2271,2272
2271,2275
2272,2273
2272,2276
2273,2278
2274,2275
2274,2535
2275,2276
2275,2277
2275,2536
2276,2278
2277,2278
2277,2281
2277,2537
2278,2279
2278,2282
2279,2280
2279,2283
2280,2284
2281,2282
2281,2541
2282,2283
2282,2542
2283,2284
2283,2285
2283,2288
2283,2544
2284,2286
2285,2286
2285,2289
2286,2287
2286,2290
2287,2291
2288,2289
2288,2547
2289,2290
2289,2548
2290,2291
2290,2292
2290,2549
2291,2293
2292,2293
2292,2297
2292,2550
2293,2294
2293,2295
2293,2298
2294,2296
2295,2296
2295,2299
2296,2300
2297,2298
2297,2554
2298,2299
2298,2555
2299,2300
2299,2303
2299,2557
2300,2301
2300,2304
2301,2302
2301,2305
2302,2306
2303,2304
2303,2560
2304,2305
2304,2561
2305,2306
2305,2307
2305,2563
2306,2308
2307,2308
2307,2311
2307,2564
2308,2309
2308,2312
2309,2310
2309,2313
2310,2315
2311,2312
2311,2567
2312,2313
2312,2314
2312,2568
2313,2315
2314,2315
2314,2318
2314,2569
2315,2316
2315,2319
2316,2317
2316,2320
2317,2321
2318,2319
2318,2573
2319,2320
2319,2574
2320,2321
2320,2322
2320,2576
2321,2323
2322,2323
2322,2326
2322,2577
2323,2324
2323,2327
2324,2325
2324,2328
2325,2330
2326,2327
2326,2580
2327,2328
2327,2329
2327,2581
2328,2330
2329,2330
2329,2333
2329,2582
2330,2331
2330,2334
2331,2332
2331,2335
2332,2336
2333,2334
2333,2586
2334,2335
2334,2587
2335,2336
2335,2339
2335,2589
2336,2337
2336,2340
2337,2338
2337,2342
2338,2343
2339,2340
2339,2341
2339,2592
2340,2342
2341,2342
2341,2593
2342,2343
2342,2344
2342,2594
2343,2345
2344,2345
2344,2349
2344,2595
2345,2346
2345,2347
2345,2350
2346,2348
2347,2348
2347,2351
2348,2352
2349,2350
2349,2599
2350,2351
2350,2600
2351,2352
2351,2355
2351,2602
2352,2353
2352,2356
2353,2354
2353,2357
2354,2358
2355,2356
2355,2605
2356,2357
2356,2606
2357,2358
2357,2359
2357,2608
2358,2360
2359,2360
2359,2361
2359,2609
2360,2362
2361,2362
2361,2612
2362,2363
2362,2613
2363,2364
2363,2614
2364,2618
2365,2366
2365,2367
2365,2624
2366,2368
2367,2368
2367,2625
2368,2369
2368,2370
2368,2372
2368,2626
2369,2371
2370,2371
2370,2373
2371,2374
2372,2373
2372,2629
2373,2374
2373,2631
2374,2375
2374,2376
2374,2632
2375,2377
2376,2377
2376,2379
2376,2633
2377,2378
2377,2380
2378,2381
2379,2380
2379,2637
2380,2381
2380,2638
2381,2382
2381,2384
2381,2640
2382,2383
2382,2385
2383,2387
2384,2385
2384,2386
2384,2643
2385,2387
2386,2387
2386,2644
2387,2388
2387,2389
2387,2391
2387,2645
2388,2390
2389,2390
2389,2392
2390,2393
2391,2392
2391,2648
2392,2393
2392,2650
2393,2394
2393,2651
2394,2395
2394,2397
2394,2653
2395,2396
2395,2398
2396,2400
2397,2398
2397,2399
2397,2656
2398,2400
2399,2400
2399,2657
2400,2401
2400,2402
2400,2404
2400,2658
2401,2403
2402,2403
2402,2405
2403,2406
2404,2405
2404,2661
2405,2406
2405,2663
2406,2407
2406,2664
2407,2408
2407,2410
2407,2665
2408,2409
2408,2411
2409,2413
2410,2411
2410,2412
2410,2669
2411,2413
2412,2413
2412,2670
2413,2414
2413,2415
2413,2417
2413,2671
2414,2416
2415,2416
2415,2418
2416,2419
2417,2418
2417,2674
2418,2419
2418,2676
2419,2420
2419,2421
2419,2677
2420,2422
2421,2422
2421,2424
2421,2678
2422,2423
2422,2425
2423,2426
2424,2425
2424,2682
2425,2426
2425,2683
2426,2427
2426,2429
2426,2685
2427,2428
2427,2430
2428,2432
2429,2430
2429,2431
2429,2688
2430,2432
2431,2432
2431,2689
2432,2433
2432,2434
2432,2436
2432,2690
2433,2435
2434,2435
2434,2437
2435,2438
2436,2437
2436,2693
2437,2438
2437,2695
2438,2439
2438,2696
2439,2440
2439,2442
2439,2697
2440,2441
2440,2443
2441,2445
2442,2443
2442,2444
2442,2701
2443,2445
2444,2445
2444,2702
2445,2446
2445,2447
2445,2449
2445,2703
2446,2448
2447,2448
2447,2450
2448,2451
2449,2450
2449,2706
2450,2451
2450,2708
2451,2452
2451,2453
2451,2709
2452,2454
2453,2454
2453,2456
2453,2710
2454,2455
2454,2457
2455,2458
2456,2457
2456,2714
2457,2458
2457,2715
2458,2459
2458,2461
2458,2717
2459,2460
2459,2462
2460,2464
2461,2462
2461,2463
2461,2720
2462,2464
2463,2464
2463,2721
2464,2465
2464,2466
2464,2468
2464,2722
2465,2467
2466,2467
2466,2469
2467,2470
2468,2469
2468,2725
2469,2470
2469,2727
2470,2471
2470,2728
2471,2472
2471,2474
2471,2730
2472,2473
2472,2475
2473,2477
2474,2475
2474,2476
2474,2733
2475,2477
2476,2477
2476,2734
2477,2478
2477,2479
2477,2481
2477,2735
2478,2480
2479,2480
2479,2482
2480,2483
2481,2482
2481,2738
2482,2483
2482,2740
2483,2484
2483,2485
2483,2741
2484,2486
2485,2486
2485,2488
2485,2742
2486,2487
2486,2489
2487,2490
2488,2489
2488,2746
2489,2490
2489,2747
2490,2491
2490,2492
2490,2494
2490,2749
2491,2493
2492,2493
2492,2495
2493,2496
2494,2495
2494,2752
2495,2496
2495,2753
2496,2497
2496,2498
2496,2754
2497,2499
2498,2499
2498,2501
2498,2755
2499,2500
2499,2502
2500,2503
2501,2502
2501,2759
2502,2503
2502,2760
2503,2504
2503,2506
2503,2762
2504,2505
2504,2507
2505,2509
2506,2507
2506,2508
2506,2765
2507,2509
2508,2509
2508,2766
2509,2510
2509,2511
2509,2513
2509,2767
2510,2512
2511,2512
2511,2514
2512,2515
2513,2514
2513,2770
2514,2515
2514,2772
2515,2516
2515,2773
2516,2517
2516,2519
2516,2774
2517,2518
2517,2520
2518,2522
2519,2520
2519,2521
2519,2778
2520,2522
2521,2522
2521,2779
2522,2523
2522,2524
2522,2526
2522,2780
2523,2525
2524,2525
2524,2527
2525,2528
2526,2527
2526,2783
2527,2528
2527,2785
2528,2529
2528,2530
2528,2786
2529,2531
2530,2531
2530,2533
2530,2787
2531,2532
2531,2534
2532,2535
2533,2534
2533,2791
2534,2535
2534,2792
2535,2536
2535,2538
2535,2794
2536,2537
2536,2539
2537,2541
2538,2539
2538,2540
2538,2797
2539,2541
2540,2541
2540,2798
2541,2542
2541,2543
2541,2545
2541,2799
2542,2544
2543,2544
2543,2546
2544,2547
2545,2546
2545,2802
2546,2547
2546,2804
2547,2548
2547,2805
2548,2549
2548,2551
2548,2807
2549,2550
2549,2552
2550,2554
2551,2552
2551,2553
2551,2810
2552,2554
2553,2554
2553,2811
2554,2555
2554,2556
2554,2558
2554,2812
2555,2557
2556,2557
2556,2559
2557,2560
2558,2559
2558,2815
2559,2560
2559,2817
2560,2561
2560,2562
2560,2818
2561,2563
2562,2563
2562,2565
2562,2819
2563,2564
2563,2566
2564,2567
2565,2566
2565,2823
2566,2567
2566,2824
2567,2568
2567,2570
2567,2826
2568,2569
2568,2571
2569,2573
2570,2571
2570,2572
2570,2829
2571,2573
2572,2573
2572,2830
2573,2574
2573,2575
2573,2831
2574,2576
2575,2576
2575,2578
2575,2832
2576,2577
2576,2579
2577,2580
2578,2579
2578,2836
2579,2580
2579,2837
2580,2581
2580,2583
2580,2839
2581,2582
2581,2584
2582,2586
2583,2584
2583,2585
2583,2842
2584,2586
2585,2586
2585,2843
2586,2587
2586,2588
2586,2590
2586,2844
2587,2589
2588,2589
2588,2591
2589,2592
2590,2591
2590,2847
2591,2592
2591,2849
2592,2593
2592,2850
2593,2594
2593,2596
2593,2851
2594,2595
2594,2597
2595,2599
2596,2597
2596,2598
2596,2855
2597,2599
2598,2599
2598,2856
2599,2600
2599,2601
2599,2603
2599,2857
2600,2602
2601,2602
2601,2604
2602,2605
2603,2604
2603,2860
2604,2605
2604,2862
2605,2606
2605,2607
2605,2863
2606,2608
2607,2608
2607,2610
2607,2864
2608,2609
2608,2611
2609,2612
2610,2611
2610,2868
2611,2612
2611,2869
2612,2613
2612,2615
2612,2871
2613,2614
2613,2616
2614,2618
2615,2616
2615,2617
2615,2874
2616,2618
2617,2618
2617,2875
2618,2619
2618,2620
2618,2876
2619,2621
2620,2621
2620,2879
2621,2881
2622,2623
2622,2887
2623,2624
2623,2889
2624,2625
2624,2627
2624,2890
2625,2626
2625,2628
2626,2629
2627,2628
2627,2894
2628,2629
2628,2630
2628,2896
2629,2631
2630,2631
2630,2897
2631,2632
2631,2634
2631,2898
2632,2633
2632,2635
2633,2637
2634,2635
2634,2636
2634,2902
2635,2637
2636,2637
2636,2903
2637,2638
2637,2639
2637,2641
2637,2904
2638,2640
2639,2640
2639,2642
2640,2643
2641,2642
2641,2909
2642,2643
2642,2911
2643,2644
2643,2646
2643,2912
2644,2645
2644,2647
2645,2648
2646,2647
2646,2916
2647,2648
2647,2649
2647,2918
2648,2650
2649,2650
2649,2919
2650,2651
2650,2652
2650,2654
2650,2920
2651,2653
2652,2653
2652,2655
2653,2656
2654,2655
2654,2924
2655,2656
2655,2926
2656,2657
2656,2659
2656,2927
2657,2658
2657,2660
2658,2661
2659,2660
2659,2931
2660,2661
2660,2662
2660,2933
2661,2663
2662,2663
2662,2934
2663,2664
2663,2666
2663,2935
2664,2665
2664,2667
2665,2669
2666,2667
2666,2668
2666,2939
2667,2669
2668,2669
2668,2940
2669,2670
2669,2672
2669,2941
2670,2671
2670,2673
2671,2674
2672,2673
2672,2946
2673,2674
2673,2675
2673,2948
2674,2676
2675,2676
2675,2949
2676,2677
2676,2679
2676,2950
2677,2678
2677,2680
2678,2682
2679,2680
2679,2681
2679,2954
2680,2682
2681,2682
2681,2955
2682,2683
2682,2684
2682,2686
2682,2956
2683,2685
2684,2685
2684,2687
2685,2688
2686,2687
2686,2961
2687,2688
2687,2963
2688,2689
2688,2691
2688,2964
2689,2690
2689,2692
2690,2693
2691,2692
2691,2968
2692,2693
2692,2694
2692,2970
2693,2695
2694,2695
2694,2971
2695,2696
2695,2698
2695,2972
2696,2697
2696,2699
2697,2701
2698,2699
2698,2700
2698,2976
2699,2701
2700,2701
2700,2977
2701,2702
2701,2704
2701,2978
2702,2703
2702,2705
2703,2706
2704,2705
2704,2983
2705,2706
2705,2707
2705,2985
2706,2708
2707,2708
2707,2986
2708,2709
2708,2711
2708,2987
2709,2710
2709,2712
2710,2714
2711,2712
2711,2713
2711,2991
2712,2714
2713,2714
2713,2992
2714,2715
2714,2716
2714,2718
2714,2993
2715,2717
2716,2717
2716,2719
2717,2720
2718,2719
2718,2998
2719,2720
2719,3000
2720,2721
2720,2723
2720,3001
2721,2722
2721,2724
2722,2725
2723,2724
2723,3005
2724,2725
2724,2726
2724,3007
2725,2727
2726,2727
2726,3008
2727,2728
2727,2729
2727,2731
2727,3009
2728,2730
2729,2730
2729,2732
2730,2733
2731,2732
2731,3013
2732,2733
2732,3015
2733,2734
2733,2736
2733,3016
2734,2735
2734,2737
2735,2738
2736,2737
2736,3020
2737,2738
2737,2739
2737,3022
2738,2740
2739,2740
2739,3023
2740,2741
2740,2743
2740,3024
2741,2742
2741,2744
2742,2746
2743,2744
2743,2745
2743,3028
2744,2746
2745,2746
2745,3029
2746,2747
2746,2748
2746,2750
2746,3030
2747,2749
2748,2749
2748,2751
2749,2752
2750,2751
2750,3035
2751,2752
2751,3037
2752,2753
2752,3038
2753,2754
2753,2756
2753,3040
2754,2755
2754,2757
2755,2759
2756,2757
2756,2758
2756,3044
2757,2759
2758,2759
2758,3045
2759,2760
2759,2761
2759,2763
2759,3046
2760,2762
2761,2762
2761,2764
2762,2765
2763,2764
2763,3050
2764,2765
2764,3052
2765,2766
2765,2768
2765,3053
2766,2767
2766,2769
2767,2770
2768,2769
2768,3057
2769,2770
2769,2771
2769,3059
2770,2772
2771,2772
2771,3060
2772,2773
2772,2775
2772,3061
2773,2774
2773,2776
2774,2778
2775,2776
2775,2777
2775,3065
2776,2778
2777,2778
2777,3066
2778,2779
2778,2781
2778,3067
2779,2780
2779,2782
2780,2783
2781,2782
2781,3072
2782,2783
2782,2784
2782,3074
2783,2785
2784,2785
2784,3075
2785,2786
2785,2788
2785,3076
2786,2787
2786,2789
2787,2791
2788,2789
2788,2790
2788,3080
2789,2791
2790,2791
2790,3081
2791,2792
2791,2793
2791,2795
2791,3082
2792,2794
2793,2794
2793,2796
2794,2797
2795,2796
2795,3087
2796,2797
2796,3089
2797,2798
2797,2800
2797,3090
2798,2799
2798,2801
2799,2802
2800,2801
2800,3094
2801,2802
2801,2803
2801,3096
2802,2804
2803,2804
2803,3097
2804,2805
2804,2806
2804,2808
2804,3098
2805,2807
2806,2807
2806,2809
2807,2810
2808,2809
2808,3102
2809,2810
2809,3104
2810,2811
2810,2813
2810,3105
2811,2812
2811,2814
2812,2815
2813,2814
2813,3109
2814,2815
2814,2816
2814,3111
2815,2817
2816,2817
2816,3112
2817,2818
2817,2820
2817,3113
2818,2819
2818,2821
2819,2823
2820,2821
2820,2822
2820,3117
2821,2823
2822,2823
2822,3118
2823,2824
2823,2825
2823,2827
2823,3119
2824,2826
2825,2826
2825,2828
2826,2829
2827,2828
2827,3124
2828,2829
2828,3126
2829,2830
2829,3127
2830,2831
2830,2833
2830,3128
2831,2832
2831,2834
2832,2836
2833,2834
2833,2835
2833,3133
2834,2836
2835,2836
2835,3134
2836,2837
2836,2838
2836,2840
2836,3135
2837,2839
2838,2839
2838,2841
2839,2842
2840,2841
2840,3139
2841,2842
2841,3141
2842,2843
2842,2845
2842,3142
2843,2844
2843,2846
2844,2847
2845,2846
2845,3146
2846,2847
2846,2848
2846,3148
2847,2849
2848,2849
2848,3149
2849,2850
2849,2852
2849,3150
2850,2851
2850,2853
2851,2855
2852,2853
2852,2854
2852,3154
2853,2855
2854,2855
2854,3155
2855,2856
2855,2858
2855,3156
2856,2857
2856,2859
2857,2860
2858,2859
2858,3161
2859,2860
2859,2861
2859,3163
2860,2862
2861,2862
2861,3164
2862,2863
2862,2865
2862,3165
2863,2864
2863,2866
2864,2868
2865,2866
2865,2867
2865,3169
2866,2868
2867,2868
2867,3170
2868,2869
2868,2870
2868,2872
2868,3171
2869,2871
2870,2871
2870,2873
2871,2874
2872,2873
2872,3176
2873,2874
2873,3178
2874,2875
2874,2877
2874,3179
2875,2876
2875,2878
2876,2879
2877,2878
2877,3183
2878,2879
2878,2880
2878,3185
2879,2881
2880,2881
2880,3186
2881,2882
2881,3187
2882,2883
2882,3191
2883,3192
2884,2885
2884,3202
2885,2886
2885,3203
2886,2887
2886,2888
2886,2891
2886,3205
2887,2889
2888,2889
2888,2892
2889,2890
2889,2893
2890,2894
2891,2892
2891,3208
2892,2893
2892,3209
2893,2894
2893,2895
2893,3210
2894,2896
2895,2896
2895,2899
2895,3211
2896,2897
2896,2900
2897,2898
2897,2901
2898,2902
2899,2900
2899,3215
2900,2901
2900,3216
2901,2902
2901,2905
2901,3218
2902,2903
2902,2906
2903,2904
2903,2908
2904,2909
2905,2906
2905,2907
2905,3221
2906,2908
2907,2908
2907,3222
2908,2909
2908,2910
2908,2913
2908,3223
2909,2911
2910,2911
2910,2914
2911,2912
2911,2915
2912,2916
2913,2914
2913,3226
2914,2915
2914,3228
2915,2916
2915,2917
2915,3229
2916,2918
2917,2918
2917,2921
2917,3230
2918,2919
2918,2922
2919,2920
2919,2923
2920,2924
2921,2922
2921,3234
2922,2923
2922,3235
2923,2924
2923,2925
2923,2928
2923,3237
2924,2926
2925,2926
2925,2929
2926,2927
2926,2930
2927,2931
2928,2929
2928,3240
2929,2930
2929,3241
2930,2931
2930,2932
2930,3242
2931,2933
2932,2933
2932,2936
2932,3243
2933,2934
2933,2937
2934,2935
2934,2938
2935,2939
2936,2937
2936,3247
2937,2938
2937,3248
2938,2939
2938,2942
2938,3250
2939,2940
2939,2943
2940,2941
2940,2945
2941,2946
2942,2943
2942,2944
2942,3253
2943,2945
2944,2945
2944,3254
2945,2946
2945,2947
2945,3255
2946,2948
2947,2948
2947,2951
2947,3256
2948,2949
2948,2952
2949,2950
2949,2953
2950,2954
2951,2952
2951,3260
2952,2953
2952,3261
2953,2954
2953,2957
2953,3263
2954,2955
2954,2958
2955,2956
2955,2960
2956,2961
2957,2958
2957,2959
2957,3266
2958,2960
2959,2960
2959,3267
2960,2961
2960,2962
2960,2965
2960,3268
2961,2963
2962,2963
2962,2966
2963,2964
2963,2967
2964,2968
2965,2966
2965,3271
2966,2967
2966,3273
2967,2968
2967,2969
2967,3274
2968,2970
2969,2970
2969,2973
2969,3275
2970,2971
2970,2974
2971,2972
2971,2975
2972,2976
2973,2974
2973,3279
2974,2975
2974,3280
2975,2976
2975,2979
2975,3282
2976,2977
2976,2980
2977,2978
2977,2982
2978,2983
2979,2980
2979,2981
2979,3285
2980,2982
2981,2982
2981,3286
2982,2983
2982,2984
2982,3287
2983,2985
2984,2985
2984,2988
2984,3288
2985,2986
2985,2989
2986,2987
2986,2990
2987,2991
2988,2989
2988,3292
2989,2990
2989,3293
2990,2991
2990,2994
2990,3295
2991,2992
2991,2995
2992,2993
2992,2997
2993,2998
2994,2995
2994,2996
2994,3298
2995,2997
2996,2997
2996,3299
2997,2998
2997,2999
2997,3002
2997,3300
2998,3000
2999,3000
2999,3003
3000,3001
3000,3004
3001,3005
3002,3003
3002,3303
3003,3004
3003,3305
3004,3005
3004,3006
3004,3306
3005,3007
3006,3007
3006,3010
3006,3307
3007,3008
3007,3011
3008,3009
3008,3012
3009,3013
3010,3011
3010,3311
3011,3012
3011,3312
3012,3013
3012,3014
3012,3017
3012,3314
3013,3015
3014,3015
3014,3018
3015,3016
3015,3019
3016,3020
3017,3018
3017,3317
3018,3019
3018,3318
3019,3020
3019,3021
3019,3319
3020,3022
3021,3022
3021,3025
3021,3320
3022,3023
3022,3026
3023,3024
3023,3027
3024,3028
3025,3026
3025,3324
3026,3027
3026,3325
3027,3028
3027,3031
3027,3327
3028,3029
3028,3032
3029,3030
3029,3034
3030,3035
3031,3032
3031,3033
3031,3330
3032,3034
3033,3034
3033,3331
3034,3035
3034,3036
3034,3332
3035,3037
3036,3037
3036,3041
3036,3333
3037,3038
3037,3039
3037,3042
3038,3040
3039,3040
3039,3043
3040,3044
3041,3042
3041,3337
3042,3043
3042,3338
3043,3044
3043,3047
3043,3340
3044,3045
3044,3048
3045,3046
3045,3049
3046,3050
3047,3048
3047,3343
3048,3049
3048,3344
3049,3050
3049,3051
3049,3054
3049,3346
3050,3052
3051,3052
3051,3055
3052,3053
3052,3056
3053,3057
3054,3055
3054,3349
3055,3056
3055,3350
3056,3057
3056,3058
3056,3351
3057,3059
3058,3059
3058,3062
3058,3352
3059,3060
3059,3063
3060,3061
3060,3064
3061,3065
3062,3063
3062,3356
3063,3064
3063,3357
3064,3065
3064,3068
3064,3359
3065,3066
3065,3069
3066,3067
3066,3071
3067,3072
3068,3069
3068,3070
3068,3362
3069,3071
3070,3071
3070,3363
3071,3072
3071,3073
3071,3364
3072,3074
3073,3074
3073,3077
3073,3365
3074,3075
3074,3078
3075,3076
3075,3079
3076,3080
3077,3078
3077,3369
3078,3079
3078,3370
3079,3080
3079,3083
3079,3372
3080,3081
3080,3084
3081,3082
3081,3086
3082,3087
3083,3084
3083,3085
3083,3375
3084,3086
3085,3086
3085,3376
3086,3087
3086,3088
3086,3091
3086,3377
3087,3089
3088,3089
3088,3092
3089,3090
3089,3093
3090,3094
3091,3092
3091,3380
3092,3093
3092,3382
3093,3094
3093,3095
3093,3383
3094,3096
3095,3096
3095,3099
3095,3384
3096,3097
3096,3100
3097,3098
3097,3101
3098,3102
3099,3100
3099,3388
3100,3101
3100,3389
3101,3102
3101,3103
3101,3106
3101,3391
3102,3104
3103,3104
3103,3107
3104,3105
3104,3108
3105,3109
3106,3107
3106,3394
3107,3108
3107,3395
3108,3109
3108,3110
3108,3396
3109,3111
3110,3111
3110,3114
3110,3397
3111,3112
3111,3115
3112,3113
3112,3116
3113,3117
3114,3115
3114,3401
3115,3116
3115,3402
3116,3117
3116,3120
3116,3404
3117,3118
3117,3121
3118,3119
3118,3123
3119,3124
3120,3121
3120,3122
3120,3407
3121,3123
3122,3123
3122,3408
3123,3124
3123,3125
3123,3409
3124,3126
3125,3126
3125,3129
3125,3410
3126,3127
3126,3130
3127,3128
3127,3131
3128,3133
3129,3130
3129,3414
3130,3131
3130,3132
3130,3415
3131,3133
3132,3133
3132,3136
3132,3416
3133,3134
3133,3137
3134,3135
3134,3138
3135,3139
3136,3137
3136,3420
3137,3138
3137,3421
3138,3139
3138,3140
3138,3143
3138,3423
3139,3141
3140,3141
3140,3144
3141,3142
3141,3145
3142,3146
3143,3144
3143,3426
3144,3145
3144,3427
3145,3146
3145,3147
3145,3428
3146,3148
3147,3148
3147,3151
3147,3429
3148,3149
3148,3152
3149,3150
3149,3153
3150,3154
3151,3152
3151,3433
3152,3153
3152,3434
3153,3154
3153,3157
3153,3436
3154,3155
3154,3158
3155,3156
3155,3160
3156,3161
3157,3158
3157,3159
3157,3439
3158,3160
3159,3160
3159,3440
3160,3161
3160,3162
3160,3441
3161,3163
3162,3163
3162,3166
3162,3442
3163,3164
3163,3167
3164,3165
3164,3168
3165,3169
3166,3167
3166,3446
3167,3168
3167,3447
3168,3169
3168,3172
3168,3449
3169,3170
3169,3173
3170,3171
3170,3175
3171,3176
3172,3173
3172,3174
3172,3452
3173,3175
3174,3175
3174,3453
3175,3176
3175,3177
3175,3180
3175,3454
3176,3178
3177,3178
3177,3181
3178,3179
3178,3182
3179,3183
3180,3181
3180,3457
3181,3182
3181,3459
3182,3183
3182,3184
3182,3460
3183,3185
3184,3185
3184,3188
3184,3461
3185,3186
3185,3189
3186,3187
3186,3190
3187,3191
3188,3189
3188,3465
3189,3190
3189,3466
3190,3191
3190,3193
3190,3468
3191,3192
3191,3194
3192,3196
3193,3194
3193,3195
3193,3471
3194,3196
3195,3196
3195,3472
3196,3197
3196,3473
3197,3198
3197,3474
3198,3478
3199,3200
3199,3201
3199,3485
3200,3202
3201,3202
3201,3486
3202,3203
3202,3204
3202,3206
3202,3487
3203,3205
3204,3205
3204,3207
3205,3208
3206,3207
3206,3492
3207,3208
3207,3494
3208,3209
3208,3495
3209,3210
3209,3212
3209,3497
3210,3211
3210,3213
3211,3215
3212,3213
3212,3214
3212,3501
3213,3215
3214,3215
3214,3502
3215,3216
3215,3217
3215,3219
3215,3503
3216,3218
3217,3218
3217,3220
3218,3221
3219,3220
3219,3507
3220,3221
3220,3509
3221,3222
3221,3224
3221,3510
3222,3223
3222,3225
3223,3226
3224,3225
3224,3514
3225,3226
3225,3227
3225,3516
3226,3228
3227,3228
3227,3517
3228,3229
3228,3231
3228,3518
3229,3230
3229,3232
3230,3234
3231,3232
3231,3233
3231,3522
3232,3234
3233,3234
3233,3523
3234,3235
3234,3236
3234,3238
3234,3524
3235,3237
3236,3237
3236,3239
3237,3240
3238,3239
3238,3529
3239,3240
3239,3531
3240,3241
3240,3532
3241,3242
3241,3244
3241,3534
3242,3243
3242,3245
3243,3247
3244,3245
3244,3246
3244,3538
3245,3247
3246,3247
3246,3539
3247,3248
3247,3249
3247,3251
3247,3540
3248,3250
3249,3250
3249,3252
3250,3253
3251,3252
3251,3544
3252,3253
3252,3546
3253,3254
3253,3547
3254,3255
3254,3257
3254,3548
3255,3256
3255,3258
3256,3260
3257,3258
3257,3259
3257,3553
3258,3260
3259,3260
3259,3554
3260,3261
3260,3262
3260,3264
3260,3555
3261,3263
3262,3263
3262,3265
3263,3266
3264,3265
3264,3559
3265,3266
3265,3561
3266,3267
3266,3269
3266,3562
3267,3268
3267,3270
3268,3271
3269,3270
3269,3566
3270,3271
3270,3272
3270,3568
3271,3273
3272,3273
3272,3569
3273,3274
3273,3276
3273,3570
3274,3275
3274,3277
3275,3279
3276,3277
3276,3278
3276,3574
3277,3279
3278,3279
3278,3575
3279,3280
3279,3281
3279,3283
3279,3576
3280,3282
3281,3282
3281,3284
3282,3285
3283,3284
3283,3581
3284,3285
3284,3583
3285,3286
3285,3584
3286,3287
3286,3289
3286,3585
3287,3288
3287,3290
3288,3292
3289,3290
3289,3291
3289,3590
3290,3292
3291,3292
3291,3591
3292,3293
3292,3294
3292,3296
3292,3592
3293,3295
3294,3295
3294,3297
3295,3298
3296,3297
3296,3596
3297,3298
3297,3598
3298,3299
3298,3301
3298,3599
3299,3300
3299,3302
3300,3303
3301,3302
3301,3603
3302,3303
3302,3304
3302,3605
3303,3305
3304,3305
3304,3606
3305,3306
3305,3308
3305,3607
3306,3307
3306,3309
3307,3311
3308,3309
3308,3310
3308,3611
3309,3311
3310,3311
3310,3612
3311,3312
3311,3313
3311,3315
3311,3613
3312,3314
3313,3314
3313,3316
3314,3317
3315,3316
3315,3618
3316,3317
3316,3620
3317,3318
3317,3621
3318,3319
3318,3321
3318,3623
3319,3320
3319,3322
3320,3324
3321,3322
3321,3323
3321,3627
3322,3324
3323,3324
3323,3628
3324,3325
3324,3326
3324,3328
3324,3629
3325,3327
3326,3327
3326,3329
3327,3330
3328,3329
3328,3633
3329,3330
3329,3635
3330,3331
3330,3636
3331,3332
3331,3334
3331,3637
3332,3333
3332,3335
3333,3337
3334,3335
3334,3336
3334,3642
3335,3337
3336,3337
3336,3643
3337,3338
3337,3339
3337,3341
3337,3644
3338,3340
3339,3340
3339,3342
3340,3343
3341,3342
3341,3648
3342,3343
3342,3650
3343,3344
3343,3345
3343,3347
3343,3651
3344,3346
3345,3346
3345,3348
3346,3349
3347,3348
3347,3655
3348,3349
3348,3657
3349,3350
3349,3658
3350,3351
3350,3353
3350,3660
3351,3352
3351,3354
3352,3356
3353,3354
3353,3355
3353,3664
3354,3356
3355,3356
3355,3665
3356,3357
3356,3358
3356,3360
3356,3666
3357,3359
3358,3359
3358,3361
3359,3362
3360,3361
3360,3670
3361,3362
3361,3672
3362,3363
3362,3673
3363,3364
3363,3366
3363,3674
3364,3365
3364,3367
3365,3369
3366,3367
3366,3368
3366,3679
3367,3369
3368,3369
3368,3680
3369,3370
3369,3371
3369,3373
3369,3681
3370,3372
3371,3372
3371,3374
3372,3375
3373,3374
3373,3685
3374,3375
3374,3687
3375,3376
3375,3378
3375,3688
3376,3377
3376,3379
3377,3380
3378,3379
3378,3692
3379,3380
3379,3381
3379,3694
3380,3382
3381,3382
3381,3695
3382,3383
3382,3385
3382,3696
3383,3384
3383,3386
3384,3388
3385,3386
3385,3387
3385,3700
3386,3388
3387,3388
3387,3701
3388,3389
3388,3390
3388,3392
3388,3702
3389,3391
3390,3391
3390,3393
3391,3394
3392,3393
3392,3707
3393,3394
3393,3709
3394,3395
3394,3710
3395,3396
3395,3398
3395,3712
3396,3397
3396,3399
3397,3401
3398,3399
3398,3400
3398,3716
3399,3401
3400,3401
3400,3717
3401,3402
3401,3403
3401,3405
3401,3718
3402,3404
3403,3404
3403,3406
3404,3407
3405,3406
3405,3722
3406,3407
3406,3724
3407,3408
3407,3725
3408,3409
3408,3411
3408,3726
3409,3410
3409,3412
3410,3414
3411,3412
3411,3413
3411,3731
3412,3414
3413,3414
3413,3732
3414,3415
3414,3417
3414,3733
3415,3416
3415,3418
3416,3420
3417,3418
3417,3419
3417,3737
3418,3420
3419,3420
3419,3738
3420,3421
3420,3422
3420,3424
3420,3739
3421,3423
3422,3423
3422,3425
3423,3426
3424,3425
3424,3744
3425,3426
3425,3746
3426,3427
3426,3747
3427,3428
3427,3430
3427,3749
3428,3429
3428,3431
3429,3433
3430,3431
3430,3432
3430,3753
3431,3433
3432,3433
3432,3754
3433,3434
3433,3435
3433,3437
3433,3755
3434,3436
3435,3436
3435,3438
3436,3439
3437,3438
3437,3759
3438,3439
3438,3761
3439,3440
3439,3762
3440,3441
3440,3443
3440,3763
3441,3442
3441,3444
3442,3446
3443,3444
3443,3445
3443,3768
3444,3446
3445,3446
3445,3769
3446,3447
3446,3448
3446,3450
3446,3770
3447,3449
3448,3449
3448,3451
3449,3452
3450,3451
3450,3774
3451,3452
3451,3776
3452,3453
3452,3455
3452,3777
3453,3454
3453,3456
3454,3457
3455,3456
3455,3781
3456,3457
3456,3458
3456,3783
3457,3459
3458,3459
3458,3784
3459,3460
3459,3462
3459,3785
3460,3461
3460,3463
3461,3465
3462,3463
3462,3464
3462,3789
3463,3465
3464,3465
3464,3790
3465,3466
3465,3467
3465,3469
3465,3791
3466,3468
3467,3468
3467,3470
3468,3471
3469,3470
3469,3796
3470,3471
3470,3798
3471,3472
3471,3799
3472,3473
3472,3475
3472,3800
3473,3474
3473,3476
3474,3478
3475,3476
3475,3477
3475,3805
3476,3478
3477,3478
3477,3806
3478,3479
3478,3480
3478,3807
3479,3481
3480,3481
3480,3811
3481,3813
3482,3483
3482,3822
3483,3484
3483,3823
3484,3485
3484,3488
3484,3825
3485,3486
3485,3489
3486,3487
3486,3491
3487,3492
3488,3489
3488,3490
3488,3828
3489,3491
3490,3491
3490,3829
3491,3492
3491,3493
3491,3830
3492,3494
3493,3494
3493,3498
3493,3831
3494,3495
3494,3496
3494,3499
3495,3497
3496,3497
3496,3500
3497,3501
3498,3499
3498,3835
3499,3500
3499,3836
3500,3501
3500,3504
3500,3838
3501,3502
3501,3505
3502,3503
3502,3506
3503,3507
3504,3505
3504,3841
3505,3506
3505,3842
3506,3507
3506,3508
3506,3511
3506,3844
3507,3509
3508,3509
3508,3512
3509,3510
3509,3513
3510,3514
3511,3512
3511,3847
3512,3513
3512,3848
3513,3514
3513,3515
3513,3849
3514,3516
3515,3516
3515,3519
3515,3850
3516,3517
3516,3520
3517,3518
3517,3521
3518,3522
3519,3520
3519,3854
3520,3521
3520,3855
3521,3522
3521,3525
3521,3857
3522,3523
3522,3526
3523,3524
3523,3528
3524,3529
3525,3526
3525,3527
3525,3860
3526,3528
3527,3528
3527,3861
3528,3529
3528,3530
3528,3862
3529,3531
3530,3531
3530,3535
3530,3863
3531,3532
3531,3533
3531,3536
3532,3534
3533,3534
3533,3537
3534,3538
3535,3536
3535,3867
3536,3537
3536,3868
3537,3538
3537,3541
3537,3870
3538,3539
3538,3542
3539,3540
3539,3543
3540,3544
3541,3542
3541,3873
3542,3543
3542,3874
3543,3544
3543,3545
3543,3876
3544,3546
3545,3546
3545,3549
3545,3877
3546,3547
3546,3550
3547,3548
3547,3551
3548,3553
3549,3550
3549,3880
3550,3551
3550,3552
3550,3881
3551,3553
3552,3553
3552,3556
3552,3882
3553,3554
3553,3557
3554,3555
3554,3558
3555,3559
3556,3557
3556,3886
3557,3558
3557,3887
3558,3559
3558,3560
3558,3563
3558,3889
3559,3561
3560,3561
3560,3564
3561,3562
3561,3565
3562,3566
3563,3564
3563,3892
3564,3565
3564,3893
3565,3566
3565,3567
3565,3894
3566,3568
3567,3568
3567,3571
3567,3895
3568,3569
3568,3572
3569,3570
3569,3573
3570,3574
3571,3572
3571,3899
3572,3573
3572,3900
3573,3574
3573,3577
3573,3902
3574,3575
3574,3578
3575,3576
3575,3580
3576,3581
3577,3578
3577,3579
3577,3905
3578,3580
3579,3580
3579,3906
3580,3581
3580,3582
3580,3907
3581,3583
3582,3583
3582,3586
3582,3908
3583,3584
3583,3587
3584,3585
3584,3588
3585,3590
3586,3587
3586,3912
3587,3588
3587,3589
3587,3913
3588,3590
3589,3590
3589,3593
3589,3914
3590,3591
3590,3594
3591,3592
3591,3595
3592,3596
3593,3594
3593,3918
3594,3595
3594,3919
3595,3596
3595,3597
3595,3600
3595,3921
3596,3598
3597,3598
3597,3601
3598,3599
3598,3602
3599,3603
3600,3601
3600,3924
3601,3602
3601,3925
3602,3603
3602,3604
3602,3926
3603,3605
3604,3605
3604,3608
3604,3927
3605,3606
3605,3609
3606,3607
3606,3610
3607,3611
3608,3609
3608,3931
3609,3610
3609,3932
3610,3611
3610,3614
3610,3934
3611,3612
3611,3615
3612,3613
3612,3617
3613,3618
3614,3615
3614,3616
3614,3937
3615,3617
3616,3617
3616,3938
3617,3618
3617,3619
3617,3939
3618,3620
3619,3620
3619,3624
3619,3940
3620,3621
3620,3622
3620,3625
3621,3623
3622,3623
3622,3626
3623,3627
3624,3625
3624,3944
3625,3626
3625,3945
3626,3627
3626,3630
3626,3947
3627,3628
3627,3631
3628,3629
3628,3632
3629,3633
3630,3631
3630,3950
3631,3632
3631,3951
3632,3633
3632,3634
3632,3953
3633,3635
3634,3635
3634,3638
3634,3954
3635,3636
3635,3639
3636,3637
3636,3640
3637,3642
3638,3639
3638,3957
3639,3640
3639,3641
3639,3958
3640,3642
3641,3642
3641,3645
3641,3959
3642,3643
3642,3646
3643,3644
3643,3647
3644,3648
3645,3646
3645,3963
3646,3647
3646,3964
3647,3648
3647,3649
3647,3652
3647,3966
3648,3650
3649,3650
3649,3653
3650,3651
3650,3654
3651,3655
3652,3653
3652,3969
3653,3654
3653,3970
3654,3655
3654,3656
3654,3971
3655,3657
3656,3657
3656,3661
3656,3972
3657,3658
3657,3659
3657,3662
3658,3660
3659,3660
3659,3663
3660,3664
3661,3662
3661,3976
3662,3663
3662,3977
3663,3664
3663,3667
3663,3979
3664,3665
3664,3668
3665,3666
3665,3669
3666,3670
3667,3668
3667,3982
3668,3669
3668,3983
3669,3670
3669,3671
3669,3985
3670,3672
3671,3672
3671,3675
3671,3986
3672,3673
3672,3676
3673,3674
3673,3677
3674,3679
3675,3676
3675,3989
3676,3677
3676,3678
3676,3990
3677,3679
3678,3679
3678,3682
3678,3991
3679,3680
3679,3683
3680,3681
3680,3684
3681,3685
3682,3683
3682,3995
3683,3684
3683,3996
3684,3685
3684,3686
3684,3689
3684,3998
3685,3687
3686,3687
3686,3690
3687,3688
3687,3691
3688,3692
3689,3690
3689,4001
3690,3691
3690,4002
3691,3692
3691,3693
3691,4003
3692,3694
3693,3694
3693,3697
3693,4004
3694,3695
3694,3698
3695,3696
3695,3699
3696,3700
3697,3698
3697,4008
3698,3699
3698,4009
3699,3700
3699,3703
3699,4011
3700,3701
3700,3704
3701,3702
3701,3706
3702,3707
3703,3704
3703,3705
3703,4014
3704,3706
3705,3706
3705,4015
3706,3707
3706,3708
3706,4016
3707,3709
3708,3709
3708,3713
3708,4017
3709,3710
3709,3711
3709,3714
3710,3712
3711,3712
3711,3715
3712,3716
3713,3714
3713,4021
3714,3715
3714,4022
3715,3716
3715,3719
3715,4024
3716,3717
3716,3720
3717,3718
3717,3721
3718,3722
3719,3720
3719,4027
3720,3721
3720,4028
3721,3722
3721,3723
3721,4030
3722,3724
3723,3724
3723,3727
3723,4031
3724,3725
3724,3728
3725,3726
3725,3729
3726,3731
3727,3728
3727,4034
3728,3729
3728,3730
3728,4035
3729,3731
3730,3731
3730,3734
3730,4036
3731,3732
3731,3735
3732,3733
3732,3736
3733,3737
3734,3735
3734,4040
3735,3736
3735,4041
3736,3737
3736,3740
3736,4043
3737,3738
3737,3741
3738,3739
3738,3743
3739,3744
3740,3741
3740,3742
3740,4046
3741,3743
3742,3743
3742,4047
3743,3744
3743,3745
3743,4048
3744,3746
3745,3746
3745,3750
3745,4049
3746,3747
3746,3748
3746,3751
3747,3749
3748,3749
3748,3752
3749,3753
3750,3751
3750,4053
3751,3752
3751,4054
3752,3753
3752,3756
3752,4056
3753,3754
3753,3757
3754,3755
3754,3758
3755,3759
3756,3757
3756,4059
3757,3758
3757,4060
3758,3759
3758,3760
3758,4062
3759,3761
3760,3761
3760,3764
3760,4063
3761,3762
3761,3765
3762,3763
3762,3766
3763,3768
3764,3765
3764,4066
3765,3766
3765,3767
3765,4067
3766,3768
3767,3768
3767,3771
3767,4068
3768,3769
3768,3772
3769,3770
3769,3773
3770,3774
3771,3772
3771,4072
3772,3773
3772,4073
3773,3774
3773,3775
3773,3778
3773,4075
3774,3776
3775,3776
3775,3779
3776,3777
3776,3780
3777,3781
3778,3779
3778,4078
3779,3780
3779,4079
3780,3781
3780,3782
3780,4080
3781,3783
3782,3783
3782,3786
3782,4081
3783,3784
3783,3787
3784,3785
3784,3788
3785,3789
3786,3787
3786,4085
3787,3788
3787,4086
3788,3789
3788,3792
3788,4088
3789,3790
3789,3793
3790,3791
3790,3795
3791,3796
3792,3793
3792,3794
3792,4091
3793,3795
3794,3795
3794,4092
3795,3796
3795,3797
3795,4093
3796,3798
3797,3798
3797,3801
3797,4094
3798,3799
3798,3802
3799,3800
3799,3803
3800,3805
3801,3802
3801,4098
3802,3803
3802,3804
3802,4099
3803,3805
3804,3805
3804,3808
3804,4100
3805,3806
3805,3809
3806,3807
3806,3810
3807,3811
3808,3809
3808,4104
3809,3810
3809,4105
3810,3811
3810,3812
3810,3814
3810,4107
3811,3813
3812,3813
3812,3815
3813,3816
3814,3815
3814,4110
3815,3816
3815,4111
3816,3817
3816,4112
3817,3818
3817,4113
3818,4117
3819,3820
3819,3821
3819,4124
3820,3822
3821,3822
3821,4125
3822,3823
3822,3824
3822,3826
3822,4126
3823,3825
3824,3825
3824,3827
3825,3828
3826,3827
3826,4130
3827,3828
3827,4132
3828,3829
3828,4133
3829,3830
3829,3832
3829,4134
3830,3831
3830,3833
3831,3835
3832,3833
3832,3834
3832,4139
3833,3835
3834,3835
3834,4140
3835,3836
3835,3837
3835,3839
3835,4141
3836,3838
3837,3838
3837,3840
3838,3841
3839,3840
3839,4145
3840,3841
3840,4147
3841,3842
3841,3843
3841,3845
3841,4148
3842,3844
3843,3844
3843,3846
3844,3847
3845,3846
3845,4152
3846,3847
3846,4154
3847,3848
3847,4155
3848,3849
3848,3851
3848,4157
3849,3850
3849,3852
3850,3854
3851,3852
3851,3853
3851,4161
3852,3854
3853,3854
3853,4162
3854,3855
3854,3856
3854,3858
3854,4163
3855,3857
3856,3857
3856,3859
3857,3860
3858,3859
3858,4167
3859,3860
3859,4169
3860,3861
3860,4170
3861,3862
3861,3864
3861,4171
3862,3863
3862,3865
3863,3867
3864,3865
3864,3866
3864,4176
3865,3867
3866,3867
3866,4177
3867,3868
3867,3869
3867,3871
3867,4178
3868,3870
3869,3870
3869,3872
3870,3873
3871,3872
3871,4182
3872,3873
3872,4184
3873,3874
3873,3875
3873,4185
3874,3876
3875,3876
3875,3878
3875,4186
3876,3877
3876,3879
3877,3880
3878,3879
3878,4191
3879,3880
3879,4192
3880,3881
3880,3883
3880,4194
3881,3882
3881,3884
3882,3886
3883,3884
3883,3885
3883,4198
3884,3886
3885,3886
3885,4199
3886,3887
3886,3888
3886,3890
3886,4200
3887,3889
3888,3889
3888,3891
3889,3892
3890,3891
3890,4204
3891,3892
3891,4206
3892,3893
3892,4207
3893,3894
3893,3896
3893,4209
3894,3895
3894,3897
3895,3899
3896,3897
3896,3898
3896,4213
3897,3899
3898,3899
3898,4214
3899,3900
3899,3901
3899,3903
3899,4215
3900,3902
3901,3902
3901,3904
3902,3905
3903,3904
3903,4219
3904,3905
3904,4221
3905,3906
3905,4222
3906,3907
3906,3909
3906,4223
3907,3908
3907,3910
3908,3912
3909,3910
3909,3911
3909,4228
3910,3912
3911,3912
3911,4229
3912,3913
3912,3915
3912,4230
3913,3914
3913,3916
3914,3918
3915,3916
3915,3917
3915,4234
3916,3918
3917,3918
3917,4235
3918,3919
3918,3920
3918,3922
3918,4236
3919,3921
3920,3921
3920,3923
3921,3924
3922,3923
3922,4241
3923,3924
3923,4243
3924,3925
3924,4244
3925,3926
3925,3928
3925,4246
3926,3927
3926,3929
3927,3931
3928,3929
3928,3930
3928,4250
3929,3931
3930,3931
3930,4251
3931,3932
3931,3933
3931,3935
3931,4252
3932,3934
3933,3934
3933,3936
3934,3937
3935,3936
3935,4256
3936,3937
3936,4258
3937,3938
3937,4259
3938,3939
3938,3941
3938,4260
3939,3940
3939,3942
3940,3944
3941,3942
3941,3943
3941,4265
3942,3944
3943,3944
3943,4266
3944,3945
3944,3946
3944,3948
3944,4267
3945,3947
3946,3947
3946,3949
3947,3950
3948,3949
3948,4271
3949,3950
3949,4273
3950,3951
3950,3952
3950,4274
3951,3953
3952,3953
3952,3955
3952,4275
3953,3954
3953,3956
3954,3957
3955,3956
3955,4280
3956,3957
3956,4281
3957,3958
3957,3960
3957,4283
3958,3959
3958,3961
3959,3963
3960,3961
3960,3962
3960,4287
3961,3963
3962,3963
3962,4288
3963,3964
3963,3965
3963,3967
3963,4289
3964,3966
3965,3966
3965,3968
3966,3969
3967,3968
3967,4293
3968,3969
3968,4295
3969,3970
3969,4296
3970,3971
3970,3973
3970,4298
3971,3972
3971,3974
3972,3976
3973,3974
3973,3975
3973,4302
3974,3976
3975,3976
3975,4303
3976,3977
3976,3978
3976,3980
3976,4304
3977,3979
3978,3979
3978,3981
3979,3982
3980,3981
3980,4308
3981,3982
3981,4310
3982,3983
3982,3984
3982,4311
3983,3985
3984,3985
3984,3987
3984,4312
3985,3986
3985,3988
3986,3989
3987,3988
3987,4317
3988,3989
3988,4318
3989,3990
3989,3992
3989,4320
3990,3991
3990,3993
3991,3995
3992,3993
3992,3994
3992,4324
3993,3995
3994,3995
3994,4325
3995,3996
3995,3997
3995,3999
3995,4326
3996,3998
3997,3998
3997,4000
3998,4001
3999,4000
3999,4330
4000,4001
4000,4332
4001,4002
4001,4333
4002,4003
4002,4005
4002,4335
4003,4004
4003,4006
4004,4008
4005,4006
4005,4007
4005,4339
4006,4008
4007,4008
4007,4340
4008,4009
4008,4010
4008,4012
4008,4341
4009,4011
4010,4011
4010,4013
4011,4014
4012,4013
4012,4345
4013,4014
4013,4347
4014,4015
4014,4348
4015,4016
4015,4018
4015,4349
4016,4017
4016,4019
4017,4021
4018,4019
4018,4020
4018,4354
4019,4021
4020,4021
4020,4355
4021,4022
4021,4023
4021,4025
4021,4356
4022,4024
4023,4024
4023,4026
4024,4027
4025,4026
4025,4360
4026,4027
4026,4362
4027,4028
4027,4029
4027,4363
4028,4030
4029,4030
4029,4032
4029,4364
4030,4031
4030,4033
4031,4034
4032,4033
4032,4369
4033,4034
4033,4370
4034,4035
4034,4037
4034,4372
4035,4036
4035,4038
4036,4040
4037,4038
4037,4039
4037,4376
4038,4040
4039,4040
4039,4377
4040,4041
4040,4042
4040,4044
4040,4378
4041,4043
4042,4043
4042,4045
4043,4046
4044,4045
4044,4382
4045,4046
4045,4384
4046,4047
4046,4385
4047,4048
4047,4050
4047,4386
4048,4049
4048,4051
4049,4053
4050,4051
4050,4052
4050,4391
4051,4053
4052,4053
4052,4392
4053,4054
4053,4055
4053,4057
4053,4393
4054,4056
4055,4056
4055,4058
4056,4059
4057,4058
4057,4397
4058,4059
4058,4399
4059,4060
4059,4061
4059,4400
4060,4062
4061,4062
4061,4064
4061,4401
4062,4063
4062,4065
4063,4066
4064,4065
4064,4406
4065,4066
4065,4407
4066,4067
4066,4069
4066,4409
4067,4068
4067,4070
4068,4072
4069,4070
4069,4071
4069,4413
4070,4072
4071,4072
4071,4414
4072,4073
4072,4074
4072,4076
4072,4415
4073,4075
4074,4075
4074,4077
4075,4078
4076,4077
4076,4419
4077,4078
4077,4421
4078,4079
4078,4422
4079,4080
4079,4082
4079,4424
4080,4081
4080,4083
4081,4085
4082,4083
4082,4084
4082,4428
4083,4085
4084,4085
4084,4429
4085,4086
4085,4087
4085,4089
4085,4430
4086,4088
4087,4088
4087,4090
4088,4091
4089,4090
4089,4434
4090,4091
4090,4436
4091,4092
4091,4437
4092,4093
4092,4095
4092,4438
4093,4094
4093,4096
4094,4098
4095,4096
4095,4097
4095,4443
4096,4098
4097,4098
4097,4444
4098,4099
4098,4101
4098,4445
4099,4100
4099,4102
4100,4104
4101,4102
4101,4103
4101,4449
4102,4104
4103,4104
4103,4450
4104,4105
4104,4106
4104,4108
4104,4451
4105,4107
4106,4107
4106,4109
4107,4110
4108,4109
4108,4456
4109,4110
4109,4458
4110,4111
4110,4459
4111,4112
4111,4114
4111,4461
4112,4113
4112,4115
4113,4117
4114,4115
4114,4116
4114,4465
4115,4117
4116,4117
4116,4466
4117,4118
4117,4119
4117,4467
4118,4120
4119,4120
4119,4471
4120,4473
4121,4122
4121,4480
4122,4123
4122,4481
4123,4124
4123,4127
4123,4483
4124,4125
4124,4128
4125,4126
4125,4129
4126,4130
4127,4128
4127,4486
4128,4129
4128,4487
4129,4130
4129,4131
4129,4489
4130,4132
4131,4132
4131,4135
4131,4490
4132,4133
4132,4136
4133,4134
4133,4137
4134,4139
4135,4136
4135,4493
4136,4137
4136,4138
4136,4494
4137,4139
4138,4139
4138,4142
4138,4495
4139,4140
4139,4143
4140,4141
4140,4144
4141,4145
4142,4143
4142,4499
4143,4144
4143,4500
4144,4145
4144,4146
4144,4149
4144,4502
4145,4147
4146,4147
4146,4150
4147,4148
4147,4151
4148,4152
4149,4150
4149,4505
4150,4151
4150,4506
4151,4152
4151,4153
4151,4507
4152,4154
4153,4154
4153,4158
4153,4508
4154,4155
4154,4156
4154,4159
4155,4157
4156,4157
4156,4160
4157,4161
4158,4159
4158,4512
4159,4160
4159,4513
4160,4161
4160,4164
4160,4515
4161,4162
4161,4165
4162,4163
4162,4166
4163,4167
4164,4165
4164,4518
4165,4166
4165,4519
4166,4167
4166,4168
4166,4521
4167,4169
4168,4169
4168,4172
4168,4522
4169,4170
4169,4173
4170,4171
4170,4174
4171,4176
4172,4173
4172,4525
4173,4174
4173,4175
4173,4526
4174,4176
4175,4176
4175,4179
4175,4527
4176,4177
4176,4180
4177,4178
4177,4181
4178,4182
4179,4180
4179,4531
4180,4181
4180,4532
4181,4182
4181,4183
4181,4534
4182,4184
4183,4184
4183,4187
4183,4535
4184,4185
4184,4188
4185,4186
4185,4189
4186,4191
4187,4188
4187,4538
4188,4189
4188,4190
4188,4539
4189,4191
4190,4191
4190,4195
4190,4540
4191,4192
4191,4193
4191,4196
4192,4194
4193,4194
4193,4197
4194,4198
4195,4196
4195,4544
4196,4197
4196,4545
4197,4198
4197,4201
4197,4547
4198,4199
4198,4202
4199,4200
4199,4203
4200,4204
4201,4202
4201,4550
4202,4203
4202,4551
4203,4204
4203,4205
4203,4553
4204,4206
4205,4206
4205,4210
4205,4554
4206,4207
4206,4208
4206,4211
4207,4209
4208,4209
4208,4212
4209,4213
4210,4211
4210,4557
4211,4212
4211,4558
4212,4213
4212,4216
4212,4560
4213,4214
4213,4217
4214,4215
4214,4218
4215,4219
4216,4217
4216,4563
4217,4218
4217,4564
4218,4219
4218,4220
4218,4566
4219,4221
4220,4221
4220,4224
4220,4567
4221,4222
4221,4225
4222,4223
4222,4226
4223,4228
4224,4225
4224,4570
4225,4226
4225,4227
4225,4571
4226,4228
4227,4228
4227,4231
4227,4572
4228,4229
4228,4232
4229,4230
4229,4233
4230,4234
4231,4232
4231,4576
4232,4233
4232,4577
4233,4234
4233,4237
4233,4579
4234,4235
4234,4238
4235,4236
4235,4240
4236,4241
4237,4238
4237,4239
4237,4582
4238,4240
4239,4240
4239,4583
4240,4241
4240,4242
4240,4584
4241,4243
4242,4243
4242,4247
4242,4585
4243,4244
4243,4245
4243,4248
4244,4246
4245,4246
4245,4249
4246,4250
4247,4248
4247,4589
4248,4249
4248,4590
4249,4250
4249,4253
4249,4592
4250,4251
4250,4254
4251,4252
4251,4255
4252,4256
4253,4254
4253,4595
4254,4255
4254,4596
4255,4256
4255,4257
4255,4598
4256,4258
4257,4258
4257,4261
4257,4599
4258,4259
4258,4262
4259,4260
4259,4263
4260,4265
4261,4262
4261,4602
4262,4263
4262,4264
4262,4603
4263,4265
4264,4265
4264,4268
4264,4604
4265,4266
4265,4269
4266,4267
4266,4270
4267,4271
4268,4269
4268,4608
4269,4270
4269,4609
4270,4271
4270,4272
4270,4611
4271,4273
4272,4273
4272,4276
4272,4612
4273,4274
4273,4277
4274,4275
4274,4278
4275,4280
4276,4277
4276,4615
4277,4278
4277,4279
4277,4616
4278,4280
4279,4280
4279,4284
4279,4617
4280,4281
4280,4282
4280,4285
4281,4283
4282,4283
4282,4286
4283,4287
4284,4285
4284,4621
4285,4286
4285,4622
4286,4287
4286,4290
4286,4624
4287,4288
4287,4291
4288,4289
4288,4292
4289,4293
4290,4291
4290,4627
4291,4292
4291,4628
4292,4293
4292,4294
4292,4630
4293,4295
4294,4295
4294,4299
4294,4631
4295,4296
4295,4297
4295,4300
4296,4298
4297,4298
4297,4301
4298,4302
4299,4300
4299,4634
4300,4301
4300,4635
4301,4302
4301,4305
4301,4637
4302,4303
4302,4306
4303,4304
4303,4307
4304,4308
4305,4306
4305,4640
4306,4307
4306,4641
4307,4308
4307,4309
4307,4643
4308,4310
4309,4310
4309,4313
4309,4644
4310,4311
4310,4314
4311,4312
4311,4315
4312,4317
4313,4314
4313,4647
4314,4315
4314,4316
4314,4648
4315,4317
4316,4317
4316,4321
4316,4649
4317,4318
4317,4319
4317,4322
4318,4320
4319,4320
4319,4323
4320,4324
4321,4322
4321,4653
4322,4323
4322,4654
4323,4324
4323,4327
4323,4656
4324,4325
4324,4328
4325,4326
4325,4329
4326,4330
4327,4328
4327,4659
4328,4329
4328,4660
4329,4330
4329,4331
4329,4662
4330,4332
4331,4332
4331,4336
4331,4663
4332,4333
4332,4334
4332,4337
4333,4335
4334,4335
4334,4338
4335,4339
4336,4337
4336,4666
4337,4338
4337,4667
4338,4339
4338,4342
4338,4669
4339,4340
4339,4343
4340,4341
4340,4344
4341,4345
4342,4343
4342,4672
4343,4344
4343,4673
4344,4345
4344,4346
4344,4675
4345,4347
4346,4347
4346,4350
4346,4676
4347,4348
4347,4351
4348,4349
4348,4352
4349,4354
4350,4351
4350,4679
4351,4352
4351,4353
4351,4680
4352,4354
4353,4354
4353,4357
4353,4681
4354,4355
4354,4358
4355,4356
4355,4359
4356,4360
4357,4358
4357,4685
4358,4359
4358,4686
4359,4360
4359,4361
4359,4688
4360,4362
4361,4362
4361,4365
4361,4689
4362,4363
4362,4366
4363,4364
4363,4367
4364,4369
4365,4366
4365,4692
4366,4367
4366,4368
4366,4693
4367,4369
4368,4369
4368,4373
4368,4694
4369,4370
4369,4371
4369,4374
4370,4372
4371,4372
4371,4375
4372,4376
4373,4374
4373,4698
4374,4375
4374,4699
4375,4376
4375,4379
4375,4701
4376,4377
4376,4380
4377,4378
4377,4381
4378,4382
4379,4380
4379,4704
4380,4381
4380,4705
4381,4382
4381,4383
4381,4707
4382,4384
4383,4384
4383,4387
4383,4708
4384,4385
4384,4388
4385,4386
4385,4389
4386,4391
4387,4388
4387,4711
4388,4389
4388,4390
4388,4712
4389,4391
4390,4391
4390,4394
4390,4713
4391,4392
4391,4395
4392,4393
4392,4396
4393,4397
4394,4395
4394,4717
4395,4396
4395,4718
4396,4397
4396,4398
4396,4720
4397,4399
4398,4399
4398,4402
4398,4721
4399,4400
4399,4403
4400,4401
4400,4404
4401,4406
4402,4403
4402,4724
4403,4404
4403,4405
4403,4725
4404,4406
4405,4406
4405,4410
4405,4726
4406,4407
4406,4408
4406,4411
4407,4409
4408,4409
4408,4412
4409,4413
4410,4411
4410,4730
4411,4412
4411,4731
4412,4413
4412,4416
4412,4733
4413,4414
4413,4417
4414,4415
4414,4418
4415,4419
4416,4417
4416,4736
4417,4418
4417,4737
4418,4419
4418,4420
4418,4739
4419,4421
4420,4421
4420,4425
4420,4740
4421,4422
4421,4423
4421,4426
4422,4424
4423,4424
4423,4427
4424,4428
4425,4426
4425,4743
4426,4427
4426,4744
4427,4428
4427,4431
4427,4746
4428,4429
4428,4432
4429,4430
4429,4433
4430,4434
4431,4432
4431,4749
4432,4433
4432,4750
4433,4434
4433,4435
4433,4752
4434,4436
4435,4436
4435,4439
4435,4753
4436,4437
4436,4440
4437,4438
4437,4441
4438,4443
4439,4440
4439,4756
4440,4441
4440,4442
4440,4757
4441,4443
4442,4443
4442,4446
4442,4758
4443,4444
4443,4447
4444,4445
4444,4448
4445,4449
4446,4447
4446,4762
4447,4448
4447,4763
4448,4449
4448,4452
4448,4765
4449,4450
4449,4453
4450,4451
4450,4455
4451,4456
4452,4453
4452,4454
4452,4768
4453,4455
4454,4455
4454,4769
4455,4456
4455,4457
4455,4770
4456,4458
4457,4458
4457,4462
4457,4771
4458,4459
4458,4460
4458,4463
4459,4461
4460,4461
4460,4464
4461,4465
4462,4463
4462,4775
4463,4464
4463,4776
4464,4465
4464,4468
4464,4778
4465,4466
4465,4469
4466,4467
4466,4470
4467,4471
4468,4469
4468,4781
4469,4470
4469,4782
4470,4471
4470,4472
4470,4784
4471,4473
4472,4473
4472,4474
4472,4785
4473,4475
4474,4475
4474,4788
4475,4476
4475,4789
4476,4477
4476,4790
4477,4794
4478,4479
4478,4800
4479,4480
4479,4801
4480,4481
4480,4482
4480,4484
4480,4803
4481,4483
4482,4483
4482,4485
4483,4486
4484,4485
4484,4806
4485,4486
4485,4807
4486,4487
4486,4488
4486,4808
4487,4489
4488,4489
4488,4491
4488,4809
4489,4490
4489,4492
4490,4493
4491,4492
4491,4813
4492,4493
4492,4814
4493,4494
4493,4496
4493,4816
4494,4495
4494,4497
4495,4499
4496,4497
4496,4498
4496,4819
4497,4499
4498,4499
4498,4820
4499,4500
4499,4501
4499,4503
4499,4821
4500,4502
4501,4502
4501,4504
4502,4505
4503,4504
4503,4824
4504,4505
4504,4826
4505,4506
4505,4827
4506,4507
4506,4509
4506,4829
4507,4508
4507,4510
4508,4512
4509,4510
4509,4511
4509,4832
4510,4512
4511,4512
4511,4833
4512,4513
4512,4514
4512,4516
4512,4834
4513,4515
4514,4515
4514,4517
4515,4518
4516,4517
4516,4837
4517,4518
4517,4839
4518,4519
4518,4520
4518,4840
4519,4521
4520,4521
4520,4523
4520,4841
4521,4522
4521,4524
4522,4525
4523,4524
4523,4845
4524,4525
4524,4846
4525,4526
4525,4528
4525,4848
4526,4527
4526,4529
4527,4531
4528,4529
4528,4530
4528,4851
4529,4531
4530,4531
4530,4852
4531,4532
4531,4533
4531,4853
4532,4534
4533,4534
4533,4536
4533,4854
4534,4535
4534,4537
4535,4538
4536,4537
4536,4858
4537,4538
4537,4859
4538,4539
4538,4541
4538,4861
4539,4540
4539,4542
4540,4544
4541,4542
4541,4543
4541,4864
4542,4544
4543,4544
4543,4865
4544,4545
4544,4546
4544,4548
4544,4866
4545,4547
4546,4547
4546,4549
4547,4550
4548,4549
4548,4869
4549,4550
4549,4871
4550,4551
4550,4552
4550,4872
4551,4553
4552,4553
4552,4555
4552,4873
4553,4554
4553,4556
4554,4557
4555,4556
4555,4877
4556,4557
4556,4878
4557,4558
4557,4559
4557,4561
4557,4880
4558,4560
4559,4560
4559,4562
4560,4563
4561,4562
4561,4883
4562,4563
4562,4884
4563,4564
4563,4565
4563,4885
4564,4566
4565,4566
4565,4568
4565,4886
4566,4567
4566,4569
4567,4570
4568,4569
4568,4890
4569,4570
4569,4891
4570,4571
4570,4573
4570,4893
4571,4572
4571,4574
4572,4576
4573,4574
4573,4575
4573,4896
4574,4576
4575,4576
4575,4897
4576,4577
4576,4578
4576,4580
4576,4898
4577,4579
4578,4579
4578,4581
4579,4582
4580,4581
4580,4901
4581,4582
4581,4903
4582,4583
4582,4904
4583,4584
4583,4586
4583,4905
4584,4585
4584,4587
4585,4589
4586,4587
4586,4588
4586,4909
4587,4589
4588,4589
4588,4910
4589,4590
4589,4591
4589,4593
4589,4911
4590,4592
4591,4592
4591,4594
4592,4595
4593,4594
4593,4914
4594,4595
4594,4916
4595,4596
4595,4597
4595,4917
4596,4598
4597,4598
4597,4600
4597,4918
4598,4599
4598,4601
4599,4602
4600,4601
4600,4922
4601,4602
4601,4923
4602,4603
4602,4605
4602,4925
4603,4604
4603,4606
4604,4608
4605,4606
4605,4607
4605,4928
4606,4608
4607,4608
4607,4929
4608,4609
4608,4610
4608,4930
4609,4611
4610,4611
4610,4613
4610,4931
4611,4612
4611,4614
4612,4615
4613,4614
4613,4935
4614,4615
4614,4936
4615,4616
4615,4618
4615,4938
4616,4617
4616,4619
4617,4621
4618,4619
4618,4620
4618,4941
4619,4621
4620,4621
4620,4942
4621,4622
4621,4623
4621,4625
4621,4943
4622,4624
4623,4624
4623,4626
4624,4627
4625,4626
4625,4946
4626,4627
4626,4948
4627,4628
4627,4629
4627,4949
4628,4630
4629,4630
4629,4632
4629,4950
4630,4631
4630,4633
4631,4634
4632,4633
4632,4954
4633,4634
4633,4955
4634,4635
4634,4636
4634,4638
4634,4957
4635,4637
4636,4637
4636,4639
4637,4640
4638,4639
4638,4960
4639,4640
4639,4961
4640,4641
4640,4642
4640,4962
4641,4643
4642,4643
4642,4645
4642,4963
4643,4644
4643,4646
4644,4647
4645,4646
4645,4967
4646,4647
4646,4968
4647,4648
4647,4650
4647,4970
4648,4649
4648,4651
4649,4653
4650,4651
4650,4652
4650,4973
4651,4653
4652,4653
4652,4974
4653,4654
4653,4655
4653,4657
4653,4975
4654,4656
4655,4656
4655,4658
4656,4659
4657,4658
4657,4978
4658,4659
4658,4980
4659,4660
4659,4661
4659,4981
4660,4662
4661,4662
4661,4664
4661,4982
4662,4663
4662,4665
4663,4666
4664,4665
4664,4986
4665,4666
4665,4987
4666,4667
4666,4668
4666,4670
4666,4989
4667,4669
4668,4669
4668,4671
4669,4672
4670,4671
4670,4992
4671,4672
4671,4993
4672,4673
4672,4674
4672,4994
4673,4675
4674,4675
4674,4677
4674,4995
4675,4676
4675,4678
4676,4679
4677,4678
4677,4999
4678,4679
4678,5000
4679,4680
4679,4682
4679,5002
4680,4681
4680,4683
4681,4685
4682,4683
4682,4684
4682,5005
4683,4685
4684,4685
4684,5006
4685,4686
4685,4687
4685,5007
4686,4688
4687,4688
4687,4690
4687,5008
4688,4689
4688,4691
4689,4692
4690,4691
4690,5012
4691,4692
4691,5013
4692,4693
4692,4695
4692,5015
4693,4694
4693,4696
4694,4698
4695,4696
4695,4697
4695,5018
4696,4698
4697,4698
4697,5019
4698,4699
4698,4700
4698,4702
4698,5020
4699,4701
4700,4701
4700,4703
4701,4704
4702,4703
4702,5023
4703,4704
4703,5025
4704,4705
4704,4706
4704,5026
4705,4707
4706,4707
4706,4709
4706,5027
4707,4708
4707,4710
4708,4711
4709,4710
4709,5031
4710,4711
4710,5032
4711,4712
4711,4714
4711,5034
4712,4713
4712,4715
4713,4717
4714,4715
4714,4716
4714,5037
4715,4717
4716,4717
4716,5038
4717,4718
4717,4719
4717,5039
4718,4720
4719,4720
4719,4722
4719,5040
4720,4721
4720,4723
4721,4724
4722,4723
4722,5044
4723,4724
4723,5045
4724,4725
4724,4727
4724,5047
4725,4726
4725,4728
4726,4730
4727,4728
4727,4729
4727,5050
4728,4730
4729,4730
4729,5051
4730,4731
4730,4732
4730,4734
4730,5052
4731,4733
4732,4733
4732,4735
4733,4736
4734,4735
4734,5055
4735,4736
4735,5057
4736,4737
4736,4738
4736,5058
4737,4739
4738,4739
4738,4741
4738,5059
4739,4740
4739,4742
4740,4743
4741,4742
4741,5063
4742,4743
4742,5064
4743,4744
4743,4745
4743,4747
4743,5066
4744,4746
4745,4746
4745,4748
4746,4749
4747,4748
4747,5069
4748,4749
4748,5070
4749,4750
4749,4751
4749,5071
4750,4752
4751,4752
4751,4754
4751,5072
4752,4753
4752,4755
4753,4756
4754,4755
4754,5076
4755,4756
4755,5077
4756,4757
4756,4759
4756,5079
4757,4758
4757,4760
4758,4762
4759,4760
4759,4761
4759,5082
4760,4762
4761,4762
4761,5083
4762,4763
4762,4764
4762,4766
4762,5084
4763,4765
4764,4765
4764,4767
4765,4768
4766,4767
4766,5087
4767,4768
4767,5089
4768,4769
4768,5090
4769,4770
4769,4772
4769,5091
4770,4771
4770,4773
4771,4775
4772,4773
4772,4774
4772,5095
4773,4775
4774,4775
4774,5096
4775,4776
4775,4777
4775,4779
4775,5097
4776,4778
4777,4778
4777,4780
4778,4781
4779,4780
4779,5100
4780,4781
4780,5102
4781,4782
4781,4783
4781,5103
4782,4784
4783,4784
4783,4786
4783,5104
4784,4785
4784,4787
4785,4788
4786,4787
4786,5108
4787,4788
4787,5109
4788,4789
4788,4791
4788,5111
4789,4790
4789,4792
4790,4794
4791,4792
4791,4793
4791,5114
4792,4794
4793,4794
4793,5115
4794,4795
4794,5116
4795,4796
4795,5117
4796,5121
4797,4798
4797,4799
4797,5126
4798,4800
4799,4800
4799,5127
4800,4801
4800,4802
4800,4804
4800,5128
4801,4803
4802,4803
4802,4805
4803,4806
4804,4805
4804,5133
4805,4806
4805,5135
4806,4807
4806,5136
4807,4808
4807,4810
4807,5138
4808,4809
4808,4811
4809,4813
4810,4811
4810,4812
4810,5142
4811,4813
4812,4813
4812,5143
4813,4814
4813,4815
4813,4817
4813,5144
4814,4816
4815,4816
4815,4818
4816,4819
4817,4818
4817,5148
4818,4819
4818,5150
4819,4820
4819,4822
4819,5151
4820,4821
4820,4823
4821,4824
4822,4823
4822,5155
4823,4824
4823,4825
4823,5157
4824,4826
4825,4826
4825,5158
4826,4827
4826,4828
4826,4830
4826,5159
4827,4829
4828,4829
4828,4831
4829,4832
4830,4831
4830,5163
4831,4832
4831,5165
4832,4833
4832,4835
4832,5166
4833,4834
4833,4836
4834,4837
4835,4836
4835,5170
4836,4837
4836,4838
4836,5172
4837,4839
4838,4839
4838,5173
4839,4840
4839,4842
4839,5174
4840,4841
4840,4843
4841,4845
4842,4843
4842,4844
4842,5178
4843,4845
4844,4845
4844,5179
4845,4846
4845,4847
4845,4849
4845,5180
4846,4848
4847,4848
4847,4850
4848,4851
4849,4850
4849,5185
4850,4851
4850,5187
4851,4852
4851,5188
4852,4853
4852,4855
4852,5189
4853,4854
4853,4856
4854,4858
4855,4856
4855,4857
4855,5194
4856,4858
4857,4858
4857,5195
4858,4859
4858,4860
4858,4862
4858,5196
4859,4861
4860,4861
4860,4863
4861,4864
4862,4863
4862,5200
4863,4864
4863,5202
4864,4865
4864,4867
4864,5203
4865,4866
4865,4868
4866,4869
4867,4868
4867,5207
4868,4869
4868,4870
4868,5209
4869,4871
4870,4871
4870,5210
4871,4872
4871,4874
4871,5211
4872,4873
4872,4875
4873,4877
4874,4875
4874,4876
4874,5215
4875,4877
4876,4877
4876,5216
4877,4878
4877,4879
4877,4881
4877,5217
4878,4880
4879,4880
4879,4882
4880,4883
4881,4882
4881,5222
4882,4883
4882,5224
4883,4884
4883,5225
4884,4885
4884,4887
4884,5227
4885,4886
4885,4888
4886,4890
4887,4888
4887,4889
4887,5231
4888,4890
4889,4890
4889,5232
4890,4891
4890,4892
4890,4894
4890,5233
4891,4893
4892,4893
4892,4895
4893,4896
4894,4895
4894,5237
4895,4896
4895,5239
4896,4897
4896,4899
4896,5240
4897,4898
4897,4900
4898,4901
4899,4900
4899,5244
4900,4901
4900,4902
4900,5246
4901,4903
4902,4903
4902,5247
4903,4904
4903,4906
4903,5248
4904,4905
4904,4907
4905,4909
4906,4907
4906,4908
4906,5252
4907,4909
4908,4909
4908,5253
4909,4910
4909,4912
4909,5254
4910,4911
4910,4913
4911,4914
4912,4913
4912,5259
4913,4914
4913,4915
4913,5261
4914,4916
4915,4916
4915,5262
4916,4917
4916,4919
4916,5263
4917,4918
4917,4920
4918,4922
4919,4920
4919,4921
4919,5267
4920,4922
4921,4922
4921,5268
4922,4923
4922,4924
4922,4926
4922,5269
4923,4925
4924,4925
4924,4927
4925,4928
4926,4927
4926,5274
4927,4928
4927,5276
4928,4929
4928,5277
4929,4930
4929,4932
4929,5278
4930,4931
4930,4933
4931,4935
4932,4933
4932,4934
4932,5283
4933,4935
4934,4935
4934,5284
4935,4936
4935,4937
4935,4939
4935,5285
4936,4938
4937,4938
4937,4940
4938,4941
4939,4940
4939,5289
4940,4941
4940,5291
4941,4942
4941,4944
4941,5292
4942,4943
4942,4945
4943,4946
4944,4945
4944,5296
4945,4946
4945,4947
4945,5298
4946,4948
4947,4948
4947,5299
4948,4949
4948,4951
4948,5300
4949,4950
4949,4952
4950,4954
4951,4952
4951,4953
4951,5304
4952,4954
4953,4954
4953,5305
4954,4955
4954,4956
4954,4958
4954,5306
4955,4957
4956,4957
4956,4959
4957,4960
4958,4959
4958,5311
4959,4960
4959,5313
4960,4961
4960,5314
4961,4962
4961,4964
4961,5316
4962,4963
4962,4965
4963,4967
4964,4965
4964,4966
4964,5320
4965,4967
4966,4967
4966,5321
4967,4968
4967,4969
4967,4971
4967,5322
4968,4970
4969,4970
4969,4972
4970,4973
4971,4972
4971,5326
4972,4973
4972,5328
4973,4974
4973,4976
4973,5329
4974,4975
4974,4977
4975,4978
4976,4977
4976,5333
4977,4978
4977,4979
4977,5335
4978,4980
4979,4980
4979,5336
4980,4981
4980,4983
4980,5337
4981,4982
4981,4984
4982,4986
4983,4984
4983,4985
4983,5341
4984,4986
4985,4986
4985,5342
4986,4987
4986,4988
4986,4990
4986,5343
4987,4989
4988,4989
4988,4991
4989,4992
4990,4991
4990,5348
4991,4992
4991,5350
4992,4993
4992,5351
4993,4994
4993,4996
4993,5353
4994,4995
4994,4997
4995,4999
4996,4997
4996,4998
4996,5357
4997,4999
4998,4999
4998,5358
4999,5000
4999,5001
4999,5003
4999,5359
5000,5002
5001,5002
5001,5004
5002,5005
5003,5004
5003,5363
5004,5005
5004,5365
5005,5006
5005,5366
5006,5007
5006,5009
5006,5367
5007,5008
5007,5010
5008,5012
5009,5010
5009,5011
5009,5372
5010,5012
5011,5012
5011,5373
5012,5013
5012,5014
5012,5016
5012,5374
5013,5015
5014,5015
5014,5017
5015,5018
5016,5017
5016,5378
5017,5018
5017,5380
5018,5019
5018,5021
5018,5381
5019,5020
5019,5022
5020,5023
5021,5022
5021,5385
5022,5023
5022,5024
5022,5387
5023,5025
5024,5025
5024,5388
5025,5026
5025,5028
5025,5389
5026,5027
5026,5029
5027,5031
5028,5029
5028,5030
5028,5393
5029,5031
5030,5031
5030,5394
5031,5032
5031,5033
5031,5035
5031,5395
5032,5034
5033,5034
5033,5036
5034,5037
5035,5036
5035,5400
5036,5037
5036,5402
5037,5038
5037,5403
5038,5039
5038,5041
5038,5404
5039,5040
5039,5042
5040,5044
5041,5042
5041,5043
5041,5409
5042,5044
5043,5044
5043,5410
5044,5045
5044,5046
5044,5048
5044,5411
5045,5047
5046,5047
5046,5049
5047,5050
5048,5049
5048,5415
5049,5050
5049,5417
5050,5051
5050,5053
5050,5418
5051,5052
5051,5054
5052,5055
5053,5054
5053,5422
5054,5055
5054,5056
5054,5424
5055,5057
5056,5057
5056,5425
5057,5058
5057,5060
5057,5426
5058,5059
5058,5061
5059,5063
5060,5061
5060,5062
5060,5430
5061,5063
5062,5063
5062,5431
5063,5064
5063,5065
5063,5067
5063,5432
5064,5066
5065,5066
5065,5068
5066,5069
5067,5068
5067,5437
5068,5069
5068,5439
5069,5070
5069,5440
5070,5071
5070,5073
5070,5442
5071,5072
5071,5074
5072,5076
5073,5074
5073,5075
5073,5446
5074,5076
5075,5076
5075,5447
5076,5077
5076,5078
5076,5080
5076,5448
5077,5079
5078,5079
5078,5081
5079,5082
5080,5081
5080,5452
5081,5082
5081,5454
5082,5083
5082,5085
5082,5455
5083,5084
5083,5086
5084,5087
5085,5086
5085,5459
5086,5087
5086,5088
5086,5461
5087,5089
5088,5089
5088,5462
5089,5090
5089,5092
5089,5463
5090,5091
5090,5093
5091,5095
5092,5093
5092,5094
5092,5467
5093,5095
5094,5095
5094,5468
5095,5096
5095,5098
5095,5469
5096,5097
5096,5099
5097,5100
5098,5099
5098,5474
5099,5100
5099,5101
5099,5476
5100,5102
5101,5102
5101,5477
5102,5103
5102,5105
5102,5478
5103,5104
5103,5106
5104,5108
5105,5106
5105,5107
5105,5482
5106,5108
5107,5108
5107,5483
5108,5109
5108,5110
5108,5112
5108,5484
5109,5111
5110,5111
5110,5113
5111,5114
5112,5113
5112,5489
5113,5114
5113,5491
5114,5115
5114,5492
5115,5116
5115,5118
5115,5493
5116,5117
5116,5119
5117,5121
5118,5119
5118,5120
5118,5498
5119,5121
5120,5121
5120,5499
5121,5122
5121,5500
5122,5504
5123,5124
5123,5509
5124,5125
5124,5510
5125,5126
5125,5129
5125,5512
5126,5127
5126,5130
5127,5128
5127,5132
5128,5133
5129,5130
5129,5131
5129,5515
5130,5132
5131,5132
5131,5516
5132,5133
5132,5134
5132,5517
5133,5135
5134,5135
5134,5139
5134,5518
5135,5136
5135,5137
5135,5140
5136,5138
5137,5138
5137,5141
5138,5142
5139,5140
5139,5522
5140,5141
5140,5523
5141,5142
5141,5145
5141,5525
5142,5143
5142,5146
5143,5144
5143,5147
5144,5148
5145,5146
5145,5528
5146,5147
5146,5529
5147,5148
5147,5149
5147,5152
5147,5531
5148,5150
5149,5150
5149,5153
5150,5151
5150,5154
5151,5155
5152,5153
5152,5534
5153,5154
5153,5535
5154,5155
5154,5156
5154,5536
5155,5157
5156,5157
5156,5160
5156,5537
5157,5158
5157,5161
5158,5159
5158,5162
5159,5163
5160,5161
5160,5541
5161,5162
5161,5542
5162,5163
5162,5164
5162,5167
5162,5544
5163,5165
5164,5165
5164,5168
5165,5166
5165,5169
5166,5170
5167,5168
5167,5547
5168,5169
5168,5548
5169,5170
5169,5171
5169,5549
5170,5172
5171,5172
5171,5175
5171,5550
5172,5173
5172,5176
5173,5174
5173,5177
5174,5178
5175,5176
5175,5554
5176,5177
5176,5555
5177,5178
5177,5181
5177,5557
5178,5179
5178,5182
5179,5180
5179,5184
5180,5185
5181,5182
5181,5183
5181,5560
5182,5184
5183,5184
5183,5561
5184,5185
5184,5186
5184,5562
5185,5187
5186,5187
5186,5190
5186,5563
5187,5188
5187,5191
5188,5189
5188,5192
5189,5194
5190,5191
5190,5567
5191,5192
5191,5193
5191,5568
5192,5194
5193,5194
5193,5197
5193,5569
5194,5195
5194,5198
5195,5196
5195,5199
5196,5200
5197,5198
5197,5573
5198,5199
5198,5574
5199,5200
5199,5201
5199,5204
5199,5576
5200,5202
5201,5202
5201,5205
5202,5203
5202,5206
5203,5207
5204,5205
5204,5579
5205,5206
5205,5580
5206,5207
5206,5208
5206,5581
5207,5209
5208,5209
5208,5212
5208,5582
5209,5210
5209,5213
5210,5211
5210,5214
5211,5215
5212,5213
5212,5586
5213,5214
5213,5587
5214,5215
5214,5218
5214,5589
5215,5216
5215,5219
5216,5217
5216,5221
5217,5222
5218,5219
5218,5220
5218,5592
5219,5221
5220,5221
5220,5593
5221,5222
5221,5223
5221,5594
5222,5224
5223,5224
5223,5228
5223,5595
5224,5225
5224,5226
5224,5229
5225,5227
5226,5227
5226,5230
5227,5231
5228,5229
5228,5599
5229,5230
5229,5600
5230,5231
5230,5234
5230,5602
5231,5232
5231,5235
5232,5233
5232,5236
5233,5237
5234,5235
5234,5605
5235,5236
5235,5606
5236,5237
5236,5238
5236,5241
5236,5608
5237,5239
5238,5239
5238,5242
5239,5240
5239,5243
5240,5244
5241,5242
5241,5611
5242,5243
5242,5612
5243,5244
5243,5245
5243,5613
5244,5246
5245,5246
5245,5249
5245,5614
5246,5247
5246,5250
5247,5248
5247,5251
5248,5252
5249,5250
5249,5618
5250,5251
5250,5619
5251,5252
5251,5255
5251,5621
5252,5253
5252,5256
5253,5254
5253,5258
5254,5259
5255,5256
5255,5257
5255,5624
5256,5258
5257,5258
5257,5625
5258,5259
5258,5260
5258,5626
5259,5261
5260,5261
5260,5264
5260,5627
5261,5262
5261,5265
5262,5263
5262,5266
5263,5267
5264,5265
5264,5631
5265,5266
5265,5632
5266,5267
5266,5270
5266,5634
5267,5268
5267,5271
5268,5269
5268,5273
5269,5274
5270,5271
5270,5272
5270,5637
5271,5273
5272,5273
5272,5638
5273,5274
5273,5275
5273,5639
5274,5276
5275,5276
5275,5279
5275,5640
5276,5277
5276,5280
5277,5278
5277,5281
5278,5283
5279,5280
5279,5644
5280,5281
5280,5282
5280,5645
5281,5283
5282,5283
5282,5286
5282,5646
5283,5284
5283,5287
5284,5285
5284,5288
5285,5289
5286,5287
5286,5650
5287,5288
5287,5651
5288,5289
5288,5290
5288,5293
5288,5653
5289,5291
5290,5291
5290,5294
5291,5292
5291,5295
5292,5296
5293,5294
5293,5656
5294,5295
5294,5657
5295,5296
5295,5297
5295,5658
5296,5298
5297,5298
5297,5301
5297,5659
5298,5299
5298,5302
5299,5300
5299,5303
5300,5304
5301,5302
5301,5663
5302,5303
5302,5664
5303,5304
5303,5307
5303,5666
5304,5305
5304,5308
5305,5306
5305,5310
5306,5311
5307,5308
5307,5309
5307,5669
5308,5310
5309,5310
5309,5670
5310,5311
5310,5312
5310,5671
5311,5313
5312,5313
5312,5317
5312,5672
5313,5314
5313,5315
5313,5318
5314,5316
5315,5316
5315,5319
5316,5320
5317,5318
5317,5676
5318,5319
5318,5677
5319,5320
5319,5323
5319,5679
5320,5321
5320,5324
5321,5322
5321,5325
5322,5326
5323,5324
5323,5682
5324,5325
5324,5683
5325,5326
5325,5327
5325,5330
5325,5685
5326,5328
5327,5328
5327,5331
5328,5329
5328,5332
5329,5333
5330,5331
5330,5688
5331,5332
5331,5689
5332,5333
5332,5334
5332,5690
5333,5335
5334,5335
5334,5338
5334,5691
5335,5336
5335,5339
5336,5337
5336,5340
5337,5341
5338,5339
5338,5695
5339,5340
5339,5696
5340,5341
5340,5344
5340,5698
5341,5342
5341,5345
5342,5343
5342,5347
5343,5348
5344,5345
5344,5346
5344,5701
5345,5347
5346,5347
5346,5702
5347,5348
5347,5349
5347,5703
5348,5350
5349,5350
5349,5354
5349,5704
5350,5351
5350,5352
5350,5355
5351,5353
5352,5353
5352,5356
5353,5357
5354,5355
5354,5708
5355,5356
5355,5709
5356,5357
5356,5360
5356,5711
5357,5358
5357,5361
5358,5359
5358,5362
5359,5363
5360,5361
5360,5714
5361,5362
5361,5715
5362,5363
5362,5364
5362,5717
5363,5365
5364,5365
5364,5368
5364,5718
5365,5366
5365,5369
5366,5367
5366,5370
5367,5372
5368,5369
5368,5721
5369,5370
5369,5371
5369,5722
5370,5372
5371,5372
5371,5375
5371,5723
5372,5373
5372,5376
5373,5374
5373,5377
5374,5378
5375,5376
5375,5727
5376,5377
5376,5728
5377,5378
5377,5379
5377,5382
5377,5730
5378,5380
5379,5380
5379,5383
5380,5381
5380,5384
5381,5385
5382,5383
5382,5733
5383,5384
5383,5734
5384,5385
5384,5386
5384,5735
5385,5387
5386,5387
5386,5390
5386,5736
5387,5388
5387,5391
5388,5389
5388,5392
5389,5393
5390,5391
5390,5740
5391,5392
5391,5741
5392,5393
5392,5396
5392,5743
5393,5394
5393,5397
5394,5395
5394,5399
5395,5400
5396,5397
5396,5398
5396,5746
5397,5399
5398,5399
5398,5747
5399,5400
5399,5401
5399,5748
5400,5402
5401,5402
5401,5405
5401,5749
5402,5403
5402,5406
5403,5404
5403,5407
5404,5409
5405,5406
5405,5753
5406,5407
5406,5408
5406,5754
5407,5409
5408,5409
5408,5412
5408,5755
5409,5410
5409,5413
5410,5411
5410,5414
5411,5415
5412,5413
5412,5759
5413,5414
5413,5760
5414,5415
5414,5416
5414,5419
5414,5762
5415,5417
5416,5417
5416,5420
5417,5418
5417,5421
5418,5422
5419,5420
5419,5765
5420,5421
5420,5766
5421,5422
5421,5423
5421,5767
5422,5424
5423,5424
5423,5427
5423,5768
5424,5425
5424,5428
5425,5426
5425,5429
5426,5430
5427,5428
5427,5772
5428,5429
5428,5773
5429,5430
5429,5433
5429,5775
5430,5431
5430,5434
5431,5432
5431,5436
5432,5437
5433,5434
5433,5435
5433,5778
5434,5436
5435,5436
5435,5779
5436,5437
5436,5438
5436,5780
5437,5439
5438,5439
5438,5443
5438,5781
5439,5440
5439,5441
5439,5444
5440,5442
5441,5442
5441,5445
5442,5446
5443,5444
5443,5785
5444,5445
5444,5786
5445,5446
5445,5449
5445,5788
5446,5447
5446,5450
5447,5448
5447,5451
5448,5452
5449,5450
5449,5791
5450,5451
5450,5792
5451,5452
5451,5453
5451,5456
5451,5794
5452,5454
5453,5454
5453,5457
5454,5455
5454,5458
5455,5459
5456,5457
5456,5797
5457,5458
5457,5798
5458,5459
5458,5460
5458,5799
5459,5461
5460,5461
5460,5464
5460,5800
5461,5462
5461,5465
5462,5463
5462,5466
5463,5467
5464,5465
5464,5804
5465,5466
5465,5805
5466,5467
5466,5470
5466,5807
5467,5468
5467,5471
5468,5469
5468,5473
5469,5474
5470,5471
5470,5472
5470,5810
5471,5473
5472,5473
5472,5811
5473,5474
5473,5475
5473,5812
5474,5476
5475,5476
5475,5479
5475,5813
5476,5477
5476,5480
5477,5478
5477,5481
5478,5482
5479,5480
5479,5817
5480,5481
5480,5818
5481,5482
5481,5485
5481,5820
5482,5483
5482,5486
5483,5484
5483,5488
5484,5489
5485,5486
5485,5487
5485,5823
5486,5488
5487,5488
5487,5824
5488,5489
5488,5490
5488,5825
5489,5491
5490,5491
5490,5494
5490,5826
5491,5492
5491,5495
5492,5493
5492,5496
5493,5498
5494,5495
5494,5830
5495,5496
5495,5497
5495,5831
5496,5498
5497,5498
5497,5501
5497,5832
5498,5499
5498,5502
5499,5500
5499,5503
5500,5504
5501,5502
5501,5836
5502,5503
5502,5837
5503,5504
5503,5505
5503,5839
5505,5842
5506,5507
5506,5508
5506,5844
5507,5509
5508,5509
5508,5845
5509,5510
5509,5511
5509,5513
5509,5846
5510,5512
5511,5512
5511,5514
5512,5515
5513,5514
5513,5850
5514,5515
5514,5852
5515,5516
5515,5853
5516,5517
5516,5519
5516,5854
5517,5518
5517,5520
5518,5522
5519,5520
5519,5521
5519,5859
5520,5522
5521,5522
5521,5860
5522,5523
5522,5524
5522,5526
5522,5861
5523,5525
5524,5525
5524,5527
5525,5528
5526,5527
5526,5865
5527,5528
5527,5867
5528,5529
5528,5530
5528,5532
5528,5868
5529,5531
5530,5531
5530,5533
5531,5534
5532,5533
5532,5872
5533,5534
5533,5874
5534,5535
5534,5875
5535,5536
5535,5538
5535,5877
5536,5537
5536,5539
5537,5541
5538,5539
5538,5540
5538,5881
5539,5541
5540,5541
5540,5882
5541,5542
5541,5543
5541,5545
5541,5883
5542,5544
5543,5544
5543,5546
5544,5547
5545,5546
5545,5887
5546,5547
5546,5889
5547,5548
5547,5890
5548,5549
5548,5551
5548,5892
5549,5550
5549,5552
5550,5554
5551,5552
5551,5553
5551,5896
5552,5554
5553,5554
5553,5897
5554,5555
5554,5556
5554,5558
5554,5898
5555,5557
5556,5557
5556,5559
5557,5560
5558,5559
5558,5902
5559,5560
5559,5904
5560,5561
5560,5905
5561,5562
5561,5564
5561,5906
5562,5563
5562,5565
5563,5567
5564,5565
5564,5566
5564,5911
5565,5567
5566,5567
5566,5912
5567,5568
5567,5570
5567,5913
5568,5569
5568,5571
5569,5573
5570,5571
5570,5572
5570,5917
5571,5573
5572,5573
5572,5918
5573,5574
5573,5575
5573,5577
5573,5919
5574,5576
5575,5576
5575,5578
5576,5579
5577,5578
5577,5924
5578,5579
5578,5926
5579,5580
5579,5927
5580,5581
5580,5583
5580,5929
5581,5582
5581,5584
5582,5586
5583,5584
5583,5585
5583,5933
5584,5586
5585,5586
5585,5934
5586,5587
5586,5588
5586,5590
5586,5935
5587,5589
5588,5589
5588,5591
5589,5592
5590,5591
5590,5939
5591,5592
5591,5941
5592,5593
5592,5942
5593,5594
5593,5596
5593,5943
5594,5595
5594,5597
5595,5599
5596,5597
5596,5598
5596,5948
5597,5599
5598,5599
5598,5949
5599,5600
5599,5601
5599,5603
5599,5950
5600,5602
5601,5602
5601,5604
5602,5605
5603,5604
5603,5954
5604,5605
5604,5956
5605,5606
5605,5607
5605,5609
5605,5957
5606,5608
5607,5608
5607,5610
5608,5611
5609,5610
5609,5961
5610,5611
5610,5963
5611,5612
5611,5964
5612,5613
5612,5615
5612,5966
5613,5614
5613,5616
5614,5618
5615,5616
5615,5617
5615,5970
5616,5618
5617,5618
5617,5971
5618,5619
5618,5620
5618,5622
5618,5972
5619,5621
5620,5621
5620,5623
5621,5624
5622,5623
5622,5976
5623,5624
5623,5978
5624,5625
5624,5979
5625,5626
5625,5628
5625,5980
5626,5627
5626,5629
5627,5631
5628,5629
5628,5630
5628,5985
5629,5631
5630,5631
5630,5986
5631,5632
5631,5633
5631,5635
5631,5987
5632,5634
5633,5634
5633,5636
5634,5637
5635,5636
5635,5991
5636,5637
5636,5993
5637,5638
5637,5994
5638,5639
5638,5641
5638,5995
5639,5640
5639,5642
5640,5644
5641,5642
5641,5643
5641,6000
5642,5644
5643,5644
5643,6001
5644,5645
5644,5647
5644,6002
5645,5646
5645,5648
5646,5650
5647,5648
5647,5649
5647,6006
5648,5650
5649,5650
5649,6007
5650,5651
5650,5652
5650,5654
5650,6008
5651,5653
5652,5653
5652,5655
5653,5656
5654,5655
5654,6013
5655,5656
5655,6015
5656,5657
5656,6016
5657,5658
5657,5660
5657,6018
5658,5659
5658,5661
5659,5663
5660,5661
5660,5662
5660,6022
5661,5663
5662,5663
5662,6023
5663,5664
5663,5665
5663,5667
5663,6024
5664,5666
5665,5666
5665,5668
5666,5669
5667,5668
5667,6028
5668,5669
5668,6030
5669,5670
5669,6031
5670,5671
5670,5673
5670,6032
5671,5672
5671,5674
5672,5676
5673,5674
5673,5675
5673,6037
5674,5676
5675,5676
5675,6038
5676,5677
5676,5678
5676,5680
5676,6039
5677,5679
5678,5679
5678,5681
5679,5682
5680,5681
5680,6043
5681,5682
5681,6045
5682,5683
5682,5684
5682,5686
5682,6046
5683,5685
5684,5685
5684,5687
5685,5688
5686,5687
5686,6050
5687,5688
5687,6052
5688,5689
5688,6053
5689,5690
5689,5692
5689,6055
5690,5691
5690,5693
5691,5695
5692,5693
5692,5694
5692,6059
5693,5695
5694,5695
5694,6060
5695,5696
5695,5697
5695,5699
5695,6061
5696,5698
5697,5698
5697,5700
5698,5701
5699,5700
5699,6065
5700,5701
5700,6067
5701,5702
5701,6068
5702,5703
5702,5705
5702,6069
5703,5704
5703,5706
5704,5708
5705,5706
5705,5707
5705,6074
5706,5708
5707,5708
5707,6075
5708,5709
5708,5710
5708,5712
5708,6076
5709,5711
5710,5711
5710,5713
5711,5714
5712,5713
5712,6080
5713,5714
5713,6082
5714,5715
5714,5716
5714,6083
5715,5717
5716,5717
5716,5719
5716,6084
5717,5718
5717,5720
5718,5721
5719,5720
5719,6089
5720,5721
5720,6090
5721,5722
5721,5724
5721,6092
5722,5723
5722,5725
5723,5727
5724,5725
5724,5726
5724,6096
5725,5727
5726,5727
5726,6097
5727,5728
5727,5729
5727,5731
5727,6098
5728,5730
5729,5730
5729,5732
5730,5733
5731,5732
5731,6102
5732,5733
5732,6104
5733,5734
5733,6105
5734,5735
5734,5737
5734,6107
5735,5736
5735,5738
5736,5740
5737,5738
5737,5739
5737,6111
5738,5740
5739,5740
5739,6112
5740,5741
5740,5742
5740,5744
5740,6113
5741,5743
5742,5743
5742,5745
5743,5746
5744,5745
5744,6117
5745,5746
5745,6119
5746,5747
5746,6120
5747,5748
5747,5750
5747,6121
5748,5749
5748,5751
5749,5753
5750,5751
5750,5752
5750,6126
5751,5753
5752,5753
5752,6127
5753,5754
5753,5756
5753,6128
5754,5755
5754,5757
5755,5759
5756,5757
5756,5758
5756,6132
5757,5759
5758,5759
5758,6133
5759,5760
5759,5761
5759,5763
5759,6134
5760,5762
5761,5762
5761,5764
5762,5765
5763,5764
5763,6139
5764,5765
5764,6141
5765,5766
5765,6142
5766,5767
5766,5769
5766,6144
5767,5768
5767,5770
5768,5772
5769,5770
5769,5771
5769,6148
5770,5772
5771,5772
5771,6149
5772,5773
5772,5774
5772,5776
5772,6150
5773,5775
5774,5775
5774,5777
5775,5778
5776,5777
5776,6154
5777,5778
5777,6156
5778,5779
5778,6157
5779,5780
5779,5782
5779,6158
5780,5781
5780,5783
5781,5785
5782,5783
5782,5784
5782,6163
5783,5785
5784,5785
5784,6164
5785,5786
5785,5787
5785,5789
5785,6165
5786,5788
5787,5788
5787,5790
5788,5791
5789,5790
5789,6169
5790,5791
5790,6171
5791,5792
5791,5793
5791,5795
5791,6172
5792,5794
5793,5794
5793,5796
5794,5797
5795,5796
5795,6176
5796,5797
5796,6178
5797,5798
5797,6179
5798,5799
5798,5801
5798,6181
5799,5800
5799,5802
5800,5804
5801,5802
5801,5803
5801,6185
5802,5804
5803,5804
5803,6186
5804,5805
5804,5806
5804,5808
5804,6187
5805,5807
5806,5807
5806,5809
5807,5810
5808,5809
5808,6191
5809,5810
5809,6193
5810,5811
5810,6194
5811,5812
5811,5814
5811,6195
5812,5813
5812,5815
5813,5817
5814,5815
5814,5816
5814,6200
5815,5817
5816,5817
5816,6201
5817,5818
5817,5819
5817,5821
5817,6202
5818,5820
5819,5820
5819,5822
5820,5823
5821,5822
5821,6206
5822,5823
5822,6208
5823,5824
5823,6209
5824,5825
5824,5827
5824,6210
5825,5826
5825,5828
5826,5830
5827,5828
5827,5829
5827,6215
5828,5830
5829,5830
5829,6216
5830,5831
5830,5833
5830,6217
5831,5832
5831,5834
5832,5836
5833,5834
5833,5835
5833,6221
5834,5836
5835,5836
5835,6222
5836,5837
5836,5838
5836,5840
5836,6223
5837,5839
5838,5839
5838,5841
5839,5842
5840,5841
5840,6228
5841,5842
5841,6230
5842,6231
5843,5844
5843,5847
5843,6235
5844,5845
5844,5848
5845,5846
5845,5849
5846,5850
5847,5848
5847,6237
5848,5849
5848,6238
5849,5850
5849,5851
5849,6240
5850,5852
5851,5852
5851,5855
5851,6241
5852,5853
5852,5856
5853,5854
5853,5857
5854,5859
5855,5856
5855,6244
5856,5857
5856,5858
5856,6245
5857,5859
5858,5859
5858,5862
5858,6246
5859,5860
5859,5863
5860,5861
5860,5864
5861,5865
5862,5863
5862,6250
5863,5864
5863,6251
5864,5865
5864,5866
5864,5869
5864,6253
5865,5867
5866,5867
5866,5870
5867,5868
5867,5871
5868,5872
5869,5870
5869,6256
5870,5871
5870,6257
5871,5872
5871,5873
5871,6258
5872,5874
5873,5874
5873,5878
5873,6259
5874,5875
5874,5876
5874,5879
5875,5877
5876,5877
5876,5880
5877,5881
5878,5879
5878,6263
5879,5880
5879,6264
5880,5881
5880,5884
5880,6266
5881,5882
5881,5885
5882,5883
5882,5886
5883,5887
5884,5885
5884,6269
5885,5886
5885,6270
5886,5887
5886,5888
5886,6272
5887,5889
5888,5889
5888,5893
5888,6273
5889,5890
5889,5891
5889,5894
5890,5892
5891,5892
5891,5895
5892,5896
5893,5894
5893,6276
5894,5895
5894,6277
5895,5896
5895,5899
5895,6279
5896,5897
5896,5900
5897,5898
5897,5901
5898,5902
5899,5900
5899,6282
5900,5901
5900,6283
5901,5902
5901,5903
5901,6285
5902,5904
5903,5904
5903,5907
5903,6286
5904,5905
5904,5908
5905,5906
5905,5909
5906,5911
5907,5908
5907,6289
5908,5909
5908,5910
5908,6290
5909,5911
5910,5911
5910,5914
5910,6291
5911,5912
5911,5915
5912,5913
5912,5916
5913,5917
5914,5915
5914,6295
5915,5916
5915,6296
5916,5917
5916,5920
5916,6298
5917,5918
5917,5921
5918,5919
5918,5923
5919,5924
5920,5921
5920,5922
5920,6301
5921,5923
5922,5923
5922,6302
5923,5924
5923,5925
5923,6303
5924,5926
5925,5926
5925,5930
5925,6304
5926,5927
5926,5928
5926,5931
5927,5929
5928,5929
5928,5932
5929,5933
5930,5931
5930,6308
5931,5932
5931,6309
5932,5933
5932,5936
5932,6311
5933,5934
5933,5937
5934,5935
5934,5938
5935,5939
5936,5937
5936,6314
5937,5938
5937,6315
5938,5939
5938,5940
5938,6317
5939,5941
5940,5941
5940,5944
5940,6318
5941,5942
5941,5945
5942,5943
5942,5946
5943,5948
5944,5945
5944,6321
5945,5946
5945,5947
5945,6322
5946,5948
5947,5948
5947,5951
5947,6323
5948,5949
5948,5952
5949,5950
5949,5953
5950,5954
5951,5952
5951,6327
5952,5953
5952,6328
5953,5954
5953,5955
5953,5958
5953,6330
5954,5956
5955,5956
5955,5959
5956,5957
5956,5960
5957,5961
5958,5959
5958,6333
5959,5960
5959,6334
5960,5961
5960,5962
5960,6335
5961,5963
5962,5963
5962,5967
5962,6336
5963,5964
5963,5965
5963,5968
5964,5966
5965,5966
5965,5969
5966,5970
5967,5968
5967,6340
5968,5969
5968,6341
5969,5970
5969,5973
5969,6343
5970,5971
5970,5974
5971,5972
5971,5975
5972,5976
5973,5974
5973,6346
5974,5975
5974,6347
5975,5976
5975,5977
5975,6349
5976,5978
5977,5978
5977,5981
5977,6350
5978,5979
5978,5982
5979,5980
5979,5983
5980,5985
5981,5982
5981,6353
5982,5983
5982,5984
5982,6354
5983,5985
5984,5985
5984,5988
5984,6355
5985,5986
5985,5989
5986,5987
5986,5990
5987,5991
5988,5989
5988,6359
5989,5990
5989,6360
5990,5991
5990,5992
5990,6362
5991,5993
5992,5993
5992,5996
5992,6363
5993,5994
5993,5997
5994,5995
5994,5998
5995,6000
5996,5997
5996,6366
5997,5998
5997,5999
5997,6367
5998,6000
5999,6000
5999,6003
5999,6368
6000,6001
6000,6004
6001,6002
6001,6005
6002,6006
6003,6004
6003,6372
6004,6005
6004,6373
6005,6006
6005,6009
6005,6375
6006,6007
6006,6010
6007,6008
6007,6012
6008,6013
6009,6010
6009,6011
6009,6378
6010,6012
6011,6012
6011,6379
6012,6013
6012,6014
6012,6380
6013,6015
6014,6015
6014,6019
6014,6381
6015,6016
6015,6017
6015,6020
6016,6018
6017,6018
6017,6021
6018,6022
6019,6020
6019,6385
6020,6021
6020,6386
6021,6022
6021,6025
6021,6388
6022,6023
6022,6026
6023,6024
6023,6027
6024,6028
6025,6026
6025,6391
6026,6027
6026,6392
6027,6028
6027,6029
6027,6394
6028,6030
6029,6030
6029,6033
6029,6395
6030,6031
6030,6034
6031,6032
6031,6035
6032,6037
6033,6034
6033,6398
6034,6035
6034,6036
6034,6399
6035,6037
6036,6037
6036,6040
6036,6400
6037,6038
6037,6041
6038,6039
6038,6042
6039,6043
6040,6041
6040,6404
6041,6042
6041,6405
6042,6043
6042,6044
6042,6047
6042,6407
6043,6045
6044,6045
6044,6048
6045,6046
6045,6049
6046,6050
6047,6048
6047,6410
6048,6049
6048,6411
6049,6050
6049,6051
6049,6412
6050,6052
6051,6052
6051,6056
6051,6413
6052,6053
6052,6054
6052,6057
6053,6055
6054,6055
6054,6058
6055,6059
6056,6057
6056,6417
6057,6058
6057,6418
6058,6059
6058,6062
6058,6420
6059,6060
6059,6063
6060,6061
6060,6064
6061,6065
6062,6063
6062,6423
6063,6064
6063,6424
6064,6065
6064,6066
6064,6426
6065,6067
6066,6067
6066,6070
6066,6427
6067,6068
6067,6071
6068,6069
6068,6072
6069,6074
6070,6071
6070,6430
6071,6072
6071,6073
6071,6431
6072,6074
6073,6074
6073,6077
6073,6432
6074,6075
6074,6078
6075,6076
6075,6079
6076,6080
6077,6078
6077,6436
6078,6079
6078,6437
6079,6080
6079,6081
6079,6439
6080,6082
6081,6082
6081,6085
6081,6440
6082,6083
6082,6086
6083,6084
6083,6087
6084,6089
6085,6086
6085,6443
6086,6087
6086,6088
6086,6444
6087,6089
6088,6089
6088,6093
6088,6445
6089,6090
6089,6091
6089,6094
6090,6092
6091,6092
6091,6095
6092,6096
6093,6094
6093,6449
6094,6095
6094,6450
6095,6096
6095,6099
6095,6452
6096,6097
6096,6100
6097,6098
6097,6101
6098,6102
6099,6100
6099,6455
6100,6101
6100,6456
6101,6102
6101,6103
6101,6458
6102,6104
6103,6104
6103,6108
6103,6459
6104,6105
6104,6106
6104,6109
6105,6107
6106,6107
6106,6110
6107,6111
6108,6109
6108,6462
6109,6110
6109,6463
6110,6111
6110,6114
6110,6465
6111,6112
6111,6115
6112,6113
6112,6116
6113,6117
6114,6115
6114,6468
6115,6116
6115,6469
6116,6117
6116,6118
6116,6471
6117,6119
6118,6119
6118,6122
6118,6472
6119,6120
6119,6123
6120,6121
6120,6124
6121,6126
6122,6123
6122,6475
6123,6124
6123,6125
6123,6476
6124,6126
6125,6126
6125,6129
6125,6477
6126,6127
6126,6130
6127,6128
6127,6131
6128,6132
6129,6130
6129,6481
6130,6131
6130,6482
6131,6132
6131,6135
6131,6484
6132,6133
6132,6136
6133,6134
6133,6138
6134,6139
6135,6136
6135,6137
6135,6487
6136,6138
6137,6138
6137,6488
6138,6139
6138,6140
6138,6489
6139,6141
6140,6141
6140,6145
6140,6490
6141,6142
6141,6143
6141,6146
6142,6144
6143,6144
6143,6147
6144,6148
6145,6146
6145,6494
6146,6147
6146,6495
6147,6148
6147,6151
6147,6497
6148,6149
6148,6152
6149,6150
6149,6153
6150,6154
6151,6152
6151,6500
6152,6153
6152,6501
6153,6154
6153,6155
6153,6503
6154,6156
6155,6156
6155,6159
6155,6504
6156,6157
6156,6160
6157,6158
6157,6161
6158,6163
6159,6160
6159,6507
6160,6161
6160,6162
6160,6508
6161,6163
6162,6163
6162,6166
6162,6509
6163,6164
6163,6167
6164,6165
6164,6168
6165,6169
6166,6167
6166,6513
6167,6168
6167,6514
6168,6169
6168,6170
6168,6173
6168,6516
6169,6171
6170,6171
6170,6174
6171,6172
6171,6175
6172,6176
6173,6174
6173,6519
6174,6175
6174,6520
6175,6176
6175,6177
6175,6521
6176,6178
6177,6178
6177,6182
6177,6522
6178,6179
6178,6180
6178,6183
6179,6181
6180,6181
6180,6184
6181,6185
6182,6183
6182,6526
6183,6184
6183,6527
6184,6185
6184,6188
6184,6529
6185,6186
6185,6189
6186,6187
6186,6190
6187,6191
6188,6189
6188,6532
6189,6190
6189,6533
6190,6191
6190,6192
6190,6535
6191,6193
6192,6193
6192,6196
6192,6536
6193,6194
6193,6197
6194,6195
6194,6198
6195,6200
6196,6197
6196,6539
6197,6198
6197,6199
6197,6540
6198,6200
6199,6200
6199,6203
6199,6541
6200,6201
6200,6204
6201,6202
6201,6205
6202,6206
6203,6204
6203,6545
6204,6205
6204,6546
6205,6206
6205,6207
6205,6548
6206,6208
6207,6208
6207,6211
6207,6549
6208,6209
6208,6212
6209,6210
6209,6213
6210,6215
6211,6212
6211,6552
6212,6213
6212,6214
6212,6553
6213,6215
6214,6215
6214,6218
6214,6554
6215,6216
6215,6219
6216,6217
6216,6220
6217,6221
6218,6219
6218,6558
6219,6220
6219,6559
6220,6221
6220,6224
6220,6561
6221,6222
6221,6225
6222,6223
6222,6227
6223,6228
6224,6225
6224,6226
6224,6564
6225,6227
6226,6227
6226,6565
6227,6228
6227,6229
6227,6566
6228,6230
6229,6230
6229,6232
6229,6567
6230,6231
6230,6233
6232,6233
6232,6571
6233,6572
6234,6235
6234,6236
6235,6237
6236,6237
6236,6575
6237,6238
6237,6239
6237,6576
6238,6240
6239,6240
6239,6242
6239,6577
6240,6241
6240,6243
6241,6244
6242,6243
6242,6581
6243,6244
6243,6582
6244,6245
6244,6247
6244,6584
6245,6246
6245,6248
6246,6250
6247,6248
6247,6249
6247,6587
6248,6250
6249,6250
6249,6588
6250,6251
6250,6252
6250,6254
6250,6589
6251,6253
6252,6253
6252,6255
6253,6256
6254,6255
6254,6592
6255,6256
6255,6594
6256,6257
6256,6595
6257,6258
6257,6260
6257,6597
6258,6259
6258,6261
6259,6263
6260,6261
6260,6262
6260,6600
6261,6263
6262,6263
6262,6601
6263,6264
6263,6265
6263,6267
6263,6602
6264,6266
6265,6266
6265,6268
6266,6269
6267,6268
6267,6605
6268,6269
6268,6607
6269,6270
6269,6271
6269,6608
6270,6272
6271,6272
6271,6274
6271,6609
6272,6273
6272,6275
6273,6276
6274,6275
6274,6613
6275,6276
6275,6614
6276,6277
6276,6278
6276,6280
6276,6616
6277,6279
6278,6279
6278,6281
6279,6282
6280,6281
6280,6619
6281,6282
6281,6620
6282,6283
6282,6284
6282,6621
6283,6285
6284,6285
6284,6287
6284,6622
6285,6286
6285,6288
6286,6289
6287,6288
6287,6626
6288,6289
6288,6627
6289,6290
6289,6292
6289,6629
6290,6291
6290,6293
6291,6295
6292,6293
6292,6294
6292,6632
6293,6295
6294,6295
6294,6633
6295,6296
6295,6297
6295,6299
6295,6634
6296,6298
6297,6298
6297,6300
6298,6301
6299,6300
6299,6637
6300,6301
6300,6639
6301,6302
6301,6640
6302,6303
6302,6305
6302,6641
6303,6304
6303,6306
6304,6308
6305,6306
6305,6307
6305,6645
6306,6308
6307,6308
6307,6646
6308,6309
6308,6310
6308,6312
6308,6647
6309,6311
6310,6311
6310,6313
6311,6314
6312,6313
6312,6650
6313,6314
6313,6652
6314,6315
6314,6316
6314,6653
6315,6317
6316,6317
6316,6319
6316,6654
6317,6318
6317,6320
6318,6321
6319,6320
6319,6658
6320,6321
6320,6659
6321,6322
6321,6324
6321,6661
6322,6323
6322,6325
6323,6327
6324,6325
6324,6326
6324,6664
6325,6327
6326,6327
6326,6665
6327,6328
6327,6329
6327,6331
6327,6666
6328,6330
6329,6330
6329,6332
6330,6333
6331,6332
6331,6669
6332,6333
6332,6671
6333,6334
6333,6672
6334,6335
6334,6337
6334,6674
6335,6336
6335,6338
6336,6340
6337,6338
6337,6339
6337,6677
6338,6340
6339,6340
6339,6678
6340,6341
6340,6342
6340,6344
6340,6679
6341,6343
6342,6343
6342,6345
6343,6346
6344,6345
6344,6682
6345,6346
6345,6684
6346,6347
6346,6348
6346,6685
6347,6349
6348,6349
6348,6351
6348,6686
6349,6350
6349,6352
6350,6353
6351,6352
6351,6690
6352,6353
6352,6691
6353,6354
6353,6356
6353,6693
6354,6355
6354,6357
6355,6359
6356,6357
6356,6358
6356,6696
6357,6359
6358,6359
6358,6697
6359,6360
6359,6361
6359,6698
6360,6362
6361,6362
6361,6364
6361,6699
6362,6363
6362,6365
6363,6366
6364,6365
6364,6703
6365,6366
6365,6704
6366,6367
6366,6369
6366,6706
6367,6368
6367,6370
6368,6372
6369,6370
6369,6371
6369,6709
6370,6372
6371,6372
6371,6710
6372,6373
6372,6374
6372,6376
6372,6711
6373,6375
6374,6375
6374,6377
6375,6378
6376,6377
6376,6714
6377,6378
6377,6716
6378,6379
6378,6717
6379,6380
6379,6382
6379,6718
6380,6381
6380,6383
6381,6385
6382,6383
6382,6384
6382,6722
6383,6385
6384,6385
6384,6723
6385,6386
6385,6387
6385,6389
6385,6724
6386,6388
6387,6388
6387,6390
6388,6391
6389,6390
6389,6727
6390,6391
6390,6729
6391,6392
6391,6393
6391,6730
6392,6394
6393,6394
6393,6396
6393,6731
6394,6395
6394,6397
6395,6398
6396,6397
6396,6735
6397,6398
6397,6736
6398,6399
6398,6401
6398,6738
6399,6400
6399,6402
6400,6404
6401,6402
6401,6403
6401,6741
6402,6404
6403,6404
6403,6742
6404,6405
6404,6406
6404,6408
6404,6743
6405,6407
6406,6407
6406,6409
6407,6410
6408,6409
6408,6746
6409,6410
6409,6748
6410,6411
6410,6749
6411,6412
6411,6414
6411,6751
6412,6413
6412,6415
6413,6417
6414,6415
6414,6416
6414,6754
6415,6417
6416,6417
6416,6755
6417,6418
6417,6419
6417,6421
6417,6756
6418,6420
6419,6420
6419,6422
6420,6423
6421,6422
6421,6759
6422,6423
6422,6761
6423,6424
6423,6425
6423,6762
6424,6426
6425,6426
6425,6428
6425,6763
6426,6427
6426,6429
6427,6430
6428,6429
6428,6767
6429,6430
6429,6768
6430,6431
6430,6433
6430,6770
6431,6432
6431,6434
6432,6436
6433,6434
6433,6435
6433,6773
6434,6436
6435,6436
6435,6774
6436,6437
6436,6438
6436,6775
6437,6439
6438,6439
6438,6441
6438,6776
6439,6440
6439,6442
6440,6443
6441,6442
6441,6780
6442,6443
6442,6781
6443,6444
6443,6446
6443,6783
6444,6445
6444,6447
6445,6449
6446,6447
6446,6448
6446,6786
6447,6449
6448,6449
6448,6787
6449,6450
6449,6451
6449,6453
6449,6788
6450,6452
6451,6452
6451,6454
6452,6455
6453,6454
6453,6791
6454,6455
6454,6793
6455,6456
6455,6457
6455,6794
6456,6458
6457,6458
6457,6460
6457,6795
6458,6459
6458,6461
6459,6462
6460,6461
6460,6799
6461,6462
6461,6800
6462,6463
6462,6464
6462,6466
6462,6802
6463,6465
6464,6465
6464,6467
6465,6468
6466,6467
6466,6805
6467,6468
6467,6806
6468,6469
6468,6470
6468,6807
6469,6471
6470,6471
6470,6473
6470,6808
6471,6472
6471,6474
6472,6475
6473,6474
6473,6812
6474,6475
6474,6813
6475,6476
6475,6478
6475,6815
6476,6477
6476,6479
6477,6481
6478,6479
6478,6480
6478,6818
6479,6481
6480,6481
6480,6819
6481,6482
6481,6483
6481,6485
6481,6820
6482,6484
6483,6484
6483,6486
6484,6487
6485,6486
6485,6823
6486,6487
6486,6825
6487,6488
6487,6826
6488,6489
6488,6491
6488,6827
6489,6490
6489,6492
6490,6494
6491,6492
6491,6493
6491,6831
6492,6494
6493,6494
6493,6832
6494,6495
6494,6496
6494,6498
6494,6833
6495,6497
6496,6497
6496,6499
6497,6500
6498,6499
6498,6836
6499,6500
6499,6838
6500,6501
6500,6502
6500,6839
6501,6503
6502,6503
6502,6505
6502,6840
6503,6504
6503,6506
6504,6507
6505,6506
6505,6844
6506,6507
6506,6845
6507,6508
6507,6510
6507,6847
6508,6509
6508,6511
6509,6513
6510,6511
6510,6512
6510,6850
6511,6513
6512,6513
6512,6851
6513,6514
6513,6515
6513,6517
6513,6852
6514,6516
6515,6516
6515,6518
6516,6519
6517,6518
6517,6855
6518,6519
6518,6857
6519,6520
6519,6858
6520,6521
6520,6523
6520,6860
6521,6522
6521,6524
6522,6526
6523,6524
6523,6525
6523,6863
6524,6526
6525,6526
6525,6864
6526,6527
6526,6528
6526,6530
6526,6865
6527,6529
6528,6529
6528,6531
6529,6532
6530,6531
6530,6868
6531,6532
6531,6870
6532,6533
6532,6534
6532,6871
6533,6535
6534,6535
6534,6537
6534,6872
6535,6536
6535,6538
6536,6539
6537,6538
6537,6876
6538,6539
6538,6877
6539,6540
6539,6542
6539,6879
6540,6541
6540,6543
6541,6545
6542,6543
6542,6544
6542,6882
6543,6545
6544,6545
6544,6883
6545,6546
6545,6547
6545,6884
6546,6548
6547,6548
6547,6550
6547,6885
6548,6549
6548,6551
6549,6552
6550,6551
6550,6889
6551,6552
6551,6890
6552,6553
6552,6555
6552,6892
6553,6554
6553,6556
6554,6558
6555,6556
6555,6557
6555,6895
6556,6558
6557,6558
6557,6896
6558,6559
6558,6560
6558,6562
6558,6897
6559,6561
6560,6561
6560,6563
6561,6564
6562,6563
6562,6900
6563,6564
6563,6902
6564,6565
6564,6903
6565,6566
6565,6568
6565,6904
6566,6567
6566,6569
6567,6571
6568,6569
6568,6570
6568,6908
6569,6571
6570,6571
6570,6909
6571,6572
6571,6573
6571,6910
6573,6913
6574,6575
6574,6914
6575,6576
6575,6578
6575,6915
6576,6577
6576,6579
6577,6581
6578,6579
6578,6580
6578,6917
6579,6581
6580,6581
6580,6918
6581,6582
6581,6583
6581,6585
6581,6919
6582,6584
6583,6584
6583,6586
6584,6587
6585,6586
6585,6924
6586,6587
6586,6926
6587,6588
6587,6590
6587,6927
6588,6589
6588,6591
6589,6592
6590,6591
6590,6931
6591,6592
6591,6593
6591,6933
6592,6594
6593,6594
6593,6934
6594,6595
6594,6596
6594,6598
6594,6935
6595,6597
6596,6597
6596,6599
6597,6600
6598,6599
6598,6939
6599,6600
6599,6941
6600,6601
6600,6603
6600,6942
6601,6602
6601,6604
6602,6605
6603,6604
6603,6946
6604,6605
6604,6606
6604,6948
6605,6607
6606,6607
6606,6949
6607,6608
6607,6610
6607,6950
6608,6609
6608,6611
6609,6613
6610,6611
6610,6612
6610,6954
6611,6613
6612,6613
6612,6955
6613,6614
6613,6615
6613,6617
6613,6956
6614,6616
6615,6616
6615,6618
6616,6619
6617,6618
6617,6961
6618,6619
6618,6963
6619,6620
6619,6964
6620,6621
6620,6623
6620,6966
6621,6622
6621,6624
6622,6626
6623,6624
6623,6625
6623,6970
6624,6626
6625,6626
6625,6971
6626,6627
6626,6628
6626,6630
6626,6972
6627,6629
6628,6629
6628,6631
6629,6632
6630,6631
6630,6976
6631,6632
6631,6978
6632,6633
6632,6635
6632,6979
6633,6634
6633,6636
6634,6637
6635,6636
6635,6983
6636,6637
6636,6638
6636,6985
6637,6639
6638,6639
6638,6986
6639,6640
6639,6642
6639,6987
6640,6641
6640,6643
6641,6645
6642,6643
6642,6644
6642,6991
6643,6645
6644,6645
6644,6992
6645,6646
6645,6648
6645,6993
6646,6647
6646,6649
6647,6650
6648,6649
6648,6998
6649,6650
6649,6651
6649,7000
6650,6652
6651,6652
6651,7001
6652,6653
6652,6655
6652,7002
6653,6654
6653,6656
6654,6658
6655,6656
6655,6657
6655,7006
6656,6658
6657,6658
6657,7007
6658,6659
6658,6660
6658,6662
6658,7008
6659,6661
6660,6661
6660,6663
6661,6664
6662,6663
6662,7013
6663,6664
6663,7015
6664,6665
6664,6667
6664,7016
6665,6666
6665,6668
6666,6669
6667,6668
6667,7020
6668,6669
6668,6670
6668,7022
6669,6671
6670,6671
6670,7023
6671,6672
6671,6673
6671,6675
6671,7024
6672,6674
6673,6674
6673,6676
6674,6677
6675,6676
6675,7028
6676,6677
6676,7030
6677,6678
6677,6680
6677,7031
6678,6679
6678,6681
6679,6682
6680,6681
6680,7035
6681,6682
6681,6683
6681,7037
6682,6684
6683,6684
6683,7038
6684,6685
6684,6687
6684,7039
6685,6686
6685,6688
6686,6690
6687,6688
6687,6689
6687,7043
6688,6690
6689,6690
6689,7044
6690,6691
6690,6692
6690,6694
6690,7045
6691,6693
6692,6693
6692,6695
6693,6696
6694,6695
6694,7050
6695,6696
6695,7052
6696,6697
6696,7053
6697,6698
6697,6700
6697,7054
6698,6699
6698,6701
6699,6703
6700,6701
6700,6702
6700,7059
6701,6703
6702,6703
6702,7060
6703,6704
6703,6705
6703,6707
6703,7061
6704,6706
6705,6706
6705,6708
6706,6709
6707,6708
6707,7065
6708,6709
6708,7067
6709,6710
6709,6712
6709,7068
6710,6711
6710,6713
6711,6714
6712,6713
6712,7072
6713,6714
6713,6715
6713,7074
6714,6716
6715,6716
6715,7075
6716,6717
6716,6719
6716,7076
6717,6718
6717,6720
6718,6722
6719,6720
6719,6721
6719,7080
6720,6722
6721,6722
6721,7081
6722,6723
6722,6725
6722,7082
6723,6724
6723,6726
6724,6727
6725,6726
6725,7087
6726,6727
6726,6728
6726,7089
6727,6729
6728,6729
6728,7090
6729,6730
6729,6732
6729,7091
6730,6731
6730,6733
6731,6735
6732,6733
6732,6734
6732,7095
6733,6735
6734,6735
6734,7096
6735,6736
6735,6737
6735,6739
6735,7097
6736,6738
6737,6738
6737,6740
6738,6741
6739,6740
6739,7102
6740,6741
6740,7104
6741,6742
6741,6744
6741,7105
6742,6743
6742,6745
6743,6746
6744,6745
6744,7109
6745,6746
6745,6747
6745,7111
6746,6748
6747,6748
6747,7112
6748,6749
6748,6750
6748,6752
6748,7113
6749,6751
6750,6751
6750,6753
6751,6754
6752,6753
6752,7117
6753,6754
6753,7119
6754,6755
6754,6757
6754,7120
6755,6756
6755,6758
6756,6759
6757,6758
6757,7124
6758,6759
6758,6760
6758,7126
6759,6761
6760,6761
6760,7127
6761,6762
6761,6764
6761,7128
6762,6763
6762,6765
6763,6767
6764,6765
6764,6766
6764,7132
6765,6767
6766,6767
6766,7133
6767,6768
6767,6769
6767,6771
6767,7134
6768,6770
6769,6770
6769,6772
6770,6773
6771,6772
6771,7139
6772,6773
6772,7141
6773,6774
6773,7142
6774,6775
6774,6777
6774,7143
6775,6776
6775,6778
6776,6780
6777,6778
6777,6779
6777,7148
6778,6780
6779,6780
6779,7149
6780,6781
6780,6782
6780,6784
6780,7150
6781,6783
6782,6783
6782,6785
6783,6786
6784,6785
6784,7154
6785,6786
6785,7156
6786,6787
6786,6789
6786,7157
6787,6788
6787,6790
6788,6791
6789,6790
6789,7161
6790,6791
6790,6792
6790,7163
6791,6793
6792,6793
6792,7164
6793,6794
6793,6796
6793,7165
6794,6795
6794,6797
6795,6799
6796,6797
6796,6798
6796,7169
6797,6799
6798,6799
6798,7170
6799,6800
6799,6801
6799,6803
6799,7171
6800,6802
6801,6802
6801,6804
6802,6805
6803,6804
6803,7176
6804,6805
6804,7178
6805,6806
6805,7179
6806,6807
6806,6809
6806,7181
6807,6808
6807,6810
6808,6812
6809,6810
6809,6811
6809,7185
6810,6812
6811,6812
6811,7186
6812,6813
6812,6814
6812,6816
6812,7187
6813,6815
6814,6815
6814,6817
6815,6818
6816,6817
6816,7191
6817,6818
6817,7193
6818,6819
6818,6821
6818,7194
6819,6820
6819,6822
6820,6823
6821,6822
6821,7198
6822,6823
6822,6824
6822,7200
6823,6825
6824,6825
6824,7201
6825,6826
6825,6828
6825,7202
6826,6827
6826,6829
6827,6831
6828,6829
6828,6830
6828,7206
6829,6831
6830,6831
6830,7207
6831,6832
6831,6834
6831,7208
6832,6833
6832,6835
6833,6836
6834,6835
6834,7213
6835,6836
6835,6837
6835,7215
6836,6838
6837,6838
6837,7216
6838,6839
6838,6841
6838,7217
6839,6840
6839,6842
6840,6844
6841,6842
6841,6843
6841,7221
6842,6844
6843,6844
6843,7222
6844,6845
6844,6846
6844,6848
6844,7223
6845,6847
6846,6847
6846,6849
6847,6850
6848,6849
6848,7228
6849,6850
6849,7230
6850,6851
6850,6853
6850,7231
6851,6852
6851,6854
6852,6855
6853,6854
6853,7235
6854,6855
6854,6856
6854,7237
6855,6857
6856,6857
6856,7238
6857,6858
6857,6859
6857,6861
6857,7239
6858,6860
6859,6860
6859,6862
6860,6863
6861,6862
6861,7243
6862,6863
6862,7245
6863,6864
6863,6866
6863,7246
6864,6865
6864,6867
6865,6868
6866,6867
6866,7250
6867,6868
6867,6869
6867,7252
6868,6870
6869,6870
6869,7253
6870,6871
6870,6873
6870,7254
6871,6872
6871,6874
6872,6876
6873,6874
6873,6875
6873,7258
6874,6876
6875,6876
6875,7259
6876,6877
6876,6878
6876,6880
6876,7260
6877,6879
6878,6879
6878,6881
6879,6882
6880,6881
6880,7265
6881,6882
6881,7267
6882,6883
6882,7268
6883,6884
6883,6886
6883,7269
6884,6885
6884,6887
6885,6889
6886,6887
6886,6888
6886,7274
6887,6889
6888,6889
6888,7275
6889,6890
6889,6891
6889,6893
6889,7276
6890,6892
6891,6892
6891,6894
6892,6895
6893,6894
6893,7280
6894,6895
6894,7282
6895,6896
6895,6898
6895,7283
6896,6897
6896,6899
6897,6900
6898,6899
6898,7287
6899,6900
6899,6901
6899,7289
6900,6902
6901,6902
6901,7290
6902,6903
6902,6905
6902,7291
6903,6904
6903,6906
6904,6908
6905,6906
6905,6907
6905,7295
6906,6908
6907,6908
6907,7296
6908,6909
6908,6911
6908,7297
6909,6910
6909,6912
6910,6913
6911,6912
6911,7302
6912,6913
6912,7304
6914,6915
6914,6916
6915,6917
6916,6917
6916,6920
6916,7308
6917,6918
6917,6921
6918,6919
6918,6923
6919,6924
6920,6921
6920,6922
6920,7310
6921,6923
6922,6923
6922,7311
6923,6924
6923,6925
6923,6928
6923,7312
6924,6926
6925,6926
6925,6929
6926,6927
6926,6930
6927,6931
6928,6929
6928,7315
6929,6930
6929,7317
6930,6931
6930,6932
6930,7318
6931,6933
6932,6933
6932,6936
6932,7319
6933,6934
6933,6937
6934,6935
6934,6938
6935,6939
6936,6937
6936,7323
6937,6938
6937,7324
6938,6939
6938,6940
6938,6943
6938,7326
6939,6941
6940,6941
6940,6944
6941,6942
6941,6945
6942,6946
6943,6944
6943,7329
6944,6945
6944,7330
6945,6946
6945,6947
6945,7331
6946,6948
6947,6948
6947,6951
6947,7332
6948,6949
6948,6952
6949,6950
6949,6953
6950,6954
6951,6952
6951,7336
6952,6953
6952,7337
6953,6954
6953,6957
6953,7339
6954,6955
6954,6958
6955,6956
6955,6960
6956,6961
6957,6958
6957,6959
6957,7342
6958,6960
6959,6960
6959,7343
6960,6961
6960,6962
6960,7344
6961,6963
6962,6963
6962,6967
6962,7345
6963,6964
6963,6965
6963,6968
6964,6966
6965,6966
6965,6969
6966,6970
6967,6968
6967,7349
6968,6969
6968,7350
6969,6970
6969,6973
6969,7352
6970,6971
6970,6974
6971,6972
6971,6975
6972,6976
6973,6974
6973,7355
6974,6975
6974,7356
6975,6976
6975,6977
6975,6980
6975,7358
6976,6978
6977,6978
6977,6981
6978,6979
6978,6982
6979,6983
6980,6981
6980,7361
6981,6982
6981,7362
6982,6983
6982,6984
6982,7363
6983,6985
6984,6985
6984,6988
6984,7364
6985,6986
6985,6989
6986,6987
6986,6990
6987,6991
6988,6989
6988,7368
6989,6990
6989,7369
6990,6991
6990,6994
6990,7371
6991,6992
6991,6995
6992,6993
6992,6997
6993,6998
6994,6995
6994,6996
6994,7374
6995,6997
6996,6997
6996,7375
6997,6998
6997,6999
6997,7376
6998,7000
6999,7000
6999,7003
6999,7377
7000,7001
7000,7004
7001,7002
7001,7005
7002,7006
7003,7004
7003,7381
7004,7005
7004,7382
7005,7006
7005,7009
7005,7384
7006,7007
7006,7010
7007,7008
7007,7012
7008,7013
7009,7010
7009,7011
7009,7387
7010,7012
7011,7012
7011,7388
7012,7013
7012,7014
7012,7017
7012,7389
7013,7015
7014,7015
7014,7018
7015,7016
7015,7019
7016,7020
7017,7018
7017,7392
7018,7019
7018,7394
7019,7020
7019,7021
7019,7395
7020,7022
7021,7022
7021,7025
7021,7396
7022,7023
7022,7026
7023,7024
7023,7027
7024,7028
7025,7026
7025,7400
7026,7027
7026,7401
7027,7028
7027,7029
7027,7032
7027,7403
7028,7030
7029,7030
7029,7033
7030,7031
7030,7034
7031,7035
7032,7033
7032,7406
7033,7034
7033,7407
7034,7035
7034,7036
7034,7408
7035,7037
7036,7037
7036,7040
7036,7409
7037,7038
7037,7041
7038,7039
7038,7042
7039,7043
7040,7041
7040,7413
7041,7042
7041,7414
7042,7043
7042,7046
7042,7416
7043,7044
7043,7047
7044,7045
7044,7049
7045,7050
7046,7047
7046,7048
7046,7419
7047,7049
7048,7049
7048,7420
7049,7050
7049,7051
7049,7421
7050,7052
7051,7052
7051,7055
7051,7422
7052,7053
7052,7056
7053,7054
7053,7057
7054,7059
7055,7056
7055,7426
7056,7057
7056,7058
7056,7427
7057,7059
7058,7059
7058,7062
7058,7428
7059,7060
7059,7063
7060,7061
7060,7064
7061,7065
7062,7063
7062,7432
7063,7064
7063,7433
7064,7065
7064,7066
7064,7069
7064,7435
7065,7067
7066,7067
7066,7070
7067,7068
7067,7071
7068,7072
7069,7070
7069,7438
7070,7071
7070,7439
7071,7072
7071,7073
7071,7440
7072,7074
7073,7074
7073,7077
7073,7441
7074,7075
7074,7078
7075,7076
7075,7079
7076,7080
7077,7078
7077,7445
7078,7079
7078,7446
7079,7080
7079,7083
7079,7448
7080,7081
7080,7084
7081,7082
7081,7086
7082,7087
7083,7084
7083,7085
7083,7451
7084,7086
7085,7086
7085,7452
7086,7087
7086,7088
7086,7453
7087,7089
7088,7089
7088,7092
7088,7454
7089,7090
7089,7093
7090,7091
7090,7094
7091,7095
7092,7093
7092,7458
7093,7094
7093,7459
7094,7095
7094,7098
7094,7461
7095,7096
7095,7099
7096,7097
7096,7101
7097,7102
7098,7099
7098,7100
7098,7464
7099,7101
7100,7101
7100,7465
7101,7102
7101,7103
7101,7106
7101,7466
7102,7104
7103,7104
7103,7107
7104,7105
7104,7108
7105,7109
7106,7107
7106,7469
7107,7108
7107,7471
7108,7109
7108,7110
7108,7472
7109,7111
7110,7111
7110,7114
7110,7473
7111,7112
7111,7115
7112,7113
7112,7116
7113,7117
7114,7115
7114,7477
7115,7116
7115,7478
7116,7117
7116,7118
7116,7121
7116,7480
7117,7119
7118,7119
7118,7122
7119,7120
7119,7123
7120,7124
7121,7122
7121,7483
7122,7123
7122,7484
7123,7124
7123,7125
7123,7485
7124,7126
7125,7126
7125,7129
7125,7486
7126,7127
7126,7130
7127,7128
7127,7131
7128,7132
7129,7130
7129,7490
7130,7131
7130,7491
7131,7132
7131,7135
7131,7493
7132,7133
7132,7136
7133,7134
7133,7138
7134,7139
7135,7136
7135,7137
7135,7496
7136,7138
7137,7138
7137,7497
7138,7139
7138,7140
7138,7498
7139,7141
7140,7141
7140,7144
7140,7499
7141,7142
7141,7145
7142,7143
7142,7146
7143,7148
7144,7145
7144,7503
7145,7146
7145,7147
7145,7504
7146,7148
7147,7148
7147,7151
7147,7505
7148,7149
7148,7152
7149,7150
7149,7153
7150,7154
7151,7152
7151,7509
7152,7153
7152,7510
7153,7154
7153,7155
7153,7158
7153,7512
7154,7156
7155,7156
7155,7159
7156,7157
7156,7160
7157,7161
7158,7159
7158,7515
7159,7160
7159,7516
7160,7161
7160,7162
7160,7517
7161,7163
7162,7163
7162,7166
7162,7518
7163,7164
7163,7167
7164,7165
7164,7168
7165,7169
7166,7167
7166,7522
7167,7168
7167,7523
7168,7169
7168,7172
7168,7525
7169,7170
7169,7173
7170,7171
7170,7175
7171,7176
7172,7173
7172,7174
7172,7528
7173,7175
7174,7175
7174,7529
7175,7176
7175,7177
7175,7530
7176,7178
7177,7178
7177,7182
7177,7531
7178,7179
7178,7180
7178,7183
7179,7181
7180,7181
7180,7184
7181,7185
7182,7183
7182,7535
7183,7184
7183,7536
7184,7185
7184,7188
7184,7538
7185,7186
7185,7189
7186,7187
7186,7190
7187,7191
7188,7189
7188,7541
7189,7190
7189,7542
7190,7191
7190,7192
7190,7195
7190,7544
7191,7193
7192,7193
7192,7196
7193,7194
7193,7197
7194,7198
7195,7196
7195,7547
7196,7197
7196,7548
7197,7198
7197,7199
7197,7549
7198,7200
7199,7200
7199,7203
7199,7550
7200,7201
7200,7204
7201,7202
7201,7205
7202,7206
7203,7204
7203,7554
7204,7205
7204,7555
7205,7206
7205,7209
7205,7557
7206,7207
7206,7210
7207,7208
7207,7212
7208,7213
7209,7210
7209,7211
7209,7560
7210,7212
7211,7212
7211,7561
7212,7213
7212,7214
7212,7562
7213,7215
7214,7215
7214,7218
7214,7563
7215,7216
7215,7219
7216,7217
7216,7220
7217,7221
7218,7219
7218,7567
7219,7220
7219,7568
7220,7221
7220,7224
7220,7570
7221,7222
7221,7225
7222,7223
7222,7227
7223,7228
7224,7225
7224,7226
7224,7573
7225,7227
7226,7227
7226,7574
7227,7228
7227,7229
7227,7232
7227,7575
7228,7230
7229,7230
7229,7233
7230,7231
7230,7234
7231,7235
7232,7233
7232,7578
7233,7234
7233,7580
7234,7235
7234,7236
7234,7581
7235,7237
7236,7237
7236,7240
7236,7582
7237,7238
7237,7241
7238,7239
7238,7242
7239,7243
7240,7241
7240,7586
7241,7242
7241,7587
7242,7243
7242,7244
7242,7247
7242,7589
7243,7245
7244,7245
7244,7248
7245,7246
7245,7249
7246,7250
7247,7248
7247,7592
7248,7249
7248,7593
7249,7250
7249,7251
7249,7594
7250,7252
7251,7252
7251,7255
7251,7595
7252,7253
7252,7256
7253,7254
7253,7257
7254,7258
7255,7256
7255,7599
7256,7257
7256,7600
7257,7258
7257,7261
7257,7602
7258,7259
7258,7262
7259,7260
7259,7264
7260,7265
7261,7262
7261,7263
7261,7605
7262,7264
7263,7264
7263,7606
7264,7265
7264,7266
7264,7607
7265,7267
7266,7267
7266,7270
7266,7608
7267,7268
7267,7271
7268,7269
7268,7272
7269,7274
7270,7271
7270,7612
7271,7272
7271,7273
7271,7613
7272,7274
7273,7274
7273,7277
7273,7614
7274,7275
7274,7278
7275,7276
7275,7279
7276,7280
7277,7278
7277,7618
7278,7279
7278,7619
7279,7280
7279,7281
7279,7284
7279,7621
7280,7282
7281,7282
7281,7285
7282,7283
7282,7286
7283,7287
7284,7285
7284,7624
7285,7286
7285,7625
7286,7287
7286,7288
7286,7626
7287,7289
7288,7289
7288,7292
7288,7627
7289,7290
7289,7293
7290,7291
7290,7294
7291,7295
7292,7293
7292,7631
7293,7294
7293,7632
7294,7295
7294,7298
7294,7634
7295,7296
7295,7299
7296,7297
7296,7301
7297,7302
7298,7299
7298,7300
7298,7637
7299,7301
7300,7301
7300,7638
7301,7302
7301,7303
7301,7639
7302,7304
7303,7304
7303,7305
7303,7640
7304,7306
7305,7306
7305,7644
7306,7645
7307,7308
7307,7309
7308,7310
7309,7310
7309,7648
7310,7311
7310,7313
7310,7649
7311,7312
7311,7314
7312,7315
7313,7314
7313,7652
7314,7315
7314,7316
7314,7654
7315,7317
7316,7317
7316,7655
7317,7318
7317,7320
7317,7656
7318,7319
7318,7321
7319,7323
7320,7321
7320,7322
7320,7660
7321,7323
7322,7323
7322,7661
7323,7324
7323,7325
7323,7327
7323,7662
7324,7326
7325,7326
7325,7328
7326,7329
7327,7328
7327,7667
7328,7329
7328,7669
7329,7330
7329,7670
7330,7331
7330,7333
7330,7672
7331,7332
7331,7334
7332,7336
7333,7334
7333,7335
7333,7676
7334,7336
7335,7336
7335,7677
7336,7337
7336,7338
7336,7340
7336,7678
7337,7339
7338,7339
7338,7341
7339,7342
7340,7341
7340,7682
7341,7342
7341,7684
7342,7343
7342,7685
7343,7344
7343,7346
7343,7686
7344,7345
7344,7347
7345,7349
7346,7347
7346,7348
7346,7691
7347,7349
7348,7349
7348,7692
7349,7350
7349,7351
7349,7353
7349,7693
7350,7352
7351,7352
7351,7354
7352,7355
7353,7354
7353,7697
7354,7355
7354,7699
7355,7356
7355,7357
7355,7359
7355,7700
7356,7358
7357,7358
7357,7360
7358,7361
7359,7360
7359,7704
7360,7361
7360,7706
7361,7362
7361,7707
7362,7363
7362,7365
7362,7709
7363,7364
7363,7366
7364,7368
7365,7366
7365,7367
7365,7713
7366,7368
7367,7368
7367,7714
7368,7369
7368,7370
7368,7372
7368,7715
7369,7371
7370,7371
7370,7373
7371,7374
7372,7373
7372,7719
7373,7374
7373,7721
7374,7375
7374,7722
7375,7376
7375,7378
7375,7723
7376,7377
7376,7379
7377,7381
7378,7379
7378,7380
7378,7728
7379,7381
7380,7381
7380,7729
7381,7382
7381,7383
7381,7385
7381,7730
7382,7384
7383,7384
7383,7386
7384,7387
7385,7386
7385,7734
7386,7387
7386,7736
7387,7388
7387,7390
7387,7737
7388,7389
7388,7391
7389,7392
7390,7391
7390,7741
7391,7392
7391,7393
7391,7743
7392,7394
7393,7394
7393,7744
7394,7395
7394,7397
7394,7745
7395,7396
7395,7398
7396,7400
7397,7398
7397,7399
7397,7749
7398,7400
7399,7400
7399,7750
7400,7401
7400,7402
7400,7404
7400,7751
7401,7403
7402,7403
7402,7405
7403,7406
7404,7405
7404,7756
7405,7406
7405,7758
7406,7407
7406,7759
7407,7408
7407,7410
7407,7761
7408,7409
7408,7411
7409,7413
7410,7411
7410,7412
7410,7765
7411,7413
7412,7413
7412,7766
7413,7414
7413,7415
7413,7417
7413,7767
7414,7416
7415,7416
7415,7418
7416,7419
7417,7418
7417,7771
7418,7419
7418,7773
7419,7420
7419,7774
7420,7421
7420,7423
7420,7775
7421,7422
7421,7424
7422,7426
7423,7424
7423,7425
7423,7780
7424,7426
7425,7426
7425,7781
7426,7427
7426,7429
7426,7782
7427,7428
7427,7430
7428,7432
7429,7430
7429,7431
7429,7786
7430,7432
7431,7432
7431,7787
7432,7433
7432,7434
7432,7436
7432,7788
7433,7435
7434,7435
7434,7437
7435,7438
7436,7437
7436,7793
7437,7438
7437,7795
7438,7439
7438,7796
7439,7440
7439,7442
7439,7798
7440,7441
7440,7443
7441,7445
7442,7443
7442,7444
7442,7802
7443,7445
7444,7445
7444,7803
7445,7446
7445,7447
7445,7449
7445,7804
7446,7448
7447,7448
7447,7450
7448,7451
7449,7450
7449,7808
7450,7451
7450,7810
7451,7452
7451,7811
7452,7453
7452,7455
7452,7812
7453,7454
7453,7456
7454,7458
7455,7456
7455,7457
7455,7817
7456,7458
7457,7458
7457,7818
7458,7459
7458,7460
7458,7462
7458,7819
7459,7461
7460,7461
7460,7463
7461,7464
7462,7463
7462,7823
7463,7464
7463,7825
7464,7465
7464,7467
7464,7826
7465,7466
7465,7468
7466,7469
7467,7468
7467,7830
7468,7469
7468,7470
7468,7832
7469,7471
7470,7471
7470,7833
7471,7472
7471,7474
7471,7834
7472,7473
7472,7475
7473,7477
7474,7475
7474,7476
7474,7838
7475,7477
7476,7477
7476,7839
7477,7478
7477,7479
7477,7481
7477,7840
7478,7480
7479,7480
7479,7482
7480,7483
7481,7482
7481,7845
7482,7483
7482,7847
7483,7484
7483,7848
7484,7485
7484,7487
7484,7850
7485,7486
7485,7488
7486,7490
7487,7488
7487,7489
7487,7854
7488,7490
7489,7490
7489,7855
7490,7491
7490,7492
7490,7494
7490,7856
7491,7493
7492,7493
7492,7495
7493,7496
7494,7495
7494,7860
7495,7496
7495,7862
7496,7497
7496,7863
7497,7498
7497,7500
7497,7864
7498,7499
7498,7501
7499,7503
7500,7501
7500,7502
7500,7869
7501,7503
7502,7503
7502,7870
7503,7504
7503,7506
7503,7871
7504,7505
7504,7507
7505,7509
7506,7507
7506,7508
7506,7875
7507,7509
7508,7509
7508,7876
7509,7510
7509,7511
7509,7513
7509,7877
7510,7512
7511,7512
7511,7514
7512,7515
7513,7514
7513,7882
7514,7515
7514,7884
7515,7516
7515,7885
7516,7517
7516,7519
7516,7887
7517,7518
7517,7520
7518,7522
7519,7520
7519,7521
7519,7891
7520,7522
7521,7522
7521,7892
7522,7523
7522,7524
7522,7526
7522,7893
7523,7525
7524,7525
7524,7527
7525,7528
7526,7527
7526,7897
7527,7528
7527,7899
7528,7529
7528,7900
7529,7530
7529,7532
7529,7901
7530,7531
7530,7533
7531,7535
7532,7533
7532,7534
7532,7906
7533,7535
7534,7535
7534,7907
7535,7536
7535,7537
7535,7539
7535,7908
7536,7538
7537,7538
7537,7540
7538,7541
7539,7540
7539,7912
7540,7541
7540,7914
7541,7542
7541,7543
7541,7545
7541,7915
7542,7544
7543,7544
7543,7546
7544,7547
7545,7546
7545,7919
7546,7547
7546,7921
7547,7548
7547,7922
7548,7549
7548,7551
7548,7924
7549,7550
7549,7552
7550,7554
7551,7552
7551,7553
7551,7928
7552,7554
7553,7554
7553,7929
7554,7555
7554,7556
7554,7558
7554,7930
7555,7557
7556,7557
7556,7559
7557,7560
7558,7559
7558,7934
7559,7560
7559,7936
7560,7561
7560,7937
7561,7562
7561,7564
7561,7938
7562,7563
7562,7565
7563,7567
7564,7565
7564,7566
7564,7943
7565,7567
7566,7567
7566,7944
7567,7568
7567,7569
7567,7571
7567,7945
7568,7570
7569,7570
7569,7572
7570,7573
7571,7572
7571,7949
7572,7573
7572,7951
7573,7574
7573,7576
7573,7952
7574,7575
7574,7577
7575,7578
7576,7577
7576,7956
7577,7578
7577,7579
7577,7958
7578,7580
7579,7580
7579,7959
7580,7581
7580,7583
7580,7960
7581,7582
7581,7584
7582,7586
7583,7584
7583,7585
7583,7964
7584,7586
7585,7586
7585,7965
7586,7587
7586,7588
7586,7590
7586,7966
7587,7589
7588,7589
7588,7591
7589,7592
7590,7591
7590,7971
7591,7592
7591,7973
7592,7593
7592,7974
7593,7594
7593,7596
7593,7976
7594,7595
7594,7597
7595,7599
7596,7597
7596,7598
7596,7980
7597,7599
7598,7599
7598,7981
7599,7600
7599,7601
7599,7603
7599,7982
7600,7602
7601,7602
7601,7604
7602,7605
7603,7604
7603,7986
7604,7605
7604,7988
7605,7606
7605,7989
7606,7607
7606,7609
7606,7990
7607,7608
7607,7610
7608,7612
7609,7610
7609,7611
7609,7995
7610,7612
7611,7612
7611,7996
7612,7613
7612,7615
7612,7997
7613,7614
7613,7616
7614,7618
7615,7616
7615,7617
7615,8001
7616,7618
7617,7618
7617,8002
7618,7619
7618,7620
7618,7622
7618,8003
7619,7621
7620,7621
7620,7623
7621,7624
7622,7623
7622,8008
7623,7624
7623,8010
7624,7625
7624,8011
7625,7626
7625,7628
7625,8013
7626,7627
7626,7629
7627,7631
7628,7629
7628,7630
7628,8017
7629,7631
7630,7631
7630,8018
7631,7632
7631,7633
7631,7635
7631,8019
7632,7634
7633,7634
7633,7636
7634,7637
7635,7636
7635,8023
7636,7637
7636,8025
7637,7638
7637,8026
7638,7639
7638,7641
7638,8027
7639,7640
7639,7642
7640,7644
7641,7642
7641,7643
7641,8032
7642,7644
7643,7644
7643,8033
7644,7645
7644,7646
7644,8034
7646,8038
7647,7648
7647,7650
7648,7649
7648,7651
7649,7652
7650,7651
7650,8040
7651,7652
7651,7653
7651,8041
7652,7654
7653,7654
7653,7657
7653,8042
7654,7655
7654,7658
7655,7656
7655,7659
7656,7660
7657,7658
7657,8046
7658,7659
7658,8047
7659,7660
7659,7663
7659,8049
7660,7661
7660,7664
7661,7662
7661,7666
7662,7667
7663,7664
7663,7665
7663,8052
7664,7666
7665,7666
7665,8053
7666,7667
7666,7668
7666,8054
7667,7669
7668,7669
7668,7673
7668,8055
7669,7670
7669,7671
7669,7674
7670,7672
7671,7672
7671,7675
7672,7676
7673,7674
7673,8059
7674,7675
7674,8060
7675,7676
7675,7679
7675,8062
7676,7677
7676,7680
7677,7678
7677,7681
7678,7682
7679,7680
7679,8065
7680,7681
7680,8066
7681,7682
7681,7683
7681,8068
7682,7684
7683,7684
7683,7687
7683,8069
7684,7685
7684,7688
7685,7686
7685,7689
7686,7691
7687,7688
7687,8072
7688,7689
7688,7690
7688,8073
7689,7691
7690,7691
7690,7694
7690,8074
7691,7692
7691,7695
7692,7693
7692,7696
7693,7697
7694,7695
7694,8078
7695,7696
7695,8079
7696,7697
7696,7698
7696,7701
7696,8081
7697,7699
7698,7699
7698,7702
7699,7700
7699,7703
7700,7704
7701,7702
7701,8084
7702,7703
7702,8085
7703,7704
7703,7705
7703,8086
7704,7706
7705,7706
7705,7710
7705,8087
7706,7707
7706,7708
7706,7711
7707,7709
7708,7709
7708,7712
7709,7713
7710,7711
7710,8091
7711,7712
7711,8092
7712,7713
7712,7716
7712,8094
7713,7714
7713,7717
7714,7715
7714,7718
7715,7719
7716,7717
7716,8097
7717,7718
7717,8098
7718,7719
7718,7720
7718,8100
7719,7721
7720,7721
7720,7724
7720,8101
7721,7722
7721,7725
7722,7723
7722,7726
7723,7728
7724,7725
7724,8104
7725,7726
7725,7727
7725,8105
7726,7728
7727,7728
7727,7731
7727,8106
7728,7729
7728,7732
7729,7730
7729,7733
7730,7734
7731,7732
7731,8110
7732,7733
7732,8111
7733,7734
7733,7735
7733,7738
7733,8113
7734,7736
7735,7736
7735,7739
7736,7737
7736,7740
7737,7741
7738,7739
7738,8116
7739,7740
7739,8117
7740,7741
7740,7742
7740,8118
7741,7743
7742,7743
7742,7746
7742,8119
7743,7744
7743,7747
7744,7745
7744,7748
7745,7749
7746,7747
7746,8123
7747,7748
7747,8124
7748,7749
7748,7752
7748,8126
7749,7750
7749,7753
7750,7751
7750,7755
7751,7756
7752,7753
7752,7754
7752,8129
7753,7755
7754,7755
7754,8130
7755,7756
7755,7757
7755,8131
7756,7758
7757,7758
7757,7762
7757,8132
7758,7759
7758,7760
7758,7763
7759,7761
7760,7761
7760,7764
7761,7765
7762,7763
7762,8136
7763,7764
7763,8137
7764,7765
7764,7768
7764,8139
7765,7766
7765,7769
7766,7767
7766,7770
7767,7771
7768,7769
7768,8142
7769,7770
7769,8143
7770,7771
7770,7772
7770,8145
7771,7773
7772,7773
7772,7776
7772,8146
7773,7774
7773,7777
7774,7775
7774,7778
7775,7780
7776,7777
7776,8149
7777,7778
7777,7779
7777,8150
7778,7780
7779,7780
7779,7783
7779,8151
7780,7781
7780,7784
7781,7782
7781,7785
7782,7786
7783,7784
7783,8155
7784,7785
7784,8156
7785,7786
7785,7789
7785,8158
7786,7787
7786,7790
7787,7788
7787,7792
7788,7793
7789,7790
7789,7791
7789,8161
7790,7792
7791,7792
7791,8162
7792,7793
7792,7794
7792,8163
7793,7795
7794,7795
7794,7799
7794,8164
7795,7796
7795,7797
7795,7800
7796,7798
7797,7798
7797,7801
7798,7802
7799,7800
7799,8168
7800,7801
7800,8169
7801,7802
7801,7805
7801,8171
7802,7803
7802,7806
7803,7804
7803,7807
7804,7808
7805,7806
7805,8174
7806,7807
7806,8175
7807,7808
7807,7809
7807,8177
7808,7810
7809,7810
7809,7813
7809,8178
7810,7811
7810,7814
7811,7812
7811,7815
7812,7817
7813,7814
7813,8181
7814,7815
7814,7816
7814,8182
7815,7817
7816,7817
7816,7820
7816,8183
7817,7818
7817,7821
7818,7819
7818,7822
7819,7823
7820,7821
7820,8187
7821,7822
7821,8188
7822,7823
7822,7824
7822,7827
7822,8190
7823,7825
7824,7825
7824,7828
7825,7826
7825,7829
7826,7830
7827,7828
7827,8193
7828,7829
7828,8194
7829,7830
7829,7831
7829,8195
7830,7832
7831,7832
7831,7835
7831,8196
7832,7833
7832,7836
7833,7834
7833,7837
7834,7838
7835,7836
7835,8200
7836,7837
7836,8201
7837,7838
7837,7841
7837,8203
7838,7839
7838,7842
7839,7840
7839,7844
7840,7845
7841,7842
7841,7843
7841,8206
7842,7844
7843,7844
7843,8207
7844,7845
7844,7846
7844,8208
7845,7847
7846,7847
7846,7851
7846,8209
7847,7848
7847,7849
7847,7852
7848,7850
7849,7850
7849,7853
7850,7854
7851,7852
7851,8213
7852,7853
7852,8214
7853,7854
7853,7857
7853,8216
7854,7855
7854,7858
7855,7856
7855,7859
7856,7860
7857,7858
7857,8219
7858,7859
7858,8220
7859,7860
7859,7861
7859,8222
7860,7862
7861,7862
7861,7865
7861,8223
7862,7863
7862,7866
7863,7864
7863,7867
7864,7869
7865,7866
7865,8226
7866,7867
7866,7868
7866,8227
7867,7869
7868,7869
7868,7872
7868,8228
7869,7870
7869,7873
7870,7871
7870,7874
7871,7875
7872,7873
7872,8232
7873,7874
7873,8233
7874,7875
7874,7878
7874,8235
7875,7876
7875,7879
7876,7877
7876,7881
7877,7882
7878,7879
7878,7880
7878,8238
7879,7881
7880,7881
7880,8239
7881,7882
7881,7883
7881,8240
7882,7884
7883,7884
7883,7888
7883,8241
7884,7885
7884,7886
7884,7889
7885,7887
7886,7887
7886,7890
7887,7891
7888,7889
7888,8245
7889,7890
7889,8246
7890,7891
7890,7894
7890,8248
7891,7892
7891,7895
7892,7893
7892,7896
7893,7897
7894,7895
7894,8251
7895,7896
7895,8252
7896,7897
7896,7898
7896,8254
7897,7899
7898,7899
7898,7902
7898,8255
7899,7900
7899,7903
7900,7901
7900,7904
7901,7906
7902,7903
7902,8258
7903,7904
7903,7905
7903,8259
7904,7906
7905,7906
7905,7909
7905,8260
7906,7907
7906,7910
7907,7908
7907,7911
7908,7912
7909,7910
7909,8264
7910,7911
7910,8265
7911,7912
7911,7913
7911,7916
7911,8267
7912,7914
7913,7914
7913,7917
7914,7915
7914,7918
7915,7919
7916,7917
7916,8270
7917,7918
7917,8271
7918,7919
7918,7920
7918,8272
7919,7921
7920,7921
7920,7925
7920,8273
7921,7922
7921,7923
7921,7926
7922,7924
7923,7924
7923,7927
7924,7928
7925,7926
7925,8277
7926,7927
7926,8278
7927,7928
7927,7931
7927,8280
7928,7929
7928,7932
7929,7930
7929,7933
7930,7934
7931,7932
7931,8283
7932,7933
7932,8284
7933,7934
7933,7935
7933,8286
7934,7936
7935,7936
7935,7939
7935,8287
7936,7937
7936,7940
7937,7938
7937,7941
7938,7943
7939,7940
7939,8290
7940,7941
7940,7942
7940,8291
7941,7943
7942,7943
7942,7946
7942,8292
7943,7944
7943,7947
7944,7945
7944,7948
7945,7949
7946,7947
7946,8296
7947,7948
7947,8297
7948,7949
7948,7950
7948,7953
7948,8299
7949,7951
7950,7951
7950,7954
7951,7952
7951,7955
7952,7956
7953,7954
7953,8302
7954,7955
7954,8303
7955,7956
7955,7957
7955,8304
7956,7958
7957,7958
7957,7961
7957,8305
7958,7959
7958,7962
7959,7960
7959,7963
7960,7964
7961,7962
7961,8309
7962,7963
7962,8310
7963,7964
7963,7967
7963,8312
7964,7965
7964,7968
7965,7966
7965,7970
7966,7971
7967,7968
7967,7969
7967,8315
7968,7970
7969,7970
7969,8316
7970,7971
7970,7972
7970,8317
7971,7973
7972,7973
7972,7977
7972,8318
7973,7974
7973,7975
7973,7978
7974,7976
7975,7976
7975,7979
7976,7980
7977,7978
7977,8322
7978,7979
7978,8323
7979,7980
7979,7983
7979,8325
7980,7981
7980,7984
7981,7982
7981,7985
7982,7986
7983,7984
7983,8328
7984,7985
7984,8329
7985,7986
7985,7987
7985,8331
7986,7988
7987,7988
7987,7991
7987,8332
7988,7989
7988,7992
7989,7990
7989,7993
7990,7995
7991,7992
7991,8335
7992,7993
7992,7994
7992,8336
7993,7995
7994,7995
7994,7998
7994,8337
7995,7996
7995,7999
7996,7997
7996,8000
7997,8001
7998,7999
7998,8341
7999,8000
7999,8342
8000,8001
8000,8004
8000,8344
8001,8002
8001,8005
8002,8003
8002,8007
8003,8008
8004,8005
8004,8006
8004,8347
8005,8007
8006,8007
8006,8348
8007,8008
8007,8009
8007,8349
8008,8010
8009,8010
8009,8014
8009,8350
8010,8011
8010,8012
8010,8015
8011,8013
8012,8013
8012,8016
8013,8017
8014,8015
8014,8354
8015,8016
8015,8355
8016,8017
8016,8020
8016,8357
8017,8018
8017,8021
8018,8019
8018,8022
8019,8023
8020,8021
8020,8360
8021,8022
8021,8361
8022,8023
8022,8024
8022,8363
8023,8025
8024,8025
8024,8028
8024,8364
8025,8026
8025,8029
8026,8027
8026,8030
8027,8032
8028,8029
8028,8367
8029,8030
8029,8031
8029,8368
8030,8032
8031,8032
8031,8035
8031,8369
8032,8033
8032,8036
8033,8034
8033,8037
8034,8038
8035,8036
8035,8373
8036,8037
8036,8374
8037,8038
8037,8039
8037,8376
8039,8379
8040,8041
8040,8043
8040,8381
8041,8042
8041,8044
8042,8046
8043,8044
8043,8045
8043,8383
8044,8046
8045,8046
8045,8384
8046,8047
8046,8048
8046,8050
8046,8385
8047,8049
8048,8049
8048,8051
8049,8052
8050,8051
8050,8389
8051,8052
8051,8391
8052,8053
8052,8392
8053,8054
8053,8056
8053,8393
8054,8055
8054,8057
8055,8059
8056,8057
8056,8058
8056,8398
8057,8059
8058,8059
8058,8399
8059,8060
8059,8061
8059,8063
8059,8400
8060,8062
8061,8062
8061,8064
8062,8065
8063,8064
8063,8404
8064,8065
8064,8406
8065,8066
8065,8067
8065,8407
8066,8068
8067,8068
8067,8070
8067,8408
8068,8069
8068,8071
8069,8072
8070,8071
8070,8413
8071,8072
8071,8414
8072,8073
8072,8075
8072,8416
8073,8074
8073,8076
8074,8078
8075,8076
8075,8077
8075,8420
8076,8078
8077,8078
8077,8421
8078,8079
8078,8080
8078,8082
8078,8422
8079,8081
8080,8081
8080,8083
8081,8084
8082,8083
8082,8426
8083,8084
8083,8428
8084,8085
8084,8429
8085,8086
8085,8088
8085,8431
8086,8087
8086,8089
8087,8091
8088,8089
8088,8090
8088,8435
8089,8091
8090,8091
8090,8436
8091,8092
8091,8093
8091,8095
8091,8437
8092,8094
8093,8094
8093,8096
8094,8097
8095,8096
8095,8441
8096,8097
8096,8443
8097,8098
8097,8099
8097,8444
8098,8100
8099,8100
8099,8102
8099,8445
8100,8101
8100,8103
8101,8104
8102,8103
8102,8450
8103,8104
8103,8451
8104,8105
8104,8107
8104,8453
8105,8106
8105,8108
8106,8110
8107,8108
8107,8109
8107,8457
8108,8110
8109,8110
8109,8458
8110,8111
8110,8112
8110,8114
8110,8459
8111,8113
8112,8113
8112,8115
8113,8116
8114,8115
8114,8463
8115,8116
8115,8465
8116,8117
8116,8466
8117,8118
8117,8120
8117,8468
8118,8119
8118,8121
8119,8123
8120,8121
8120,8122
8120,8472
8121,8123
8122,8123
8122,8473
8123,8124
8123,8125
8123,8127
8123,8474
8124,8126
8125,8126
8125,8128
8126,8129
8127,8128
8127,8478
8128,8129
8128,8480
8129,8130
8129,8481
8130,8131
8130,8133
8130,8482
8131,8132
8131,8134
8132,8136
8133,8134
8133,8135
8133,8487
8134,8136
8135,8136
8135,8488
8136,8137
8136,8138
8136,8140
8136,8489
8137,8139
8138,8139
8138,8141
8139,8142
8140,8141
8140,8493
8141,8142
8141,8495
8142,8143
8142,8144
8142,8496
8143,8145
8144,8145
8144,8147
8144,8497
8145,8146
8145,8148
8146,8149
8147,8148
8147,8502
8148,8149
8148,8503
8149,8150
8149,8152
8149,8505
8150,8151
8150,8153
8151,8155
8152,8153
8152,8154
8152,8509
8153,8155
8154,8155
8154,8510
8155,8156
8155,8157
8155,8159
8155,8511
8156,8158
8157,8158
8157,8160
8158,8161
8159,8160
8159,8515
8160,8161
8160,8517
8161,8162
8161,8518
8162,8163
8162,8165
8162,8519
8163,8164
8163,8166
8164,8168
8165,8166
8165,8167
8165,8524
8166,8168
8167,8168
8167,8525
8168,8169
8168,8170
8168,8172
8168,8526
8169,8171
8170,8171
8170,8173
8171,8174
8172,8173
8172,8530
8173,8174
8173,8532
8174,8175
8174,8176
8174,8533
8175,8177
8176,8177
8176,8179
8176,8534
8177,8178
8177,8180
8178,8181
8179,8180
8179,8539
8180,8181
8180,8540
8181,8182
8181,8184
8181,8542
8182,8183
8182,8185
8183,8187
8184,8185
8184,8186
8184,8546
8185,8187
8186,8187
8186,8547
8187,8188
8187,8189
8187,8191
8187,8548
8188,8190
8189,8190
8189,8192
8190,8193
8191,8192
8191,8552
8192,8193
8192,8554
8193,8194
8193,8555
8194,8195
8194,8197
8194,8557
8195,8196
8195,8198
8196,8200
8197,8198
8197,8199
8197,8561
8198,8200
8199,8200
8199,8562
8200,8201
8200,8202
8200,8204
8200,8563
8201,8203
8202,8203
8202,8205
8203,8206
8204,8205
8204,8567
8205,8206
8205,8569
8206,8207
8206,8570
8207,8208
8207,8210
8207,8571
8208,8209
8208,8211
8209,8213
8210,8211
8210,8212
8210,8576
8211,8213
8212,8213
8212,8577
8213,8214
8213,8215
8213,8217
8213,8578
8214,8216
8215,8216
8215,8218
8216,8219
8217,8218
8217,8582
8218,8219
8218,8584
8219,8220
8219,8221
8219,8585
8220,8222
8221,8222
8221,8224
8221,8586
8222,8223
8222,8225
8223,8226
8224,8225
8224,8591
8225,8226
8225,8592
8226,8227
8226,8229
8226,8594
8227,8228
8227,8230
8228,8232
8229,8230
8229,8231
8229,8598
8230,8232
8231,8232
8231,8599
8232,8233
8232,8234
8232,8236
8232,8600
8233,8235
8234,8235
8234,8237
8235,8238
8236,8237
8236,8604
8237,8238
8237,8606
8238,8239
8238,8607
8239,8240
8239,8242
8239,8608
8240,8241
8240,8243
8241,8245
8242,8243
8242,8244
8242,8613
8243,8245
8244,8245
8244,8614
8245,8246
8245,8247
8245,8249
8245,8615
8246,8248
8247,8248
8247,8250
8248,8251
8249,8250
8249,8619
8250,8251
8250,8621
8251,8252
8251,8253
8251,8622
8252,8254
8253,8254
8253,8256
8253,8623
8254,8255
8254,8257
8255,8258
8256,8257
8256,8628
8257,8258
8257,8629
8258,8259
8258,8261
8258,8631
8259,8260
8259,8262
8260,8264
8261,8262
8261,8263
8261,8635
8262,8264
8263,8264
8263,8636
8264,8265
8264,8266
8264,8268
8264,8637
8265,8267
8266,8267
8266,8269
8267,8270
8268,8269
8268,8641
8269,8270
8269,8643
8270,8271
8270,8644
8271,8272
8271,8274
8271,8646
8272,8273
8272,8275
8273,8277
8274,8275
8274,8276
8274,8650
8275,8277
8276,8277
8276,8651
8277,8278
8277,8279
8277,8281
8277,8652
8278,8280
8279,8280
8279,8282
8280,8283
8281,8282
8281,8656
8282,8283
8282,8658
8283,8284
8283,8285
8283,8659
8284,8286
8285,8286
8285,8288
8285,8660
8286,8287
8286,8289
8287,8290
8288,8289
8288,8665
8289,8290
8289,8666
8290,8291
8290,8293
8290,8668
8291,8292
8291,8294
8292,8296
8293,8294
8293,8295
8293,8672
8294,8296
8295,8296
8295,8673
8296,8297
8296,8298
8296,8300
8296,8674
8297,8299
8298,8299
8298,8301
8299,8302
8300,8301
8300,8678
8301,8302
8301,8680
8302,8303
8302,8681
8303,8304
8303,8306
8303,8683
8304,8305
8304,8307
8305,8309
8306,8307
8306,8308
8306,8687
8307,8309
8308,8309
8308,8688
8309,8310
8309,8311
8309,8313
8309,8689
8310,8312
8311,8312
8311,8314
8312,8315
8313,8314
8313,8693
8314,8315
8314,8695
8315,8316
8315,8696
8316,8317
8316,8319
8316,8697
8317,8318
8317,8320
8318,8322
8319,8320
8319,8321
8319,8702
8320,8322
8321,8322
8321,8703
8322,8323
8322,8324
8322,8326
8322,8704
8323,8325
8324,8325
8324,8327
8325,8328
8326,8327
8326,8708
8327,8328
8327,8710
8328,8329
8328,8330
8328,8711
8329,8331
8330,8331
8330,8333
8330,8712
8331,8332
8331,8334
8332,8335
8333,8334
8333,8717
8334,8335
8334,8718
8335,8336
8335,8338
8335,8720
8336,8337
8336,8339
8337,8341
8338,8339
8338,8340
8338,8724
8339,8341
8340,8341
8340,8725
8341,8342
8341,8343
8341,8345
8341,8726
8342,8344
8343,8344
8343,8346
8344,8347
8345,8346
8345,8730
8346,8347
8346,8732
8347,8348
8347,8733
8348,8349
8348,8351
8348,8734
8349,8350
8349,8352
8350,8354
8351,8352
8351,8353
8351,8739
8352,8354
8353,8354
8353,8740
8354,8355
8354,8356
8354,8358
8354,8741
8355,8357
8356,8357
8356,8359
8357,8360
8358,8359
8358,8745
8359,8360
8359,8747
8360,8361
8360,8362
8360,8748
8361,8363
8362,8363
8362,8365
8362,8749
8363,8364
8363,8366
8364,8367
8365,8366
8365,8754
8366,8367
8366,8755
8367,8368
8367,8370
8367,8757
8368,8369
8368,8371
8369,8373
8370,8371
8370,8372
8370,8761
8371,8373
8372,8373
8372,8762
8373,8374
8373,8375
8373,8377
8373,8763
8374,8376
8375,8376
8375,8378
8376,8379
8377,8378
8377,8767
8378,8379
8378,8769
8379,8770
8380,8381
8380,8382
8381,8383
8382,8383
8382,8386
8382,8774
8383,8384
8383,8387
8384,8385
8384,8388
8385,8389
8386,8387
8386,8776
8387,8388
8387,8777
8388,8389
8388,8390
8388,8779
8389,8391
8390,8391
8390,8394
8390,8780
8391,8392
8391,8395
8392,8393
8392,8396
8393,8398
8394,8395
8394,8783
8395,8396
8395,8397
8395,8784
8396,8398
8397,8398
8397,8401
8397,8785
8398,8399
8398,8402
8399,8400
8399,8403
8400,8404
8401,8402
8401,8789
8402,8403
8402,8790
8403,8404
8403,8405
8403,8792
8404,8406
8405,8406
8405,8409
8405,8793
8406,8407
8406,8410
8407,8408
8407,8411
8408,8413
8409,8410
8409,8796
8410,8411
8410,8412
8410,8797
8411,8413
8412,8413
8412,8417
8412,8798
8413,8414
8413,8415
8413,8418
8414,8416
8415,8416
8415,8419
8416,8420
8417,8418
8417,8802
8418,8419
8418,8803
8419,8420
8419,8423
8419,8805
8420,8421
8420,8424
8421,8422
8421,8425
8422,8426
8423,8424
8423,8808
8424,8425
8424,8809
8425,8426
8425,8427
8425,8811
8426,8428
8427,8428
8427,8432
8427,8812
8428,8429
8428,8430
8428,8433
8429,8431
8430,8431
8430,8434
8431,8435
8432,8433
8432,8815
8433,8434
8433,8816
8434,8435
8434,8438
8434,8818
8435,8436
8435,8439
8436,8437
8436,8440
8437,8441
8438,8439
8438,8821
8439,8440
8439,8822
8440,8441
8440,8442
8440,8824
8441,8443
8442,8443
8442,8446
8442,8825
8443,8444
8443,8447
8444,8445
8444,8448
8445,8450
8446,8447
8446,8828
8447,8448
8447,8449
8447,8829
8448,8450
8449,8450
8449,8454
8449,8830
8450,8451
8450,8452
8450,8455
8451,8453
8452,8453
8452,8456
8453,8457
8454,8455
8454,8834
8455,8456
8455,8835
8456,8457
8456,8460
8456,8837
8457,8458
8457,8461
8458,8459
8458,8462
8459,8463
8460,8461
8460,8840
8461,8462
8461,8841
8462,8463
8462,8464
8462,8843
8463,8465
8464,8465
8464,8469
8464,8844
8465,8466
8465,8467
8465,8470
8466,8468
8467,8468
8467,8471
8468,8472
8469,8470
8469,8847
8470,8471
8470,8848
8471,8472
8471,8475
8471,8850
8472,8473
8472,8476
8473,8474
8473,8477
8474,8478
8475,8476
8475,8853
8476,8477
8476,8854
8477,8478
8477,8479
8477,8856
8478,8480
8479,8480
8479,8483
8479,8857
8480,8481
8480,8484
8481,8482
8481,8485
8482,8487
8483,8484
8483,8860
8484,8485
8484,8486
8484,8861
8485,8487
8486,8487
8486,8490
8486,8862
8487,8488
8487,8491
8488,8489
8488,8492
8489,8493
8490,8491
8490,8866
8491,8492
8491,8867
8492,8493
8492,8494
8492,8869
8493,8495
8494,8495
8494,8498
8494,8870
8495,8496
8495,8499
8496,8497
8496,8500
8497,8502
8498,8499
8498,8873
8499,8500
8499,8501
8499,8874
8500,8502
8501,8502
8501,8506
8501,8875
8502,8503
8502,8504
8502,8507
8503,8505
8504,8505
8504,8508
8505,8509
8506,8507
8506,8879
8507,8508
8507,8880
8508,8509
8508,8512
8508,8882
8509,8510
8509,8513
8510,8511
8510,8514
8511,8515
8512,8513
8512,8885
8513,8514
8513,8886
8514,8515
8514,8516
8514,8888
8515,8517
8516,8517
8516,8520
8516,8889
8517,8518
8517,8521
8518,8519
8518,8522
8519,8524
8520,8521
8520,8892
8521,8522
8521,8523
8521,8893
8522,8524
8523,8524
8523,8527
8523,8894
8524,8525
8524,8528
8525,8526
8525,8529
8526,8530
8527,8528
8527,8898
8528,8529
8528,8899
8529,8530
8529,8531
8529,8901
8530,8532
8531,8532
8531,8535
8531,8902
8532,8533
8532,8536
8533,8534
8533,8537
8534,8539
8535,8536
8535,8905
8536,8537
8536,8538
8536,8906
8537,8539
8538,8539
8538,8543
8538,8907
8539,8540
8539,8541
8539,8544
8540,8542
8541,8542
8541,8545
8542,8546
8543,8544
8543,8911
8544,8545
8544,8912
8545,8546
8545,8549
8545,8914
8546,8547
8546,8550
8547,8548
8547,8551
8548,8552
8549,8550
8549,8917
8550,8551
8550,8918
8551,8552
8551,8553
8551,8920
8552,8554
8553,8554
8553,8558
8553,8921
8554,8555
8554,8556
8554,8559
8555,8557
8556,8557
8556,8560
8557,8561
8558,8559
8558,8924
8559,8560
8559,8925
8560,8561
8560,8564
8560,8927
8561,8562
8561,8565
8562,8563
8562,8566
8563,8567
8564,8565
8564,8930
8565,8566
8565,8931
8566,8567
8566,8568
8566,8933
8567,8569
8568,8569
8568,8572
8568,8934
8569,8570
8569,8573
8570,8571
8570,8574
8571,8576
8572,8573
8572,8937
8573,8574
8573,8575
8573,8938
8574,8576
8575,8576
8575,8579
8575,8939
8576,8577
8576,8580
8577,8578
8577,8581
8578,8582
8579,8580
8579,8943
8580,8581
8580,8944
8581,8582
8581,8583
8581,8946
8582,8584
8583,8584
8583,8587
8583,8947
8584,8585
8584,8588
8585,8586
8585,8589
8586,8591
8587,8588
8587,8950
8588,8589
8588,8590
8588,8951
8589,8591
8590,8591
8590,8595
8590,8952
8591,8592
8591,8593
8591,8596
8592,8594
8593,8594
8593,8597
8594,8598
8595,8596
8595,8956
8596,8597
8596,8957
8597,8598
8597,8601
8597,8959
8598,8599
8598,8602
8599,8600
8599,8603
8600,8604
8601,8602
8601,8962
8602,8603
8602,8963
8603,8604
8603,8605
8603,8965
8604,8606
8605,8606
8605,8609
8605,8966
8606,8607
8606,8610
8607,8608
8607,8611
8608,8613
8609,8610
8609,8969
8610,8611
8610,8612
8610,8970
8611,8613
8612,8613
8612,8616
8612,8971
8613,8614
8613,8617
8614,8615
8614,8618
8615,8619
8616,8617
8616,8975
8617,8618
8617,8976
8618,8619
8618,8620
8618,8978
8619,8621
8620,8621
8620,8624
8620,8979
8621,8622
8621,8625
8622,8623
8622,8626
8623,8628
8624,8625
8624,8982
8625,8626
8625,8627
8625,8983
8626,8628
8627,8628
8627,8632
8627,8984
8628,8629
8628,8630
8628,8633
8629,8631
8630,8631
8630,8634
8631,8635
8632,8633
8632,8988
8633,8634
8633,8989
8634,8635
8634,8638
8634,8991
8635,8636
8635,8639
8636,8637
8636,8640
8637,8641
8638,8639
8638,8994
8639,8640
8639,8995
8640,8641
8640,8642
8640,8997
8641,8643
8642,8643
8642,8647
8642,8998
8643,8644
8643,8645
8643,8648
8644,8646
8645,8646
8645,8649
8646,8650
8647,8648
8647,9001
8648,8649
8648,9002
8649,8650
8649,8653
8649,9004
8650,8651
8650,8654
8651,8652
8651,8655
8652,8656
8653,8654
8653,9007
8654,8655
8654,9008
8655,8656
8655,8657
8655,9010
8656,8658
8657,8658
8657,8661
8657,9011
8658,8659
8658,8662
8659,8660
8659,8663
8660,8665
8661,8662
8661,9014
8662,8663
8662,8664
8662,9015
8663,8665
8664,8665
8664,8669
8664,9016
8665,8666
8665,8667
8665,8670
8666,8668
8667,8668
8667,8671
8668,8672
8669,8670
8669,9020
8670,8671
8670,9021
8671,8672
8671,8675
8671,9023
8672,8673
8672,8676
8673,8674
8673,8677
8674,8678
8675,8676
8675,9026
8676,8677
8676,9027
8677,8678
8677,8679
8677,9029
8678,8680
8679,8680
8679,8684
8679,9030
8680,8681
8680,8682
8680,8685
8681,8683
8682,8683
8682,8686
8683,8687
8684,8685
8684,9033
8685,8686
8685,9034
8686,8687
8686,8690
8686,9036
8687,8688
8687,8691
8688,8689
8688,8692
8689,8693
8690,8691
8690,9039
8691,8692
8691,9040
8692,8693
8692,8694
8692,9042
8693,8695
8694,8695
8694,8698
8694,9043
8695,8696
8695,8699
8696,8697
8696,8700
8697,8702
8698,8699
8698,9046
8699,8700
8699,8701
8699,9047
8700,8702
8701,8702
8701,8705
8701,9048
8702,8703
8702,8706
8703,8704
8703,8707
8704,8708
8705,8706
8705,9052
8706,8707
8706,9053
8707,8708
8707,8709
8707,9055
8708,8710
8709,8710
8709,8713
8709,9056
8710,8711
8710,8714
8711,8712
8711,8715
8712,8717
8713,8714
8713,9059
8714,8715
8714,8716
8714,9060
8715,8717
8716,8717
8716,8721
8716,9061
8717,8718
8717,8719
8717,8722
8718,8720
8719,8720
8719,8723
8720,8724
8721,8722
8721,9065
8722,8723
8722,9066
8723,8724
8723,8727
8723,9068
8724,8725
8724,8728
8725,8726
8725,8729
8726,8730
8727,8728
8727,9071
8728,8729
8728,9072
8729,8730
8729,8731
8729,9074
8730,8732
8731,8732
8731,8735
8731,9075
8732,8733
8732,8736
8733,8734
8733,8737
8734,8739
8735,8736
8735,9078
8736,8737
8736,8738
8736,9079
8737,8739
8738,8739
8738,8742
8738,9080
8739,8740
8739,8743
8740,8741
8740,8744
8741,8745
8742,8743
8742,9084
8743,8744
8743,9085
8744,8745
8744,8746
8744,9087
8745,8747
8746,8747
8746,8750
8746,9088
8747,8748
8747,8751
8748,8749
8748,8752
8749,8754
8750,8751
8750,9091
8751,8752
8751,8753
8751,9092
8752,8754
8753,8754
8753,8758
8753,9093
8754,8755
8754,8756
8754,8759
8755,8757
8756,8757
8756,8760
8757,8761
8758,8759
8758,9097
8759,8760
8759,9098
8760,8761
8760,8764
8760,9100
8761,8762
8761,8765
8762,8763
8762,8766
8763,8767
8764,8765
8764,9103
8765,8766
8765,9104
8766,8767
8766,8768
8766,9106
8767,8769
8768,8769
8768,8771
8768,9107
8769,8770
8769,8772
8771,8772
8771,9110
8772,9111
8773,8774
8773,8775
8774,8776
8775,8776
8775,9113
8776,8777
8776,8778
8776,9114
8777,8779
8778,8779
8778,8781
8778,9115
8779,8780
8779,8782
8780,8783
8781,8782
8781,9119
8782,8783
8782,9120
8783,8784
8783,8786
8783,9122
8784,8785
8784,8787
8785,8789
8786,8787
8786,8788
8786,9125
8787,8789
8788,8789
8788,9126
8789,8790
8789,8791
8789,9127
8790,8792
8791,8792
8791,8794
8791,9128
8792,8793
8792,8795
8793,8796
8794,8795
8794,9132
8795,8796
8795,9133
8796,8797
8796,8799
8796,9135
8797,8798
8797,8800
8798,8802
8799,8800
8799,8801
8799,9138
8800,8802
8801,8802
8801,9139
8802,8803
8802,8804
8802,8806
8802,9140
8803,8805
8804,8805
8804,8807
8805,8808
8806,8807
8806,9143
8807,8808
8807,9145
8808,8809
8808,8810
8808,9146
8809,8811
8810,8811
8810,8813
8810,9147
8811,8812
8811,8814
8812,8815
8813,8814
8813,9151
8814,8815
8814,9152
8815,8816
8815,8817
8815,8819
8815,9154
8816,8818
8817,8818
8817,8820
8818,8821
8819,8820
8819,9157
8820,8821
8820,9158
8821,8822
8821,8823
8821,9159
8822,8824
8823,8824
8823,8826
8823,9160
8824,8825
8824,8827
8825,8828
8826,8827
8826,9164
8827,8828
8827,9165
8828,8829
8828,8831
8828,9167
8829,8830
8829,8832
8830,8834
8831,8832
8831,8833
8831,9170
8832,8834
8833,8834
8833,9171
8834,8835
8834,8836
8834,8838
8834,9172
8835,8837
8836,8837
8836,8839
8837,8840
8838,8839
8838,9175
8839,8840
8839,9177
8840,8841
8840,8842
8840,9178
8841,8843
8842,8843
8842,8845
8842,9179
8843,8844
8843,8846
8844,8847
8845,8846
8845,9183
8846,8847
8846,9184
8847,8848
8847,8849
8847,8851
8847,9186
8848,8850
8849,8850
8849,8852
8850,8853
8851,8852
8851,9189
8852,8853
8852,9190
8853,8854
8853,8855
8853,9191
8854,8856
8855,8856
8855,8858
8855,9192
8856,8857
8856,8859
8857,8860
8858,8859
8858,9196
8859,8860
8859,9197
8860,8861
8860,8863
8860,9199
8861,8862
8861,8864
8862,8866
8863,8864
8863,8865
8863,9202
8864,8866
8865,8866
8865,9203
8866,8867
8866,8868
8866,9204
8867,8869
8868,8869
8868,8871
8868,9205
8869,8870
8869,8872
8870,8873
8871,8872
8871,9209
8872,8873
8872,9210
8873,8874
8873,8876
8873,9212
8874,8875
8874,8877
8875,8879
8876,8877
8876,8878
8876,9215
8877,8879
8878,8879
8878,9216
8879,8880
8879,8881
8879,8883
8879,9217
8880,8882
8881,8882
8881,8884
8882,8885
8883,8884
8883,9220
8884,8885
8884,9222
8885,8886
8885,8887
8885,9223
8886,8888
8887,8888
8887,8890
8887,9224
8888,8889
8888,8891
8889,8892
8890,8891
8890,9228
8891,8892
8891,9229
8892,8893
8892,8895
8892,9231
8893,8894
8893,8896
8894,8898
8895,8896
8895,8897
8895,9234
8896,8898
8897,8898
8897,9235
8898,8899
8898,8900
8898,9236
8899,8901
8900,8901
8900,8903
8900,9237
8901,8902
8901,8904
8902,8905
8903,8904
8903,9241
8904,8905
8904,9242
8905,8906
8905,8908
8905,9244
8906,8907
8906,8909
8907,8911
8908,8909
8908,8910
8908,9247
8909,8911
8910,8911
8910,9248
8911,8912
8911,8913
8911,8915
8911,9249
8912,8914
8913,8914
8913,8916
8914,8917
8915,8916
8915,9252
8916,8917
8916,9254
8917,8918
8917,8919
8917,9255
8918,8920
8919,8920
8919,8922
8919,9256
8920,8921
8920,8923
8921,8924
8922,8923
8922,9260
8923,8924
8923,9261
8924,8925
8924,8926
8924,8928
8924,9263
8925,8927
8926,8927
8926,8929
8927,8930
8928,8929
8928,9266
8929,8930
8929,9267
8930,8931
8930,8932
8930,9268
8931,8933
8932,8933
8932,8935
8932,9269
8933,8934
8933,8936
8934,8937
8935,8936
8935,9273
8936,8937
8936,9274
8937,8938
8937,8940
8937,9276
8938,8939
8938,8941
8939,8943
8940,8941
8940,8942
8940,9279
8941,8943
8942,8943
8942,9280
8943,8944
8943,8945
8943,9281
8944,8946
8945,8946
8945,8948
8945,9282
8946,8947
8946,8949
8947,8950
8948,8949
8948,9286
8949,8950
8949,9287
8950,8951
8950,8953
8950,9289
8951,8952
8951,8954
8952,8956
8953,8954
8953,8955
8953,9292
8954,8956
8955,8956
8955,9293
8956,8957
8956,8958
8956,8960
8956,9294
8957,8959
8958,8959
8958,8961
8959,8962
8960,8961
8960,9297
8961,8962
8961,9299
8962,8963
8962,8964
8962,9300
8963,8965
8964,8965
8964,8967
8964,9301
8965,8966
8965,8968
8966,8969
8967,8968
8967,9305
8968,8969
8968,9306
8969,8970
8969,8972
8969,9308
8970,8971
8970,8973
8971,8975
8972,8973
8972,8974
8972,9311
8973,8975
8974,8975
8974,9312
8975,8976
8975,8977
8975,9313
8976,8978
8977,8978
8977,8980
8977,9314
8978,8979
8978,8981
8979,8982
8980,8981
8980,9318
8981,8982
8981,9319
8982,8983
8982,8985
8982,9321
8983,8984
8983,8986
8984,8988
8985,8986
8985,8987
8985,9324
8986,8988
8987,8988
8987,9325
8988,8989
8988,8990
8988,8992
8988,9326
8989,8991
8990,8991
8990,8993
8991,8994
8992,8993
8992,9329
8993,8994
8993,9331
8994,8995
8994,8996
8994,9332
8995,8997
8996,8997
8996,8999
8996,9333
8997,8998
8997,9000
8998,9001
8999,9000
8999,9337
9000,9001
9000,9338
9001,9002
9001,9003
9001,9005
9001,9340
9002,9004
9003,9004
9003,9006
9004,9007
9005,9006
9005,9343
9006,9007
9006,9344
9007,9008
9007,9009
9007,9345
9008,9010
9009,9010
9009,9012
9009,9346
9010,9011
9010,9013
9011,9014
9012,9013
9012,9350
9013,9014
9013,9351
9014,9015
9014,9017
9014,9353
9015,9016
9015,9018
9016,9020
9017,9018
9017,9019
9017,9356
9018,9020
9019,9020
9019,9357
9020,9021
9020,9022
9020,9024
9020,9358
9021,9023
9022,9023
9022,9025
9023,9026
9024,9025
9024,9361
9025,9026
9025,9363
9026,9027
9026,9028
9026,9364
9027,9029
9028,9029
9028,9031
9028,9365
9029,9030
9029,9032
9030,9033
9031,9032
9031,9369
9032,9033
9032,9370
9033,9034
9033,9035
9033,9037
9033,9372
9034,9036
9035,9036
9035,9038
9036,9039
9037,9038
9037,9375
9038,9039
9038,9376
9039,9040
9039,9041
9039,9377
9040,9042
9041,9042
9041,9044
9041,9378
9042,9043
9042,9045
9043,9046
9044,9045
9044,9382
9045,9046
9045,9383
9046,9047
9046,9049
9046,9385
9047,9048
9047,9050
9048,9052
9049,9050
9049,9051
9049,9388
9050,9052
9051,9052
9051,9389
9052,9053
9052,9054
9052,9390
9053,9055
9054,9055
9054,9057
9054,9391
9055,9056
9055,9058
9056,9059
9057,9058
9057,9395
9058,9059
9058,9396
9059,9060
9059,9062
9059,9398
9060,9061
9060,9063
9061,9065
9062,9063
9062,9064
9062,9401
9063,9065
9064,9065
9064,9402
9065,9066
9065,9067
9065,9069
9065,9403
9066,9068
9067,9068
9067,9070
9068,9071
9069,9070
9069,9406
9070,9071
9070,9408
9071,9072
9071,9073
9071,9409
9072,9074
9073,9074
9073,9076
9073,9410
9074,9075
9074,9077
9075,9078
9076,9077
9076,9414
9077,9078
9077,9415
9078,9079
9078,9081
9078,9417
9079,9080
9079,9082
9080,9084
9081,9082
9081,9083
9081,9420
9082,9084
9083,9084
9083,9421
9084,9085
9084,9086
9084,9422
9085,9087
9086,9087
9086,9089
9086,9423
9087,9088
9087,9090
9088,9091
9089,9090
9089,9427
9090,9091
9090,9428
9091,9092
9091,9094
9091,9430
9092,9093
9092,9095
9093,9097
9094,9095
9094,9096
9094,9433
9095,9097
9096,9097
9096,9434
9097,9098
9097,9099
9097,9101
9097,9435
9098,9100
9099,9100
9099,9102
9100,9103
9101,9102
9101,9438
9102,9103
9102,9440
9103,9104
9103,9105
9103,9441
9104,9106
9105,9106
9105,9108
9105,9442
9106,9107
9106,9109
9107,9110
9108,9109
9108,9446
9109,9110
9109,9447
9110,9111
9110,9112
9110,9449
9112,9452
9113,9114
9113,9116
9113,9454
9114,9115
9114,9117
9115,9119
9116,9117
9116,9118
9116,9456
9117,9119
9118,9119
9118,9457
9119,9120
9119,9121
9119,9123
9119,9458
9120,9122
9121,9122
9121,9124
9122,9125
9123,9124
9123,9462
9124,9125
9124,9464
9125,9126
9125,9465
9126,9127
9126,9129
9126,9466
9127,9128
9127,9130
9128,9132
9129,9130
9129,9131
9129,9471
9130,9132
9131,9132
9131,9472
9132,9133
9132,9134
9132,9136
9132,9473
9133,9135
9134,9135
9134,9137
9135,9138
9136,9137
9136,9477
9137,9138
9137,9479
9138,9139
9138,9141
9138,9480
9139,9140
9139,9142
9140,9143
9141,9142
9141,9484
9142,9143
9142,9144
9142,9486
9143,9145
9144,9145
9144,9487
9145,9146
9145,9148
9145,9488
9146,9147
9146,9149
9147,9151
9148,9149
9148,9150
9148,9492
9149,9151
9150,9151
9150,9493
9151,9152
9151,9153
9151,9155
9151,9494
9152,9154
9153,9154
9153,9156
9154,9157
9155,9156
9155,9499
9156,9157
9156,9501
9157,9158
9157,9502
9158,9159
9158,9161
9158,9504
9159,9160
9159,9162
9160,9164
9161,9162
9161,9163
9161,9508
9162,9164
9163,9164
9163,9509
9164,9165
9164,9166
9164,9168
9164,9510
9165,9167
9166,9167
9166,9169
9167,9170
9168,9169
9168,9514
9169,9170
9169,9516
9170,9171
9170,9173
9170,9517
9171,9172
9171,9174
9172,9175
9173,9174
9173,9521
9174,9175
9174,9176
9174,9523
9175,9177
9176,9177
9176,9524
9177,9178
9177,9180
9177,9525
9178,9179
9178,9181
9179,9183
9180,9181
9180,9182
9180,9529
9181,9183
9182,9183
9182,9530
9183,9184
9183,9185
9183,9187
9183,9531
9184,9186
9185,9186
9185,9188
9186,9189
9187,9188
9187,9536
9188,9189
9188,9538
9189,9190
9189,9539
9190,9191
9190,9193
9190,9541
9191,9192
9191,9194
9192,9196
9193,9194
9193,9195
9193,9545
9194,9196
9195,9196
9195,9546
9196,9197
9196,9198
9196,9200
9196,9547
9197,9199
9198,9199
9198,9201
9199,9202
9200,9201
9200,9551
9201,9202
9201,9553
9202,9203
9202,9554
9203,9204
9203,9206
9203,9555
9204,9205
9204,9207
9205,9209
9206,9207
9206,9208
9206,9560
9207,9209
9208,9209
9208,9561
9209,9210
9209,9211
9209,9213
9209,9562
9210,9212
9211,9212
9211,9214
9212,9215
9213,9214
9213,9566
9214,9215
9214,9568
9215,9216
9215,9218
9215,9569
9216,9217
9216,9219
9217,9220
9218,9219
9218,9573
9219,9220
9219,9221
9219,9575
9220,9222
9221,9222
9221,9576
9222,9223
9222,9225
9222,9577
9223,9224
9223,9226
9224,9228
9225,9226
9225,9227
9225,9581
9226,9228
9227,9228
9227,9582
9228,9229
9228,9230
9228,9232
9228,9583
9229,9231
9230,9231
9230,9233
9231,9234
9232,9233
9232,9588
9233,9234
9233,9590
9234,9235
9234,9591
9235,9236
9235,9238
9235,9592
9236,9237
9236,9239
9237,9241
9238,9239
9238,9240
9238,9597
9239,9241
9240,9241
9240,9598
9241,9242
9241,9243
9241,9245
9241,9599
9242,9244
9243,9244
9243,9246
9244,9247
9245,9246
9245,9603
9246,9247
9246,9605
9247,9248
9247,9250
9247,9606
9248,9249
9248,9251
9249,9252
9250,9251
9250,9610
9251,9252
9251,9253
9251,9612
9252,9254
9253,9254
9253,9613
9254,9255
9254,9257
9254,9614
9255,9256
9255,9258
9256,9260
9257,9258
9257,9259
9257,9618
9258,9260
9259,9260
9259,9619
9260,9261
9260,9262
9260,9264
9260,9620
9261,9263
9262,9263
9262,9265
9263,9266
9264,9265
9264,9625
9265,9266
9265,9627
9266,9267
9266,9628
9267,9268
9267,9270
9267,9630
9268,9269
9268,9271
9269,9273
9270,9271
9270,9272
9270,9634
9271,9273
9272,9273
9272,9635
9273,9274
9273,9275
9273,9277
9273,9636
9274,9276
9275,9276
9275,9278
9276,9279
9277,9278
9277,9640
9278,9279
9278,9642
9279,9280
9279,9643
9280,9281
9280,9283
9280,9644
9281,9282
9281,9284
9282,9286
9283,9284
9283,9285
9283,9649
9284,9286
9285,9286
9285,9650
9286,9287
9286,9288
9286,9290
9286,9651
9287,9289
9288,9289
9288,9291
9289,9292
9290,9291
9290,9655
9291,9292
9291,9657
9292,9293
9292,9295
9292,9658
9293,9294
9293,9296
9294,9297
9295,9296
9295,9662
9296,9297
9296,9298
9296,9664
9297,9299
9298,9299
9298,9665
9299,9300
9299,9302
9299,9666
9300,9301
9300,9303
9301,9305
9302,9303
9302,9304
9302,9670
9303,9305
9304,9305
9304,9671
9305,9306
9305,9307
9305,9309
9305,9672
9306,9308
9307,9308
9307,9310
9308,9311
9309,9310
9309,9677
9310,9311
9310,9679
9311,9312
9311,9680
9312,9313
9312,9315
9312,9681
9313,9314
9313,9316
9314,9318
9315,9316
9315,9317
9315,9686
9316,9318
9317,9318
9317,9687
9318,9319
9318,9320
9318,9322
9318,9688
9319,9321
9320,9321
9320,9323
9321,9324
9322,9323
9322,9692
9323,9324
9323,9694
9324,9325
9324,9327
9324,9695
9325,9326
9325,9328
9326,9329
9327,9328
9327,9699
9328,9329
9328,9330
9328,9701
9329,9331
9330,9331
9330,9702
9331,9332
9331,9334
9331,9703
9332,9333
9332,9335
9333,9337
9334,9335
9334,9336
9334,9707
9335,9337
9336,9337
9336,9708
9337,9338
9337,9339
9337,9341
9337,9709
9338,9340
9339,9340
9339,9342
9340,9343
9341,9342
9341,9714
9342,9343
9342,9716
9343,9344
9343,9717
9344,9345
9344,9347
9344,9719
9345,9346
9345,9348
9346,9350
9347,9348
9347,9349
9347,9723
9348,9350
9349,9350
9349,9724
9350,9351
9350,9352
9350,9354
9350,9725
9351,9353
9352,9353
9352,9355
9353,9356
9354,9355
9354,9729
9355,9356
9355,9731
9356,9357
9356,9359
9356,9732
9357,9358
9357,9360
9358,9361
9359,9360
9359,9736
9360,9361
9360,9362
9360,9738
9361,9363
9362,9363
9362,9739
9363,9364
9363,9366
9363,9740
9364,9365
9364,9367
9365,9369
9366,9367
9366,9368
9366,9744
9367,9369
9368,9369
9368,9745
9369,9370
9369,9371
9369,9373
9369,9746
9370,9372
9371,9372
9371,9374
9372,9375
9373,9374
9373,9751
9374,9375
9374,9753
9375,9376
9375,9754
9376,9377
9376,9379
9376,9756
9377,9378
9377,9380
9378,9382
9379,9380
9379,9381
9379,9760
9380,9382
9381,9382
9381,9761
9382,9383
9382,9384
9382,9386
9382,9762
9383,9385
9384,9385
9384,9387
9385,9388
9386,9387
9386,9766
9387,9388
9387,9768
9388,9389
9388,9769
9389,9390
9389,9392
9389,9770
9390,9391
9390,9393
9391,9395
9392,9393
9392,9394
9392,9775
9393,9395
9394,9395
9394,9776
9395,9396
9395,9397
9395,9399
9395,9777
9396,9398
9397,9398
9397,9400
9398,9401
9399,9400
9399,9781
9400,9401
9400,9783
9401,9402
9401,9404
9401,9784
9402,9403
9402,9405
9403,9406
9404,9405
9404,9788
9405,9406
9405,9407
9405,9790
9406,9408
9407,9408
9407,9791
9408,9409
9408,9411
9408,9792
9409,9410
9409,9412
9410,9414
9411,9412
9411,9413
9411,9796
9412,9414
9413,9414
9413,9797
9414,9415
9414,9416
9414,9418
9414,9798
9415,9417
9416,9417
9416,9419
9417,9420
9418,9419
9418,9803
9419,9420
9419,9805
9420,9421
9420,9806
9421,9422
9421,9424
9421,9807
9422,9423
9422,9425
9423,9427
9424,9425
9424,9426
9424,9812
9425,9427
9426,9427
9426,9813
9427,9428
9427,9429
9427,9431
9427,9814
9428,9430
9429,9430
9429,9432
9430,9433
9431,9432
9431,9818
9432,9433
9432,9820
9433,9434
9433,9436
9433,9821
9434,9435
9434,9437
9435,9438
9436,9437
9436,9825
9437,9438
9437,9439
9437,9827
9438,9440
9439,9440
9439,9828
9440,9441
9440,9443
9440,9829
9441,9442
9441,9444
9442,9446
9443,9444
9443,9445
9443,9833
9444,9446
9445,9446
9445,9834
9446,9447
9446,9448
9446,9450
9446,9835
9447,9449
9448,9449
9448,9451
9449,9452
9450,9451
9450,9840
9451,9452
9451,9842
9452,9843
9453,9454
9453,9455
9454,9456
9455,9456
9455,9459
9455,9847
9456,9457
9456,9460
9457,9458
9457,9461
9458,9462
9459,9460
9459,9849
9460,9461
9460,9850
9461,9462
9461,9463
9461,9852
9462,9464
9463,9464
9463,9467
9463,9853
9464,9465
9464,9468
9465,9466
9465,9469
9466,9471
9467,9468
9467,9856
9468,9469
9468,9470
9468,9857
9469,9471
9470,9471
9470,9474
9470,9858
9471,9472
9471,9475
9472,9473
9472,9476
9473,9477
9474,9475
9474,9862
9475,9476
9475,9863
9476,9477
9476,9478
9476,9481
9476,9865
9477,9479
9478,9479
9478,9482
9479,9480
9479,9483
9480,9484
9481,9482
9481,9868
9482,9483
9482,9869
9483,9484
9483,9485
9483,9870
9484,9486
9485,9486
9485,9489
9485,9871
9486,9487
9486,9490
9487,9488
9487,9491
9488,9492
9489,9490
9489,9875
9490,9491
9490,9876
9491,9492
9491,9495
9491,9878
9492,9493
9492,9496
9493,9494
9493,9498
9494,9499
9495,9496
9495,9497
9495,9881
9496,9498
9497,9498
9497,9882
9498,9499
9498,9500
9498,9883
9499,9501
9500,9501
9500,9505
9500,9884
9501,9502
9501,9503
9501,9506
9502,9504
9503,9504
9503,9507
9504,9508
9505,9506
9505,9888
9506,9507
9506,9889
9507,9508
9507,9511
9507,9891
9508,9509
9508,9512
9509,9510
9509,9513
9510,9514
9511,9512
9511,9894
9512,9513
9512,9895
9513,9514
9513,9515
9513,9518
9513,9897
9514,9516
9515,9516
9515,9519
9516,9517
9516,9520
9517,9521
9518,9519
9518,9900
9519,9520
9519,9901
9520,9521
9520,9522
9520,9902
9521,9523
9522,9523
9522,9526
9522,9903
9523,9524
9523,9527
9524,9525
9524,9528
9525,9529
9526,9527
9526,9907
9527,9528
9527,9908
9528,9529
9528,9532
9528,9910
9529,9530
9529,9533
9530,9531
9530,9535
9531,9536
9532,9533
9532,9534
9532,9913
9533,9535
9534,9535
9534,9914
9535,9536
9535,9537
9535,9915
9536,9538
9537,9538
9537,9542
9537,9916
9538,9539
9538,9540
9538,9543
9539,9541
9540,9541
9540,9544
9541,9545
9542,9543
9542,9920
9543,9544
9543,9921
9544,9545
9544,9548
9544,9923
9545,9546
9545,9549
9546,9547
9546,9550
9547,9551
9548,9549
9548,9926
9549,9550
9549,9927
9550,9551
9550,9552
9550,9929
9551,9553
9552,9553
9552,9556
9552,9930
9553,9554
9553,9557
9554,9555
9554,9558
9555,9560
9556,9557
9556,9933
9557,9558
9557,9559
9557,9934
9558,9560
9559,9560
9559,9563
9559,9935
9560,9561
9560,9564
9561,9562
9561,9565
9562,9566
9563,9564
9563,9939
9564,9565
9564,9940
9565,9566
9565,9567
9565,9570
9565,9942
9566,9568
9567,9568
9567,9571
9568,9569
9568,9572
9569,9573
9570,9571
9570,9945
9571,9572
9571,9946
9572,9573
9572,9574
9572,9947
9573,9575
9574,9575
9574,9578
9574,9948
9575,9576
9575,9579
9576,9577
9576,9580
9577,9581
9578,9579
9578,9952
9579,9580
9579,9953
9580,9581
9580,9584
9580,9955
9581,9582
9581,9585
9582,9583
9582,9587
9583,9588
9584,9585
9584,9586
9584,9958
9585,9587
9586,9587
9586,9959
9587,9588
9587,9589
9587,9960
9588,9590
9589,9590
9589,9593
9589,9961
9590,9591
9590,9594
9591,9592
9591,9595
9592,9597
9593,9594
9593,9965
9594,9595
9594,9596
9594,9966
9595,9597
9596,9597
9596,9600
9596,9967
9597,9598
9597,9601
9598,9599
9598,9602
9599,9603
9600,9601
9600,9971
9601,9602
9601,9972
9602,9603
9602,9604
9602,9607
9602,9974
9603,9605
9604,9605
9604,9608
9605,9606
9605,9609
9606,9610
9607,9608
9607,9977
9608,9609
9608,9978
9609,9610
9609,9611
9609,9979
9610,9612
9611,9612
9611,9615
9611,9980
9612,9613
9612,9616
9613,9614
9613,9617
9614,9618
9615,9616
9615,9984
9616,9617
9616,9985
9617,9618
9617,9621
9617,9987
9618,9619
9618,9622
9619,9620
9619,9624
9620,9625
9621,9622
9621,9623
9621,9990
9622,9624
9623,9624
9623,9991
9624,9625
9624,9626
9624,9992
9625,9627
9626,9627
9626,9631
9626,9993
9627,9628
9627,9629
9627,9632
9628,9630
9629,9630
9629,9633
9630,9634
9631,9632
9631,9997
9632,9633
9632,9998
9633,9634
9633,9637
9633,10000
9634,9635
9634,9638
9635,9636
9635,9639
9636,9640
9637,9638
9637,10003
9638,9639
9638,10004
9639,9640
9639,9641
9639,10006
9640,9642
9641,9642
9641,9645
9641,10007
9642,9643
9642,9646
9643,9644
9643,9647
9644,9649
9645,9646
9645,10010
9646,9647
9646,9648
9646,10011
9647,9649
9648,9649
9648,9652
9648,10012
9649,9650
9649,9653
9650,9651
9650,9654
9651,9655
9652,9653
9652,10016
9653,9654
9653,10017
9654,9655
9654,9656
9654,9659
9654,10019
9655,9657
9656,9657
9656,9660
9657,9658
9657,9661
9658,9662
9659,9660
9659,10022
9660,9661
9660,10023
9661,9662
9661,9663
9661,10024
9662,9664
9663,9664
9663,9667
9663,10025
9664,9665
9664,9668
9665,9666
9665,9669
9666,9670
9667,9668
9667,10029
9668,9669
9668,10030
9669,9670
9669,9673
9669,10032
9670,9671
9670,9674
9671,9672
9671,9676
9672,9677
9673,9674
9673,9675
9673,10035
9674,9676
9675,9676
9675,10036
9676,9677
9676,9678
9676,10037
9677,9679
9678,9679
9678,9682
9678,10038
9679,9680
9679,9683
9680,9681
9680,9684
9681,9686
9682,9683
9682,10042
9683,9684
9683,9685
9683,10043
9684,9686
9685,9686
9685,9689
9685,10044
9686,9687
9686,9690
9687,9688
9687,9691
9688,9692
9689,9690
9689,10048
9690,9691
9690,10049
9691,9692
9691,9693
9691,9696
9691,10051
9692,9694
9693,9694
9693,9697
9694,9695
9694,9698
9695,9699
9696,9697
9696,10054
9697,9698
9697,10055
9698,9699
9698,9700
9698,10056
9699,9701
9700,9701
9700,9704
9700,10057
9701,9702
9701,9705
9702,9703
9702,9706
9703,9707
9704,9705
9704,10061
9705,9706
9705,10062
9706,9707
9706,9710
9706,10064
9707,9708
9707,9711
9708,9709
9708,9713
9709,9714
9710,9711
9710,9712
9710,10067
9711,9713
9712,9713
9712,10068
9713,9714
9713,9715
9713,10069
9714,9716
9715,9716
9715,9720
9715,10070
9716,9717
9716,9718
9716,9721
9717,9719
9718,9719
9718,9722
9719,9723
9720,9721
9720,10074
9721,9722
9721,10075
9722,9723
9722,9726
9722,10077
9723,9724
9723,9727
9724,9725
9724,9728
9725,9729
9726,9727
9726,10080
9727,9728
9727,10081
9728,9729
9728,9730
9728,9733
9728,10083
9729,9731
9730,9731
9730,9734
9731,9732
9731,9735
9732,9736
9733,9734
9733,10086
9734,9735
9734,10087
9735,9736
9735,9737
9735,10088
9736,9738
9737,9738
9737,9741
9737,10089
9738,9739
9738,9742
9739,9740
9739,9743
9740,9744
9741,9742
9741,10093
9742,9743
9742,10094
9743,9744
9743,9747
9743,10096
9744,9745
9744,9748
9745,9746
9745,9750
9746,9751
9747,9748
9747,9749
9747,10099
9748,9750
9749,9750
9749,10100
9750,9751
9750,9752
9750,10101
9751,9753
9752,9753
9752,9757
9752,10102
9753,9754
9753,9755
9753,9758
9754,9756
9755,9756
9755,9759
9756,9760
9757,9758
9757,10106
9758,9759
9758,10107
9759,9760
9759,9763
9759,10109
9760,9761
9760,9764
9761,9762
9761,9765
9762,9766
9763,9764
9763,10112
9764,9765
9764,10113
9765,9766
9765,9767
9765,10115
9766,9768
9767,9768
9767,9771
9767,10116
9768,9769
9768,9772
9769,9770
9769,9773
9770,9775
9771,9772
9771,10119
9772,9773
9772,9774
9772,10120
9773,9775
9774,9775
9774,9778
9774,10121
9775,9776
9775,9779
9776,9777
9776,9780
9777,9781
9778,9779
9778,10125
9779,9780
9779,10126
9780,9781
9780,9782
9780,9785
9780,10128
9781,9783
9782,9783
9782,9786
9783,9784
9783,9787
9784,9788
9785,9786
9785,10131
9786,9787
9786,10132
9787,9788
9787,9789
9787,10133
9788,9790
9789,9790
9789,9793
9789,10134
9790,9791
9790,9794
9791,9792
9791,9795
9792,9796
9793,9794
9793,10138
9794,9795
9794,10139
9795,9796
9795,9799
9795,10141
9796,9797
9796,9800
9797,9798
9797,9802
9798,9803
9799,9800
9799,9801
9799,10144
9800,9802
9801,9802
9801,10145
9802,9803
9802,9804
9802,10146
9803,9805
9804,9805
9804,9808
9804,10147
9805,9806
9805,9809
9806,9807
9806,9810
9807,9812
9808,9809
9808,10151
9809,9810
9809,9811
9809,10152
9810,9812
9811,9812
9811,9815
9811,10153
9812,9813
9812,9816
9813,9814
9813,9817
9814,9818
9815,9816
9815,10157
9816,9817
9816,10158
9817,9818
9817,9819
9817,9822
9817,10160
9818,9820
9819,9820
9819,9823
9820,9821
9820,9824
9821,9825
9822,9823
9822,10163
9823,9824
9823,10164
9824,9825
9824,9826
9824,10165
9825,9827
9826,9827
9826,9830
9826,10166
9827,9828
9827,9831
9828,9829
9828,9832
9829,9833
9830,9831
9830,10170
9831,9832
9831,10171
9832,9833
9832,9836
9832,10173
9833,9834
9833,9837
9834,9835
9834,9839
9835,9840
9836,9837
9836,9838
9836,10176
9837,9839
9838,9839
9838,10177
9839,9840
9839,9841
9839,10178
9840,9842
9841,9842
9841,9844
9841,10179
9842,9843
9842,9845
9844,9845
9844,10183
9845,10184
9846,9847
9846,9848
9847,9849
9848,9849
9848,10187
9849,9850
9849,9851
9849,10188
9850,9852
9851,9852
9851,9854
9851,10189
9852,9853
9852,9855
9853,9856
9854,9855
9854,10194
9855,9856
9855,10195
9856,9857
9856,9859
9856,10197
9857,9858
9857,9860
9858,9862
9859,9860
9859,9861
9859,10201
9860,9862
9861,9862
9861,10202
9862,9863
9862,9864
9862,9866
9862,10203
9863,9865
9864,9865
9864,9867
9865,9868
9866,9867
9866,10207
9867,9868
9867,10209
9868,9869
9868,10210
9869,9870
9869,9872
9869,10212
9870,9871
9870,9873
9871,9875
9872,9873
9872,9874
9872,10216
9873,9875
9874,9875
9874,10217
9875,9876
9875,9877
9875,9879
9875,10218
9876,9878
9877,9878
9877,9880
9878,9881
9879,9880
9879,10222
9880,9881
9880,10224
9881,9882
9881,10225
9882,9883
9882,9885
9882,10226
9883,9884
9883,9886
9884,9888
9885,9886
9885,9887
9885,10231
9886,9888
9887,9888
9887,10232
9888,9889
9888,9890
9888,9892
9888,10233
9889,9891
9890,9891
9890,9893
9891,9894
9892,9893
9892,10237
9893,9894
9893,10239
9894,9895
9894,9896
9894,9898
9894,10240
9895,9897
9896,9897
9896,9899
9897,9900
9898,9899
9898,10244
9899,9900
9899,10246
9900,9901
9900,10247
9901,9902
9901,9904
9901,10249
9902,9903
9902,9905
9903,9907
9904,9905
9904,9906
9904,10253
9905,9907
9906,9907
9906,10254
9907,9908
9907,9909
9907,9911
9907,10255
9908,9910
9909,9910
9909,9912
9910,9913
9911,9912
9911,10259
9912,9913
9912,10261
9913,9914
9913,10262
9914,9915
9914,9917
9914,10263
9915,9916
9915,9918
9916,9920
9917,9918
9917,9919
9917,10268
9918,9920
9919,9920
9919,10269
9920,9921
9920,9922
9920,9924
9920,10270
9921,9923
9922,9923
9922,9925
9923,9926
9924,9925
9924,10274
9925,9926
9925,10276
9926,9927
9926,9928
9926,10277
9927,9929
9928,9929
9928,9931
9928,10278
9929,9930
9929,9932
9930,9933
9931,9932
9931,10283
9932,9933
9932,10284
9933,9934
9933,9936
9933,10286
9934,9935
9934,9937
9935,9939
9936,9937
9936,9938
9936,10290
9937,9939
9938,9939
9938,10291
9939,9940
9939,9941
9939,9943
9939,10292
9940,9942
9941,9942
9941,9944
9942,9945
9943,9944
9943,10296
9944,9945
9944,10298
9945,9946
9945,10299
9946,9947
9946,9949
9946,10301
9947,9948
9947,9950
9948,9952
9949,9950
9949,9951
9949,10305
9950,9952
9951,9952
9951,10306
9952,9953
9952,9954
9952,9956
9952,10307
9953,9955
9954,9955
9954,9957
9955,9958
9956,9957
9956,10311
9957,9958
9957,10313
9958,9959
9958,10314
9959,9960
9959,9962
9959,10315
9960,9961
9960,9963
9961,9965
9962,9963
9962,9964
9962,10320
9963,9965
9964,9965
9964,10321
9965,9966
9965,9968
9965,10322
9966,9967
9966,9969
9967,9971
9968,9969
9968,9970
9968,10326
9969,9971
9970,9971
9970,10327
9971,9972
9971,9973
9971,9975
9971,10328
9972,9974
9973,9974
9973,9976
9974,9977
9975,9976
9975,10333
9976,9977
9976,10335
9977,9978
9977,10336
9978,9979
9978,9981
9978,10338
9979,9980
9979,9982
9980,9984
9981,9982
9981,9983
9981,10342
9982,9984
9983,9984
9983,10343
9984,9985
9984,9986
9984,9988
9984,10344
9985,9987
9986,9987
9986,9989
9987,9990
9988,9989
9988,10348
9989,9990
9989,10350
9990,9991
9990,10351
9991,9992
9991,9994
9991,10352
9992,9993
9992,9995
9993,9997
9994,9995
9994,9996
9994,10357
9995,9997
9996,9997
9996,10358
9997,9998
9997,9999
9997,10001
9997,10359
9998,10000
9999,10000
9999,10002
10000,10003
10001,10002
10001,10363
10002,10003
10002,10365
10003,10004
10003,10005
10003,10366
10004,10006
10005,10006
10005,10008
10005,10367
10006,10007
10006,10009
10007,10010
10008,10009
10008,10372
10009,10010
10009,10373
10010,10011
10010,10013
10010,10375
10011,10012
10011,10014
10012,10016
10013,10014
10013,10015
10013,10379
10014,10016
10015,10016
10015,10380
10016,10017
10016,10018
10016,10020
10016,10381
10017,10019
10018,10019
10018,10021
10019,10022
10020,10021
10020,10385
10021,10022
10021,10387
10022,10023
10022,10388
10023,10024
10023,10026
10023,10390
10024,10025
10024,10027
10025,10029
10026,10027
10026,10028
10026,10394
10027,10029
10028,10029
10028,10395
10029,10030
10029,10031
10029,10033
10029,10396
10030,10032
10031,10032
10031,10034
10032,10035
10033,10034
10033,10400
10034,10035
10034,10402
10035,10036
10035,10403
10036,10037
10036,10039
10036,10404
10037,10038
10037,10040
10038,10042
10039,10040
10039,10041
10039,10409
10040,10042
10041,10042
10041,10410
10042,10043
10042,10045
10042,10411
10043,10044
10043,10046
10044,10048
10045,10046
10045,10047
10045,10415
10046,10048
10047,10048
10047,10416
10048,10049
10048,10050
10048,10052
10048,10417
10049,10051
10050,10051
10050,10053
10051,10054
10052,10053
10052,10422
10053,10054
10053,10424
10054,10055
10054,10425
10055,10056
10055,10058
10055,10427
10056,10057
10056,10059
10057,10061
10058,10059
10058,10060
10058,10431
10059,10061
10060,10061
10060,10432
10061,10062
10061,10063
10061,10065
10061,10433
10062,10064
10063,10064
10063,10066
10064,10067
10065,10066
10065,10437
10066,10067
10066,10439
10067,10068
10067,10440
10068,10069
10068,10071
10068,10441
10069,10070
10069,10072
10070,10074
10071,10072
10071,10073
10071,10446
10072,10074
10073,10074
10073,10447
10074,10075
10074,10076
10074,10078
10074,10448
10075,10077
10076,10077
10076,10079
10077,10080
10078,10079
10078,10452
10079,10080
10079,10454
10080,10081
10080,10082
10080,10084
10080,10455
10081,10083
10082,10083
10082,10085
10083,10086
10084,10085
10084,10459
10085,10086
10085,10461
10086,10087
10086,10462
10087,10088
10087,10090
10087,10464
10088,10089
10088,10091
10089,10093
10090,10091
10090,10092
10090,10468
10091,10093
10092,10093
10092,10469
10093,10094
10093,10095
10093,10097
10093,10470
10094,10096
10095,10096
10095,10098
10096,10099
10097,10098
10097,10474
10098,10099
10098,10476
10099,10100
10099,10477
10100,10101
10100,10103
10100,10478
10101,10102
10101,10104
10102,10106
10103,10104
10103,10105
10103,10483
10104,10106
10105,10106
10105,10484
10106,10107
10106,10108
10106,10110
10106,10485
10107,10109
10108,10109
10108,10111
10109,10112
10110,10111
10110,10489
10111,10112
10111,10491
10112,10113
10112,10114
10112,10492
10113,10115
10114,10115
10114,10117
10114,10493
10115,10116
10115,10118
10116,10119
10117,10118
10117,10498
10118,10119
10118,10499
10119,10120
10119,10122
10119,10501
10120,10121
10120,10123
10121,10125
10122,10123
10122,10124
10122,10505
10123,10125
10124,10125
10124,10506
10125,10126
10125,10127
10125,10129
10125,10507
10126,10128
10127,10128
10127,10130
10128,10131
10129,10130
10129,10511
10130,10131
10130,10513
10131,10132
10131,10514
10132,10133
10132,10135
10132,10516
10133,10134
10133,10136
10134,10138
10135,10136
10135,10137
10135,10520
10136,10138
10137,10138
10137,10521
10138,10139
10138,10140
10138,10142
10138,10522
10139,10141
10140,10141
10140,10143
10141,10144
10142,10143
10142,10526
10143,10144
10143,10528
10144,10145
10144,10529
10145,10146
10145,10148
10145,10530
10146,10147
10146,10149
10147,10151
10148,10149
10148,10150
10148,10535
10149,10151
10150,10151
10150,10536
10151,10152
10151,10154
10151,10537
10152,10153
10152,10155
10153,10157
10154,10155
10154,10156
10154,10541
10155,10157
10156,10157
10156,10542
10157,10158
10157,10159
10157,10161
10157,10543
10158,10160
10159,10160
10159,10162
10160,10163
10161,10162
10161,10548
10162,10163
10162,10550
10163,10164
10163,10551
10164,10165
10164,10167
10164,10553
10165,10166
10165,10168
10166,10170
10167,10168
10167,10169
10167,10557
10168,10170
10169,10170
10169,10558
10170,10171
10170,10172
10170,10174
10170,10559
10171,10173
10172,10173
10172,10175
10173,10176
10174,10175
10174,10563
10175,10176
10175,10565
10176,10177
10176,10566
10177,10178
10177,10180
10177,10567
10178,10179
10178,10181
10179,10183
10180,10181
10180,10182
10180,10572
10181,10183
10182,10183
10182,10573
10183,10184
10183,10185
10183,10574
10185,10578
10186,10187
10186,10190
10186,10579
10187,10188
10187,10191
10188,10189
10188,10192
10189,10194
10190,10191
10190,10580
10191,10192
10191,10193
10191,10581
10192,10194
10193,10194
10193,10198
10193,10582
10194,10195
10194,10196
10194,10199
10195,10197
10196,10197
10196,10200
10197,10201
10198,10199
10198,10586
10199,10200
10199,10587
10200,10201
10200,10204
10200,10589
10201,10202
10201,10205
10202,10203
10202,10206
10203,10207
10204,10205
10204,10592
10205,10206
10205,10593
10206,10207
10206,10208
10206,10595
10207,10209
10208,10209
10208,10213
10208,10596
10209,10210
10209,10211
10209,10214
10210,10212
10211,10212
10211,10215
10212,10216
10213,10214
10213,10599
10214,10215
10214,10600
10215,10216
10215,10219
10215,10602
10216,10217
10216,10220
10217,10218
10217,10221
10218,10222
10219,10220
10219,10605
10220,10221
10220,10606
10221,10222
10221,10223
10221,10608
10222,10224
10223,10224
10223,10227
10223,10609
10224,10225
10224,10228
10225,10226
10225,10229
10226,10231
10227,10228
10227,10612
10228,10229
10228,10230
10228,10613
10229,10231
10230,10231
10230,10234
10230,10614
10231,10232
10231,10235
10232,10233
10232,10236
10233,10237
10234,10235
10234,10618
10235,10236
10235,10619
10236,10237
10236,10238
10236,10241
10236,10621
10237,10239
10238,10239
10238,10242
10239,10240
10239,10243
10240,10244
10241,10242
10241,10624
10242,10243
10242,10625
10243,10244
10243,10245
10243,10626
10244,10246
10245,10246
10245,10250
10245,10627
10246,10247
10246,10248
10246,10251
10247,10249
10248,10249
10248,10252
10249,10253
10250,10251
10250,10631
10251,10252
10251,10632
10252,10253
10252,10256
10252,10634
10253,10254
10253,10257
10254,10255
10254,10258
10255,10259
10256,10257
10256,10637
10257,10258
10257,10638
10258,10259
10258,10260
10258,10640
10259,10261
10260,10261
10260,10264
10260,10641
10261,10262
10261,10265
10262,10263
10262,10266
10263,10268
10264,10265
10264,10644
10265,10266
10265,10267
10265,10645
10266,10268
10267,10268
10267,10271
10267,10646
10268,10269
10268,10272
10269,10270
10269,10273
10270,10274
10271,10272
10271,10650
10272,10273
10272,10651
10273,10274
10273,10275
10273,10653
10274,10276
10275,10276
10275,10279
10275,10654
10276,10277
10276,10280
10277,10278
10277,10281
10278,10283
10279,10280
10279,10657
10280,10281
10280,10282
10280,10658
10281,10283
10282,10283
10282,10287
10282,10659
10283,10284
10283,10285
10283,10288
10284,10286
10285,10286
10285,10289
10286,10290
10287,10288
10287,10663
10288,10289
10288,10664
10289,10290
10289,10293
10289,10666
10290,10291
10290,10294
10291,10292
10291,10295
10292,10296
10293,10294
10293,10669
10294,10295
10294,10670
10295,10296
10295,10297
10295,10672
10296,10298
10297,10298
10297,10302
10297,10673
10298,10299
10298,10300
10298,10303
10299,10301
10300,10301
10300,10304
10301,10305
10302,10303
10302,10676
10303,10304
10303,10677
10304,10305
10304,10308
10304,10679
10305,10306
10305,10309
10306,10307
10306,10310
10307,10311
10308,10309
10308,10682
10309,10310
10309,10683
10310,10311
10310,10312
10310,10685
10311,10313
10312,10313
10312,10316
10312,10686
10313,10314
10313,10317
10314,10315
10314,10318
10315,10320
10316,10317
10316,10689
10317,10318
10317,10319
10317,10690
10318,10320
10319,10320
10319,10323
10319,10691
10320,10321
10320,10324
10321,10322
10321,10325
10322,10326
10323,10324
10323,10695
10324,10325
10324,10696
10325,10326
10325,10329
10325,10698
10326,10327
10326,10330
10327,10328
10327,10332
10328,10333
10329,10330
10329,10331
10329,10701
10330,10332
10331,10332
10331,10702
10332,10333
10332,10334
10332,10703
10333,10335
10334,10335
10334,10339
10334,10704
10335,10336
10335,10337
10335,10340
10336,10338
10337,10338
10337,10341
10338,10342
10339,10340
10339,10708
10340,10341
10340,10709
10341,10342
10341,10345
10341,10711
10342,10343
10342,10346
10343,10344
10343,10347
10344,10348
10345,10346
10345,10714
10346,10347
10346,10715
10347,10348
10347,10349
10347,10717
10348,10350
10349,10350
10349,10353
10349,10718
10350,10351
10350,10354
10351,10352
10351,10355
10352,10357
10353,10354
10353,10721
10354,10355
10354,10356
10354,10722
10355,10357
10356,10357
10356,10360
10356,10723
10357,10358
10357,10361
10358,10359
10358,10362
10359,10363
10360,10361
10360,10727
10361,10362
10361,10728
10362,10363
10362,10364
10362,10730
10363,10365
10364,10365
10364,10368
10364,10731
10365,10366
10365,10369
10366,10367
10366,10370
10367,10372
10368,10369
10368,10734
10369,10370
10369,10371
10369,10735
10370,10372
10371,10372
10371,10376
10371,10736
10372,10373
10372,10374
10372,10377
10373,10375
10374,10375
10374,10378
10375,10379
10376,10377
10376,10740
10377,10378
10377,10741
10378,10379
10378,10382
10378,10743
10379,10380
10379,10383
10380,10381
10380,10384
10381,10385
10382,10383
10382,10746
10383,10384
10383,10747
10384,10385
10384,10386
10384,10749
10385,10387
10386,10387
10386,10391
10386,10750
10387,10388
10387,10389
10387,10392
10388,10390
10389,10390
10389,10393
10390,10394
10391,10392
10391,10753
10392,10393
10392,10754
10393,10394
10393,10397
10393,10756
10394,10395
10394,10398
10395,10396
10395,10399
10396,10400
10397,10398
10397,10759
10398,10399
10398,10760
10399,10400
10399,10401
10399,10762
10400,10402
10401,10402
10401,10405
10401,10763
10402,10403
10402,10406
10403,10404
10403,10407
10404,10409
10405,10406
10405,10766
10406,10407
10406,10408
10406,10767
10407,10409
10408,10409
10408,10412
10408,10768
10409,10410
10409,10413
10410,10411
10410,10414
10411,10415
10412,10413
10412,10772
10413,10414
10413,10773
10414,10415
10414,10418
10414,10775
10415,10416
10415,10419
10416,10417
10416,10421
10417,10422
10418,10419
10418,10420
10418,10778
10419,10421
10420,10421
10420,10779
10421,10422
10421,10423
10421,10780
10422,10424
10423,10424
10423,10428
10423,10781
10424,10425
10424,10426
10424,10429
10425,10427
10426,10427
10426,10430
10427,10431
10428,10429
10428,10785
10429,10430
10429,10786
10430,10431
10430,10434
10430,10788
10431,10432
10431,10435
10432,10433
10432,10436
10433,10437
10434,10435
10434,10791
10435,10436
10435,10792
10436,10437
10436,10438
10436,10794
10437,10439
10438,10439
10438,10442
10438,10795
10439,10440
10439,10443
10440,10441
10440,10444
10441,10446
10442,10443
10442,10798
10443,10444
10443,10445
10443,10799
10444,10446
10445,10446
10445,10449
10445,10800
10446,10447
10446,10450
10447,10448
10447,10451
10448,10452
10449,10450
10449,10804
10450,10451
10450,10805
10451,10452
10451,10453
10451,10456
10451,10807
10452,10454
10453,10454
10453,10457
10454,10455
10454,10458
10455,10459
10456,10457
10456,10810
10457,10458
10457,10811
10458,10459
10458,10460
10458,10812
10459,10461
10460,10461
10460,10465
10460,10813
10461,10462
10461,10463
10461,10466
10462,10464
10463,10464
10463,10467
10464,10468
10465,10466
10465,10817
10466,10467
10466,10818
10467,10468
10467,10471
10467,10820
10468,10469
10468,10472
10469,10470
10469,10473
10470,10474
10471,10472
10471,10823
10472,10473
10472,10824
10473,10474
10473,10475
10473,10826
10474,10476
10475,10476
10475,10479
10475,10827
10476,10477
10476,10480
10477,10478
10477,10481
10478,10483
10479,10480
10479,10830
10480,10481
10480,10482
10480,10831
10481,10483
10482,10483
10482,10486
10482,10832
10483,10484
10483,10487
10484,10485
10484,10488
10485,10489
10486,10487
10486,10836
10487,10488
10487,10837
10488,10489
10488,10490
10488,10839
10489,10491
10490,10491
10490,10494
10490,10840
10491,10492
10491,10495
10492,10493
10492,10496
10493,10498
10494,10495
10494,10843
10495,10496
10495,10497
10495,10844
10496,10498
10497,10498
10497,10502
10497,10845
10498,10499
10498,10500
10498,10503
10499,10501
10500,10501
10500,10504
10501,10505
10502,10503
10502,10849
10503,10504
10503,10850
10504,10505
10504,10508
10504,10852
10505,10506
10505,10509
10506,10507
10506,10510
10507,10511
10508,10509
10508,10855
10509,10510
10509,10856
10510,10511
10510,10512
10510,10858
10511,10513
10512,10513
10512,10517
10512,10859
10513,10514
10513,10515
10513,10518
10514,10516
10515,10516
10515,10519
10516,10520
10517,10518
10517,10862
10518,10519
10518,10863
10519,10520
10519,10523
10519,10865
10520,10521
10520,10524
10521,10522
10521,10525
10522,10526
10523,10524
10523,10868
10524,10525
10524,10869
10525,10526
10525,10527
10525,10871
10526,10528
10527,10528
10527,10531
10527,10872
10528,10529
10528,10532
10529,10530
10529,10533
10530,10535
10531,10532
10531,10875
10532,10533
10532,10534
10532,10876
10533,10535
10534,10535
10534,10538
10534,10877
10535,10536
10535,10539
10536,10537
10536,10540
10537,10541
10538,10539
10538,10881
10539,10540
10539,10882
10540,10541
10540,10544
10540,10884
10541,10542
10541,10545
10542,10543
10542,10547
10543,10548
10544,10545
10544,10546
10544,10887
10545,10547
10546,10547
10546,10888
10547,10548
10547,10549
10547,10889
10548,10550
10549,10550
10549,10554
10549,10890
10550,10551
10550,10552
10550,10555
10551,10553
10552,10553
10552,10556
10553,10557
10554,10555
10554,10894
10555,10556
10555,10895
10556,10557
10556,10560
10556,10897
10557,10558
10557,10561
10558,10559
10558,10562
10559,10563
10560,10561
10560,10900
10561,10562
10561,10901
10562,10563
10562,10564
10562,10903
10563,10565
10564,10565
10564,10568
10564,10904
10565,10566
10565,10569
10566,10567
10566,10570
10567,10572
10568,10569
10568,10907
10569,10570
10569,10571
10569,10908
10570,10572
10571,10572
10571,10575
10571,10909
10572,10573
10572,10576
10573,10574
10573,10577
10574,10578
10575,10576
10575,10913
10576,10577
10576,10914
10577,10578
10577,10916
10579,10580
10580,10581
10580,10583
10580,10920
10581,10582
10581,10584
10582,10586
10583,10584
10583,10585
10583,10922
10584,10586
10585,10586
10585,10923
10586,10587
10586,10588
10586,10590
10586,10924
10587,10589
10588,10589
10588,10591
10589,10592
10590,10591
10590,10927
10591,10592
10591,10929
10592,10593
10592,10594
10592,10930
10593,10595
10594,10595
10594,10597
10594,10931
10595,10596
10595,10598
10596,10599
10597,10598
10597,10935
10598,10599
10598,10936
10599,10600
10599,10601
10599,10603
10599,10938
10600,10602
10601,10602
10601,10604
10602,10605
10603,10604
10603,10941
10604,10605
10604,10942
10605,10606
10605,10607
10605,10943
10606,10608
10607,10608
10607,10610
10607,10944
10608,10609
10608,10611
10609,10612
10610,10611
10610,10948
10611,10612
10611,10949
10612,10613
10612,10615
10612,10951
10613,10614
10613,10616
10614,10618
10615,10616
10615,10617
10615,10954
10616,10618
10617,10618
10617,10955
10618,10619
10618,10620
10618,10622
10618,10956
10619,10621
10620,10621
10620,10623
10621,10624
10622,10623
10622,10959
10623,10624
10623,10961
10624,10625
10624,10962
10625,10626
10625,10628
10625,10964
10626,10627
10626,10629
10627,10631
10628,10629
10628,10630
10628,10967
10629,10631
10630,10631
10630,10968
10631,10632
10631,10633
10631,10635
10631,10969
10632,10634
10633,10634
10633,10636
10634,10637
10635,10636
10635,10972
10636,10637
10636,10974
10637,10638
10637,10639
10637,10975
10638,10640
10639,10640
10639,10642
10639,10976
10640,10641
10640,10643
10641,10644
10642,10643
10642,10980
10643,10644
10643,10981
10644,10645
10644,10647
10644,10983
10645,10646
10645,10648
10646,10650
10647,10648
10647,10649
10647,10986
10648,10650
10649,10650
10649,10987
10650,10651
10650,10652
10650,10988
10651,10653
10652,10653
10652,10655
10652,10989
10653,10654
10653,10656
10654,10657
10655,10656
10655,10993
10656,10657
10656,10994
10657,10658
10657,10660
10657,10996
10658,10659
10658,10661
10659,10663
10660,10661
10660,10662
10660,10999
10661,10663
10662,10663
10662,11000
10663,10664
10663,10665
10663,10667
10663,11001
10664,10666
10665,10666
10665,10668
10666,10669
10667,10668
10667,11004
10668,10669
10668,11006
10669,10670
10669,10671
10669,11007
10670,10672
10671,10672
10671,10674
10671,11008
10672,10673
10672,10675
10673,10676
10674,10675
10674,11012
10675,10676
10675,11013
10676,10677
10676,10678
10676,10680
10676,11015
10677,10679
10678,10679
10678,10681
10679,10682
10680,10681
10680,11018
10681,10682
10681,11019
10682,10683
10682,10684
10682,11020
10683,10685
10684,10685
10684,10687
10684,11021
10685,10686
10685,10688
10686,10689
10687,10688
10687,11025
10688,10689
10688,11026
10689,10690
10689,10692
10689,11028
10690,10691
10690,10693
10691,10695
10692,10693
10692,10694
10692,11031
10693,10695
10694,10695
10694,11032
10695,10696
10695,10697
10695,10699
10695,11033
10696,10698
10697,10698
10697,10700
10698,10701
10699,10700
10699,11036
10700,10701
10700,11038
10701,10702
10701,11039
10702,10703
10702,10705
10702,11040
10703,10704
10703,10706
10704,10708
10705,10706
10705,10707
10705,11044
10706,10708
10707,10708
10707,11045
10708,10709
10708,10710
10708,10712
10708,11046
10709,10711
10710,10711
10710,10713
10711,10714
10712,10713
10712,11049
10713,10714
10713,11051
10714,10715
10714,10716
10714,11052
10715,10717
10716,10717
10716,10719
10716,11053
10717,10718
10717,10720
10718,10721
10719,10720
10719,11057
10720,10721
10720,11058
10721,10722
10721,10724
10721,11060
10722,10723
10722,10725
10723,10727
10724,10725
10724,10726
10724,11063
10725,10727
10726,10727
10726,11064
10727,10728
10727,10729
10727,11065
10728,10730
10729,10730
10729,10732
10729,11066
10730,10731
10730,10733
10731,10734
10732,10733
10732,11070
10733,10734
10733,11071
10734,10735
10734,10737
10734,11073
10735,10736
10735,10738
10736,10740
10737,10738
10737,10739
10737,11076
10738,10740
10739,10740
10739,11077
10740,10741
10740,10742
10740,10744
10740,11078
10741,10743
10742,10743
10742,10745
10743,10746
10744,10745
10744,11081
10745,10746
10745,11083
10746,10747
10746,10748
10746,11084
10747,10749
10748,10749
10748,10751
10748,11085
10749,10750
10749,10752
10750,10753
10751,10752
10751,11089
10752,10753
10752,11090
10753,10754
10753,10755
10753,10757
10753,11092
10754,10756
10755,10756
10755,10758
10756,10759
10757,10758
10757,11095
10758,10759
10758,11096
10759,10760
10759,10761
10759,11097
10760,10762
10761,10762
10761,10764
10761,11098
10762,10763
10762,10765
10763,10766
10764,10765
10764,11102
10765,10766
10765,11103
10766,10767
10766,10769
10766,11105
10767,10768
10767,10770
10768,10772
10769,10770
10769,10771
10769,11108
10770,10772
10771,10772
10771,11109
10772,10773
10772,10774
10772,10776
10772,11110
10773,10775
10774,10775
10774,10777
10775,10778
10776,10777
10776,11113
10777,10778
10777,11115
10778,10779
10778,11116
10779,10780
10779,10782
10779,11117
10780,10781
10780,10783
10781,10785
10782,10783
10782,10784
10782,11121
10783,10785
10784,10785
10784,11122
10785,10786
10785,10787
10785,10789
10785,11123
10786,10788
10787,10788
10787,10790
10788,10791
10789,10790
10789,11126
10790,10791
10790,11128
10791,10792
10791,10793
10791,11129
10792,10794
10793,10794
10793,10796
10793,11130
10794,10795
10794,10797
10795,10798
10796,10797
10796,11134
10797,10798
10797,11135
10798,10799
10798,10801
10798,11137
10799,10800
10799,10802
10800,10804
10801,10802
10801,10803
10801,11140
10802,10804
10803,10804
10803,11141
10804,10805
10804,10806
10804,10808
10804,11142
10805,10807
10806,10807
10806,10809
10807,10810
10808,10809
10808,11145
10809,10810
10809,11147
10810,10811
10810,11148
10811,10812
10811,10814
10811,11150
10812,10813
10812,10815
10813,10817
10814,10815
10814,10816
10814,11153
10815,10817
10816,10817
10816,11154
10817,10818
10817,10819
10817,10821
10817,11155
10818,10820
10819,10820
10819,10822
10820,10823
10821,10822
10821,11158
10822,10823
10822,11160
10823,10824
10823,10825
10823,11161
10824,10826
10825,10826
10825,10828
10825,11162
10826,10827
10826,10829
10827,10830
10828,10829
10828,11166
10829,10830
10829,11167
10830,10831
10830,10833
10830,11169
10831,10832
10831,10834
10832,10836
10833,10834
10833,10835
10833,11172
10834,10836
10835,10836
10835,11173
10836,10837
10836,10838
10836,11174
10837,10839
10838,10839
10838,10841
10838,11175
10839,10840
10839,10842
10840,10843
10841,10842
10841,11179
10842,10843
10842,11180
10843,10844
10843,10846
10843,11182
10844,10845
10844,10847
10845,10849
10846,10847
10846,10848
10846,11185
10847,10849
10848,10849
10848,11186
10849,10850
10849,10851
10849,10853
10849,11187
10850,10852
10851,10852
10851,10854
10852,10855
10853,10854
10853,11190
10854,10855
10854,11192
10855,10856
10855,10857
10855,11193
10856,10858
10857,10858
10857,10860
10857,11194
10858,10859
10858,10861
10859,10862
10860,10861
10860,11198
10861,10862
10861,11199
10862,10863
10862,10864
10862,10866
10862,11201
10863,10865
10864,10865
10864,10867
10865,10868
10866,10867
10866,11204
10867,10868
10867,11205
10868,10869
10868,10870
10868,11206
10869,10871
10870,10871
10870,10873
10870,11207
10871,10872
10871,10874
10872,10875
10873,10874
10873,11211
10874,10875
10874,11212
10875,10876
10875,10878
10875,11214
10876,10877
10876,10879
10877,10881
10878,10879
10878,10880
10878,11217
10879,10881
10880,10881
10880,11218
10881,10882
10881,10883
10881,10885
10881,11219
10882,10884
10883,10884
10883,10886
10884,10887
10885,10886
10885,11222
10886,10887
10886,11224
10887,10888
10887,11225
10888,10889
10888,10891
10888,11226
10889,10890
10889,10892
10890,10894
10891,10892
10891,10893
10891,11230
10892,10894
10893,10894
10893,11231
10894,10895
10894,10896
10894,10898
10894,11232
10895,10897
10896,10897
10896,10899
10897,10900
10898,10899
10898,11235
10899,10900
10899,11237
10900,10901
10900,10902
10900,11238
10901,10903
10902,10903
10902,10905
10902,11239
10903,10904
10903,10906
10904,10907
10905,10906
10905,11243
10906,10907
10906,11244
10907,10908
10907,10910
10907,11246
10908,10909
10908,10911
10909,10913
10910,10911
10910,10912
10910,11249
10911,10913
10912,10913
10912,11250
10913,10914
10913,10915
10913,11251
10914,10916
10915,10916
10915,10917
10915,11252
10916,10918
10917,10918
10917,11256
10918,11257
10919,10920
10919,10921
10920,10922
10921,10922
10921,11260
10922,10923
10922,10925
10922,11261
10923,10924
10923,10926
10924,10927
10925,10926
10925,11264
10926,10927
10926,10928
10926,11266
10927,10929
10928,10929
10928,11267
10929,10930
10929,10932
10929,11268
10930,10931
10930,10933
10931,10935
10932,10933
10932,10934
10932,11272
10933,10935
10934,10935
10934,11273
10935,10936
10935,10937
10935,10939
10935,11274
10936,10938
10937,10938
10937,10940
10938,10941
10939,10940
10939,11279
10940,10941
10940,11281
10941,10942
10941,11282
10942,10943
10942,10945
10942,11284
10943,10944
10943,10946
10944,10948
10945,10946
10945,10947
10945,11288
10946,10948
10947,10948
10947,11289
10948,10949
10948,10950
10948,10952
10948,11290
10949,10951
10950,10951
10950,10953
10951,10954
10952,10953
10952,11294
10953,10954
10953,11296
10954,10955
10954,10957
10954,11297
10955,10956
10955,10958
10956,10959
10957,10958
10957,11301
10958,10959
10958,10960
10958,11303
10959,10961
10960,10961
10960,11304
10961,10962
10961,10963
10961,10965
10961,11305
10962,10964
10963,10964
10963,10966
10964,10967
10965,10966
10965,11309
10966,10967
10966,11311
10967,10968
10967,10970
10967,11312
10968,10969
10968,10971
10969,10972
10970,10971
10970,11316
10971,10972
10971,10973
10971,11318
10972,10974
10973,10974
10973,11319
10974,10975
10974,10977
10974,11320
10975,10976
10975,10978
10976,10980
10977,10978
10977,10979
10977,11324
10978,10980
10979,10980
10979,11325
10980,10981
10980,10982
10980,10984
10980,11326
10981,10983
10982,10983
10982,10985
10983,10986
10984,10985
10984,11331
10985,10986
10985,11333
10986,10987
10986,11334
10987,10988
10987,10990
10987,11335
10988,10989
10988,10991
10989,10993
10990,10991
10990,10992
10990,11340
10991,10993
10992,10993
10992,11341
10993,10994
10993,10995
10993,10997
10993,11342
10994,10996
10995,10996
10995,10998
10996,10999
10997,10998
10997,11346
10998,10999
10998,11348
10999,11000
10999,11002
10999,11349
11000,11001
11000,11003
11001,11004
11002,11003
11002,11353
11003,11004
11003,11005
11003,11355
11004,11006
11005,11006
11005,11356
11006,11007
11006,11009
11006,11357
11007,11008
11007,11010
11008,11012
11009,11010
11009,11011
11009,11361
11010,11012
11011,11012
11011,11362
11012,11013
11012,11014
11012,11016
11012,11363
11013,11015
11014,11015
11014,11017
11015,11018
11016,11017
11016,11368
11017,11018
11017,11370
11018,11019
11018,11371
11019,11020
11019,11022
11019,11373
11020,11021
11020,11023
11021,11025
11022,11023
11022,11024
11022,11377
11023,11025
11024,11025
11024,11378
11025,11026
11025,11027
11025,11029
11025,11379
11026,11028
11027,11028
11027,11030
11028,11031
11029,11030
11029,11383
11030,11031
11030,11385
11031,11032
11031,11034
11031,11386
11032,11033
11032,11035
11033,11036
11034,11035
11034,11390
11035,11036
11035,11037
11035,11392
11036,11038
11037,11038
11037,11393
11038,11039
11038,11041
11038,11394
11039,11040
11039,11042
11040,11044
11041,11042
11041,11043
11041,11398
11042,11044
11043,11044
11043,11399
11044,11045
11044,11047
11044,11400
11045,11046
11045,11048
11046,11049
11047,11048
11047,11405
11048,11049
11048,11050
11048,11407
11049,11051
11050,11051
11050,11408
11051,11052
11051,11054
11051,11409
11052,11053
11052,11055
11053,11057
11054,11055
11054,11056
11054,11413
11055,11057
11056,11057
11056,11414
11057,11058
11057,11059
11057,11061
11057,11415
11058,11060
11059,11060
11059,11062
11060,11063
11061,11062
11061,11420
11062,11063
11062,11422
11063,11064
11063,11423
11064,11065
11064,11067
11064,11424
11065,11066
11065,11068
11066,11070
11067,11068
11067,11069
11067,11429
11068,11070
11069,11070
11069,11430
11070,11071
11070,11072
11070,11074
11070,11431
11071,11073
11072,11073
11072,11075
11073,11076
11074,11075
11074,11435
11075,11076
11075,11437
11076,11077
11076,11079
11076,11438
11077,11078
11077,11080
11078,11081
11079,11080
11079,11442
11080,11081
11080,11082
11080,11444
11081,11083
11082,11083
11082,11445
11083,11084
11083,11086
11083,11446
11084,11085
11084,11087
11085,11089
11086,11087
11086,11088
11086,11450
11087,11089
11088,11089
11088,11451
11089,11090
11089,11091
11089,11093
11089,11452
11090,11092
11091,11092
11091,11094
11092,11095
11093,11094
11093,11457
11094,11095
11094,11459
11095,11096
11095,11460
11096,11097
11096,11099
11096,11462
11097,11098
11097,11100
11098,11102
11099,11100
11099,11101
11099,11466
11100,11102
11101,11102
11101,11467
11102,11103
11102,11104
11102,11106
11102,11468
11103,11105
11104,11105
11104,11107
11105,11108
11106,11107
11106,11472
11107,11108
11107,11474
11108,11109
11108,11111
11108,11475
11109,11110
11109,11112
11110,11113
11111,11112
11111,11479
11112,11113
11112,11114
11112,11481
11113,11115
11114,11115
11114,11482
11115,11116
11115,11118
11115,11483
11116,11117
11116,11119
11117,11121
11118,11119
11118,11120
11118,11487
11119,11121
11120,11121
11120,11488
11121,11122
11121,11124
11121,11489
11122,11123
11122,11125
11123,11126
11124,11125
11124,11494
11125,11126
11125,11127
11125,11496
11126,11128
11127,11128
11127,11497
11128,11129
11128,11131
11128,11498
11129,11130
11129,11132
11130,11134
11131,11132
11131,11133
11131,11502
11132,11134
11133,11134
11133,11503
11134,11135
11134,11136
11134,11138
11134,11504
11135,11137
11136,11137
11136,11139
11137,11140
11138,11139
11138,11509
11139,11140
11139,11511
11140,11141
11140,11143
11140,11512
11141,11142
11141,11144
11142,11145
11143,11144
11143,11516
11144,11145
11144,11146
11144,11518
11145,11147
11146,11147
11146,11519
11147,11148
11147,11149
11147,11151
11147,11520
11148,11150
11149,11150
11149,11152
11150,11153
11151,11152
11151,11524
11152,11153
11152,11526
11153,11154
11153,11156
11153,11527
11154,11155
11154,11157
11155,11158
11156,11157
11156,11531
11157,11158
11157,11159
11157,11533
11158,11160
11159,11160
11159,11534
11160,11161
11160,11163
11160,11535
11161,11162
11161,11164
11162,11166
11163,11164
11163,11165
11163,11539
11164,11166
11165,11166
11165,11540
11166,11167
11166,11168
11166,11170
11166,11541
11167,11169
11168,11169
11168,11171
11169,11172
11170,11171
11170,11546
11171,11172
11171,11548
11172,11173
11172,11549
11173,11174
11173,11176
11173,11550
11174,11175
11174,11177
11175,11179
11176,11177
11176,11178
11176,11555
11177,11179
11178,11179
11178,11556
11179,11180
11179,11181
11179,11183
11179,11557
11180,11182
11181,11182
11181,11184
11182,11185
11183,11184
11183,11561
11184,11185
11184,11563
11185,11186
11185,11188
11185,11564
11186,11187
11186,11189
11187,11190
11188,11189
11188,11568
11189,11190
11189,11191
11189,11570
11190,11192
11191,11192
11191,11571
11192,11193
11192,11195
11192,11572
11193,11194
11193,11196
11194,11198
11195,11196
11195,11197
11195,11576
11196,11198
11197,11198
11197,11577
11198,11199
11198,11200
11198,11202
11198,11578
11199,11201
11200,11201
11200,11203
11201,11204
11202,11203
11202,11583
11203,11204
11203,11585
11204,11205
11204,11586
11205,11206
11205,11208
11205,11588
11206,11207
11206,11209
11207,11211
11208,11209
11208,11210
11208,11592
11209,11211
11210,11211
11210,11593
11211,11212
11211,11213
11211,11215
11211,11594
11212,11214
11213,11214
11213,11216
11214,11217
11215,11216
11215,11598
11216,11217
11216,11600
11217,11218
11217,11220
11217,11601
11218,11219
11218,11221
11219,11222
11220,11221
11220,11605
11221,11222
11221,11223
11221,11607
11222,11224
11223,11224
11223,11608
11224,11225
11224,11227
11224,11609
11225,11226
11225,11228
11226,11230
11227,11228
11227,11229
11227,11613
11228,11230
11229,11230
11229,11614
11230,11231
11230,11233
11230,11615
11231,11232
11231,11234
11232,11235
11233,11234
11233,11620
11234,11235
11234,11236
11234,11622
11235,11237
11236,11237
11236,11623
11237,11238
11237,11240
11237,11624
11238,11239
11238,11241
11239,11243
11240,11241
11240,11242
11240,11628
11241,11243
11242,11243
11242,11629
11243,11244
11243,11245
11243,11247
11243,11630
11244,11246
11245,11246
11245,11248
11246,11249
11247,11248
11247,11635
11248,11249
11248,11637
11249,11250
11249,11638
11250,11251
11250,11253
11250,11639
11251,11252
11251,11254
11252,11256
11253,11254
11253,11255
11253,11644
11254,11256
11255,11256
11255,11645
11256,11257
11256,11258
11256,11646
11258,11650
11259,11260
11259,11262
11260,11261
11260,11263
11261,11264
11262,11263
11262,11652
11263,11264
11263,11265
11263,11653
11264,11266
11265,11266
11265,11269
11265,11654
11266,11267
11266,11270
11267,11268
11267,11271
11268,11272
11269,11270
11269,11658
11270,11271
11270,11659
11271,11272
11271,11275
11271,11661
11272,11273
11272,11276
11273,11274
11273,11278
11274,11279
11275,11276
11275,11277
11275,11664
11276,11278
11277,11278
11277,11665
11278,11279
11278,11280
11278,11666
11279,11281
11280,11281
11280,11285
11280,11667
11281,11282
11281,11283
11281,11286
11282,11284
11283,11284
11283,11287
11284,11288
11285,11286
11285,11671
11286,11287
11286,11672
11287,11288
11287,11291
11287,11674
11288,11289
11288,11292
11289,11290
11289,11293
11290,11294
11291,11292
11291,11677
11292,11293
11292,11678
11293,11294
11293,11295
11293,11298
11293,11680
11294,11296
11295,11296
11295,11299
11296,11297
11296,11300
11297,11301
11298,11299
11298,11683
11299,11300
11299,11684
11300,11301
11300,11302
11300,11685
11301,11303
11302,11303
11302,11306
11302,11686
11303,11304
11303,11307
11304,11305
11304,11308
11305,11309
11306,11307
11306,11690
11307,11308
11307,11691
11308,11309
11308,11310
11308,11313
11308,11693
11309,11311
11310,11311
11310,11314
11311,11312
11311,11315
11312,11316
11313,11314
11313,11696
11314,11315
11314,11697
11315,11316
11315,11317
11315,11698
11316,11318
11317,11318
11317,11321
11317,11699
11318,11319
11318,11322
11319,11320
11319,11323
11320,11324
11321,11322
11321,11703
11322,11323
11322,11704
11323,11324
11323,11327
11323,11706
11324,11325
11324,11328
11325,11326
11325,11330
11326,11331
11327,11328
11327,11329
11327,11709
11328,11330
11329,11330
11329,11710
11330,11331
11330,11332
11330,11711
11331,11333
11332,11333
11332,11336
11332,11712
11333,11334
11333,11337
11334,11335
11334,11338
11335,11340
11336,11337
11336,11716
11337,11338
11337,11339
11337,11717
11338,11340
11339,11340
11339,11343
11339,11718
11340,11341
11340,11344
11341,11342
11341,11345
11342,11346
11343,11344
11343,11722
11344,11345
11344,11723
11345,11346
11345,11347
11345,11350
11345,11725
11346,11348
11347,11348
11347,11351
11348,11349
11348,11352
11349,11353
11350,11351
11350,11728
11351,11352
11351,11729
11352,11353
11352,11354
11352,11730
11353,11355
11354,11355
11354,11358
11354,11731
11355,11356
11355,11359
11356,11357
11356,11360
11357,11361
11358,11359
11358,11735
11359,11360
11359,11736
11360,11361
11360,11364
11360,11738
11361,11362
11361,11365
11362,11363
11362,11367
11363,11368
11364,11365
11364,11366
11364,11741
11365,11367
11366,11367
11366,11742
11367,11368
11367,11369
11367,11743
11368,11370
11369,11370
11369,11374
11369,11744
11370,11371
11370,11372
11370,11375
11371,11373
11372,11373
11372,11376
11373,11377
11374,11375
11374,11748
11375,11376
11375,11749
11376,11377
11376,11380
11376,11751
11377,11378
11377,11381
11378,11379
11378,11382
11379,11383
11380,11381
11380,11754
11381,11382
11381,11755
11382,11383
11382,11384
11382,11387
11382,11757
11383,11385
11384,11385
11384,11388
11385,11386
11385,11389
11386,11390
11387,11388
11387,11760
11388,11389
11388,11761
11389,11390
11389,11391
11389,11762
11390,11392
11391,11392
11391,11395
11391,11763
11392,11393
11392,11396
11393,11394
11393,11397
11394,11398
11395,11396
11395,11767
11396,11397
11396,11768
11397,11398
11397,11401
11397,11770
11398,11399
11398,11402
11399,11400
11399,11404
11400,11405
11401,11402
11401,11403
11401,11773
11402,11404
11403,11404
11403,11774
11404,11405
11404,11406
11404,11775
11405,11407
11406,11407
11406,11410
11406,11776
11407,11408
11407,11411
11408,11409
11408,11412
11409,11413
11410,11411
11410,11780
11411,11412
11411,11781
11412,11413
11412,11416
11412,11783
11413,11414
11413,11417
11414,11415
11414,11419
11415,11420
11416,11417
11416,11418
11416,11786
11417,11419
11418,11419
11418,11787
11419,11420
11419,11421
11419,11788
11420,11422
11421,11422
11421,11425
11421,11789
11422,11423
11422,11426
11423,11424
11423,11427
11424,11429
11425,11426
11425,11793
11426,11427
11426,11428
11426,11794
11427,11429
11428,11429
11428,11432
11428,11795
11429,11430
11429,11433
11430,11431
11430,11434
11431,11435
11432,11433
11432,11799
11433,11434
11433,11800
11434,11435
11434,11436
11434,11439
11434,11802
11435,11437
11436,11437
11436,11440
11437,11438
11437,11441
11438,11442
11439,11440
11439,11805
11440,11441
11440,11806
11441,11442
11441,11443
11441,11807
11442,11444
11443,11444
11443,11447
11443,11808
11444,11445
11444,11448
11445,11446
11445,11449
11446,11450
11447,11448
11447,11812
11448,11449
11448,11813
11449,11450
11449,11453
11449,11815
11450,11451
11450,11454
11451,11452
11451,11456
11452,11457
11453,11454
11453,11455
11453,11818
11454,11456
11455,11456
11455,11819
11456,11457
11456,11458
11456,11820
11457,11459
11458,11459
11458,11463
11458,11821
11459,11460
11459,11461
11459,11464
11460,11462
11461,11462
11461,11465
11462,11466
11463,11464
11463,11825
11464,11465
11464,11826
11465,11466
11465,11469
11465,11828
11466,11467
11466,11470
11467,11468
11467,11471
11468,11472
11469,11470
11469,11831
11470,11471
11470,11832
11471,11472
11471,11473
11471,11476
11471,11834
11472,11474
11473,11474
11473,11477
11474,11475
11474,11478
11475,11479
11476,11477
11476,11837
11477,11478
11477,11838
11478,11479
11478,11480
11478,11839
11479,11481
11480,11481
11480,11484
11480,11840
11481,11482
11481,11485
11482,11483
11482,11486
11483,11487
11484,11485
11484,11844
11485,11486
11485,11845
11486,11487
11486,11490
11486,11847
11487,11488
11487,11491
11488,11489
11488,11493
11489,11494
11490,11491
11490,11492
11490,11850
11491,11493
11492,11493
11492,11851
11493,11494
11493,11495
11493,11852
11494,11496
11495,11496
11495,11499
11495,11853
11496,11497
11496,11500
11497,11498
11497,11501
11498,11502
11499,11500
11499,11857
11500,11501
11500,11858
11501,11502
11501,11505
11501,11860
11502,11503
11502,11506
11503,11504
11503,11508
11504,11509
11505,11506
11505,11507
11505,11863
11506,11508
11507,11508
11507,11864
11508,11509
11508,11510
11508,11513
11508,11865
11509,11511
11510,11511
11510,11514
11511,11512
11511,11515
11512,11516
11513,11514
11513,11868
11514,11515
11514,11870
11515,11516
11515,11517
11515,11871
11516,11518
11517,11518
11517,11521
11517,11872
11518,11519
11518,11522
11519,11520
11519,11523
11520,11524
11521,11522
11521,11876
11522,11523
11522,11877
11523,11524
11523,11525
11523,11528
11523,11879
11524,11526
11525,11526
11525,11529
11526,11527
11526,11530
11527,11531
11528,11529
11528,11882
11529,11530
11529,11883
11530,11531
11530,11532
11530,11884
11531,11533
11532,11533
11532,11536
11532,11885
11533,11534
11533,11537
11534,11535
11534,11538
11535,11539
11536,11537
11536,11889
11537,11538
11537,11890
11538,11539
11538,11542
11538,11892
11539,11540
11539,11543
11540,11541
11540,11545
11541,11546
11542,11543
11542,11544
11542,11895
11543,11545
11544,11545
11544,11896
11545,11546
11545,11547
11545,11897
11546,11548
11547,11548
11547,11551
11547,11898
11548,11549
11548,11552
11549,11550
11549,11553
11550,11555
11551,11552
11551,11902
11552,11553
11552,11554
11552,11903
11553,11555
11554,11555
11554,11558
11554,11904
11555,11556
11555,11559
11556,11557
11556,11560
11557,11561
11558,11559
11558,11908
11559,11560
11559,11909
11560,11561
11560,11562
11560,11565
11560,11911
11561,11563
11562,11563
11562,11566
11563,11564
11563,11567
11564,11568
11565,11566
11565,11914
11566,11567
11566,11915
11567,11568
11567,11569
11567,11916
11568,11570
11569,11570
11569,11573
11569,11917
11570,11571
11570,11574
11571,11572
11571,11575
11572,11576
11573,11574
11573,11921
11574,11575
11574,11922
11575,11576
11575,11579
11575,11924
11576,11577
11576,11580
11577,11578
11577,11582
11578,11583
11579,11580
11579,11581
11579,11927
11580,11582
11581,11582
11581,11928
11582,11583
11582,11584
11582,11929
11583,11585
11584,11585
11584,11589
11584,11930
11585,11586
11585,11587
11585,11590
11586,11588
11587,11588
11587,11591
11588,11592
11589,11590
11589,11934
11590,11591
11590,11935
11591,11592
11591,11595
11591,11937
11592,11593
11592,11596
11593,11594
11593,11597
11594,11598
11595,11596
11595,11940
11596,11597
11596,11941
11597,11598
11597,11599
11597,11602
11597,11943
11598,11600
11599,11600
11599,11603
11600,11601
11600,11604
11601,11605
11602,11603
11602,11946
11603,11604
11603,11947
11604,11605
11604,11606
11604,11948
11605,11607
11606,11607
11606,11610
11606,11949
11607,11608
11607,11611
11608,11609
11608,11612
11609,11613
11610,11611
11610,11953
11611,11612
11611,11954
11612,11613
11612,11616
11612,11956
11613,11614
11613,11617
11614,11615
11614,11619
11615,11620
11616,11617
11616,11618
11616,11959
11617,11619
11618,11619
11618,11960
11619,11620
11619,11621
11619,11961
11620,11622
11621,11622
11621,11625
11621,11962
11622,11623
11622,11626
11623,11624
11623,11627
11624,11628
11625,11626
11625,11966
11626,11627
11626,11967
11627,11628
11627,11631
11627,11969
11628,11629
11628,11632
11629,11630
11629,11634
11630,11635
11631,11632
11631,11633
11631,11972
11632,11634
11633,11634
11633,11973
11634,11635
11634,11636
11634,11974
11635,11637
11636,11637
11636,11640
11636,11975
11637,11638
11637,11641
11638,11639
11638,11642
11639,11644
11640,11641
11640,11979
11641,11642
11641,11643
11641,11980
11642,11644
11643,11644
11643,11647
11643,11981
11644,11645
11644,11648
11645,11646
11645,11649
11646,11650
11647,11648
11647,11985
11648,11649
11648,11986
11649,11650
11649,11651
11649,11988
11651,11991
11652,11653
11652,11655
11652,11993
11653,11654
11653,11656
11654,11658
11655,11656
11655,11657
11655,11995
11656,11658
11657,11658
11657,11996
11658,11659
11658,11660
11658,11662
11658,11997
11659,11661
11660,11661
11660,11663
11661,11664
11662,11663
11662,12001
11663,11664
11663,12003
11664,11665
11664,12004
11665,11666
11665,11668
11665,12005
11666,11667
11666,11669
11667,11671
11668,11669
11668,11670
11668,12010
11669,11671
11670,11671
11670,12011
11671,11672
11671,11673
11671,11675
11671,12012
11672,11674
11673,11674
11673,11676
11674,11677
11675,11676
11675,12016
11676,11677
11676,12018
11677,11678
11677,11679
11677,11681
11677,12019
11678,11680
11679,11680
11679,11682
11680,11683
11681,11682
11681,12023
11682,11683
11682,12025
11683,11684
11683,12026
11684,11685
11684,11687
11684,12028
11685,11686
11685,11688
11686,11690
11687,11688
11687,11689
11687,12032
11688,11690
11689,11690
11689,12033
11690,11691
11690,11692
11690,11694
11690,12034
11691,11693
11692,11693
11692,11695
11693,11696
11694,11695
11694,12038
11695,11696
11695,12040
11696,11697
11696,12041
11697,11698
11697,11700
11697,12043
11698,11699
11698,11701
11699,11703
11700,11701
11700,11702
11700,12047
11701,11703
11702,11703
11702,12048
11703,11704
11703,11705
11703,11707
11703,12049
11704,11706
11705,11706
11705,11708
11706,11709
11707,11708
11707,12053
11708,11709
11708,12055
11709,11710
11709,12056
11710,11711
11710,11713
11710,12057
11711,11712
11711,11714
11712,11716
11713,11714
11713,11715
11713,12062
11714,11716
11715,11716
11715,12063
11716,11717
11716,11719
11716,12064
11717,11718
11717,11720
11718,11722
11719,11720
11719,11721
11719,12068
11720,11722
11721,11722
11721,12069
11722,11723
11722,11724
11722,11726
11722,12070
11723,11725
11724,11725
11724,11727
11725,11728
11726,11727
11726,12075
11727,11728
11727,12077
11728,11729
11728,12078
11729,11730
11729,11732
11729,12080
11730,11731
11730,11733
11731,11735
11732,11733
11732,11734
11732,12084
11733,11735
11734,11735
11734,12085
11735,11736
11735,11737
11735,11739
11735,12086
11736,11738
11737,11738
11737,11740
11738,11741
11739,11740
11739,12090
11740,11741
11740,12092
11741,11742
11741,12093
11742,11743
11742,11745
11742,12094
11743,11744
11743,11746
11744,11748
11745,11746
11745,11747
11745,12099
11746,11748
11747,11748
11747,12100
11748,11749
11748,11750
11748,11752
11748,12101
11749,11751
11750,11751
11750,11753
11751,11754
11752,11753
11752,12105
11753,11754
11753,12107
11754,11755
11754,11756
11754,11758
11754,12108
11755,11757
11756,11757
11756,11759
11757,11760
11758,11759
11758,12112
11759,11760
11759,12114
11760,11761
11760,12115
11761,11762
11761,11764
11761,12117
11762,11763
11762,11765
11763,11767
11764,11765
11764,11766
11764,12121
11765,11767
11766,11767
11766,12122
11767,11768
11767,11769
11767,11771
11767,12123
11768,11770
11769,11770
11769,11772
11770,11773
11771,11772
11771,12127
11772,11773
11772,12129
11773,11774
11773,12130
11774,11775
11774,11777
11774,12131
11775,11776
11775,11778
11776,11780
11777,11778
11777,11779
11777,12136
11778,11780
11779,11780
11779,12137
11780,11781
11780,11782
11780,11784
11780,12138
11781,11783
11782,11783
11782,11785
11783,11786
11784,11785
11784,12142
11785,11786
11785,12144
11786,11787
11786,12145
11787,11788
11787,11790
11787,12146
11788,11789
11788,11791
11789,11793
11790,11791
11790,11792
11790,12151
11791,11793
11792,11793
11792,12152
11793,11794
11793,11796
11793,12153
11794,11795
11794,11797
11795,11799
11796,11797
11796,11798
11796,12157
11797,11799
11798,11799
11798,12158
11799,11800
11799,11801
11799,11803
11799,12159
11800,11802
11801,11802
11801,11804
11802,11805
11803,11804
11803,12164
11804,11805
11804,12166
11805,11806
11805,12167
11806,11807
11806,11809
11806,12169
11807,11808
11807,11810
11808,11812
11809,11810
11809,11811
11809,12173
11810,11812
11811,11812
11811,12174
11812,11813
11812,11814
11812,11816
11812,12175
11813,11815
11814,11815
11814,11817
11815,11818
11816,11817
11816,12179
11817,11818
11817,12181
11818,11819
11818,12182
11819,11820
11819,11822
11819,12183
11820,11821
11820,11823
11821,11825
11822,11823
11822,11824
11822,12188
11823,11825
11824,11825
11824,12189
11825,11826
11825,11827
11825,11829
11825,12190
11826,11828
11827,11828
11827,11830
11828,11831
11829,11830
11829,12194
11830,11831
11830,12196
11831,11832
11831,11833
11831,11835
11831,12197
11832,11834
11833,11834
11833,11836
11834,11837
11835,11836
11835,12201
11836,11837
11836,12203
11837,11838
11837,12204
11838,11839
11838,11841
11838,12206
11839,11840
11839,11842
11840,11844
11841,11842
11841,11843
11841,12210
11842,11844
11843,11844
11843,12211
11844,11845
11844,11846
11844,11848
11844,12212
11845,11847
11846,11847
11846,11849
11847,11850
11848,11849
11848,12216
11849,11850
11849,12218
11850,11851
11850,12219
11851,11852
11851,11854
11851,12220
11852,11853
11852,11855
11853,11857
11854,11855
11854,11856
11854,12225
11855,11857
11856,11857
11856,12226
11857,11858
11857,11859
11857,11861
11857,12227
11858,11860
11859,11860
11859,11862
11860,11863
11861,11862
11861,12231
11862,11863
11862,12233
11863,11864
11863,11866
11863,12234
11864,11865
11864,11867
11865,11868
11866,11867
11866,12238
11867,11868
11867,11869
11867,12240
11868,11870
11869,11870
11869,12241
11870,11871
11870,11873
11870,12242
11871,11872
11871,11874
11872,11876
11873,11874
11873,11875
11873,12246
11874,11876
11875,11876
11875,12247
11876,11877
11876,11878
11876,11880
11876,12248
11877,11879
11878,11879
11878,11881
11879,11882
11880,11881
11880,12253
11881,11882
11881,12255
11882,11883
11882,12256
11883,11884
11883,11886
11883,12258
11884,11885
11884,11887
11885,11889
11886,11887
11886,11888
11886,12262
11887,11889
11888,11889
11888,12263
11889,11890
11889,11891
11889,11893
11889,12264
11890,11892
11891,11892
11891,11894
11892,11895
11893,11894
11893,12268
11894,11895
11894,12270
11895,11896
11895,12271
11896,11897
11896,11899
11896,12272
11897,11898
11897,11900
11898,11902
11899,11900
11899,11901
11899,12277
11900,11902
11901,11902
11901,12278
11902,11903
11902,11905
11902,12279
11903,11904
11903,11906
11904,11908
11905,11906
11905,11907
11905,12283
11906,11908
11907,11908
11907,12284
11908,11909
11908,11910
11908,11912
11908,12285
11909,11911
11910,11911
11910,11913
11911,11914
11912,11913
11912,12290
11913,11914
11913,12292
11914,11915
11914,12293
11915,11916
11915,11918
11915,12295
11916,11917
11916,11919
11917,11921
11918,11919
11918,11920
11918,12299
11919,11921
11920,11921
11920,12300
11921,11922
11921,11923
11921,11925
11921,12301
11922,11924
11923,11924
11923,11926
11924,11927
11925,11926
11925,12305
11926,11927
11926,12307
11927,11928
11927,12308
11928,11929
11928,11931
11928,12309
11929,11930
11929,11932
11930,11934
11931,11932
11931,11933
11931,12314
11932,11934
11933,11934
11933,12315
11934,11935
11934,11936
11934,11938
11934,12316
11935,11937
11936,11937
11936,11939
11937,11940
11938,11939
11938,12320
11939,11940
11939,12322
11940,11941
11940,11942
11940,11944
11940,12323
11941,11943
11942,11943
11942,11945
11943,11946
11944,11945
11944,12327
11945,11946
11945,12329
11946,11947
11946,12330
11947,11948
11947,11950
11947,12332
11948,11949
11948,11951
11949,11953
11950,11951
11950,11952
11950,12336
11951,11953
11952,11953
11952,12337
11953,11954
11953,11955
11953,11957
11953,12338
11954,11956
11955,11956
11955,11958
11956,11959
11957,11958
11957,12342
11958,11959
11958,12344
11959,11960
11959,12345
11960,11961
11960,11963
11960,12346
11961,11962
11961,11964
11962,11966
11963,11964
11963,11965
11963,12351
11964,11966
11965,11966
11965,12352
11966,11967
11966,11968
11966,11970
11966,12353
11967,11969
11968,11969
11968,11971
11969,11972
11970,11971
11970,12357
11971,11972
11971,12359
11972,11973
11972,12360
11973,11974
11973,11976
11973,12361
11974,11975
11974,11977
11975,11979
11976,11977
11976,11978
11976,12366
11977,11979
11978,11979
11978,12367
11979,11980
11979,11982
11979,12368
11980,11981
11980,11983
11981,11985
11982,11983
11982,11984
11982,12372
11983,11985
11984,11985
11984,12373
11985,11986
11985,11987
11985,11989
11985,12374
11986,11988
11987,11988
11987,11990
11988,11991
11989,11990
11989,12379
11990,11991
11990,12381
11991,12382
11992,11993
11992,11994
11993,11995
11994,11995
11994,11998
11994,12386
11995,11996
11995,11999
11996,11997
11996,12000
11997,12001
11998,11999
11998,12388
11999,12000
11999,12389
12000,12001
12000,12002
12000,12391
12001,12003
12002,12003
12002,12006
12002,12392
12003,12004
12003,12007
12004,12005
12004,12008
12005,12010
12006,12007
12006,12395
12007,12008
12007,12009
12007,12396
12008,12010
12009,12010
12009,12013
12009,12397
12010,12011
12010,12014
12011,12012
12011,12015
12012,12016
12013,12014
12013,12401
12014,12015
12014,12402
12015,12016
12015,12017
12015,12020
12015,12404
12016,12018
12017,12018
12017,12021
12018,12019
12018,12022
12019,12023
12020,12021
12020,12407
12021,12022
12021,12408
12022,12023
12022,12024
12022,12409
12023,12025
12024,12025
12024,12029
12024,12410
12025,12026
12025,12027
12025,12030
12026,12028
12027,12028
12027,12031
12028,12032
12029,12030
12029,12414
12030,12031
12030,12415
12031,12032
12031,12035
12031,12417
12032,12033
12032,12036
12033,12034
12033,12037
12034,12038
12035,12036
12035,12420
12036,12037
12036,12421
12037,12038
12037,12039
12037,12423
12038,12040
12039,12040
12039,12044
12039,12424
12040,12041
12040,12042
12040,12045
12041,12043
12042,12043
12042,12046
12043,12047
12044,12045
12044,12427
12045,12046
12045,12428
12046,12047
12046,12050
12046,12430
12047,12048
12047,12051
12048,12049
12048,12052
12049,12053
12050,12051
12050,12433
12051,12052
12051,12434
12052,12053
12052,12054
12052,12436
12053,12055
12054,12055
12054,12058
12054,12437
12055,12056
12055,12059
12056,12057
12056,12060
12057,12062
12058,12059
12058,12440
12059,12060
12059,12061
12059,12441
12060,12062
12061,12062
12061,12065
12061,12442
12062,12063
12062,12066
12063,12064
12063,12067
12064,12068
12065,12066
12065,12446
12066,12067
12066,12447
12067,12068
12067,12071
12067,12449
12068,12069
12068,12072
12069,12070
12069,12074
12070,12075
12071,12072
12071,12073
12071,12452
12072,12074
12073,12074
12073,12453
12074,12075
12074,12076
12074,12454
12075,12077
12076,12077
12076,12081
12076,12455
12077,12078
12077,12079
12077,12082
12078,12080
12079,12080
12079,12083
12080,12084
12081,12082
12081,12459
12082,12083
12082,12460
12083,12084
12083,12087
12083,12462
12084,12085
12084,12088
12085,12086
12085,12089
12086,12090
12087,12088
12087,12465
12088,12089
12088,12466
12089,12090
12089,12091
12089,12468
12090,12092
12091,12092
12091,12095
12091,12469
12092,12093
12092,12096
12093,12094
12093,12097
12094,12099
12095,12096
12095,12472
12096,12097
12096,12098
12096,12473
12097,12099
12098,12099
12098,12102
12098,12474
12099,12100
12099,12103
12100,12101
12100,12104
12101,12105
12102,12103
12102,12478
12103,12104
12103,12479
12104,12105
12104,12106
12104,12109
12104,12481
12105,12107
12106,12107
12106,12110
12107,12108
12107,12111
12108,12112
12109,12110
12109,12484
12110,12111
12110,12485
12111,12112
12111,12113
12111,12486
12112,12114
12113,12114
12113,12118
12113,12487
12114,12115
12114,12116
12114,12119
12115,12117
12116,12117
12116,12120
12117,12121
12118,12119
12118,12491
12119,12120
12119,12492
12120,12121
12120,12124
12120,12494
12121,12122
12121,12125
12122,12123
12122,12126
12123,12127
12124,12125
12124,12497
12125,12126
12125,12498
12126,12127
12126,12128
12126,12500
12127,12129
12128,12129
12128,12132
12128,12501
12129,12130
12129,12133
12130,12131
12130,12134
12131,12136
12132,12133
12132,12504
12133,12134
12133,12135
12133,12505
12134,12136
12135,12136
12135,12139
12135,12506
12136,12137
12136,12140
12137,12138
12137,12141
12138,12142
12139,12140
12139,12510
12140,12141
12140,12511
12141,12142
12141,12143
12141,12513
12142,12144
12143,12144
12143,12147
12143,12514
12144,12145
12144,12148
12145,12146
12145,12149
12146,12151
12147,12148
12147,12517
12148,12149
12148,12150
12148,12518
12149,12151
12150,12151
12150,12154
12150,12519
12151,12152
12151,12155
12152,12153
12152,12156
12153,12157
12154,12155
12154,12523
12155,12156
12155,12524
12156,12157
12156,12160
12156,12526
12157,12158
12157,12161
12158,12159
12158,12163
12159,12164
12160,12161
12160,12162
12160,12529
12161,12163
12162,12163
12162,12530
12163,12164
12163,12165
12163,12531
12164,12166
12165,12166
12165,12170
12165,12532
12166,12167
12166,12168
12166,12171
12167,12169
12168,12169
12168,12172
12169,12173
12170,12171
12170,12536
12171,12172
12171,12537
12172,12173
12172,12176
12172,12539
12173,12174
12173,12177
12174,12175
12174,12178
12175,12179
12176,12177
12176,12542
12177,12178
12177,12543
12178,12179
12178,12180
12178,12545
12179,12181
12180,12181
12180,12184
12180,12546
12181,12182
12181,12185
12182,12183
12182,12186
12183,12188
12184,12185
12184,12549
12185,12186
12185,12187
12185,12550
12186,12188
12187,12188
12187,12191
12187,12551
12188,12189
12188,12192
12189,12190
12189,12193
12190,12194
12191,12192
12191,12555
12192,12193
12192,12556
12193,12194
12193,12195
12193,12198
12193,12558
12194,12196
12195,12196
12195,12199
12196,12197
12196,12200
12197,12201
12198,12199
12198,12561
12199,12200
12199,12562
12200,12201
12200,12202
12200,12563
12201,12203
12202,12203
12202,12207
12202,12564
12203,12204
12203,12205
12203,12208
12204,12206
12205,12206
12205,12209
12206,12210
12207,12208
12207,12568
12208,12209
12208,12569
12209,12210
12209,12213
12209,12571
12210,12211
12210,12214
12211,12212
12211,12215
12212,12216
12213,12214
12213,12574
12214,12215
12214,12575
12215,12216
12215,12217
12215,12577
12216,12218
12217,12218
12217,12221
12217,12578
12218,12219
12218,12222
12219,12220
12219,12223
12220,12225
12221,12222
12221,12581
12222,12223
12222,12224
12222,12582
12223,12225
12224,12225
12224,12228
12224,12583
12225,12226
12225,12229
12226,12227
12226,12230
12227,12231
12228,12229
12228,12587
12229,12230
12229,12588
12230,12231
12230,12232
12230,12235
12230,12590
12231,12233
12232,12233
12232,12236
12233,12234
12233,12237
12234,12238
12235,12236
12235,12593
12236,12237
12236,12594
12237,12238
12237,12239
12237,12595
12238,12240
12239,12240
12239,12243
12239,12596
12240,12241
12240,12244
12241,12242
12241,12245
12242,12246
12243,12244
12243,12600
12244,12245
12244,12601
12245,12246
12245,12249
12245,12603
12246,12247
12246,12250
12247,12248
12247,12252
12248,12253
12249,12250
12249,12251
12249,12606
12250,12252
12251,12252
12251,12607
12252,12253
12252,12254
12252,12608
12253,12255
12254,12255
12254,12259
12254,12609
12255,12256
12255,12257
12255,12260
12256,12258
12257,12258
12257,12261
12258,12262
12259,12260
12259,12613
12260,12261
12260,12614
12261,12262
12261,12265
12261,12616
12262,12263
12262,12266
12263,12264
12263,12267
12264,12268
12265,12266
12265,12619
12266,12267
12266,12620
12267,12268
12267,12269
12267,12622
12268,12270
12269,12270
12269,12273
12269,12623
12270,12271
12270,12274
12271,12272
12271,12275
12272,12277
12273,12274
12273,12626
12274,12275
12274,12276
12274,12627
12275,12277
12276,12277
12276,12280
12276,12628
12277,12278
12277,12281
12278,12279
12278,12282
12279,12283
12280,12281
12280,12632
12281,12282
12281,12633
12282,12283
12282,12286
12282,12635
12283,12284
12283,12287
12284,12285
12284,12289
12285,12290
12286,12287
12286,12288
12286,12638
12287,12289
12288,12289
12288,12639
12289,12290
12289,12291
12289,12640
12290,12292
12291,12292
12291,12296
12291,12641
12292,12293
12292,12294
12292,12297
12293,12295
12294,12295
12294,12298
12295,12299
12296,12297
12296,12645
12297,12298
12297,12646
12298,12299
12298,12302
12298,12648
12299,12300
12299,12303
12300,12301
12300,12304
12301,12305
12302,12303
12302,12651
12303,12304
12303,12652
12304,12305
12304,12306
12304,12654
12305,12307
12306,12307
12306,12310
12306,12655
12307,12308
12307,12311
12308,12309
12308,12312
12309,12314
12310,12311
12310,12658
12311,12312
12311,12313
12311,12659
12312,12314
12313,12314
12313,12317
12313,12660
12314,12315
12314,12318
12315,12316
12315,12319
12316,12320
12317,12318
12317,12664
12318,12319
12318,12665
12319,12320
12319,12321
12319,12324
12319,12667
12320,12322
12321,12322
12321,12325
12322,12323
12322,12326
12323,12327
12324,12325
12324,12670
12325,12326
12325,12671
12326,12327
12326,12328
12326,12672
12327,12329
12328,12329
12328,12333
12328,12673
12329,12330
12329,12331
12329,12334
12330,12332
12331,12332
12331,12335
12332,12336
12333,12334
12333,12677
12334,12335
12334,12678
12335,12336
12335,12339
12335,12680
12336,12337
12336,12340
12337,12338
12337,12341
12338,12342
12339,12340
12339,12683
12340,12341
12340,12684
12341,12342
12341,12343
12341,12686
12342,12344
12343,12344
12343,12347
12343,12687
12344,12345
12344,12348
12345,12346
12345,12349
12346,12351
12347,12348
12347,12690
12348,12349
12348,12350
12348,12691
12349,12351
12350,12351
12350,12354
12350,12692
12351,12352
12351,12355
12352,12353
12352,12356
12353,12357
12354,12355
12354,12696
12355,12356
12355,12697
12356,12357
12356,12358
12356,12699
12357,12359
12358,12359
12358,12362
12358,12700
12359,12360
12359,12363
12360,12361
12360,12364
12361,12366
12362,12363
12362,12703
12363,12364
12363,12365
12363,12704
12364,12366
12365,12366
12365,12369
12365,12705
12366,12367
12366,12370
12367,12368
12367,12371
12368,12372
12369,12370
12369,12709
12370,12371
12370,12710
12371,12372
12371,12375
12371,12712
12372,12373
12372,12376
12373,12374
12373,12378
12374,12379
12375,12376
12375,12377
12375,12715
12376,12378
12377,12378
12377,12716
12378,12379
12378,12380
12378,12717
12379,12381
12380,12381
12380,12383
12380,12718
12381,12382
12381,12384
12383,12384
12383,12722
12384,12723
12385,12386
12385,12387
12386,12388
12387,12388
12387,12726
12388,12389
12388,12390
12388,12727
12389,12391
12390,12391
12390,12393
12390,12728
12391,12392
12391,12394
12392,12395
12393,12394
12393,12732
12394,12395
12394,12733
12395,12396
12395,12398
12395,12735
12396,12397
12396,12399
12397,12401
12398,12399
12398,12400
12398,12738
12399,12401
12400,12401
12400,12739
12401,12402
12401,12403
12401,12405
12401,12740
12402,12404
12403,12404
12403,12406
12404,12407
12405,12406
12405,12743
12406,12407
12406,12745
12407,12408
12407,12746
12408,12409
12408,12411
12408,12748
12409,12410
12409,12412
12410,12414
12411,12412
12411,12413
12411,12751
12412,12414
12413,12414
12413,12752
12414,12415
12414,12416
12414,12418
12414,12753
12415,12417
12416,12417
12416,12419
12417,12420
12418,12419
12418,12756
12419,12420
12419,12758
12420,12421
12420,12422
12420,12759
12421,12423
12422,12423
12422,12425
12422,12760
12423,12424
12423,12426
12424,12427
12425,12426
12425,12764
12426,12427
12426,12765
12427,12428
12427,12429
12427,12431
12427,12767
12428,12430
12429,12430
12429,12432
12430,12433
12431,12432
12431,12770
12432,12433
12432,12771
12433,12434
12433,12435
12433,12772
12434,12436
12435,12436
12435,12438
12435,12773
12436,12437
12436,12439
12437,12440
12438,12439
12438,12777
12439,12440
12439,12778
12440,12441
12440,12443
12440,12780
12441,12442
12441,12444
12442,12446
12443,12444
12443,12445
12443,12783
12444,12446
12445,12446
12445,12784
12446,12447
12446,12448
12446,12450
12446,12785
12447,12449
12448,12449
12448,12451
12449,12452
12450,12451
12450,12788
12451,12452
12451,12790
12452,12453
12452,12791
12453,12454
12453,12456
12453,12792
12454,12455
12454,12457
12455,12459
12456,12457
12456,12458
12456,12796
12457,12459
12458,12459
12458,12797
12459,12460
12459,12461
12459,12463
12459,12798
12460,12462
12461,12462
12461,12464
12462,12465
12463,12464
12463,12801
12464,12465
12464,12803
12465,12466
12465,12467
12465,12804
12466,12468
12467,12468
12467,12470
12467,12805
12468,12469
12468,12471
12469,12472
12470,12471
12470,12809
12471,12472
12471,12810
12472,12473
12472,12475
12472,12812
12473,12474
12473,12476
12474,12478
12475,12476
12475,12477
12475,12815
12476,12478
12477,12478
12477,12816
12478,12479
12478,12480
12478,12482
12478,12817
12479,12481
12480,12481
12480,12483
12481,12484
12482,12483
12482,12820
12483,12484
12483,12822
12484,12485
12484,12823
12485,12486
12485,12488
12485,12825
12486,12487
12486,12489
12487,12491
12488,12489
12488,12490
12488,12828
12489,12491
12490,12491
12490,12829
12491,12492
12491,12493
12491,12495
12491,12830
12492,12494
12493,12494
12493,12496
12494,12497
12495,12496
12495,12833
12496,12497
12496,12835
12497,12498
12497,12499
12497,12836
12498,12500
12499,12500
12499,12502
12499,12837
12500,12501
12500,12503
12501,12504
12502,12503
12502,12841
12503,12504
12503,12842
12504,12505
12504,12507
12504,12844
12505,12506
12505,12508
12506,12510
12507,12508
12507,12509
12507,12847
12508,12510
12509,12510
12509,12848
12510,12511
12510,12512
12510,12849
12511,12513
12512,12513
12512,12515
12512,12850
12513,12514
12513,12516
12514,12517
12515,12516
12515,12854
12516,12517
12516,12855
12517,12518
12517,12520
12517,12857
12518,12519
12518,12521
12519,12523
12520,12521
12520,12522
12520,12860
12521,12523
12522,12523
12522,12861
12523,12524
12523,12525
12523,12527
12523,12862
12524,12526
12525,12526
12525,12528
12526,12529
12527,12528
12527,12865
12528,12529
12528,12867
12529,12530
12529,12868
12530,12531
12530,12533
12530,12869
12531,12532
12531,12534
12532,12536
12533,12534
12533,12535
12533,12873
12534,12536
12535,12536
12535,12874
12536,12537
12536,12538
12536,12540
12536,12875
12537,12539
12538,12539
12538,12541
12539,12542
12540,12541
12540,12878
12541,12542
12541,12880
12542,12543
12542,12544
12542,12881
12543,12545
12544,12545
12544,12547
12544,12882
12545,12546
12545,12548
12546,12549
12547,12548
12547,12886
12548,12549
12548,12887
12549,12550
12549,12552
12549,12889
12550,12551
12550,12553
12551,12555
12552,12553
12552,12554
12552,12892
12553,12555
12554,12555
12554,12893
12555,12556
12555,12557
12555,12559
12555,12894
12556,12558
12557,12558
12557,12560
12558,12561
12559,12560
12559,12897
12560,12561
12560,12899
12561,12562
12561,12900
12562,12563
12562,12565
12562,12902
12563,12564
12563,12566
12564,12568
12565,12566
12565,12567
12565,12905
12566,12568
12567,12568
12567,12906
12568,12569
12568,12570
12568,12572
12568,12907
12569,12571
12570,12571
12570,12573
12571,12574
12572,12573
12572,12910
12573,12574
12573,12912
12574,12575
12574,12576
12574,12913
12575,12577
12576,12577
12576,12579
12576,12914
12577,12578
12577,12580
12578,12581
12579,12580
12579,12918
12580,12581
12580,12919
12581,12582
12581,12584
12581,12921
12582,12583
12582,12585
12583,12587
12584,12585
12584,12586
12584,12924
12585,12587
12586,12587
12586,12925
12587,12588
12587,12589
12587,12591
12587,12926
12588,12590
12589,12590
12589,12592
12590,12593
12591,12592
12591,12929
12592,12593
12592,12931
12593,12594
12593,12932
12594,12595
12594,12597
12594,12934
12595,12596
12595,12598
12596,12600
12597,12598
12597,12599
12597,12937
12598,12600
12599,12600
12599,12938
12600,12601
12600,12602
12600,12604
12600,12939
12601,12603
12602,12603
12602,12605
12603,12606
12604,12605
12604,12942
12605,12606
12605,12944
12606,12607
12606,12945
12607,12608
12607,12610
12607,12946
12608,12609
12608,12611
12609,12613
12610,12611
12610,12612
12610,12950
12611,12613
12612,12613
12612,12951
12613,12614
12613,12615
12613,12617
12613,12952
12614,12616
12615,12616
12615,12618
12616,12619
12617,12618
12617,12955
12618,12619
12618,12957
12619,12620
12619,12621
12619,12958
12620,12622
12621,12622
12621,12624
12621,12959
12622,12623
12622,12625
12623,12626
12624,12625
12624,12963
12625,12626
12625,12964
12626,12627
12626,12629
12626,12966
12627,12628
12627,12630
12628,12632
12629,12630
12629,12631
12629,12969
12630,12632
12631,12632
12631,12970
12632,12633
12632,12634
12632,12636
12632,12971
12633,12635
12634,12635
12634,12637
12635,12638
12636,12637
12636,12974
12637,12638
12637,12976
12638,12639
12638,12977
12639,12640
12639,12642
12639,12978
12640,12641
12640,12643
12641,12645
12642,12643
12642,12644
12642,12982
12643,12645
12644,12645
12644,12983
12645,12646
12645,12647
12645,12649
12645,12984
12646,12648
12647,12648
12647,12650
12648,12651
12649,12650
12649,12987
12650,12651
12650,12989
12651,12652
12651,12653
12651,12990
12652,12654
12653,12654
12653,12656
12653,12991
12654,12655
12654,12657
12655,12658
12656,12657
12656,12995
12657,12658
12657,12996
12658,12659
12658,12661
12658,12998
12659,12660
12659,12662
12660,12664
12661,12662
12661,12663
12661,13001
12662,12664
12663,12664
12663,13002
12664,12665
12664,12666
12664,12668
12664,13003
12665,12667
12666,12667
12666,12669
12667,12670
12668,12669
12668,13006
12669,12670
12669,13008
12670,12671
12670,13009
12671,12672
12671,12674
12671,13011
12672,12673
12672,12675
12673,12677
12674,12675
12674,12676
12674,13014
12675,12677
12676,12677
12676,13015
12677,12678
12677,12679
12677,12681
12677,13016
12678,12680
12679,12680
12679,12682
12680,12683
12681,12682
12681,13019
12682,12683
12682,13021
12683,12684
12683,12685
12683,13022
12684,12686
12685,12686
12685,12688
12685,13023
12686,12687
12686,12689
12687,12690
12688,12689
12688,13027
12689,12690
12689,13028
12690,12691
12690,12693
12690,13030
12691,12692
12691,12694
12692,12696
12693,12694
12693,12695
12693,13033
12694,12696
12695,12696
12695,13034
12696,12697
12696,12698
12696,13035
12697,12699
12698,12699
12698,12701
12698,13036
12699,12700
12699,12702
12700,12703
12701,12702
12701,13040
12702,12703
12702,13041
12703,12704
12703,12706
12703,13043
12704,12705
12704,12707
12705,12709
12706,12707
12706,12708
12706,13046
12707,12709
12708,12709
12708,13047
12709,12710
12709,12711
12709,12713
12709,13048
12710,12712
12711,12712
12711,12714
12712,12715
12713,12714
12713,13051
12714,12715
12714,13053
12715,12716
12715,13054
12716,12717
12716,12719
12716,13055
12717,12718
12717,12720
12718,12722
12719,12720
12719,12721
12719,13059
12720,12722
12721,12722
12721,13060
12722,12723
12722,12724
12722,13061
12724,13064
12725,12726
12725,13065
12726,12727
12726,12729
12726,13066
12727,12728
12727,12730
12728,12732
12729,12730
12729,12731
12729,13068
12730,12732
12731,12732
12731,13069
12732,12733
12732,12734
12732,12736
12732,13070
12733,12735
12734,12735
12734,12737
12735,12738
12736,12737
12736,13075
12737,12738
12737,13077
12738,12739
12738,12741
12738,13078
12739,12740
12739,12742
12740,12743
12741,12742
12741,13082
12742,12743
12742,12744
12742,13084
12743,12745
12744,12745
12744,13085
12745,12746
12745,12747
12745,12749
12745,13086
12746,12748
12747,12748
12747,12750
12748,12751
12749,12750
12749,13090
12750,12751
12750,13092
12751,12752
12751,12754
12751,13093
12752,12753
12752,12755
12753,12756
12754,12755
12754,13097
12755,12756
12755,12757
12755,13099
12756,12758
12757,12758
12757,13100
12758,12759
12758,12761
12758,13101
12759,12760
12759,12762
12760,12764
12761,12762
12761,12763
12761,13105
12762,12764
12763,12764
12763,13106
12764,12765
12764,12766
12764,12768
12764,13107
12765,12767
12766,12767
12766,12769
12767,12770
12768,12769
12768,13112
12769,12770
12769,13114
12770,12771
12770,13115
12771,12772
12771,12774
12771,13117
12772,12773
12772,12775
12773,12777
12774,12775
12774,12776
12774,13121
12775,12777
12776,12777
12776,13122
12777,12778
12777,12779
12777,12781
12777,13123
12778,12780
12779,12780
12779,12782
12780,12783
12781,12782
12781,13127
12782,12783
12782,13129
12783,12784
12783,12786
12783,13130
12784,12785
12784,12787
12785,12788
12786,12787
12786,13134
12787,12788
12787,12789
12787,13136
12788,12790
12789,12790
12789,13137
12790,12791
12790,12793
12790,13138
12791,12792
12791,12794
12792,12796
12793,12794
12793,12795
12793,13142
12794,12796
12795,12796
12795,13143
12796,12797
12796,12799
12796,13144
12797,12798
12797,12800
12798,12801
12799,12800
12799,13149
12800,12801
12800,12802
12800,13151
12801,12803
12802,12803
12802,13152
12803,12804
12803,12806
12803,13153
12804,12805
12804,12807
12805,12809
12806,12807
12806,12808
12806,13157
12807,12809
12808,12809
12808,13158
12809,12810
12809,12811
12809,12813
12809,13159
12810,12812
12811,12812
12811,12814
12812,12815
12813,12814
12813,13164
12814,12815
12814,13166
12815,12816
12815,12818
12815,13167
12816,12817
12816,12819
12817,12820
12818,12819
12818,13171
12819,12820
12819,12821
12819,13173
12820,12822
12821,12822
12821,13174
12822,12823
12822,12824
12822,12826
12822,13175
12823,12825
12824,12825
12824,12827
12825,12828
12826,12827
12826,13179
12827,12828
12827,13181
12828,12829
12828,12831
12828,13182
12829,12830
12829,12832
12830,12833
12831,12832
12831,13186
12832,12833
12832,12834
12832,13188
12833,12835
12834,12835
12834,13189
12835,12836
12835,12838
12835,13190
12836,12837
12836,12839
12837,12841
12838,12839
12838,12840
12838,13194
12839,12841
12840,12841
12840,13195
12841,12842
12841,12843
12841,12845
12841,13196
12842,12844
12843,12844
12843,12846
12844,12847
12845,12846
12845,13201
12846,12847
12846,13203
12847,12848
12847,13204
12848,12849
12848,12851
12848,13205
12849,12850
12849,12852
12850,12854
12851,12852
12851,12853
12851,13210
12852,12854
12853,12854
12853,13211
12854,12855
12854,12856
12854,12858
12854,13212
12855,12857
12856,12857
12856,12859
12857,12860
12858,12859
12858,13216
12859,12860
12859,13218
12860,12861
12860,12863
12860,13219
12861,12862
12861,12864
12862,12865
12863,12864
12863,13223
12864,12865
12864,12866
12864,13225
12865,12867
12866,12867
12866,13226
12867,12868
12867,12870
12867,13227
12868,12869
12868,12871
12869,12873
12870,12871
12870,12872
12870,13231
12871,12873
12872,12873
12872,13232
12873,12874
12873,12876
12873,13233
12874,12875
12874,12877
12875,12878
12876,12877
12876,13238
12877,12878
12877,12879
12877,13240
12878,12880
12879,12880
12879,13241
12880,12881
12880,12883
12880,13242
12881,12882
12881,12884
12882,12886
12883,12884
12883,12885
12883,13246
12884,12886
12885,12886
12885,13247
12886,12887
12886,12888
12886,12890
12886,13248
12887,12889
12888,12889
12888,12891
12889,12892
12890,12891
12890,13253
12891,12892
12891,13255
12892,12893
12892,12895
12892,13256
12893,12894
12893,12896
12894,12897
12895,12896
12895,13260
12896,12897
12896,12898
12896,13262
12897,12899
12898,12899
12898,13263
12899,12900
12899,12901
12899,12903
12899,13264
12900,12902
12901,12902
12901,12904
12902,12905
12903,12904
12903,13268
12904,12905
12904,13270
12905,12906
12905,12908
12905,13271
12906,12907
12906,12909
12907,12910
12908,12909
12908,13275
12909,12910
12909,12911
12909,13277
12910,12912
12911,12912
12911,13278
12912,12913
12912,12915
12912,13279
12913,12914
12913,12916
12914,12918
12915,12916
12915,12917
12915,13283
12916,12918
12917,12918
12917,13284
12918,12919
12918,12920
12918,12922
12918,13285
12919,12921
12920,12921
12920,12923
12921,12924
12922,12923
12922,13290
12923,12924
12923,13292
12924,12925
12924,12927
12924,13293
12925,12926
12925,12928
12926,12929
12927,12928
12927,13297
12928,12929
12928,12930
12928,13299
12929,12931
12930,12931
12930,13300
12931,12932
12931,12933
12931,12935
12931,13301
12932,12934
12933,12934
12933,12936
12934,12937
12935,12936
12935,13305
12936,12937
12936,13307
12937,12938
12937,12940
12937,13308
12938,12939
12938,12941
12939,12942
12940,12941
12940,13312
12941,12942
12941,12943
12941,13314
12942,12944
12943,12944
12943,13315
12944,12945
12944,12947
12944,13316
12945,12946
12945,12948
12946,12950
12947,12948
12947,12949
12947,13320
12948,12950
12949,12950
12949,13321
12950,12951
12950,12953
12950,13322
12951,12952
12951,12954
12952,12955
12953,12954
12953,13327
12954,12955
12954,12956
12954,13329
12955,12957
12956,12957
12956,13330
12957,12958
12957,12960
12957,13331
12958,12959
12958,12961
12959,12963
12960,12961
12960,12962
12960,13335
12961,12963
12962,12963
12962,13336
12963,12964
12963,12965
12963,12967
12963,13337
12964,12966
12965,12966
12965,12968
12966,12969
12967,12968
12967,13342
12968,12969
12968,13344
12969,12970
12969,12972
12969,13345
12970,12971
12970,12973
12971,12974
12972,12973
12972,13349
12973,12974
12973,12975
12973,13351
12974,12976
12975,12976
12975,13352
12976,12977
12976,12979
12976,13353
12977,12978
12977,12980
12978,12982
12979,12980
12979,12981
12979,13357
12980,12982
12981,12982
12981,13358
12982,12983
12982,12985
12982,13359
12983,12984
12983,12986
12984,12987
12985,12986
12985,13364
12986,12987
12986,12988
12986,13366
12987,12989
12988,12989
12988,13367
12989,12990
12989,12992
12989,13368
12990,12991
12990,12993
12991,12995
12992,12993
12992,12994
12992,13372
12993,12995
12994,12995
12994,13373
12995,12996
12995,12997
12995,12999
12995,13374
12996,12998
12997,12998
12997,13000
12998,13001
12999,13000
12999,13379
13000,13001
13000,13381
13001,13002
13001,13004
13001,13382
13002,13003
13002,13005
13003,13006
13004,13005
13004,13386
13005,13006
13005,13007
13005,13388
13006,13008
13007,13008
13007,13389
13008,13009
13008,13010
13008,13012
13008,13390
13009,13011
13010,13011
13010,13013
13011,13014
13012,13013
13012,13394
13013,13014
13013,13396
13014,13015
13014,13017
13014,13397
13015,13016
13015,13018
13016,13019
13017,13018
13017,13401
13018,13019
13018,13020
13018,13403
13019,13021
13020,13021
13020,13404
13021,13022
13021,13024
13021,13405
13022,13023
13022,13025
13023,13027
13024,13025
13024,13026
13024,13409
13025,13027
13026,13027
13026,13410
13027,13028
13027,13029
13027,13031
13027,13411
13028,13030
13029,13030
13029,13032
13030,13033
13031,13032
13031,13416
13032,13033
13032,13418
13033,13034
13033,13419
13034,13035
13034,13037
13034,13420
13035,13036
13035,13038
13036,13040
13037,13038
13037,13039
13037,13425
13038,13040
13039,13040
13039,13426
13040,13041
13040,13042
13040,13044
13040,13427
13041,13043
13042,13043
13042,13045
13043,13046
13044,13045
13044,13431
13045,13046
13045,13433
13046,13047
13046,13049
13046,13434
13047,13048
13047,13050
13048,13051
13049,13050
13049,13438
13050,13051
13050,13052
13050,13440
13051,13053
13052,13053
13052,13441
13053,13054
13053,13056
13053,13442
13054,13055
13054,13057
13055,13059
13056,13057
13056,13058
13056,13446
13057,13059
13058,13059
13058,13447
13059,13060
13059,13062
13059,13448
13060,13061
13060,13063
13061,13064
13062,13063
13062,13453
13063,13064
13063,13455
13065,13066
13065,13067
13066,13068
13067,13068
13067,13071
13067,13459
13068,13069
13068,13072
13069,13070
13069,13074
13070,13075
13071,13072
13071,13073
13071,13461
13072,13074
13073,13074
13073,13462
13074,13075
13074,13076
13074,13079
13074,13463
13075,13077
13076,13077
13076,13080
13077,13078
13077,13081
13078,13082
13079,13080
13079,13466
13080,13081
13080,13468
13081,13082
13081,13083
13081,13469
13082,13084
13083,13084
13083,13087
13083,13470
13084,13085
13084,13088
13085,13086
13085,13089
13086,13090
13087,13088
13087,13474
13088,13089
13088,13475
13089,13090
13089,13091
13089,13094
13089,13477
13090,13092
13091,13092
13091,13095
13092,13093
13092,13096
13093,13097
13094,13095
13094,13480
13095,13096
13095,13481
13096,13097
13096,13098
13096,13482
13097,13099
13098,13099
13098,13102
13098,13483
13099,13100
13099,13103
13100,13101
13100,13104
13101,13105
13102,13103
13102,13487
13103,13104
13103,13488
13104,13105
13104,13108
13104,13490
13105,13106
13105,13109
13106,13107
13106,13111
13107,13112
13108,13109
13108,13110
13108,13493
13109,13111
13110,13111
13110,13494
13111,13112
13111,13113
13111,13495
13112,13114
13113,13114
13113,13118
13113,13496
13114,13115
13114,13116
13114,13119
13115,13117
13116,13117
13116,13120
13117,13121
13118,13119
13118,13500
13119,13120
13119,13501
13120,13121
13120,13124
13120,13503
13121,13122
13121,13125
13122,13123
13122,13126
13123,13127
13124,13125
13124,13506
13125,13126
13125,13507
13126,13127
13126,13128
13126,13131
13126,13509
13127,13129
13128,13129
13128,13132
13129,13130
13129,13133
13130,13134
13131,13132
13131,13512
13132,13133
13132,13513
13133,13134
13133,13135
13133,13514
13134,13136
13135,13136
13135,13139
13135,13515
13136,13137
13136,13140
13137,13138
13137,13141
13138,13142
13139,13140
13139,13519
13140,13141
13140,13520
13141,13142
13141,13145
13141,13522
13142,13143
13142,13146
13143,13144
13143,13148
13144,13149
13145,13146
13145,13147
13145,13525
13146,13148
13147,13148
13147,13526
13148,13149
13148,13150
13148,13527
13149,13151
13150,13151
13150,13154
13150,13528
13151,13152
13151,13155
13152,13153
13152,13156
13153,13157
13154,13155
13154,13532
13155,13156
13155,13533
13156,13157
13156,13160
13156,13535
13157,13158
13157,13161
13158,13159
13158,13163
13159,13164
13160,13161
13160,13162
13160,13538
13161,13163
13162,13163
13162,13539
13163,13164
13163,13165
13163,13168
13163,13540
13164,13166
13165,13166
13165,13169
13166,13167
13166,13170
13167,13171
13168,13169
13168,13543
13169,13170
13169,13545
13170,13171
13170,13172
13170,13546
13171,13173
13172,13173
13172,13176
13172,13547
13173,13174
13173,13177
13174,13175
13174,13178
13175,13179
13176,13177
13176,13551
13177,13178
13177,13552
13178,13179
13178,13180
13178,13183
13178,13554
13179,13181
13180,13181
13180,13184
13181,13182
13181,13185
13182,13186
13183,13184
13183,13557
13184,13185
13184,13558
13185,13186
13185,13187
13185,13559
13186,13188
13187,13188
13187,13191
13187,13560
13188,13189
13188,13192
13189,13190
13189,13193
13190,13194
13191,13192
13191,13564
13192,13193
13192,13565
13193,13194
13193,13197
13193,13567
13194,13195
13194,13198
13195,13196
13195,13200
13196,13201
13197,13198
13197,13199
13197,13570
13198,13200
13199,13200
13199,13571
13200,13201
13200,13202
13200,13572
13201,13203
13202,13203
13202,13206
13202,13573
13203,13204
13203,13207
13204,13205
13204,13208
13205,13210
13206,13207
13206,13577
13207,13208
13207,13209
13207,13578
13208,13210
13209,13210
13209,13213
13209,13579
13210,13211
13210,13214
13211,13212
13211,13215
13212,13216
13213,13214
13213,13583
13214,13215
13214,13584
13215,13216
13215,13217
13215,13220
13215,13586
13216,13218
13217,13218
13217,13221
13218,13219
13218,13222
13219,13223
13220,13221
13220,13589
13221,13222
13221,13590
13222,13223
13222,13224
13222,13591
13223,13225
13224,13225
13224,13228
13224,13592
13225,13226
13225,13229
13226,13227
13226,13230
13227,13231
13228,13229
13228,13596
13229,13230
13229,13597
13230,13231
13230,13234
13230,13599
13231,13232
13231,13235
13232,13233
13232,13237
13233,13238
13234,13235
13234,13236
13234,13602
13235,13237
13236,13237
13236,13603
13237,13238
13237,13239
13237,13604
13238,13240
13239,13240
13239,13243
13239,13605
13240,13241
13240,13244
13241,13242
13241,13245
13242,13246
13243,13244
13243,13609
13244,13245
13244,13610
13245,13246
13245,13249
13245,13612
13246,13247
13246,13250
13247,13248
13247,13252
13248,13253
13249,13250
13249,13251
13249,13615
13250,13252
13251,13252
13251,13616
13252,13253
13252,13254
13252,13257
13252,13617
13253,13255
13254,13255
13254,13258
13255,13256
13255,13259
13256,13260
13257,13258
13257,13620
13258,13259
13258,13622
13259,13260
13259,13261
13259,13623
13260,13262
13261,13262
13261,13265
13261,13624
13262,13263
13262,13266
13263,13264
13263,13267
13264,13268
13265,13266
13265,13628
13266,13267
13266,13629
13267,13268
13267,13269
13267,13272
13267,13631
13268,13270
13269,13270
13269,13273
13270,13271
13270,13274
13271,13275
13272,13273
13272,13634
13273,13274
13273,13635
13274,13275
13274,13276
13274,13636
13275,13277
13276,13277
13276,13280
13276,13637
13277,13278
13277,13281
13278,13279
13278,13282
13279,13283
13280,13281
13280,13641
13281,13282
13281,13642
13282,13283
13282,13286
13282,13644
13283,13284
13283,13287
13284,13285
13284,13289
13285,13290
13286,13287
13286,13288
13286,13647
13287,13289
13288,13289
13288,13648
13289,13290
13289,13291
13289,13294
13289,13649
13290,13292
13291,13292
13291,13295
13292,13293
13292,13296
13293,13297
13294,13295
13294,13652
13295,13296
13295,13654
13296,13297
13296,13298
13296,13655
13297,13299
13298,13299
13298,13302
13298,13656
13299,13300
13299,13303
13300,13301
13300,13304
13301,13305
13302,13303
13302,13660
13303,13304
13303,13661
13304,13305
13304,13306
13304,13309
13304,13663
13305,13307
13306,13307
13306,13310
13307,13308
13307,13311
13308,13312
13309,13310
13309,13666
13310,13311
13310,13667
13311,13312
13311,13313
13311,13668
13312,13314
13313,13314
13313,13317
13313,13669
13314,13315
13314,13318
13315,13316
13315,13319
13316,13320
13317,13318
13317,13673
13318,13319
13318,13674
13319,13320
13319,13323
13319,13676
13320,13321
13320,13324
13321,13322
13321,13326
13322,13327
13323,13324
13323,13325
13323,13679
13324,13326
13325,13326
13325,13680
13326,13327
13326,13328
13326,13681
13327,13329
13328,13329
13328,13332
13328,13682
13329,13330
13329,13333
13330,13331
13330,13334
13331,13335
13332,13333
13332,13686
13333,13334
13333,13687
13334,13335
13334,13338
13334,13689
13335,13336
13335,13339
13336,13337
13336,13341
13337,13342
13338,13339
13338,13340
13338,13692
13339,13341
13340,13341
13340,13693
13341,13342
13341,13343
13341,13346
13341,13694
13342,13344
13343,13344
13343,13347
13344,13345
13344,13348
13345,13349
13346,13347
13346,13697
13347,13348
13347,13699
13348,13349
13348,13350
13348,13700
13349,13351
13350,13351
13350,13354
13350,13701
13351,13352
13351,13355
13352,13353
13352,13356
13353,13357
13354,13355
13354,13705
13355,13356
13355,13706
13356,13357
13356,13360
13356,13708
13357,13358
13357,13361
13358,13359
13358,13363
13359,13364
13360,13361
13360,13362
13360,13711
13361,13363
13362,13363
13362,13712
13363,13364
13363,13365
13363,13713
13364,13366
13365,13366
13365,13369
13365,13714
13366,13367
13366,13370
13367,13368
13367,13371
13368,13372
13369,13370
13369,13718
13370,13371
13370,13719
13371,13372
13371,13375
13371,13721
13372,13373
13372,13376
13373,13374
13373,13378
13374,13379
13375,13376
13375,13377
13375,13724
13376,13378
13377,13378
13377,13725
13378,13379
13378,13380
13378,13383
13378,13726
13379,13381
13380,13381
13380,13384
13381,13382
13381,13385
13382,13386
13383,13384
13383,13729
13384,13385
13384,13731
13385,13386
13385,13387
13385,13732
13386,13388
13387,13388
13387,13391
13387,13733
13388,13389
13388,13392
13389,13390
13389,13393
13390,13394
13391,13392
13391,13737
13392,13393
13392,13738
13393,13394
13393,13395
13393,13398
13393,13740
13394,13396
13395,13396
13395,13399
13396,13397
13396,13400
13397,13401
13398,13399
13398,13743
13399,13400
13399,13744
13400,13401
13400,13402
13400,13745
13401,13403
13402,13403
13402,13406
13402,13746
13403,13404
13403,13407
13404,13405
13404,13408
13405,13409
13406,13407
13406,13750
13407,13408
13407,13751
13408,13409
13408,13412
13408,13753
13409,13410
13409,13413
13410,13411
13410,13415
13411,13416
13412,13413
13412,13414
13412,13756
13413,13415
13414,13415
13414,13757
13415,13416
13415,13417
13415,13758
13416,13418
13417,13418
13417,13421
13417,13759
13418,13419
13418,13422
13419,13420
13419,13423
13420,13425
13421,13422
13421,13763
13422,13423
13422,13424
13422,13764
13423,13425
13424,13425
13424,13428
13424,13765
13425,13426
13425,13429
13426,13427
13426,13430
13427,13431
13428,13429
13428,13769
13429,13430
13429,13770
13430,13431
13430,13432
13430,13435
13430,13772
13431,13433
13432,13433
13432,13436
13433,13434
13433,13437
13434,13438
13435,13436
13435,13775
13436,13437
13436,13776
13437,13438
13437,13439
13437,13777
13438,13440
13439,13440
13439,13443
13439,13778
13440,13441
13440,13444
13441,13442
13441,13445
13442,13446
13443,13444
13443,13782
13444,13445
13444,13783
13445,13446
13445,13449
13445,13785
13446,13447
13446,13450
13447,13448
13447,13452
13448,13453
13449,13450
13449,13451
13449,13788
13450,13452
13451,13452
13451,13789
13452,13453
13452,13454
13452,13790
13453,13455
13454,13455
13454,13456
13454,13791
13455,13457
13456,13457
13456,13795
13457,13796
13458,13459
13458,13460
13459,13461
13460,13461
13460,13799
13461,13462
13461,13464
13461,13800
13462,13463
13462,13465
13463,13466
13464,13465
13464,13803
13465,13466
13465,13467
13465,13805
13466,13468
13467,13468
13467,13806
13468,13469
13468,13471
13468,13807
13469,13470
13469,13472
13470,13474
13471,13472
13471,13473
13471,13811
13472,13474
13473,13474
13473,13812
13474,13475
13474,13476
13474,13478
13474,13813
13475,13477
13476,13477
13476,13479
13477,13480
13478,13479
13478,13818
13479,13480
13479,13820
13480,13481
13480,13821
13481,13482
13481,13484
13481,13823
13482,13483
13482,13485
13483,13487
13484,13485
13484,13486
13484,13827
13485,13487
13486,13487
13486,13828
13487,13488
13487,13489
13487,13491
13487,13829
13488,13490
13489,13490
13489,13492
13490,13493
13491,13492
13491,13833
13492,13493
13492,13835
13493,13494
13493,13836
13494,13495
13494,13497
13494,13837
13495,13496
13495,13498
13496,13500
13497,13498
13497,13499
13497,13842
13498,13500
13499,13500
13499,13843
13500,13501
13500,13502
13500,13504
13500,13844
13501,13503
13502,13503
13502,13505
13503,13506
13504,13505
13504,13848
13505,13506
13505,13850
13506,13507
13506,13508
13506,13510
13506,13851
13507,13509
13508,13509
13508,13511
13509,13512
13510,13511
13510,13855
13511,13512
13511,13857
13512,13513
13512,13858
13513,13514
13513,13516
13513,13860
13514,13515
13514,13517
13515,13519
13516,13517
13516,13518
13516,13864
13517,13519
13518,13519
13518,13865
13519,13520
13519,13521
13519,13523
13519,13866
13520,13522
13521,13522
13521,13524
13522,13525
13523,13524
13523,13870
13524,13525
13524,13872
13525,13526
13525,13873
13526,13527
13526,13529
13526,13874
13527,13528
13527,13530
13528,13532
13529,13530
13529,13531
13529,13879
13530,13532
13531,13532
13531,13880
13532,13533
13532,13534
13532,13536
13532,13881
13533,13535
13534,13535
13534,13537
13535,13538
13536,13537
13536,13885
13537,13538
13537,13887
13538,13539
13538,13541
13538,13888
13539,13540
13539,13542
13540,13543
13541,13542
13541,13892
13542,13543
13542,13544
13542,13894
13543,13545
13544,13545
13544,13895
13545,13546
13545,13548
13545,13896
13546,13547
13546,13549
13547,13551
13548,13549
13548,13550
13548,13900
13549,13551
13550,13551
13550,13901
13551,13552
13551,13553
13551,13555
13551,13902
13552,13554
13553,13554
13553,13556
13554,13557
13555,13556
13555,13907
13556,13557
13556,13909
13557,13558
13557,13910
13558,13559
13558,13561
13558,13912
13559,13560
13559,13562
13560,13564
13561,13562
13561,13563
13561,13916
13562,13564
13563,13564
13563,13917
13564,13565
13564,13566
13564,13568
13564,13918
13565,13567
13566,13567
13566,13569
13567,13570
13568,13569
13568,13922
13569,13570
13569,13924
13570,13571
13570,13925
13571,13572
13571,13574
13571,13926
13572,13573
13572,13575
13573,13577
13574,13575
13574,13576
13574,13931
13575,13577
13576,13577
13576,13932
13577,13578
13577,13580
13577,13933
13578,13579
13578,13581
13579,13583
13580,13581
13580,13582
13580,13937
13581,13583
13582,13583
13582,13938
13583,13584
13583,13585
13583,13587
13583,13939
13584,13586
13585,13586
13585,13588
13586,13589
13587,13588
13587,13944
13588,13589
13588,13946
13589,13590
13589,13947
13590,13591
13590,13593
13590,13949
13591,13592
13591,13594
13592,13596
13593,13594
13593,13595
13593,13953
13594,13596
13595,13596
13595,13954
13596,13597
13596,13598
13596,13600
13596,13955
13597,13599
13598,13599
13598,13601
13599,13602
13600,13601
13600,13959
13601,13602
13601,13961
13602,13603
13602,13962
13603,13604
13603,13606
13603,13963
13604,13605
13604,13607
13605,13609
13606,13607
13606,13608
13606,13968
13607,13609
13608,13609
13608,13969
13609,13610
13609,13611
13609,13613
13609,13970
13610,13612
13611,13612
13611,13614
13612,13615
13613,13614
13613,13974
13614,13615
13614,13976
13615,13616
13615,13618
13615,13977
13616,13617
13616,13619
13617,13620
13618,13619
13618,13981
13619,13620
13619,13621
13619,13983
13620,13622
13621,13622
13621,13984
13622,13623
13622,13625
13622,13985
13623,13624
13623,13626
13624,13628
13625,13626
13625,13627
13625,13989
13626,13628
13627,13628
13627,13990
13628,13629
13628,13630
13628,13632
13628,13991
13629,13631
13630,13631
13630,13633
13631,13634
13632,13633
13632,13996
13633,13634
13633,13998
13634,13635
13634,13999
13635,13636
13635,13638
13635,14001
13636,13637
13636,13639
13637,13641
13638,13639
13638,13640
13638,14005
13639,13641
13640,13641
13640,14006
13641,13642
13641,13643
13641,13645
13641,14007
13642,13644
13643,13644
13643,13646
13644,13647
13645,13646
13645,14011
13646,13647
13646,14013
13647,13648
13647,13650
13647,14014
13648,13649
13648,13651
13649,13652
13650,13651
13650,14018
13651,13652
13651,13653
13651,14020
13652,13654
13653,13654
13653,14021
13654,13655
13654,13657
13654,14022
13655,13656
13655,13658
13656,13660
13657,13658
13657,13659
13657,14026
13658,13660
13659,13660
13659,14027
13660,13661
13660,13662
13660,13664
13660,14028
13661,13663
13662,13663
13662,13665
13663,13666
13664,13665
13664,14033
13665,13666
13665,14035
13666,13667
13666,14036
13667,13668
13667,13670
13667,14038
13668,13669
13668,13671
13669,13673
13670,13671
13670,13672
13670,14042
13671,13673
13672,13673
13672,14043
13673,13674
13673,13675
13673,13677
13673,14044
13674,13676
13675,13676
13675,13678
13676,13679
13677,13678
13677,14048
13678,13679
13678,14050
13679,13680
13679,14051
13680,13681
13680,13683
13680,14052
13681,13682
13681,13684
13682,13686
13683,13684
13683,13685
13683,14057
13684,13686
13685,13686
13685,14058
13686,13687
13686,13688
13686,13690
13686,14059
13687,13689
13688,13689
13688,13691
13689,13692
13690,13691
13690,14063
13691,13692
13691,14065
13692,13693
13692,13695
13692,14066
13693,13694
13693,13696
13694,13697
13695,13696
13695,14070
13696,13697
13696,13698
13696,14072
13697,13699
13698,13699
13698,14073
13699,13700
13699,13702
13699,14074
13700,13701
13700,13703
13701,13705
13702,13703
13702,13704
13702,14078
13703,13705
13704,13705
13704,14079
13705,13706
13705,13707
13705,13709
13705,14080
13706,13708
13707,13708
13707,13710
13708,13711
13709,13710
13709,14085
13710,13711
13710,14087
13711,13712
13711,14088
13712,13713
13712,13715
13712,14089
13713,13714
13713,13716
13714,13718
13715,13716
13715,13717
13715,14094
13716,13718
13717,13718
13717,14095
13718,13719
13718,13720
13718,13722
13718,14096
13719,13721
13720,13721
13720,13723
13721,13724
13722,13723
13722,14100
13723,13724
13723,14102
13724,13725
13724,13727
13724,14103
13725,13726
13725,13728
13726,13729
13727,13728
13727,14107
13728,13729
13728,13730
13728,14109
13729,13731
13730,13731
13730,14110
13731,13732
13731,13734
13731,14111
13732,13733
13732,13735
13733,13737
13734,13735
13734,13736
13734,14115
13735,13737
13736,13737
13736,14116
13737,13738
13737,13739
13737,13741
13737,14117
13738,13740
13739,13740
13739,13742
13740,13743
13741,13742
13741,14122
13742,13743
13742,14124
13743,13744
13743,14125
13744,13745
13744,13747
13744,14127
13745,13746
13745,13748
13746,13750
13747,13748
13747,13749
13747,14131
13748,13750
13749,13750
13749,14132
13750,13751
13750,13752
13750,13754
13750,14133
13751,13753
13752,13753
13752,13755
13753,13756
13754,13755
13754,14137
13755,13756
13755,14139
13756,13757
13756,14140
13757,13758
13757,13760
13757,14141
13758,13759
13758,13761
13759,13763
13760,13761
13760,13762
13760,14146
13761,13763
13762,13763
13762,14147
13763,13764
13763,13766
13763,14148
13764,13765
13764,13767
13765,13769
13766,13767
13766,13768
13766,14152
13767,13769
13768,13769
13768,14153
13769,13770
13769,13771
13769,13773
13769,14154
13770,13772
13771,13772
13771,13774
13772,13775
13773,13774
13773,14159
13774,13775
13774,14161
13775,13776
13775,14162
13776,13777
13776,13779
13776,14164
13777,13778
13777,13780
13778,13782
13779,13780
13779,13781
13779,14168
13780,13782
13781,13782
13781,14169
13782,13783
13782,13784
13782,13786
13782,14170
13783,13785
13784,13785
13784,13787
13785,13788
13786,13787
13786,14174
13787,13788
13787,14176
13788,13789
13788,14177
13789,13790
13789,13792
13789,14178
13790,13791
13790,13793
13791,13795
13792,13793
13792,13794
13792,14183
13793,13795
13794,13795
13794,14184
13795,13796
13795,13797
13795,14185
13797,14189
13798,13799
13798,13801
13799,13800
13799,13802
13800,13803
13801,13802
13801,14191
13802,13803
13802,13804
13802,14192
13803,13805
13804,13805
13804,13808
13804,14193
13805,13806
13805,13809
13806,13807
13806,13810
13807,13811
13808,13809
13808,14197
13809,13810
13809,14198
13810,13811
13810,13814
13810,14200
13811,13812
13811,13815
13812,13813
13812,13817
13813,13818
13814,13815
13814,13816
13814,14203
13815,13817
13816,13817
13816,14204
13817,13818
13817,13819
13817,14205
13818,13820
13819,13820
13819,13824
13819,14206
13820,13821
13820,13822
13820,13825
13821,13823
13822,13823
13822,13826
13823,13827
13824,13825
13824,14210
13825,13826
13825,14211
13826,13827
13826,13830
13826,14213
13827,13828
13827,13831
13828,13829
13828,13832
13829,13833
13830,13831
13830,14216
13831,13832
13831,14217
13832,13833
13832,13834
13832,14219
13833,13835
13834,13835
13834,13838
13834,14220
13835,13836
13835,13839
13836,13837
13836,13840
13837,13842
13838,13839
13838,14223
13839,13840
13839,13841
13839,14224
13840,13842
13841,13842
13841,13845
13841,14225
13842,13843
13842,13846
13843,13844
13843,13847
13844,13848
13845,13846
13845,14229
13846,13847
13846,14230
13847,13848
13847,13849
13847,13852
13847,14232
13848,13850
13849,13850
13849,13853
13850,13851
13850,13854
13851,13855
13852,13853
13852,14235
13853,13854
13853,14236
13854,13855
13854,13856
13854,14237
13855,13857
13856,13857
13856,13861
13856,14238
13857,13858
13857,13859
13857,13862
13858,13860
13859,13860
13859,13863
13860,13864
13861,13862
13861,14242
13862,13863
13862,14243
13863,13864
13863,13867
13863,14245
13864,13865
13864,13868
13865,13866
13865,13869
13866,13870
13867,13868
13867,14248
13868,13869
13868,14249
13869,13870
13869,13871
13869,14251
13870,13872
13871,13872
13871,13875
13871,14252
13872,13873
13872,13876
13873,13874
13873,13877
13874,13879
13875,13876
13875,14255
13876,13877
13876,13878
13876,14256
13877,13879
13878,13879
13878,13882
13878,14257
13879,13880
13879,13883
13880,13881
13880,13884
13881,13885
13882,13883
13882,14261
13883,13884
13883,14262
13884,13885
13884,13886
13884,13889
13884,14264
13885,13887
13886,13887
13886,13890
13887,13888
13887,13891
13888,13892
13889,13890
13889,14267
13890,13891
13890,14268
13891,13892
13891,13893
13891,14269
13892,13894
13893,13894
13893,13897
13893,14270
13894,13895
13894,13898
13895,13896
13895,13899
13896,13900
13897,13898
13897,14274
13898,13899
13898,14275
13899,13900
13899,13903
13899,14277
13900,13901
13900,13904
13901,13902
13901,13906
13902,13907
13903,13904
13903,13905
13903,14280
13904,13906
13905,13906
13905,14281
13906,13907
13906,13908
13906,14282
13907,13909
13908,13909
13908,13913
13908,14283
13909,13910
13909,13911
13909,13914
13910,13912
13911,13912
13911,13915
13912,13916
13913,13914
13913,14287
13914,13915
13914,14288
13915,13916
13915,13919
13915,14290
13916,13917
13916,13920
13917,13918
13917,13921
13918,13922
13919,13920
13919,14293
13920,13921
13920,14294
13921,13922
13921,13923
13921,14296
13922,13924
13923,13924
13923,13927
13923,14297
13924,13925
13924,13928
13925,13926
13925,13929
13926,13931
13927,13928
13927,14300
13928,13929
13928,13930
13928,14301
13929,13931
13930,13931
13930,13934
13930,14302
13931,13932
13931,13935
13932,13933
13932,13936
13933,13937
13934,13935
13934,14306
13935,13936
13935,14307
13936,13937
13936,13940
13936,14309
13937,13938
13937,13941
13938,13939
13938,13943
13939,13944
13940,13941
13940,13942
13940,14312
13941,13943
13942,13943
13942,14313
13943,13944
13943,13945
13943,14314
13944,13946
13945,13946
13945,13950
13945,14315
13946,13947
13946,13948
13946,13951
13947,13949
13948,13949
13948,13952
13949,13953
13950,13951
13950,14319
13951,13952
13951,14320
13952,13953
13952,13956
13952,14322
13953,13954
13953,13957
13954,13955
13954,13958
13955,13959
13956,13957
13956,14325
13957,13958
13957,14326
13958,13959
13958,13960
13958,14328
13959,13961
13960,13961
13960,13964
13960,14329
13961,13962
13961,13965
13962,13963
13962,13966
13963,13968
13964,13965
13964,14332
13965,13966
13965,13967
13965,14333
13966,13968
13967,13968
13967,13971
13967,14334
13968,13969
13968,13972
13969,13970
13969,13973
13970,13974
13971,13972
13971,14338
13972,13973
13972,14339
13973,13974
13973,13975
13973,13978
13973,14341
13974,13976
13975,13976
13975,13979
13976,13977
13976,13980
13977,13981
13978,13979
13978,14344
13979,13980
13979,14345
13980,13981
13980,13982
13980,14346
13981,13983
13982,13983
13982,13986
13982,14347
13983,13984
13983,13987
13984,13985
13984,13988
13985,13989
13986,13987
13986,14351
13987,13988
13987,14352
13988,13989
13988,13992
13988,14354
13989,13990
13989,13993
13990,13991
13990,13995
13991,13996
13992,13993
13992,13994
13992,14357
13993,13995
13994,13995
13994,14358
13995,13996
13995,13997
13995,14359
13996,13998
13997,13998
13997,14002
13997,14360
13998,13999
13998,14000
13998,14003
13999,14001
14000,14001
14000,14004
14001,14005
14002,14003
14002,14364
14003,14004
14003,14365
14004,14005
14004,14008
14004,14367
14005,14006
14005,14009
14006,14007
14006,14010
14007,14011
14008,14009
14008,14370
14009,14010
14009,14371
14010,14011
14010,14012
14010,14015
14010,14373
14011,14013
14012,14013
14012,14016
14013,14014
14013,14017
14014,14018
14015,14016
14015,14376
14016,14017
14016,14377
14017,14018
14017,14019
14017,14378
14018,14020
14019,14020
14019,14023
14019,14379
14020,14021
14020,14024
14021,14022
14021,14025
14022,14026
14023,14024
14023,14383
14024,14025
14024,14384
14025,14026
14025,14029
14025,14386
14026,14027
14026,14030
14027,14028
14027,14032
14028,14033
14029,14030
14029,14031
14029,14389
14030,14032
14031,14032
14031,14390
14032,14033
14032,14034
14032,14391
14033,14035
14034,14035
14034,14039
14034,14392
14035,14036
14035,14037
14035,14040
14036,14038
14037,14038
14037,14041
14038,14042
14039,14040
14039,14396
14040,14041
14040,14397
14041,14042
14041,14045
14041,14399
14042,14043
14042,14046
14043,14044
14043,14047
14044,14048
14045,14046
14045,14402
14046,14047
14046,14403
14047,14048
14047,14049
14047,14405
14048,14050
14049,14050
14049,14053
14049,14406
14050,14051
14050,14054
14051,14052
14051,14055
14052,14057
14053,14054
14053,14409
14054,14055
14054,14056
14054,14410
14055,14057
14056,14057
14056,14060
14056,14411
14057,14058
14057,14061
14058,14059
14058,14062
14059,14063
14060,14061
14060,14415
14061,14062
14061,14416
14062,14063
14062,14064
14062,14067
14062,14418
14063,14065
14064,14065
14064,14068
14065,14066
14065,14069
14066,14070
14067,14068
14067,14421
14068,14069
14068,14422
14069,14070
14069,14071
14069,14423
14070,14072
14071,14072
14071,14075
14071,14424
14072,14073
14072,14076
14073,14074
14073,14077
14074,14078
14075,14076
14075,14428
14076,14077
14076,14429
14077,14078
14077,14081
14077,14431
14078,14079
14078,14082
14079,14080
14079,14084
14080,14085
14081,14082
14081,14083
14081,14434
14082,14084
14083,14084
14083,14435
14084,14085
14084,14086
14084,14436
14085,14087
14086,14087
14086,14090
14086,14437
14087,14088
14087,14091
14088,14089
14088,14092
14089,14094
14090,14091
14090,14441
14091,14092
14091,14093
14091,14442
14092,14094
14093,14094
14093,14097
14093,14443
14094,14095
14094,14098
14095,14096
14095,14099
14096,14100
14097,14098
14097,14447
14098,14099
14098,14448
14099,14100
14099,14101
14099,14104
14099,14450
14100,14102
14101,14102
14101,14105
14102,14103
14102,14106
14103,14107
14104,14105
14104,14453
14105,14106
14105,14454
14106,14107
14106,14108
14106,14455
14107,14109
14108,14109
14108,14112
14108,14456
14109,14110
14109,14113
14110,14111
14110,14114
14111,14115
14112,14113
14112,14460
14113,14114
14113,14461
14114,14115
14114,14118
14114,14463
14115,14116
14115,14119
14116,14117
14116,14121
14117,14122
14118,14119
14118,14120
14118,14466
14119,14121
14120,14121
14120,14467
14121,14122
14121,14123
14121,14468
14122,14124
14123,14124
14123,14128
14123,14469
14124,14125
14124,14126
14124,14129
14125,14127
14126,14127
14126,14130
14127,14131
14128,14129
14128,14473
14129,14130
14129,14474
14130,14131
14130,14134
14130,14476
14131,14132
14131,14135
14132,14133
14132,14136
14133,14137
14134,14135
14134,14479
14135,14136
14135,14480
14136,14137
14136,14138
14136,14482
14137,14139
14138,14139
14138,14142
14138,14483
14139,14140
14139,14143
14140,14141
14140,14144
14141,14146
14142,14143
14142,14486
14143,14144
14143,14145
14143,14487
14144,14146
14145,14146
14145,14149
14145,14488
14146,14147
14146,14150
14147,14148
14147,14151
14148,14152
14149,14150
14149,14492
14150,14151
14150,14493
14151,14152
14151,14155
14151,14495
14152,14153
14152,14156
14153,14154
14153,14158
14154,14159
14155,14156
14155,14157
14155,14498
14156,14158
14157,14158
14157,14499
14158,14159
14158,14160
14158,14500
14159,14161
14160,14161
14160,14165
14160,14501
14161,14162
14161,14163
14161,14166
14162,14164
14163,14164
14163,14167
14164,14168
14165,14166
14165,14505
14166,14167
14166,14506
14167,14168
14167,14171
14167,14508
14168,14169
14168,14172
14169,14170
14169,14173
14170,14174
14171,14172
14171,14511
14172,14173
14172,14512
14173,14174
14173,14175
14173,14514
14174,14176
14175,14176
14175,14179
14175,14515
14176,14177
14176,14180
14177,14178
14177,14181
14178,14183
14179,14180
14179,14518
14180,14181
14180,14182
14180,14519
14181,14183
14182,14183
14182,14186
14182,14520
14183,14184
14183,14187
14184,14185
14184,14188
14185,14189
14186,14187
14186,14524
14187,14188
14187,14525
14188,14189
14188,14190
14188,14527
14190,14530
14191,14192
14191,14194
14191,14532
14192,14193
14192,14195
14193,14197
14194,14195
14194,14196
14194,14534
14195,14197
14196,14197
14196,14535
14197,14198
14197,14199
14197,14201
14197,14536
14198,14200
14199,14200
14199,14202
14200,14203
14201,14202
14201,14540
14202,14203
14202,14542
14203,14204
14203,14543
14204,14205
14204,14207
14204,14544
14205,14206
14205,14208
14206,14210
14207,14208
14207,14209
14207,14549
14208,14210
14209,14210
14209,14550
14210,14211
14210,14212
14210,14214
14210,14551
14211,14213
14212,14213
14212,14215
14213,14216
14214,14215
14214,14555
14215,14216
14215,14557
14216,14217
14216,14218
14216,14558
14217,14219
14218,14219
14218,14221
14218,14559
14219,14220
14219,14222
14220,14223
14221,14222
14221,14564
14222,14223
14222,14565
14223,14224
14223,14226
14223,14567
14224,14225
14224,14227
14225,14229
14226,14227
14226,14228
14226,14571
14227,14229
14228,14229
14228,14572
14229,14230
14229,14231
14229,14233
14229,14573
14230,14232
14231,14232
14231,14234
14232,14235
14233,14234
14233,14577
14234,14235
14234,14579
14235,14236
14235,14580
14236,14237
14236,14239
14236,14582
14237,14238
14237,14240
14238,14242
14239,14240
14239,14241
14239,14586
14240,14242
14241,14242
14241,14587
14242,14243
14242,14244
14242,14246
14242,14588
14243,14245
14244,14245
14244,14247
14245,14248
14246,14247
14246,14592
14247,14248
14247,14594
14248,14249
14248,14250
14248,14595
14249,14251
14250,14251
14250,14253
14250,14596
14251,14252
14251,14254
14252,14255
14253,14254
14253,14601
14254,14255
14254,14602
14255,14256
14255,14258
14255,14604
14256,14257
14256,14259
14257,14261
14258,14259
14258,14260
14258,14608
14259,14261
14260,14261
14260,14609
14261,14262
14261,14263
14261,14265
14261,14610
14262,14264
14263,14264
14263,14266
14264,14267
14265,14266
14265,14614
14266,14267
14266,14616
14267,14268
14267,14617
14268,14269
14268,14271
14268,14619
14269,14270
14269,14272
14270,14274
14271,14272
14271,14273
14271,14623
14272,14274
14273,14274
14273,14624
14274,14275
14274,14276
14274,14278
14274,14625
14275,14277
14276,14277
14276,14279
14277,14280
14278,14279
14278,14629
14279,14280
14279,14631
14280,14281
14280,14632
14281,14282
14281,14284
14281,14633
14282,14283
14282,14285
14283,14287
14284,14285
14284,14286
14284,14638
14285,14287
14286,14287
14286,14639
14287,14288
14287,14289
14287,14291
14287,14640
14288,14290
14289,14290
14289,14292
14290,14293
14291,14292
14291,14644
14292,14293
14292,14646
14293,14294
14293,14295
14293,14647
14294,14296
14295,14296
14295,14298
14295,14648
14296,14297
14296,14299
14297,14300
14298,14299
14298,14653
14299,14300
14299,14654
14300,14301
14300,14303
14300,14656
14301,14302
14301,14304
14302,14306
14303,14304
14303,14305
14303,14660
14304,14306
14305,14306
14305,14661
14306,14307
14306,14308
14306,14310
14306,14662
14307,14309
14308,14309
14308,14311
14309,14312
14310,14311
14310,14666
14311,14312
14311,14668
14312,14313
14312,14669
14313,14314
14313,14316
14313,14670
14314,14315
14314,14317
14315,14319
14316,14317
14316,14318
14316,14675
14317,14319
14318,14319
14318,14676
14319,14320
14319,14321
14319,14323
14319,14677
14320,14322
14321,14322
14321,14324
14322,14325
14323,14324
14323,14681
14324,14325
14324,14683
14325,14326
14325,14327
14325,14684
14326,14328
14327,14328
14327,14330
14327,14685
14328,14329
14328,14331
14329,14332
14330,14331
14330,14690
14331,14332
14331,14691
14332,14333
14332,14335
14332,14693
14333,14334
14333,14336
14334,14338
14335,14336
14335,14337
14335,14697
14336,14338
14337,14338
14337,14698
14338,14339
14338,14340
14338,14342
14338,14699
14339,14341
14340,14341
14340,14343
14341,14344
14342,14343
14342,14703
14343,14344
14343,14705
14344,14345
14344,14706
14345,14346
14345,14348
14345,14708
14346,14347
14346,14349
14347,14351
14348,14349
14348,14350
14348,14712
14349,14351
14350,14351
14350,14713
14351,14352
14351,14353
14351,14355
14351,14714
14352,14354
14353,14354
14353,14356
14354,14357
14355,14356
14355,14718
14356,14357
14356,14720
14357,14358
14357,14721
14358,14359
14358,14361
14358,14722
14359,14360
14359,14362
14360,14364
14361,14362
14361,14363
14361,14727
14362,14364
14363,14364
14363,14728
14364,14365
14364,14366
14364,14368
14364,14729
14365,14367
14366,14367
14366,14369
14367,14370
14368,14369
14368,14733
14369,14370
14369,14735
14370,14371
14370,14372
14370,14374
14370,14736
14371,14373
14372,14373
14372,14375
14373,14376
14374,14375
14374,14740
14375,14376
14375,14742
14376,14377
14376,14743
14377,14378
14377,14380
14377,14745
14378,14379
14378,14381
14379,14383
14380,14381
14380,14382
14380,14749
14381,14383
14382,14383
14382,14750
14383,14384
14383,14385
14383,14387
14383,14751
14384,14386
14385,14386
14385,14388
14386,14389
14387,14388
14387,14755
14388,14389
14388,14757
14389,14390
14389,14758
14390,14391
14390,14393
14390,14759
14391,14392
14391,14394
14392,14396
14393,14394
14393,14395
14393,14764
14394,14396
14395,14396
14395,14765
14396,14397
14396,14398
14396,14400
14396,14766
14397,14399
14398,14399
14398,14401
14399,14402
14400,14401
14400,14770
14401,14402
14401,14772
14402,14403
14402,14404
14402,14773
14403,14405
14404,14405
14404,14407
14404,14774
14405,14406
14405,14408
14406,14409
14407,14408
14407,14779
14408,14409
14408,14780
14409,14410
14409,14412
14409,14782
14410,14411
14410,14413
14411,14415
14412,14413
14412,14414
14412,14786
14413,14415
14414,14415
14414,14787
14415,14416
14415,14417
14415,14419
14415,14788
14416,14418
14417,14418
14417,14420
14418,14421
14419,14420
14419,14792
14420,14421
14420,14794
14421,14422
14421,14795
14422,14423
14422,14425
14422,14797
14423,14424
14423,14426
14424,14428
14425,14426
14425,14427
14425,14801
14426,14428
14427,14428
14427,14802
14428,14429
14428,14430
14428,14432
14428,14803
14429,14431
14430,14431
14430,14433
14431,14434
14432,14433
14432,14807
14433,14434
14433,14809
14434,14435
14434,14810
14435,14436
14435,14438
14435,14811
14436,14437
14436,14439
14437,14441
14438,14439
14438,14440
14438,14816
14439,14441
14440,14441
14440,14817
14441,14442
14441,14444
14441,14818
14442,14443
14442,14445
14443,14447
14444,14445
14444,14446
14444,14822
14445,14447
14446,14447
14446,14823
14447,14448
14447,14449
14447,14451
14447,14824
14448,14450
14449,14450
14449,14452
14450,14453
14451,14452
14451,14829
14452,14453
14452,14831
14453,14454
14453,14832
14454,14455
14454,14457
14454,14834
14455,14456
14455,14458
14456,14460
14457,14458
14457,14459
14457,14838
14458,14460
14459,14460
14459,14839
14460,14461
14460,14462
14460,14464
14460,14840
14461,14463
14462,14463
14462,14465
14463,14466
14464,14465
14464,14844
14465,14466
14465,14846
14466,14467
14466,14847
14467,14468
14467,14470
14467,14848
14468,14469
14468,14471
14469,14473
14470,14471
14470,14472
14470,14853
14471,14473
14472,14473
14472,14854
14473,14474
14473,14475
14473,14477
14473,14855
14474,14476
14475,14476
14475,14478
14476,14479
14477,14478
14477,14859
14478,14479
14478,14861
14479,14480
14479,14481
14479,14862
14480,14482
14481,14482
14481,14484
14481,14863
14482,14483
14482,14485
14483,14486
14484,14485
14484,14868
14485,14486
14485,14869
14486,14487
14486,14489
14486,14871
14487,14488
14487,14490
14488,14492
14489,14490
14489,14491
14489,14875
14490,14492
14491,14492
14491,14876
14492,14493
14492,14494
14492,14496
14492,14877
14493,14495
14494,14495
14494,14497
14495,14498
14496,14497
14496,14881
14497,14498
14497,14883
14498,14499
14498,14884
14499,14500
14499,14502
14499,14885
14500,14501
14500,14503
14501,14505
14502,14503
14502,14504
14502,14890
14503,14505
14504,14505
14504,14891
14505,14506
14505,14507
14505,14509
14505,14892
14506,14508
14507,14508
14507,14510
14508,14511
14509,14510
14509,14896
14510,14511
14510,14898
14511,14512
14511,14513
14511,14899
14512,14514
14513,14514
14513,14516
14513,14900
14514,14515
14514,14517
14515,14518
14516,14517
14516,14905
14517,14518
14517,14906
14518,14519
14518,14521
14518,14908
14519,14520
14519,14522
14520,14524
14521,14522
14521,14523
14521,14912
14522,14524
14523,14524
14523,14913
14524,14525
14524,14526
14524,14528
14524,14914
14525,14527
14526,14527
14526,14529
14527,14530
14528,14529
14528,14918
14529,14530
14529,14920
14530,14921
14531,14532
14531,14533
14532,14534
14533,14534
14533,14537
14533,14925
14534,14535
14534,14538
14535,14536
14535,14539
14536,14540
14537,14538
14537,14927
14538,14539
14538,14928
14539,14540
14539,14541
14539,14930
14540,14542
14541,14542
14541,14545
14541,14931
14542,14543
14542,14546
14543,14544
14543,14547
14544,14549
14545,14546
14545,14934
14546,14547
14546,14548
14546,14935
14547,14549
14548,14549
14548,14552
14548,14936
14549,14550
14549,14553
14550,14551
14550,14554
14551,14555
14552,14553
14552,14940
14553,14554
14553,14941
14554,14555
14554,14556
14554,14943
14555,14557
14556,14557
14556,14560
14556,14944
14557,14558
14557,14561
14558,14559
14558,14562
14559,14564
14560,14561
14560,14947
14561,14562
14561,14563
14561,14948
14562,14564
14563,14564
14563,14568
14563,14949
14564,14565
14564,14566
14564,14569
14565,14567
14566,14567
14566,14570
14567,14571
14568,14569
14568,14953
14569,14570
14569,14954
14570,14571
14570,14574
14570,14956
14571,14572
14571,14575
14572,14573
14572,14576
14573,14577
14574,14575
14574,14959
14575,14576
14575,14960
14576,14577
14576,14578
14576,14962
14577,14579
14578,14579
14578,14583
14578,14963
14579,14580
14579,14581
14579,14584
14580,14582
14581,14582
14581,14585
14582,14586
14583,14584
14583,14966
14584,14585
14584,14967
14585,14586
14585,14589
14585,14969
14586,14587
14586,14590
14587,14588
14587,14591
14588,14592
14589,14590
14589,14972
14590,14591
14590,14973
14591,14592
14591,14593
14591,14975
14592,14594
14593,14594
14593,14597
14593,14976
14594,14595
14594,14598
14595,14596
14595,14599
14596,14601
14597,14598
14597,14979
14598,14599
14598,14600
14598,14980
14599,14601
14600,14601
14600,14605
14600,14981
14601,14602
14601,14603
14601,14606
14602,14604
14603,14604
14603,14607
14604,14608
14605,14606
14605,14985
14606,14607
14606,14986
14607,14608
14607,14611
14607,14988
14608,14609
14608,14612
14609,14610
14609,14613
14610,14614
14611,14612
14611,14991
14612,14613
14612,14992
14613,14614
14613,14615
14613,14994
14614,14616
14615,14616
14615,14620
14615,14995
14616,14617
14616,14618
14616,14621
14617,14619
14618,14619
14618,14622
14619,14623
14620,14621
14620,14998
14621,14622
14621,14999
14622,14623
14622,14626
14622,15001
14623,14624
14623,14627
14624,14625
14624,14628
14625,14629
14626,14627
14626,15004
14627,14628
14627,15005
14628,14629
14628,14630
14628,15007
14629,14631
14630,14631
14630,14634
14630,15008
14631,14632
14631,14635
14632,14633
14632,14636
14633,14638
14634,14635
14634,15011
14635,14636
14635,14637
14635,15012
14636,14638
14637,14638
14637,14641
14637,15013
14638,14639
14638,14642
14639,14640
14639,14643
14640,14644
14641,14642
14641,15017
14642,14643
14642,15018
14643,14644
14643,14645
14643,15020
14644,14646
14645,14646
14645,14649
14645,15021
14646,14647
14646,14650
14647,14648
14647,14651
14648,14653
14649,14650
14649,15024
14650,14651
14650,14652
14650,15025
14651,14653
14652,14653
14652,14657
14652,15026
14653,14654
14653,14655
14653,14658
14654,14656
14655,14656
14655,14659
14656,14660
14657,14658
14657,15030
14658,14659
14658,15031
14659,14660
14659,14663
14659,15033
14660,14661
14660,14664
14661,14662
14661,14665
14662,14666
14663,14664
14663,15036
14664,14665
14664,15037
14665,14666
14665,14667
14665,15039
14666,14668
14667,14668
14667,14671
14667,15040
14668,14669
14668,14672
14669,14670
14669,14673
14670,14675
14671,14672
14671,15043
14672,14673
14672,14674
14672,15044
14673,14675
14674,14675
14674,14678
14674,15045
14675,14676
14675,14679
14676,14677
14676,14680
14677,14681
14678,14679
14678,15049
14679,14680
14679,15050
14680,14681
14680,14682
14680,15052
14681,14683
14682,14683
14682,14686
14682,15053
14683,14684
14683,14687
14684,14685
14684,14688
14685,14690
14686,14687
14686,15056
14687,14688
14687,14689
14687,15057
14688,14690
14689,14690
14689,14694
14689,15058
14690,14691
14690,14692
14690,14695
14691,14693
14692,14693
14692,14696
14693,14697
14694,14695
14694,15062
14695,14696
14695,15063
14696,14697
14696,14700
14696,15065
14697,14698
14697,14701
14698,14699
14698,14702
14699,14703
14700,14701
14700,15068
14701,14702
14701,15069
14702,14703
14702,14704
14702,15071
14703,14705
14704,14705
14704,14709
14704,15072
14705,14706
14705,14707
14705,14710
14706,14708
14707,14708
14707,14711
14708,14712
14709,14710
14709,15075
14710,14711
14710,15076
14711,14712
14711,14715
14711,15078
14712,14713
14712,14716
14713,14714
14713,14717
14714,14718
14715,14716
14715,15081
14716,14717
14716,15082
14717,14718
14717,14719
14717,15084
14718,14720
14719,14720
14719,14723
14719,15085
14720,14721
14720,14724
14721,14722
14721,14725
14722,14727
14723,14724
14723,15088
14724,14725
14724,14726
14724,15089
14725,14727
14726,14727
14726,14730
14726,15090
14727,14728
14727,14731
14728,14729
14728,14732
14729,14733
14730,14731
14730,15094
14731,14732
14731,15095
14732,14733
14732,14734
14732,14737
14732,15097
14733,14735
14734,14735
14734,14738
14735,14736
14735,14739
14736,14740
14737,14738
14737,15100
14738,14739
14738,15101
14739,14740
14739,14741
14739,15102
14740,14742
14741,14742
14741,14746
14741,15103
14742,14743
14742,14744
14742,14747
14743,14745
14744,14745
14744,14748
14745,14749
14746,14747
14746,15107
14747,14748
14747,15108
14748,14749
14748,14752
14748,15110
14749,14750
14749,14753
14750,14751
14750,14754
14751,14755
14752,14753
14752,15113
14753,14754
14753,15114
14754,14755
14754,14756
14754,15116
14755,14757
14756,14757
14756,14760
14756,15117
14757,14758
14757,14761
14758,14759
14758,14762
14759,14764
14760,14761
14760,15120
14761,14762
14761,14763
14761,15121
14762,14764
14763,14764
14763,14767
14763,15122
14764,14765
14764,14768
14765,14766
14765,14769
14766,14770
14767,14768
14767,15126
14768,14769
14768,15127
14769,14770
14769,14771
14769,15129
14770,14772
14771,14772
14771,14775
14771,15130
14772,14773
14772,14776
14773,14774
14773,14777
14774,14779
14775,14776
14775,15133
14776,14777
14776,14778
14776,15134
14777,14779
14778,14779
14778,14783
14778,15135
14779,14780
14779,14781
14779,14784
14780,14782
14781,14782
14781,14785
14782,14786
14783,14784
14783,15139
14784,14785
14784,15140
14785,14786
14785,14789
14785,15142
14786,14787
14786,14790
14787,14788
14787,14791
14788,14792
14789,14790
14789,15145
14790,14791
14790,15146
14791,14792
14791,14793
14791,15148
14792,14794
14793,14794
14793,14798
14793,15149
14794,14795
14794,14796
14794,14799
14795,14797
14796,14797
14796,14800
14797,14801
14798,14799
14798,15152
14799,14800
14799,15153
14800,14801
14800,14804
14800,15155
14801,14802
14801,14805
14802,14803
14802,14806
14803,14807
14804,14805
14804,15158
14805,14806
14805,15159
14806,14807
14806,14808
14806,15161
14807,14809
14808,14809
14808,14812
14808,15162
14809,14810
14809,14813
14810,14811
14810,14814
14811,14816
14812,14813
14812,15165
14813,14814
14813,14815
14813,15166
14814,14816
14815,14816
14815,14819
14815,15167
14816,14817
14816,14820
14817,14818
14817,14821
14818,14822
14819,14820
14819,15171
14820,14821
14820,15172
14821,14822
14821,14825
14821,15174
14822,14823
14822,14826
14823,14824
14823,14828
14824,14829
14825,14826
14825,14827
14825,15177
14826,14828
14827,14828
14827,15178
14828,14829
14828,14830
14828,15179
14829,14831
14830,14831
14830,14835
14830,15180
14831,14832
14831,14833
14831,14836
14832,14834
14833,14834
14833,14837
14834,14838
14835,14836
14835,15184
14836,14837
14836,15185
14837,14838
14837,14841
14837,15187
14838,14839
14838,14842
14839,14840
14839,14843
14840,14844
14841,14842
14841,15190
14842,14843
14842,15191
14843,14844
14843,14845
14843,15193
14844,14846
14845,14846
14845,14849
14845,15194
14846,14847
14846,14850
14847,14848
14847,14851
14848,14853
14849,14850
14849,15197
14850,14851
14850,14852
14850,15198
14851,14853
14852,14853
14852,14856
14852,15199
14853,14854
14853,14857
14854,14855
14854,14858
14855,14859
14856,14857
14856,15203
14857,14858
14857,15204
14858,14859
14858,14860
14858,15206
14859,14861
14860,14861
14860,14864
14860,15207
14861,14862
14861,14865
14862,14863
14862,14866
14863,14868
14864,14865
14864,15210
14865,14866
14865,14867
14865,15211
14866,14868
14867,14868
14867,14872
14867,15212
14868,14869
14868,14870
14868,14873
14869,14871
14870,14871
14870,14874
14871,14875
14872,14873
14872,15216
14873,14874
14873,15217
14874,14875
14874,14878
14874,15219
14875,14876
14875,14879
14876,14877
14876,14880
14877,14881
14878,14879
14878,15222
14879,14880
14879,15223
14880,14881
14880,14882
14880,15225
14881,14883
14882,14883
14882,14886
14882,15226
14883,14884
14883,14887
14884,14885
14884,14888
14885,14890
14886,14887
14886,15229
14887,14888
14887,14889
14887,15230
14888,14890
14889,14890
14889,14893
14889,15231
14890,14891
14890,14894
14891,14892
14891,14895
14892,14896
14893,14894
14893,15235
14894,14895
14894,15236
14895,14896
14895,14897
14895,15238
14896,14898
14897,14898
14897,14901
14897,15239
14898,14899
14898,14902
14899,14900
14899,14903
14900,14905
14901,14902
14901,15242
14902,14903
14902,14904
14902,15243
14903,14905
14904,14905
14904,14909
14904,15244
14905,14906
14905,14907
14905,14910
14906,14908
14907,14908
14907,14911
14908,14912
14909,14910
14909,15248
14910,14911
14910,15249
14911,14912
14911,14915
14911,15251
14912,14913
14912,14916
14913,14914
14913,14917
14914,14918
14915,14916
14915,15254
14916,14917
14916,15255
14917,14918
14917,14919
14917,15257
14918,14920
14919,14920
14919,14922
14919,15258
14920,14921
14920,14923
14922,14923
14922,15261
14923,15262
14924,14925
14924,14926
14925,14927
14926,14927
14926,15265
14927,14928
14927,14929
14927,15266
14928,14930
14929,14930
14929,14932
14929,15267
14930,14931
14930,14933
14931,14934
14932,14933
14932,15271
14933,14934
14933,15272
14934,14935
14934,14937
14934,15274
14935,14936
14935,14938
14936,14940
14937,14938
14937,14939
14937,15277
14938,14940
14939,14940
14939,15278
14940,14941
14940,14942
14940,15279
14941,14943
14942,14943
14942,14945
14942,15280
14943,14944
14943,14946
14944,14947
14945,14946
14945,15284
14946,14947
14946,15285
14947,14948
14947,14950
14947,15287
14948,14949
14948,14951
14949,14953
14950,14951
14950,14952
14950,15290
14951,14953
14952,14953
14952,15291
14953,14954
14953,14955
14953,14957
14953,15292
14954,14956
14955,14956
14955,14958
14956,14959
14957,14958
14957,15295
14958,14959
14958,15297
14959,14960
14959,14961
14959,15298
14960,14962
14961,14962
14961,14964
14961,15299
14962,14963
14962,14965
14963,14966
14964,14965
14964,15303
14965,14966
14965,15304
14966,14967
14966,14968
14966,14970
14966,15306
14967,14969
14968,14969
14968,14971
14969,14972
14970,14971
14970,15309
14971,14972
14971,15310
14972,14973
14972,14974
14972,15311
14973,14975
14974,14975
14974,14977
14974,15312
14975,14976
14975,14978
14976,14979
14977,14978
14977,15316
14978,14979
14978,15317
14979,14980
14979,14982
14979,15319
14980,14981
14980,14983
14981,14985
14982,14983
14982,14984
14982,15322
14983,14985
14984,14985
14984,15323
14985,14986
14985,14987
14985,14989
14985,15324
14986,14988
14987,14988
14987,14990
14988,14991
14989,14990
14989,15327
14990,14991
14990,15329
14991,14992
14991,14993
14991,15330
14992,14994
14993,14994
14993,14996
14993,15331
14994,14995
14994,14997
14995,14998
14996,14997
14996,15335
14997,14998
14997,15336
14998,14999
14998,15000
14998,15002
14998,15338
14999,15001
15000,15001
15000,15003
15001,15004
15002,15003
15002,15341
15003,15004
15003,15342
15004,15005
15004,15006
15004,15343
15005,15007
15006,15007
15006,15009
15006,15344
15007,15008
15007,15010
15008,15011
15009,15010
15009,15348
15010,15011
15010,15349
15011,15012
15011,15014
15011,15351
15012,15013
15012,15015
15013,15017
15014,15015
15014,15016
15014,15354
15015,15017
15016,15017
15016,15355
15017,15018
15017,15019
15017,15356
15018,15020
15019,15020
15019,15022
15019,15357
15020,15021
15020,15023
15021,15024
15022,15023
15022,15361
15023,15024
15023,15362
15024,15025
15024,15027
15024,15364
15025,15026
15025,15028
15026,15030
15027,15028
15027,15029
15027,15367
15028,15030
15029,15030
15029,15368
15030,15031
15030,15032
15030,15034
15030,15369
15031,15033
15032,15033
15032,15035
15033,15036
15034,15035
15034,15372
15035,15036
15035,15374
15036,15037
15036,15038
15036,15375
15037,15039
15038,15039
15038,15041
15038,15376
15039,15040
15039,15042
15040,15043
15041,15042
15041,15380
15042,15043
15042,15381
15043,15044
15043,15046
15043,15383
15044,15045
15044,15047
15045,15049
15046,15047
15046,15048
15046,15386
15047,15049
15048,15049
15048,15387
15049,15050
15049,15051
15049,15388
15050,15052
15051,15052
15051,15054
15051,15389
15052,15053
15052,15055
15053,15056
15054,15055
15054,15393
15055,15056
15055,15394
15056,15057
15056,15059
15056,15396
15057,15058
15057,15060
15058,15062
15059,15060
15059,15061
15059,15399
15060,15062
15061,15062
15061,15400
15062,15063
15062,15064
15062,15066
15062,15401
15063,15065
15064,15065
15064,15067
15065,15068
15066,15067
15066,15404
15067,15068
15067,15406
15068,15069
15068,15070
15068,15407
15069,15071
15070,15071
15070,15073
15070,15408
15071,15072
15071,15074
15072,15075
15073,15074
15073,15412
15074,15075
15074,15413
15075,15076
15075,15077
15075,15079
15075,15415
15076,15078
15077,15078
15077,15080
15078,15081
15079,15080
15079,15418
15080,15081
15080,15419
15081,15082
15081,15083
15081,15420
15082,15084
15083,15084
15083,15086
15083,15421
15084,15085
15084,15087
15085,15088
15086,15087
15086,15425
15087,15088
15087,15426
15088,15089
15088,15091
15088,15428
15089,15090
15089,15092
15090,15094
15091,15092
15091,15093
15091,15431
15092,15094
15093,15094
15093,15432
15094,15095
15094,15096
15094,15098
15094,15433
15095,15097
15096,15097
15096,15099
15097,15100
15098,15099
15098,15436
15099,15100
15099,15438
15100,15101
15100,15439
15101,15102
15101,15104
15101,15441
15102,15103
15102,15105
15103,15107
15104,15105
15104,15106
15104,15444
15105,15107
15106,15107
15106,15445
15107,15108
15107,15109
15107,15111
15107,15446
15108,15110
15109,15110
15109,15112
15110,15113
15111,15112
15111,15449
15112,15113
15112,15451
15113,15114
15113,15115
15113,15452
15114,15116
15115,15116
15115,15118
15115,15453
15116,15117
15116,15119
15117,15120
15118,15119
15118,15457
15119,15120
15119,15458
15120,15121
15120,15123
15120,15460
15121,15122
15121,15124
15122,15126
15123,15124
15123,15125
15123,15463
15124,15126
15125,15126
15125,15464
15126,15127
15126,15128
15126,15465
15127,15129
15128,15129
15128,15131
15128,15466
15129,15130
15129,15132
15130,15133
15131,15132
15131,15470
15132,15133
15132,15471
15133,15134
15133,15136
15133,15473
15134,15135
15134,15137
15135,15139
15136,15137
15136,15138
15136,15476
15137,15139
15138,15139
15138,15477
15139,15140
15139,15141
15139,15143
15139,15478
15140,15142
15141,15142
15141,15144
15142,15145
15143,15144
15143,15481
15144,15145
15144,15483
15145,15146
15145,15147
15145,15484
15146,15148
15147,15148
15147,15150
15147,15485
15148,15149
15148,15151
15149,15152
15150,15151
15150,15489
15151,15152
15151,15490
15152,15153
15152,15154
15152,15156
15152,15492
15153,15155
15154,15155
15154,15157
15155,15158
15156,15157
15156,15495
15157,15158
15157,15496
15158,15159
15158,15160
15158,15497
15159,15161
15160,15161
15160,15163
15160,15498
15161,15162
15161,15164
15162,15165
15163,15164
15163,15502
15164,15165
15164,15503
15165,15166
15165,15168
15165,15505
15166,15167
15166,15169
15167,15171
15168,15169
15168,15170
15168,15508
15169,15171
15170,15171
15170,15509
15171,15172
15171,15173
15171,15175
15171,15510
15172,15174
15173,15174
15173,15176
15174,15177
15175,15176
15175,15513
15176,15177
15176,15515
15177,15178
15177,15516
15178,15179
15178,15181
15178,15517
15179,15180
15179,15182
15180,15184
15181,15182
15181,15183
15181,15521
15182,15184
15183,15184
15183,15522
15184,15185
15184,15186
15184,15188
15184,15523
15185,15187
15186,15187
15186,15189
15187,15190
15188,15189
15188,15526
15189,15190
15189,15528
15190,15191
15190,15192
15190,15529
15191,15193
15192,15193
15192,15195
15192,15530
15193,15194
15193,15196
15194,15197
15195,15196
15195,15534
15196,15197
15196,15535
15197,15198
15197,15200
15197,15537
15198,15199
15198,15201
15199,15203
15200,15201
15200,15202
15200,15540
15201,15203
15202,15203
15202,15541
15203,15204
15203,15205
15203,15542
15204,15206
15205,15206
15205,15208
15205,15543
15206,15207
15206,15209
15207,15210
15208,15209
15208,15547
15209,15210
15209,15548
15210,15211
15210,15213
15210,15550
15211,15212
15211,15214
15212,15216
15213,15214
15213,15215
15213,15553
15214,15216
15215,15216
15215,15554
15216,15217
15216,15218
15216,15220
15216,15555
15217,15219
15218,15219
15218,15221
15219,15222
15220,15221
15220,15558
15221,15222
15221,15560
15222,15223
15222,15224
15222,15561
15223,15225
15224,15225
15224,15227
15224,15562
15225,15226
15225,15228
15226,15229
15227,15228
15227,15566
15228,15229
15228,15567
15229,15230
15229,15232
15229,15569
15230,15231
15230,15233
15231,15235
15232,15233
15232,15234
15232,15572
15233,15235
15234,15235
15234,15573
15235,15236
15235,15237
15235,15574
15236,15238
15237,15238
15237,15240
15237,15575
15238,15239
15238,15241
15239,15242
15240,15241
15240,15579
15241,15242
15241,15580
15242,15243
15242,15245
15242,15582
15243,15244
15243,15246
15244,15248
15245,15246
15245,15247
15245,15585
15246,15248
15247,15248
15247,15586
15248,15249
15248,15250
15248,15252
15248,15587
15249,15251
15250,15251
15250,15253
15251,15254
15252,15253
15252,15590
15253,15254
15253,15592
15254,15255
15254,15256
15254,15593
15255,15257
15256,15257
15256,15259
15256,15594
15257,15258
15257,15260
15258,15261
15259,15260
15259,15598
15260,15261
15260,15599
15261,15262
15261,15263
15261,15601
15263,15604
15264,15265
15264,15605
15265,15266
15265,15268
15265,15606
15266,15267
15266,15269
15267,15271
15268,15269
15268,15270
15268,15608
15269,15271
15270,15271
15270,15609
15271,15272
15271,15273
15271,15275
15271,15610
15272,15274
15273,15274
15273,15276
15274,15277
15275,15276
15275,15615
15276,15277
15276,15617
15277,15278
15277,15618
15278,15279
15278,15281
15278,15619
15279,15280
15279,15282
15280,15284
15281,15282
15281,15283
15281,15624
15282,15284
15283,15284
15283,15625
15284,15285
15284,15286
15284,15288
15284,15626
15285,15287
15286,15287
15286,15289
15287,15290
15288,15289
15288,15630
15289,15290
15289,15632
15290,15291
15290,15293
15290,15633
15291,15292
15291,15294
15292,15295
15293,15294
15293,15637
15294,15295
15294,15296
15294,15639
15295,15297
15296,15297
15296,15640
15297,15298
15297,15300
15297,15641
15298,15299
15298,15301
15299,15303
15300,15301
15300,15302
15300,15645
15301,15303
15302,15303
15302,15646
15303,15304
15303,15305
15303,15307
15303,15647
15304,15306
15305,15306
15305,15308
15306,15309
15307,15308
15307,15652
15308,15309
15308,15654
15309,15310
15309,15655
15310,15311
15310,15313
15310,15657
15311,15312
15311,15314
15312,15316
15313,15314
15313,15315
15313,15661
15314,15316
15315,15316
15315,15662
15316,15317
15316,15318
15316,15320
15316,15663
15317,15319
15318,15319
15318,15321
15319,15322
15320,15321
15320,15667
15321,15322
15321,15669
15322,15323
15322,15325
15322,15670
15323,15324
15323,15326
15324,15327
15325,15326
15325,15674
15326,15327
15326,15328
15326,15676
15327,15329
15328,15329
15328,15677
15329,15330
15329,15332
15329,15678
15330,15331
15330,15333
15331,15335
15332,15333
15332,15334
15332,15682
15333,15335
15334,15335
15334,15683
15335,15336
15335,15337
15335,15339
15335,15684
15336,15338
15337,15338
15337,15340
15338,15341
15339,15340
15339,15689
15340,15341
15340,15691
15341,15342
15341,15692
15342,15343
15342,15345
15342,15694
15343,15344
15343,15346
15344,15348
15345,15346
15345,15347
15345,15698
15346,15348
15347,15348
15347,15699
15348,15349
15348,15350
15348,15352
15348,15700
15349,15351
15350,15351
15350,15353
15351,15354
15352,15353
15352,15704
15353,15354
15353,15706
15354,15355
15354,15707
15355,15356
15355,15358
15355,15708
15356,15357
15356,15359
15357,15361
15358,15359
15358,15360
15358,15713
15359,15361
15360,15361
15360,15714
15361,15362
15361,15363
15361,15365
15361,15715
15362,15364
15363,15364
15363,15366
15364,15367
15365,15366
15365,15719
15366,15367
15366,15721
15367,15368
15367,15370
15367,15722
15368,15369
15368,15371
15369,15372
15370,15371
15370,15726
15371,15372
15371,15373
15371,15728
15372,15374
15373,15374
15373,15729
15374,15375
15374,15377
15374,15730
15375,15376
15375,15378
15376,15380
15377,15378
15377,15379
15377,15734
15378,15380
15379,15380
15379,15735
15380,15381
15380,15382
15380,15384
15380,15736
15381,15383
15382,15383
15382,15385
15383,15386
15384,15385
15384,15741
15385,15386
15385,15743
15386,15387
15386,15744
15387,15388
15387,15390
15387,15745
15388,15389
15388,15391
15389,15393
15390,15391
15390,15392
15390,15750
15391,15393
15392,15393
15392,15751
15393,15394
15393,15395
15393,15397
15393,15752
15394,15396
15395,15396
15395,15398
15396,15399
15397,15398
15397,15756
15398,15399
15398,15758
15399,15400
15399,15402
15399,15759
15400,15401
15400,15403
15401,15404
15402,15403
15402,15763
15403,15404
15403,15405
15403,15765
15404,15406
15405,15406
15405,15766
15406,15407
15406,15409
15406,15767
15407,15408
15407,15410
15408,15412
15409,15410
15409,15411
15409,15771
15410,15412
15411,15412
15411,15772
15412,15413
15412,15414
15412,15416
15412,15773
15413,15415
15414,15415
15414,15417
15415,15418
15416,15417
15416,15778
15417,15418
15417,15780
15418,15419
15418,15781
15419,15420
15419,15422
15419,15783
15420,15421
15420,15423
15421,15425
15422,15423
15422,15424
15422,15787
15423,15425
15424,15425
15424,15788
15425,15426
15425,15427
15425,15429
15425,15789
15426,15428
15427,15428
15427,15430
15428,15431
15429,15430
15429,15793
15430,15431
15430,15795
15431,15432
15431,15434
15431,15796
15432,15433
15432,15435
15433,15436
15434,15435
15434,15800
15435,15436
15435,15437
15435,15802
15436,15438
15437,15438
15437,15803
15438,15439
15438,15440
15438,15442
15438,15804
15439,15441
15440,15441
15440,15443
15441,15444
15442,15443
15442,15808
15443,15444
15443,15810
15444,15445
15444,15447
15444,15811
15445,15446
15445,15448
15446,15449
15447,15448
15447,15815
15448,15449
15448,15450
15448,15817
15449,15451
15450,15451
15450,15818
15451,15452
15451,15454
15451,15819
15452,15453
15452,15455
15453,15457
15454,15455
15454,15456
15454,15823
15455,15457
15456,15457
15456,15824
15457,15458
15457,15459
15457,15461
15457,15825
15458,15460
15459,15460
15459,15462
15460,15463
15461,15462
15461,15830
15462,15463
15462,15832
15463,15464
15463,15833
15464,15465
15464,15467
15464,15834
15465,15466
15465,15468
15466,15470
15467,15468
15467,15469
15467,15839
15468,15470
15469,15470
15469,15840
15470,15471
15470,15472
15470,15474
15470,15841
15471,15473
15472,15473
15472,15475
15473,15476
15474,15475
15474,15845
15475,15476
15475,15847
15476,15477
15476,15479
15476,15848
15477,15478
15477,15480
15478,15481
15479,15480
15479,15852
15480,15481
15480,15482
15480,15854
15481,15483
15482,15483
15482,15855
15483,15484
15483,15486
15483,15856
15484,15485
15484,15487
15485,15489
15486,15487
15486,15488
15486,15860
15487,15489
15488,15489
15488,15861
15489,15490
15489,15491
15489,15493
15489,15862
15490,15492
15491,15492
15491,15494
15492,15495
15493,15494
15493,15867
15494,15495
15494,15869
15495,15496
15495,15870
15496,15497
15496,15499
15496,15872
15497,15498
15497,15500
15498,15502
15499,15500
15499,15501
15499,15876
15500,15502
15501,15502
15501,15877
15502,15503
15502,15504
15502,15506
15502,15878
15503,15505
15504,15505
15504,15507
15505,15508
15506,15507
15506,15882
15507,15508
15507,15884
15508,15509
15508,15511
15508,15885
15509,15510
15509,15512
15510,15513
15511,15512
15511,15889
15512,15513
15512,15514
15512,15891
15513,15515
15514,15515
15514,15892
15515,15516
15515,15518
15515,15893
15516,15517
15516,15519
15517,15521
15518,15519
15518,15520
15518,15897
15519,15521
15520,15521
15520,15898
15521,15522
15521,15524
15521,15899
15522,15523
15522,15525
15523,15526
15524,15525
15524,15904
15525,15526
15525,15527
15525,15906
15526,15528
15527,15528
15527,15907
15528,15529
15528,15531
15528,15908
15529,15530
15529,15532
15530,15534
15531,15532
15531,15533
15531,15912
15532,15534
15533,15534
15533,15913
15534,15535
15534,15536
15534,15538
15534,15914
15535,15537
15536,15537
15536,15539
15537,15540
15538,15539
15538,15919
15539,15540
15539,15921
15540,15541
15540,15922
15541,15542
15541,15544
15541,15923
15542,15543
15542,15545
15543,15547
15544,15545
15544,15546
15544,15928
15545,15547
15546,15547
15546,15929
15547,15548
15547,15549
15547,15551
15547,15930
15548,15550
15549,15550
15549,15552
15550,15553
15551,15552
15551,15934
15552,15553
15552,15936
15553,15554
15553,15556
15553,15937
15554,15555
15554,15557
15555,15558
15556,15557
15556,15941
15557,15558
15557,15559
15557,15943
15558,15560
15559,15560
15559,15944
15560,15561
15560,15563
15560,15945
15561,15562
15561,15564
15562,15566
15563,15564
15563,15565
15563,15949
15564,15566
15565,15566
15565,15950
15566,15567
15566,15568
15566,15570
15566,15951
15567,15569
15568,15569
15568,15571
15569,15572
15570,15571
15570,15956
15571,15572
15571,15958
15572,15573
15572,15959
15573,15574
15573,15576
15573,15960
15574,15575
15574,15577
15575,15579
15576,15577
15576,15578
15576,15965
15577,15579
15578,15579
15578,15966
15579,15580
15579,15581
15579,15583
15579,15967
15580,15582
15581,15582
15581,15584
15582,15585
15583,15584
15583,15971
15584,15585
15584,15973
15585,15586
15585,15588
15585,15974
15586,15587
15586,15589
15587,15590
15588,15589
15588,15978
15589,15590
15589,15591
15589,15980
15590,15592
15591,15592
15591,15981
15592,15593
15592,15595
15592,15982
15593,15594
15593,15596
15594,15598
15595,15596
15595,15597
15595,15986
15596,15598
15597,15598
15597,15987
15598,15599
15598,15600
15598,15602
15598,15988
15599,15601
15600,15601
15600,15603
15601,15604
15602,15603
15602,15993
15603,15604
15603,15995
15604,15996
15605,15606
15605,15607
15606,15608
15607,15608
15607,15611
15607,15999
15608,15609
15608,15612
15609,15610
15609,15614
15610,15615
15611,15612
15611,15613
15611,16000
15612,15614
15613,15614
15613,16001
15614,15615
15614,15616
15614,16002
15615,15617
15616,15617
15616,15620
15616,16003
15617,15618
15617,15621
15618,15619
15618,15622
15619,15624
15620,15621
15620,16007
15621,15622
15621,15623
15621,16008
15622,15624
15623,15624
15623,15627
15623,16009
15624,15625
15624,15628
15625,15626
15625,15629
15626,15630
15627,15628
15627,16013
15628,15629
15628,16014
15629,15630
15629,15631
15629,15634
15629,16016
15630,15632
15631,15632
15631,15635
15632,15633
15632,15636
15633,15637
15634,15635
15634,16019
15635,15636
15635,16020
15636,15637
15636,15638
15636,16021
15637,15639
15638,15639
15638,15642
15638,16022
15639,15640
15639,15643
15640,15641
15640,15644
15641,15645
15642,15643
15642,16026
15643,15644
15643,16027
15644,15645
15644,15648
15644,16029
15645,15646
15645,15649
15646,15647
15646,15651
15647,15652
15648,15649
15648,15650
15648,16032
15649,15651
15650,15651
15650,16033
15651,15652
15651,15653
15651,16034
15652,15654
15653,15654
15653,15658
15653,16035
15654,15655
15654,15656
15654,15659
15655,15657
15656,15657
15656,15660
15657,15661
15658,15659
15658,16039
15659,15660
15659,16040
15660,15661
15660,15664
15660,16042
15661,15662
15661,15665
15662,15663
15662,15666
15663,15667
15664,15665
15664,16045
15665,15666
15665,16046
15666,15667
15666,15668
15666,15671
15666,16048
15667,15669
15668,15669
15668,15672
15669,15670
15669,15673
15670,15674
15671,15672
15671,16051
15672,15673
15672,16052
15673,15674
15673,15675
15673,16053
15674,15676
15675,15676
15675,15679
15675,16054
15676,15677
15676,15680
15677,15678
15677,15681
15678,15682
15679,15680
15679,16058
15680,15681
15680,16059
15681,15682
15681,15685
15681,16061
15682,15683
15682,15686
15683,15684
15683,15688
15684,15689
15685,15686
15685,15687
15685,16064
15686,15688
15687,15688
15687,16065
15688,15689
15688,15690
15688,16066
15689,15691
15690,15691
15690,15695
15690,16067
15691,15692
15691,15693
15691,15696
15692,15694
15693,15694
15693,15697
15694,15698
15695,15696
15695,16071
15696,15697
15696,16072
15697,15698
15697,15701
15697,16074
15698,15699
15698,15702
15699,15700
15699,15703
15700,15704
15701,15702
15701,16077
15702,15703
15702,16078
15703,15704
15703,15705
15703,16080
15704,15706
15705,15706
15705,15709
15705,16081
15706,15707
15706,15710
15707,15708
15707,15711
15708,15713
15709,15710
15709,16084
15710,15711
15710,15712
15710,16085
15711,15713
15712,15713
15712,15716
15712,16086
15713,15714
15713,15717
15714,15715
15714,15718
15715,15719
15716,15717
15716,16090
15717,15718
15717,16091
15718,15719
15718,15720
15718,15723
15718,16093
15719,15721
15720,15721
15720,15724
15721,15722
15721,15725
15722,15726
15723,15724
15723,16096
15724,15725
15724,16097
15725,15726
15725,15727
15725,16098
15726,15728
15727,15728
15727,15731
15727,16099
15728,15729
15728,15732
15729,15730
15729,15733
15730,15734
15731,15732
15731,16103
15732,15733
15732,16104
15733,15734
15733,15737
15733,16106
15734,15735
15734,15738
15735,15736
15735,15740
15736,15741
15737,15738
15737,15739
15737,16109
15738,15740
15739,15740
15739,16110
15740,15741
15740,15742
15740,16111
15741,15743
15742,15743
15742,15746
15742,16112
15743,15744
15743,15747
15744,15745
15744,15748
15745,15750
15746,15747
15746,16116
15747,15748
15747,15749
15747,16117
15748,15750
15749,15750
15749,15753
15749,16118
15750,15751
15750,15754
15751,15752
15751,15755
15752,15756
15753,15754
15753,16122
15754,15755
15754,16123
15755,15756
15755,15757
15755,15760
15755,16125
15756,15758
15757,15758
15757,15761
15758,15759
15758,15762
15759,15763
15760,15761
15760,16128
15761,15762
15761,16129
15762,15763
15762,15764
15762,16130
15763,15765
15764,15765
15764,15768
15764,16131
15765,15766
15765,15769
15766,15767
15766,15770
15767,15771
15768,15769
15768,16135
15769,15770
15769,16136
15770,15771
15770,15774
15770,16138
15771,15772
15771,15775
15772,15773
15772,15777
15773,15778
15774,15775
15774,15776
15774,16141
15775,15777
15776,15777
15776,16142
15777,15778
15777,15779
15777,16143
15778,15780
15779,15780
15779,15784
15779,16144
15780,15781
15780,15782
15780,15785
15781,15783
15782,15783
15782,15786
15783,15787
15784,15785
15784,16148
15785,15786
15785,16149
15786,15787
15786,15790
15786,16151
15787,15788
15787,15791
15788,15789
15788,15792
15789,15793
15790,15791
15790,16154
15791,15792
15791,16155
15792,15793
15792,15794
15792,15797
15792,16157
15793,15795
15794,15795
15794,15798
15795,15796
15795,15799
15796,15800
15797,15798
15797,16160
15798,15799
15798,16161
15799,15800
15799,15801
15799,16162
15800,15802
15801,15802
15801,15805
15801,16163
15802,15803
15802,15806
15803,15804
15803,15807
15804,15808
15805,15806
15805,16167
15806,15807
15806,16168
15807,15808
15807,15809
15807,15812
15807,16170
15808,15810
15809,15810
15809,15813
15810,15811
15810,15814
15811,15815
15812,15813
15812,16173
15813,15814
15813,16174
15814,15815
15814,15816
15814,16175
15815,15817
15816,15817
15816,15820
15816,16176
15817,15818
15817,15821
15818,15819
15818,15822
15819,15823
15820,15821
15820,16180
15821,15822
15821,16181
15822,15823
15822,15826
15822,16183
15823,15824
15823,15827
15824,15825
15824,15829
15825,15830
15826,15827
15826,15828
15826,16186
15827,15829
15828,15829
15828,16187
15829,15830
15829,15831
15829,16188
15830,15832
15831,15832
15831,15835
15831,16189
15832,15833
15832,15836
15833,15834
15833,15837
15834,15839
15835,15836
15835,16193
15836,15837
15836,15838
15836,16194
15837,15839
15838,15839
15838,15842
15838,16195
15839,15840
15839,15843
15840,15841
15840,15844
15841,15845
15842,15843
15842,16199
15843,15844
15843,16200
15844,15845
15844,15846
15844,15849
15844,16202
15845,15847
15846,15847
15846,15850
15847,15848
15847,15851
15848,15852
15849,15850
15849,16205
15850,15851
15850,16206
15851,15852
15851,15853
15851,16207
15852,15854
15853,15854
15853,15857
15853,16208
15854,15855
15854,15858
15855,15856
15855,15859
15856,15860
15857,15858
15857,16212
15858,15859
15858,16213
15859,15860
15859,15863
15859,16215
15860,15861
15860,15864
15861,15862
15861,15866
15862,15867
15863,15864
15863,15865
15863,16218
15864,15866
15865,15866
15865,16219
15866,15867
15866,15868
15866,16220
15867,15869
15868,15869
15868,15873
15868,16221
15869,15870
15869,15871
15869,15874
15870,15872
15871,15872
15871,15875
15872,15876
15873,15874
15873,16225
15874,15875
15874,16226
15875,15876
15875,15879
15875,16228
15876,15877
15876,15880
15877,15878
15877,15881
15878,15882
15879,15880
15879,16231
15880,15881
15880,16232
15881,15882
15881,15883
15881,15886
15881,16234
15882,15884
15883,15884
15883,15887
15884,15885
15884,15888
15885,15889
15886,15887
15886,16237
15887,15888
15887,16238
15888,15889
15888,15890
15888,16239
15889,15891
15890,15891
15890,15894
15890,16240
15891,15892
15891,15895
15892,15893
15892,15896
15893,15897
15894,15895
15894,16244
15895,15896
15895,16245
15896,15897
15896,15900
15896,16247
15897,15898
15897,15901
15898,15899
15898,15903
15899,15904
15900,15901
15900,15902
15900,16250
15901,15903
15902,15903
15902,16251
15903,15904
15903,15905
15903,16252
15904,15906
15905,15906
15905,15909
15905,16253
15906,15907
15906,15910
15907,15908
15907,15911
15908,15912
15909,15910
15909,16257
15910,15911
15910,16258
15911,15912
15911,15915
15911,16260
15912,15913
15912,15916
15913,15914
15913,15918
15914,15919
15915,15916
15915,15917
15915,16263
15916,15918
15917,15918
15917,16264
15918,15919
15918,15920
15918,16265
15919,15921
15920,15921
15920,15924
15920,16266
15921,15922
15921,15925
15922,15923
15922,15926
15923,15928
15924,15925
15924,16270
15925,15926
15925,15927
15925,16271
15926,15928
15927,15928
15927,15931
15927,16272
15928,15929
15928,15932
15929,15930
15929,15933
15930,15934
15931,15932
15931,16276
15932,15933
15932,16277
15933,15934
15933,15935
15933,15938
15933,16279
15934,15936
15935,15936
15935,15939
15936,15937
15936,15940
15937,15941
15938,15939
15938,16282
15939,15940
15939,16283
15940,15941
15940,15942
15940,16284
15941,15943
15942,15943
15942,15946
15942,16285
15943,15944
15943,15947
15944,15945
15944,15948
15945,15949
15946,15947
15946,16289
15947,15948
15947,16290
15948,15949
15948,15952
15948,16292
15949,15950
15949,15953
15950,15951
15950,15955
15951,15956
15952,15953
15952,15954
15952,16295
15953,15955
15954,15955
15954,16296
15955,15956
15955,15957
15955,16297
15956,15958
15957,15958
15957,15961
15957,16298
15958,15959
15958,15962
15959,15960
15959,15963
15960,15965
15961,15962
15961,16302
15962,15963
15962,15964
15962,16303
15963,15965
15964,15965
15964,15968
15964,16304
15965,15966
15965,15969
15966,15967
15966,15970
15967,15971
15968,15969
15968,16308
15969,15970
15969,16309
15970,15971
15970,15972
15970,15975
15970,16311
15971,15973
15972,15973
15972,15976
15973,15974
15973,15977
15974,15978
15975,15976
15975,16314
15976,15977
15976,16315
15977,15978
15977,15979
15977,16316
15978,15980
15979,15980
15979,15983
15979,16317
15980,15981
15980,15984
15981,15982
15981,15985
15982,15986
15983,15984
15983,16321
15984,15985
15984,16322
15985,15986
15985,15989
15985,16324
15986,15987
15986,15990
15987,15988
15987,15992
15988,15993
15989,15990
15989,15991
15989,16327
15990,15992
15991,15992
15991,16328
15992,15993
15992,15994
15992,16329
15993,15995
15994,15995
15994,15997
15994,16330
15995,15996
15995,15998
15997,15998
15997,16334
15998,16335
15999,16000
16000,16001
16000,16337
16001,16002
16001,16004
16001,16338
16002,16003
16002,16005
16003,16007
16004,16005
16004,16006
16004,16340
16005,16007
16006,16007
16006,16341
16007,16008
16007,16010
16007,16342
16008,16009
16008,16011
16009,16013
16010,16011
16010,16012
16010,16345
16011,16013
16012,16013
16012,16346
16013,16014
16013,16015
16013,16017
16013,16347
16014,16016
16015,16016
16015,16018
16016,16019
16017,16018
16017,16352
16018,16019
16018,16354
16019,16020
16019,16355
16020,16021
16020,16023
16020,16357
16021,16022
16021,16024
16022,16026
16023,16024
16023,16025
16023,16361
16024,16026
16025,16026
16025,16362
16026,16027
16026,16028
16026,16030
16026,16363
16027,16029
16028,16029
16028,16031
16029,16032
16030,16031
16030,16367
16031,16032
16031,16369
16032,16033
16032,16370
16033,16034
16033,16036
16033,16371
16034,16035
16034,16037
16035,16039
16036,16037
16036,16038
16036,16376
16037,16039
16038,16039
16038,16377
16039,16040
16039,16041
16039,16043
16039,16378
16040,16042
16041,16042
16041,16044
16042,16045
16043,16044
16043,16382
16044,16045
16044,16384
16045,16046
16045,16047
16045,16049
16045,16385
16046,16048
16047,16048
16047,16050
16048,16051
16049,16050
16049,16389
16050,16051
16050,16391
16051,16052
16051,16392
16052,16053
16052,16055
16052,16394
16053,16054
16053,16056
16054,16058
16055,16056
16055,16057
16055,16398
16056,16058
16057,16058
16057,16399
16058,16059
16058,16060
16058,16062
16058,16400
16059,16061
16060,16061
16060,16063
16061,16064
16062,16063
16062,16404
16063,16064
16063,16406
16064,16065
16064,16407
16065,16066
16065,16068
16065,16408
16066,16067
16066,16069
16067,16071
16068,16069
16068,16070
16068,16413
16069,16071
16070,16071
16070,16414
16071,16072
16071,16073
16071,16075
16071,16415
16072,16074
16073,16074
16073,16076
16074,16077
16075,16076
16075,16419
16076,16077
16076,16421
16077,16078
16077,16079
16077,16422
16078,16080
16079,16080
16079,16082
16079,16423
16080,16081
16080,16083
16081,16084
16082,16083
16082,16428
16083,16084
16083,16429
16084,16085
16084,16087
16084,16431
16085,16086
16085,16088
16086,16090
16087,16088
16087,16089
16087,16435
16088,16090
16089,16090
16089,16436
16090,16091
16090,16092
16090,16094
16090,16437
16091,16093
16092,16093
16092,16095
16093,16096
16094,16095
16094,16441
16095,16096
16095,16443
16096,16097
16096,16444
16097,16098
16097,16100
16097,16446
16098,16099
16098,16101
16099,16103
16100,16101
16100,16102
16100,16450
16101,16103
16102,16103
16102,16451
16103,16104
16103,16105
16103,16107
16103,16452
16104,16106
16105,16106
16105,16108
16106,16109
16107,16108
16107,16456
16108,16109
16108,16458
16109,16110
16109,16459
16110,16111
16110,16113
16110,16460
16111,16112
16111,16114
16112,16116
16113,16114
16113,16115
16113,16465
16114,16116
16115,16116
16115,16466
16116,16117
16116,16119
16116,16467
16117,16118
16117,16120
16118,16122
16119,16120
16119,16121
16119,16471
16120,16122
16121,16122
16121,16472
16122,16123
16122,16124
16122,16126
16122,16473
16123,16125
16124,16125
16124,16127
16125,16128
16126,16127
16126,16478
16127,16128
16127,16480
16128,16129
16128,16481
16129,16130
16129,16132
16129,16483
16130,16131
16130,16133
16131,16135
16132,16133
16132,16134
16132,16487
16133,16135
16134,16135
16134,16488
16135,16136
16135,16137
16135,16139
16135,16489
16136,16138
16137,16138
16137,16140
16138,16141
16139,16140
16139,16493
16140,16141
16140,16495
16141,16142
16141,16496
16142,16143
16142,16145
16142,16497
16143,16144
16143,16146
16144,16148
16145,16146
16145,16147
16145,16502
16146,16148
16147,16148
16147,16503
16148,16149
16148,16150
16148,16152
16148,16504
16149,16151
16150,16151
16150,16153
16151,16154
16152,16153
16152,16508
16153,16154
16153,16510
16154,16155
16154,16156
16154,16158
16154,16511
16155,16157
16156,16157
16156,16159
16157,16160
16158,16159
16158,16515
16159,16160
16159,16517
16160,16161
16160,16518
16161,16162
16161,16164
16161,16520
16162,16163
16162,16165
16163,16167
16164,16165
16164,16166
16164,16524
16165,16167
16166,16167
16166,16525
16167,16168
16167,16169
16167,16171
16167,16526
16168,16170
16169,16170
16169,16172
16170,16173
16171,16172
16171,16530
16172,16173
16172,16532
16173,16174
16173,16533
16174,16175
16174,16177
16174,16535
16175,16176
16175,16178
16176,16180
16177,16178
16177,16179
16177,16539
16178,16180
16179,16180
16179,16540
16180,16181
16180,16182
16180,16184
16180,16541
16181,16183
16182,16183
16182,16185
16183,16186
16184,16185
16184,16545
16185,16186
16185,16547
16186,16187
16186,16548
16187,16188
16187,16190
16187,16549
16188,16189
16188,16191
16189,16193
16190,16191
16190,16192
16190,16554
16191,16193
16192,16193
16192,16555
16193,16194
16193,16196
16193,16556
16194,16195
16194,16197
16195,16199
16196,16197
16196,16198
16196,16560
16197,16199
16198,16199
16198,16561
16199,16200
16199,16201
16199,16203
16199,16562
16200,16202
16201,16202
16201,16204
16202,16205
16203,16204
16203,16567
16204,16205
16204,16569
16205,16206
16205,16570
16206,16207
16206,16209
16206,16572
16207,16208
16207,16210
16208,16212
16209,16210
16209,16211
16209,16576
16210,16212
16211,16212
16211,16577
16212,16213
16212,16214
16212,16216
16212,16578
16213,16215
16214,16215
16214,16217
16215,16218
16216,16217
16216,16582
16217,16218
16217,16584
16218,16219
16218,16585
16219,16220
16219,16222
16219,16586
16220,16221
16220,16223
16221,16225
16222,16223
16222,16224
16222,16591
16223,16225
16224,16225
16224,16592
16225,16226
16225,16227
16225,16229
16225,16593
16226,16228
16227,16228
16227,16230
16228,16231
16229,16230
16229,16597
16230,16231
16230,16599
16231,16232
16231,16233
16231,16235
16231,16600
16232,16234
16233,16234
16233,16236
16234,16237
16235,16236
16235,16604
16236,16237
16236,16606
16237,16238
16237,16607
16238,16239
16238,16241
16238,16609
16239,16240
16239,16242
16240,16244
16241,16242
16241,16243
16241,16613
16242,16244
16243,16244
16243,16614
16244,16245
16244,16246
16244,16248
16244,16615
16245,16247
16246,16247
16246,16249
16247,16250
16248,16249
16248,16619
16249,16250
16249,16621
16250,16251
16250,16622
16251,16252
16251,16254
16251,16623
16252,16253
16252,16255
16253,16257
16254,16255
16254,16256
16254,16628
16255,16257
16256,16257
16256,16629
16257,16258
16257,16259
16257,16261
16257,16630
16258,16260
16259,16260
16259,16262
16260,16263
16261,16262
16261,16634
16262,16263
16262,16636
16263,16264
16263,16637
16264,16265
16264,16267
16264,16638
16265,16266
16265,16268
16266,16270
16267,16268
16267,16269
16267,16643
16268,16270
16269,16270
16269,16644
16270,16271
16270,16273
16270,16645
16271,16272
16271,16274
16272,16276
16273,16274
16273,16275
16273,16649
16274,16276
16275,16276
16275,16650
16276,16277
16276,16278
16276,16280
16276,16651
16277,16279
16278,16279
16278,16281
16279,16282
16280,16281
16280,16656
16281,16282
16281,16658
16282,16283
16282,16659
16283,16284
16283,16286
16283,16661
16284,16285
16284,16287
16285,16289
16286,16287
16286,16288
16286,16665
16287,16289
16288,16289
16288,16666
16289,16290
16289,16291
16289,16293
16289,16667
16290,16292
16291,16292
16291,16294
16292,16295
16293,16294
16293,16671
16294,16295
16294,16673
16295,16296
16295,16674
16296,16297
16296,16299
16296,16675
16297,16298
16297,16300
16298,16302
16299,16300
16299,16301
16299,16680
16300,16302
16301,16302
16301,16681
16302,16303
16302,16305
16302,16682
16303,16304
16303,16306
16304,16308
16305,16306
16305,16307
16305,16686
16306,16308
16307,16308
16307,16687
16308,16309
16308,16310
16308,16312
16308,16688
16309,16311
16310,16311
16310,16313
16311,16314
16312,16313
16312,16693
16313,16314
16313,16695
16314,16315
16314,16696
16315,16316
16315,16318
16315,16698
16316,16317
16316,16319
16317,16321
16318,16319
16318,16320
16318,16702
16319,16321
16320,16321
16320,16703
16321,16322
16321,16323
16321,16325
16321,16704
16322,16324
16323,16324
16323,16326
16324,16327
16325,16326
16325,16708
16326,16327
16326,16710
16327,16328
16327,16711
16328,16329
16328,16331
16328,16712
16329,16330
16329,16332
16330,16334
16331,16332
16331,16333
16331,16717
16332,16334
16333,16334
16333,16718
16334,16335
16334,16336
16334,16719
16336,16723
16337,16338
16337,16339
16338,16340
16339,16340
16340,16341
16340,16343
16341,16342
16341,16344
16342,16345
16343,16344
16343,16725
16344,16345
16344,16348
16344,16726
16345,16346
16345,16349
16346,16347
16346,16351
16347,16352
16348,16349
16348,16350
16348,16727
16349,16351
16350,16351
16350,16728
16351,16352
16351,16353
16351,16729
16352,16354
16353,16354
16353,16358
16353,16730
16354,16355
16354,16356
16354,16359
16355,16357
16356,16357
16356,16360
16357,16361
16358,16359
16358,16734
16359,16360
16359,16735
16360,16361
16360,16364
16360,16737
16361,16362
16361,16365
16362,16363
16362,16366
16363,16367
16364,16365
16364,16740
16365,16366
16365,16741
16366,16367
16366,16368
16366,16743
16367,16369
16368,16369
16368,16372
16368,16744
16369,16370
16369,16373
16370,16371
16370,16374
16371,16376
16372,16373
16372,16747
16373,16374
16373,16375
16373,16748
16374,16376
16375,16376
16375,16379
16375,16749
16376,16377
16376,16380
16377,16378
16377,16381
16378,16382
16379,16380
16379,16753
16380,16381
16380,16754
16381,16382
16381,16383
16381,16386
16381,16756
16382,16384
16383,16384
16383,16387
16384,16385
16384,16388
16385,16389
16386,16387
16386,16759
16387,16388
16387,16760
16388,16389
16388,16390
16388,16761
16389,16391
16390,16391
16390,16395
16390,16762
16391,16392
16391,16393
16391,16396
16392,16394
16393,16394
16393,16397
16394,16398
16395,16396
16395,16766
16396,16397
16396,16767
16397,16398
16397,16401
16397,16769
16398,16399
16398,16402
16399,16400
16399,16403
16400,16404
16401,16402
16401,16772
16402,16403
16402,16773
16403,16404
16403,16405
16403,16775
16404,16406
16405,16406
16405,16409
16405,16776
16406,16407
16406,16410
16407,16408
16407,16411
16408,16413
16409,16410
16409,16779
16410,16411
16410,16412
16410,16780
16411,16413
16412,16413
16412,16416
16412,16781
16413,16414
16413,16417
16414,16415
16414,16418
16415,16419
16416,16417
16416,16785
16417,16418
16417,16786
16418,16419
16418,16420
16418,16788
16419,16421
16420,16421
16420,16424
16420,16789
16421,16422
16421,16425
16422,16423
16422,16426
16423,16428
16424,16425
16424,16792
16425,16426
16425,16427
16425,16793
16426,16428
16427,16428
16427,16432
16427,16794
16428,16429
16428,16430
16428,16433
16429,16431
16430,16431
16430,16434
16431,16435
16432,16433
16432,16798
16433,16434
16433,16799
16434,16435
16434,16438
16434,16801
16435,16436
16435,16439
16436,16437
16436,16440
16437,16441
16438,16439
16438,16804
16439,16440
16439,16805
16440,16441
16440,16442
16440,16807
16441,16443
16442,16443
16442,16447
16442,16808
16443,16444
16443,16445
16443,16448
16444,16446
16445,16446
16445,16449
16446,16450
16447,16448
16447,16811
16448,16449
16448,16812
16449,16450
16449,16453
16449,16814
16450,16451
16450,16454
16451,16452
16451,16455
16452,16456
16453,16454
16453,16817
16454,16455
16454,16818
16455,16456
16455,16457
16455,16820
16456,16458
16457,16458
16457,16461
16457,16821
16458,16459
16458,16462
16459,16460
16459,16463
16460,16465
16461,16462
16461,16824
16462,16463
16462,16464
16462,16825
16463,16465
16464,16465
16464,16468
16464,16826
16465,16466
16465,16469
16466,16467
16466,16470
16467,16471
16468,16469
16468,16830
16469,16470
16469,16831
16470,16471
16470,16474
16470,16833
16471,16472
16471,16475
16472,16473
16472,16477
16473,16478
16474,16475
16474,16476
16474,16836
16475,16477
16476,16477
16476,16837
16477,16478
16477,16479
16477,16838
16478,16480
16479,16480
16479,16484
16479,16839
16480,16481
16480,16482
16480,16485
16481,16483
16482,16483
16482,16486
16483,16487
16484,16485
16484,16843
16485,16486
16485,16844
16486,16487
16486,16490
16486,16846
16487,16488
16487,16491
16488,16489
16488,16492
16489,16493
16490,16491
16490,16849
16491,16492
16491,16850
16492,16493
16492,16494
16492,16852
16493,16495
16494,16495
16494,16498
16494,16853
16495,16496
16495,16499
16496,16497
16496,16500
16497,16502
16498,16499
16498,16856
16499,16500
16499,16501
16499,16857
16500,16502
16501,16502
16501,16505
16501,16858
16502,16503
16502,16506
16503,16504
16503,16507
16504,16508
16505,16506
16505,16862
16506,16507
16506,16863
16507,16508
16507,16509
16507,16512
16507,16865
16508,16510
16509,16510
16509,16513
16510,16511
16510,16514
16511,16515
16512,16513
16512,16868
16513,16514
16513,16869
16514,16515
16514,16516
16514,16870
16515,16517
16516,16517
16516,16521
16516,16871
16517,16518
16517,16519
16517,16522
16518,16520
16519,16520
16519,16523
16520,16524
16521,16522
16521,16875
16522,16523
16522,16876
16523,16524
16523,16527
16523,16878
16524,16525
16524,16528
16525,16526
16525,16529
16526,16530
16527,16528
16527,16881
16528,16529
16528,16882
16529,16530
16529,16531
16529,16884
16530,16532
16531,16532
16531,16536
16531,16885
16532,16533
16532,16534
16532,16537
16533,16535
16534,16535
16534,16538
16535,16539
16536,16537
16536,16888
16537,16538
16537,16889
16538,16539
16538,16542
16538,16891
16539,16540
16539,16543
16540,16541
16540,16544
16541,16545
16542,16543
16542,16894
16543,16544
16543,16895
16544,16545
16544,16546
16544,16897
16545,16547
16546,16547
16546,16550
16546,16898
16547,16548
16547,16551
16548,16549
16548,16552
16549,16554
16550,16551
16550,16901
16551,16552
16551,16553
16551,16902
16552,16554
16553,16554
16553,16557
16553,16903
16554,16555
16554,16558
16555,16556
16555,16559
16556,16560
16557,16558
16557,16907
16558,16559
16558,16908
16559,16560
16559,16563
16559,16910
16560,16561
16560,16564
16561,16562
16561,16566
16562,16567
16563,16564
16563,16565
16563,16913
16564,16566
16565,16566
16565,16914
16566,16567
16566,16568
16566,16915
16567,16569
16568,16569
16568,16573
16568,16916
16569,16570
16569,16571
16569,16574
16570,16572
16571,16572
16571,16575
16572,16576
16573,16574
16573,16920
16574,16575
16574,16921
16575,16576
16575,16579
16575,16923
16576,16577
16576,16580
16577,16578
16577,16581
16578,16582
16579,16580
16579,16926
16580,16581
16580,16927
16581,16582
16581,16583
16581,16929
16582,16584
16583,16584
16583,16587
16583,16930
16584,16585
16584,16588
16585,16586
16585,16589
16586,16591
16587,16588
16587,16933
16588,16589
16588,16590
16588,16934
16589,16591
16590,16591
16590,16594
16590,16935
16591,16592
16591,16595
16592,16593
16592,16596
16593,16597
16594,16595
16594,16939
16595,16596
16595,16940
16596,16597
16596,16598
16596,16601
16596,16942
16597,16599
16598,16599
16598,16602
16599,16600
16599,16603
16600,16604
16601,16602
16601,16945
16602,16603
16602,16946
16603,16604
16603,16605
16603,16947
16604,16606
16605,16606
16605,16610
16605,16948
16606,16607
16606,16608
16606,16611
16607,16609
16608,16609
16608,16612
16609,16613
16610,16611
16610,16952
16611,16612
16611,16953
16612,16613
16612,16616
16612,16955
16613,16614
16613,16617
16614,16615
16614,16618
16615,16619
16616,16617
16616,16958
16617,16618
16617,16959
16618,16619
16618,16620
16618,16961
16619,16621
16620,16621
16620,16624
16620,16962
16621,16622
16621,16625
16622,16623
16622,16626
16623,16628
16624,16625
16624,16965
16625,16626
16625,16627
16625,16966
16626,16628
16627,16628
16627,16631
16627,16967
16628,16629
16628,16632
16629,16630
16629,16633
16630,16634
16631,16632
16631,16971
16632,16633
16632,16972
16633,16634
16633,16635
16633,16974
16634,16636
16635,16636
16635,16639
16635,16975
16636,16637
16636,16640
16637,16638
16637,16641
16638,16643
16639,16640
16639,16978
16640,16641
16640,16642
16640,16979
16641,16643
16642,16643
16642,16646
16642,16980
16643,16644
16643,16647
16644,16645
16644,16648
16645,16649
16646,16647
16646,16984
16647,16648
16647,16985
16648,16649
16648,16652
16648,16987
16649,16650
16649,16653
16650,16651
16650,16655
16651,16656
16652,16653
16652,16654
16652,16990
16653,16655
16654,16655
16654,16991
16655,16656
16655,16657
16655,16992
16656,16658
16657,16658
16657,16662
16657,16993
16658,16659
16658,16660
16658,16663
16659,16661
16660,16661
16660,16664
16661,16665
16662,16663
16662,16997
16663,16664
16663,16998
16664,16665
16664,16668
16664,17000
16665,16666
16665,16669
16666,16667
16666,16670
16667,16671
16668,16669
16668,17003
16669,16670
16669,17004
16670,16671
16670,16672
16670,17006
16671,16673
16672,16673
16672,16676
16672,17007
16673,16674
16673,16677
16674,16675
16674,16678
16675,16680
16676,16677
16676,17010
16677,16678
16677,16679
16677,17011
16678,16680
16679,16680
16679,16683
16679,17012
16680,16681
16680,16684
16681,16682
16681,16685
16682,16686
16683,16684
16683,17016
16684,16685
16684,17017
16685,16686
16685,16689
16685,17019
16686,16687
16686,16690
16687,16688
16687,16692
16688,16693
16689,16690
16689,16691
16689,17022
16690,16692
16691,16692
16691,17023
16692,16693
16692,16694
16692,17024
16693,16695
16694,16695
16694,16699
16694,17025
16695,16696
16695,16697
16695,16700
16696,16698
16697,16698
16697,16701
16698,16702
16699,16700
16699,17029
16700,16701
16700,17030
16701,16702
16701,16705
16701,17032
16702,16703
16702,16706
16703,16704
16703,16707
16704,16708
16705,16706
16705,17035
16706,16707
16706,17036
16707,16708
16707,16709
16707,17038
16708,16710
16709,16710
16709,16713
16709,17039
16710,16711
16710,16714
16711,16712
16711,16715
16712,16717
16713,16714
16713,17042
16714,16715
16714,16716
16714,17043
16715,16717
16716,16717
16716,16720
16716,17044
16717,16718
16717,16721
16718,16719
16718,16722
16719,16723
16720,16721
16720,17048
16721,16722
16721,17049
16722,16723
16722,16724
16722,17051
16724,17054
16725,16726
16726,16727
16727,16728
16727,17055
16728,16729
16728,16731
16728,17056
16729,16730
16729,16732
16730,16734
16731,16732
16731,16733
16731,17058
16732,16734
16733,16734
16733,17059
16734,16735
16734,16736
16734,16738
16734,17060
16735,16737
16736,16737
16736,16739
16737,16740
16738,16739
16738,17063
16739,16740
16739,17065
16740,16741
16740,16742
16740,17066
16741,16743
16742,16743
16742,16745
16742,17067
16743,16744
16743,16746
16744,16747
16745,16746
16745,17071
16746,16747
16746,17072
16747,16748
16747,16750
16747,17074
16748,16749
16748,16751
16749,16753
16750,16751
16750,16752
16750,17077
16751,16753
16752,16753
16752,17078
16753,16754
16753,16755
16753,16757
16753,17079
16754,16756
16755,16756
16755,16758
16756,16759
16757,16758
16757,17082
16758,16759
16758,17084
16759,16760
16759,17085
16760,16761
16760,16763
16760,17087
16761,16762
16761,16764
16762,16766
16763,16764
16763,16765
16763,17090
16764,16766
16765,16766
16765,17091
16766,16767
16766,16768
16766,16770
16766,17092
16767,16769
16768,16769
16768,16771
16769,16772
16770,16771
16770,17095
16771,16772
16771,17097
16772,16773
16772,16774
16772,17098
16773,16775
16774,16775
16774,16777
16774,17099
16775,16776
16775,16778
16776,16779
16777,16778
16777,17103
16778,16779
16778,17104
16779,16780
16779,16782
16779,17106
16780,16781
16780,16783
16781,16785
16782,16783
16782,16784
16782,17109
16783,16785
16784,16785
16784,17110
16785,16786
16785,16787
16785,17111
16786,16788
16787,16788
16787,16790
16787,17112
16788,16789
16788,16791
16789,16792
16790,16791
16790,17116
16791,16792
16791,17117
16792,16793
16792,16795
16792,17119
16793,16794
16793,16796
16794,16798
16795,16796
16795,16797
16795,17122
16796,16798
16797,16798
16797,17123
16798,16799
16798,16800
16798,16802
16798,17124
16799,16801
16800,16801
16800,16803
16801,16804
16802,16803
16802,17127
16803,16804
16803,17129
16804,16805
16804,16806
16804,17130
16805,16807
16806,16807
16806,16809
16806,17131
16807,16808
16807,16810
16808,16811
16809,16810
16809,17135
16810,16811
16810,17136
16811,16812
16811,16813
16811,16815
16811,17138
16812,16814
16813,16814
16813,16816
16814,16817
16815,16816
16815,17141
16816,16817
16816,17142
16817,16818
16817,16819
16817,17143
16818,16820
16819,16820
16819,16822
16819,17144
16820,16821
16820,16823
16821,16824
16822,16823
16822,17148
16823,16824
16823,17149
16824,16825
16824,16827
16824,17151
16825,16826
16825,16828
16826,16830
16827,16828
16827,16829
16827,17154
16828,16830
16829,16830
16829,17155
16830,16831
16830,16832
16830,16834
16830,17156
16831,16833
16832,16833
16832,16835
16833,16836
16834,16835
16834,17159
16835,16836
16835,17161
16836,16837
16836,17162
16837,16838
16837,16840
16837,17163
16838,16839
16838,16841
16839,16843
16840,16841
16840,16842
16840,17167
16841,16843
16842,16843
16842,17168
16843,16844
16843,16845
16843,16847
16843,17169
16844,16846
16845,16846
16845,16848
16846,16849
16847,16848
16847,17172
16848,16849
16848,17174
16849,16850
16849,16851
16849,17175
16850,16852
16851,16852
16851,16854
16851,17176
16852,16853
16852,16855
16853,16856
16854,16855
16854,17180
16855,16856
16855,17181
16856,16857
16856,16859
16856,17183
16857,16858
16857,16860
16858,16862
16859,16860
16859,16861
16859,17186
16860,16862
16861,16862
16861,17187
16862,16863
16862,16864
16862,16866
16862,17188
16863,16865
16864,16865
16864,16867
16865,16868
16866,16867
16866,17191
16867,16868
16867,17193
16868,16869
16868,17194
16869,16870
16869,16872
16869,17196
16870,16871
16870,16873
16871,16875
16872,16873
16872,16874
16872,17199
16873,16875
16874,16875
16874,17200
16875,16876
16875,16877
16875,16879
16875,17201
16876,16878
16877,16878
16877,16880
16878,16881
16879,16880
16879,17204
16880,16881
16880,17206
16881,16882
16881,16883
16881,17207
16882,16884
16883,16884
16883,16886
16883,17208
16884,16885
16884,16887
16885,16888
16886,16887
16886,17212
16887,16888
16887,17213
16888,16889
16888,16890
16888,16892
16888,17215
16889,16891
16890,16891
16890,16893
16891,16894
16892,16893
16892,17218
16893,16894
16893,17219
16894,16895
16894,16896
16894,17220
16895,16897
16896,16897
16896,16899
16896,17221
16897,16898
16897,16900
16898,16901
16899,16900
16899,17225
16900,16901
16900,17226
16901,16902
16901,16904
16901,17228
16902,16903
16902,16905
16903,16907
16904,16905
16904,16906
16904,17231
16905,16907
16906,16907
16906,17232
16907,16908
16907,16909
16907,16911
16907,17233
16908,16910
16909,16910
16909,16912
16910,16913
16911,16912
16911,17236
16912,16913
16912,17238
16913,16914
16913,17239
16914,16915
16914,16917
16914,17240
16915,16916
16915,16918
16916,16920
16917,16918
16917,16919
16917,17244
16918,16920
16919,16920
16919,17245
16920,16921
16920,16922
16920,16924
16920,17246
16921,16923
16922,16923
16922,16925
16923,16926
16924,16925
16924,17249
16925,16926
16925,17251
16926,16927
16926,16928
16926,17252
16927,16929
16928,16929
16928,16931
16928,17253
16929,16930
16929,16932
16930,16933
16931,16932
16931,17257
16932,16933
16932,17258
16933,16934
16933,16936
16933,17260
16934,16935
16934,16937
16935,16939
16936,16937
16936,16938
16936,17263
16937,16939
16938,16939
16938,17264
16939,16940
16939,16941
16939,16943
16939,17265
16940,16942
16941,16942
16941,16944
16942,16945
16943,16944
16943,17268
16944,16945
16944,17270
16945,16946
16945,17271
16946,16947
16946,16949
16946,17273
16947,16948
16947,16950
16948,16952
16949,16950
16949,16951
16949,17276
16950,16952
16951,16952
16951,17277
16952,16953
16952,16954
16952,16956
16952,17278
16953,16955
16954,16955
16954,16957
16955,16958
16956,16957
16956,17281
16957,16958
16957,17283
16958,16959
16958,16960
16958,17284
16959,16961
16960,16961
16960,16963
16960,17285
16961,16962
16961,16964
16962,16965
16963,16964
16963,17289
16964,16965
16964,17290
16965,16966
16965,16968
16965,17292
16966,16967
16966,16969
16967,16971
16968,16969
16968,16970
16968,17295
16969,16971
16970,16971
16970,17296
16971,16972
16971,16973
16971,17297
16972,16974
16973,16974
16973,16976
16973,17298
16974,16975
16974,16977
16975,16978
16976,16977
16976,17302
16977,16978
16977,17303
16978,16979
16978,16981
16978,17305
16979,16980
16979,16982
16980,16984
16981,16982
16981,16983
16981,17308
16982,16984
16983,16984
16983,17309
16984,16985
16984,16986
16984,16988
16984,17310
16985,16987
16986,16987
16986,16989
16987,16990
16988,16989
16988,17313
16989,16990
16989,17315
16990,16991
16990,17316
16991,16992
16991,16994
16991,17317
16992,16993
16992,16995
16993,16997
16994,16995
16994,16996
16994,17321
16995,16997
16996,16997
16996,17322
16997,16998
16997,16999
16997,17001
16997,17323
16998,17000
16999,17000
16999,17002
17000,17003
17001,17002
17001,17326
17002,17003
17002,17328
17003,17004
17003,17005
17003,17329
17004,17006
17005,17006
17005,17008
17005,17330
17006,17007
17006,17009
17007,17010
17008,17009
17008,17334
17009,17010
17009,17335
17010,17011
17010,17013
17010,17337
17011,17012
17011,17014
17012,17016
17013,17014
17013,17015
17013,17340
17014,17016
17015,17016
17015,17341
17016,17017
17016,17018
17016,17020
17016,17342
17017,17019
17018,17019
17018,17021
17019,17022
17020,17021
17020,17345
17021,17022
17021,17347
17022,17023
17022,17348
17023,17024
17023,17026
17023,17349
17024,17025
17024,17027
17025,17029
17026,17027
17026,17028
17026,17353
17027,17029
17028,17029
17028,17354
17029,17030
17029,17031
17029,17033
17029,17355
17030,17032
17031,17032
17031,17034
17032,17035
17033,17034
17033,17358
17034,17035
17034,17360
17035,17036
17035,17037
17035,17361
17036,17038
17037,17038
17037,17040
17037,17362
17038,17039
17038,17041
17039,17042
17040,17041
17040,17366
17041,17042
17041,17367
17042,17043
17042,17045
17042,17369
17043,17044
17043,17046
17044,17048
17045,17046
17045,17047
17045,17372
17046,17048
17047,17048
17047,17373
17048,17049
17048,17050
17048,17052
17048,17374
17049,17051
17050,17051
17050,17053
17051,17054
17052,17053
17052,17377
17053,17054
17053,17379
17054,17380
17055,17056
17055,17057
17056,17058
17057,17058
17058,17059
17058,17061
17058,17381
17059,17060
17059,17062
17060,17063
17061,17062
17061,17382
17062,17063
17062,17064
17062,17383
17063,17065
17064,17065
17064,17384
17065,17066
17065,17068
17065,17385
17066,17067
17066,17069
17067,17071
17068,17069
17068,17070
17068,17388
17069,17071
17070,17071
17070,17389
17071,17072
17071,17073
17071,17075
17071,17390
17072,17074
17073,17074
17073,17076
17074,17077
17075,17076
17075,17395
17076,17077
17076,17397
17077,17078
17077,17080
17077,17398
17078,17079
17078,17081
17079,17082
17080,17081
17080,17402
17081,17082
17081,17083
17081,17404
17082,17084
17083,17084
17083,17405
17084,17085
17084,17086
17084,17088
17084,17406
17085,17087
17086,17087
17086,17089
17087,17090
17088,17089
17088,17410
17089,17090
17089,17412
17090,17091
17090,17093
17090,17413
17091,17092
17091,17094
17092,17095
17093,17094
17093,17417
17094,17095
17094,17096
17094,17419
17095,17097
17096,17097
17096,17420
17097,17098
17097,17100
17097,17421
17098,17099
17098,17101
17099,17103
17100,17101
17100,17102
17100,17425
17101,17103
17102,17103
17102,17426
17103,17104
17103,17105
17103,17107
17103,17427
17104,17106
17105,17106
17105,17108
17106,17109
17107,17108
17107,17432
17108,17109
17108,17434
17109,17110
17109,17435
17110,17111
17110,17113
17110,17436
17111,17112
17111,17114
17112,17116
17113,17114
17113,17115
17113,17441
17114,17116
17115,17116
17115,17442
17116,17117
17116,17118
17116,17120
17116,17443
17117,17119
17118,17119
17118,17121
17119,17122
17120,17121
17120,17447
17121,17122
17121,17449
17122,17123
17122,17125
17122,17450
17123,17124
17123,17126
17124,17127
17125,17126
17125,17454
17126,17127
17126,17128
17126,17456
17127,17129
17128,17129
17128,17457
17129,17130
17129,17132
17129,17458
17130,17131
17130,17133
17131,17135
17132,17133
17132,17134
17132,17462
17133,17135
17134,17135
17134,17463
17135,17136
17135,17137
17135,17139
17135,17464
17136,17138
17137,17138
17137,17140
17138,17141
17139,17140
17139,17469
17140,17141
17140,17471
17141,17142
17141,17472
17142,17143
17142,17145
17142,17474
17143,17144
17143,17146
17144,17148
17145,17146
17145,17147
17145,17478
17146,17148
17147,17148
17147,17479
17148,17149
17148,17150
17148,17152
17148,17480
17149,17151
17150,17151
17150,17153
17151,17154
17152,17153
17152,17484
17153,17154
17153,17486
17154,17155
17154,17157
17154,17487
17155,17156
17155,17158
17156,17159
17157,17158
17157,17491
17158,17159
17158,17160
17158,17493
17159,17161
17160,17161
17160,17494
17161,17162
17161,17164
17161,17495
17162,17163
17162,17165
17163,17167
17164,17165
17164,17166
17164,17499
17165,17167
17166,17167
17166,17500
17167,17168
17167,17170
17167,17501
17168,17169
17168,17171
17169,17172
17170,17171
17170,17506
17171,17172
17171,17173
17171,17508
17172,17174
17173,17174
17173,17509
17174,17175
17174,17177
17174,17510
17175,17176
17175,17178
17176,17180
17177,17178
17177,17179
17177,17514
17178,17180
17179,17180
17179,17515
17180,17181
17180,17182
17180,17184
17180,17516
17181,17183
17182,17183
17182,17185
17183,17186
17184,17185
17184,17521
17185,17186
17185,17523
17186,17187
17186,17189
17186,17524
17187,17188
17187,17190
17188,17191
17189,17190
17189,17528
17190,17191
17190,17192
17190,17530
17191,17193
17192,17193
17192,17531
17193,17194
17193,17195
17193,17197
17193,17532
17194,17196
17195,17196
17195,17198
17196,17199
17197,17198
17197,17536
17198,17199
17198,17538
17199,17200
17199,17202
17199,17539
17200,17201
17200,17203
17201,17204
17202,17203
17202,17543
17203,17204
17203,17205
17203,17545
17204,17206
17205,17206
17205,17546
17206,17207
17206,17209
17206,17547
17207,17208
17207,17210
17208,17212
17209,17210
17209,17211
17209,17551
17210,17212
17211,17212
17211,17552
17212,17213
17212,17214
17212,17216
17212,17553
17213,17215
17214,17215
17214,17217
17215,17218
17216,17217
17216,17558
17217,17218
17217,17560
17218,17219
17218,17561
17219,17220
17219,17222
17219,17563
17220,17221
17220,17223
17221,17225
17222,17223
17222,17224
17222,17567
17223,17225
17224,17225
17224,17568
17225,17226
17225,17227
17225,17229
17225,17569
17226,17228
17227,17228
17227,17230
17228,17231
17229,17230
17229,17573
17230,17231
17230,17575
17231,17232
17231,17234
17231,17576
17232,17233
17232,17235
17233,17236
17234,17235
17234,17580
17235,17236
17235,17237
17235,17582
17236,17238
17237,17238
17237,17583
17238,17239
17238,17241
17238,17584
17239,17240
17239,17242
17240,17244
17241,17242
17241,17243
17241,17588
17242,17244
17243,17244
17243,17589
17244,17245
17244,17247
17244,17590
17245,17246
17245,17248
17246,17249
17247,17248
17247,17595
17248,17249
17248,17250
17248,17597
17249,17251
17250,17251
17250,17598
17251,17252
17251,17254
17251,17599
17252,17253
17252,17255
17253,17257
17254,17255
17254,17256
17254,17603
17255,17257
17256,17257
17256,17604
17257,17258
17257,17259
17257,17261
17257,17605
17258,17260
17259,17260
17259,17262
17260,17263
17261,17262
17261,17610
17262,17263
17262,17612
17263,17264
17263,17266
17263,17613
17264,17265
17264,17267
17265,17268
17266,17267
17266,17617
17267,17268
17267,17269
17267,17619
17268,17270
17269,17270
17269,17620
17270,17271
17270,17272
17270,17274
17270,17621
17271,17273
17272,17273
17272,17275
17273,17276
17274,17275
17274,17625
17275,17276
17275,17627
17276,17277
17276,17279
17276,17628
17277,17278
17277,17280
17278,17281
17279,17280
17279,17632
17280,17281
17280,17282
17280,17634
17281,17283
17282,17283
17282,17635
17283,17284
17283,17286
17283,17636
17284,17285
17284,17287
17285,17289
17286,17287
17286,17288
17286,17640
17287,17289
17288,17289
17288,17641
17289,17290
17289,17291
17289,17293
17289,17642
17290,17292
17291,17292
17291,17294
17292,17295
17293,17294
17293,17647
17294,17295
17294,17649
17295,17296
17295,17650
17296,17297
17296,17299
17296,17651
17297,17298
17297,17300
17298,17302
17299,17300
17299,17301
17299,17656
17300,17302
17301,17302
17301,17657
17302,17303
17302,17304
17302,17306
17302,17658
17303,17305
17304,17305
17304,17307
17305,17308
17306,17307
17306,17662
17307,17308
17307,17664
17308,17309
17308,17311
17308,17665
17309,17310
17309,17312
17310,17313
17311,17312
17311,17669
17312,17313
17312,17314
17312,17671
17313,17315
17314,17315
17314,17672
17315,17316
17315,17318
17315,17673
17316,17317
17316,17319
17317,17321
17318,17319
17318,17320
17318,17677
17319,17321
17320,17321
17320,17678
17321,17322
17321,17324
17321,17679
17322,17323
17322,17325
17323,17326
17324,17325
17324,17684
17325,17326
17325,17327
17325,17686
17326,17328
17327,17328
17327,17687
17328,17329
17328,17331
17328,17688
17329,17330
17329,17332
17330,17334
17331,17332
17331,17333
17331,17692
17332,17334
17333,17334
17333,17693
17334,17335
17334,17336
17334,17338
17334,17694
17335,17337
17336,17337
17336,17339
17337,17340
17338,17339
17338,17699
17339,17340
17339,17701
17340,17341
17340,17343
17340,17702
17341,17342
17341,17344
17342,17345
17343,17344
17343,17706
17344,17345
17344,17346
17344,17708
17345,17347
17346,17347
17346,17709
17347,17348
17347,17350
17347,17710
17348,17349
17348,17351
17349,17353
17350,17351
17350,17352
17350,17714
17351,17353
17352,17353
17352,17715
17353,17354
17353,17356
17353,17716
17354,17355
17354,17357
17355,17358
17356,17357
17356,17721
17357,17358
17357,17359
17357,17723
17358,17360
17359,17360
17359,17724
17360,17361
17360,17363
17360,17725
17361,17362
17361,17364
17362,17366
17363,17364
17363,17365
17363,17729
17364,17366
17365,17366
17365,17730
17366,17367
17366,17368
17366,17370
17366,17731
17367,17369
17368,17369
17368,17371
17369,17372
17370,17371
17370,17736
17371,17372
17371,17738
17372,17373
17372,17375
17372,17739
17373,17374
17373,17376
17374,17377
17375,17376
17375,17743
17376,17377
17376,17378
17376,17745
17377,17379
17378,17379
17378,17746
17379,17380
17379,17747
17381,17382
17382,17383
17383,17384
17383,17386
17384,17385
17384,17387
17385,17388
17386,17387
17386,17748
17387,17388
17387,17391
17387,17749
17388,17389
17388,17392
17389,17390
17389,17394
17390,17395
17391,17392
17391,17393
17391,17750
17392,17394
17393,17394
17393,17751
17394,17395
17394,17396
17394,17399
17394,17752
17395,17397
17396,17397
17396,17400
17397,17398
17397,17401
17398,17402
17399,17400
17399,17755
17400,17401
17400,17757
17401,17402
17401,17403
17401,17758
17402,17404
17403,17404
17403,17407
17403,17759
17404,17405
17404,17408
17405,17406
17405,17409
17406,17410
17407,17408
17407,17763
17408,17409
17408,17764
17409,17410
17409,17411
17409,17414
17409,17766
17410,17412
17411,17412
17411,17415
17412,17413
17412,17416
17413,17417
17414,17415
17414,17769
17415,17416
17415,17770
17416,17417
17416,17418
17416,17771
17417,17419
17418,17419
17418,17422
17418,17772
17419,17420
17419,17423
17420,17421
17420,17424
17421,17425
17422,17423
17422,17776
17423,17424
17423,17777
17424,17425
17424,17428
17424,17779
17425,17426
17425,17429
17426,17427
17426,17431
17427,17432
17428,17429
17428,17430
17428,17782
17429,17431
17430,17431
17430,17783
17431,17432
17431,17433
17431,17784
17432,17434
17433,17434
17433,17437
17433,17785
17434,17435
17434,17438
17435,17436
17435,17439
17436,17441
17437,17438
17437,17789
17438,17439
17438,17440
17438,17790
17439,17441
17440,17441
17440,17444
17440,17791
17441,17442
17441,17445
17442,17443
17442,17446
17443,17447
17444,17445
17444,17795
17445,17446
17445,17796
17446,17447
17446,17448
17446,17451
17446,17798
17447,17449
17448,17449
17448,17452
17449,17450
17449,17453
17450,17454
17451,17452
17451,17801
17452,17453
17452,17802
17453,17454
17453,17455
17453,17803
17454,17456
17455,17456
17455,17459
17455,17804
17456,17457
17456,17460
17457,17458
17457,17461
17458,17462
17459,17460
17459,17808
17460,17461
17460,17809
17461,17462
17461,17465
17461,17811
17462,17463
17462,17466
17463,17464
17463,17468
17464,17469
17465,17466
17465,17467
17465,17814
17466,17468
17467,17468
17467,17815
17468,17469
17468,17470
17468,17816
17469,17471
17470,17471
17470,17475
17470,17817
17471,17472
17471,17473
17471,17476
17472,17474
17473,17474
17473,17477
17474,17478
17475,17476
17475,17821
17476,17477
17476,17822
17477,17478
17477,17481
17477,17824
17478,17479
17478,17482
17479,17480
17479,17483
17480,17484
17481,17482
17481,17827
17482,17483
17482,17828
17483,17484
17483,17485
17483,17488
17483,17830
17484,17486
17485,17486
17485,17489
17486,17487
17486,17490
17487,17491
17488,17489
17488,17833
17489,17490
17489,17834
17490,17491
17490,17492
17490,17835
17491,17493
17492,17493
17492,17496
17492,17836
17493,17494
17493,17497
17494,17495
17494,17498
17495,17499
17496,17497
17496,17840
17497,17498
17497,17841
17498,17499
17498,17502
17498,17843
17499,17500
17499,17503
17500,17501
17500,17505
17501,17506
17502,17503
17502,17504
17502,17846
17503,17505
17504,17505
17504,17847
17505,17506
17505,17507
17505,17848
17506,17508
17507,17508
17507,17511
17507,17849
17508,17509
17508,17512
17509,17510
17509,17513
17510,17514
17511,17512
17511,17853
17512,17513
17512,17854
17513,17514
17513,17517
17513,17856
17514,17515
17514,17518
17515,17516
17515,17520
17516,17521
17517,17518
17517,17519
17517,17859
17518,17520
17519,17520
17519,17860
17520,17521
17520,17522
17520,17525
17520,17861
17521,17523
17522,17523
17522,17526
17523,17524
17523,17527
17524,17528
17525,17526
17525,17864
17526,17527
17526,17866
17527,17528
17527,17529
17527,17867
17528,17530
17529,17530
17529,17533
17529,17868
17530,17531
17530,17534
17531,17532
17531,17535
17532,17536
17533,17534
17533,17872
17534,17535
17534,17873
17535,17536
17535,17537
17535,17540
17535,17875
17536,17538
17537,17538
17537,17541
17538,17539
17538,17542
17539,17543
17540,17541
17540,17878
17541,17542
17541,17879
17542,17543
17542,17544
17542,17880
17543,17545
17544,17545
17544,17548
17544,17881
17545,17546
17545,17549
17546,17547
17546,17550
17547,17551
17548,17549
17548,17885
17549,17550
17549,17886
17550,17551
17550,17554
17550,17888
17551,17552
17551,17555
17552,17553
17552,17557
17553,17558
17554,17555
17554,17556
17554,17891
17555,17557
17556,17557
17556,17892
17557,17558
17557,17559
17557,17893
17558,17560
17559,17560
17559,17564
17559,17894
17560,17561
17560,17562
17560,17565
17561,17563
17562,17563
17562,17566
17563,17567
17564,17565
17564,17898
17565,17566
17565,17899
17566,17567
17566,17570
17566,17901
17567,17568
17567,17571
17568,17569
17568,17572
17569,17573
17570,17571
17570,17904
17571,17572
17571,17905
17572,17573
17572,17574
17572,17577
17572,17907
17573,17575
17574,17575
17574,17578
17575,17576
17575,17579
17576,17580
17577,17578
17577,17910
17578,17579
17578,17911
17579,17580
17579,17581
17579,17912
17580,17582
17581,17582
17581,17585
17581,17913
17582,17583
17582,17586
17583,17584
17583,17587
17584,17588
17585,17586
17585,17917
17586,17587
17586,17918
17587,17588
17587,17591
17587,17920
17588,17589
17588,17592
17589,17590
17589,17594
17590,17595
17591,17592
17591,17593
17591,17923
17592,17594
17593,17594
17593,17924
17594,17595
17594,17596
17594,17925
17595,17597
17596,17597
17596,17600
17596,17926
17597,17598
17597,17601
17598,17599
17598,17602
17599,17603
17600,17601
17600,17930
17601,17602
17601,17931
17602,17603
17602,17606
17602,17933
17603,17604
17603,17607
17604,17605
17604,17609
17605,17610
17606,17607
17606,17608
17606,17936
17607,17609
17608,17609
17608,17937
17609,17610
17609,17611
17609,17614
17609,17938
17610,17612
17611,17612
17611,17615
17612,17613
17612,17616
17613,17617
17614,17615
17614,17941
17615,17616
17615,17943
17616,17617
17616,17618
17616,17944
17617,17619
17618,17619
17618,17622
17618,17945
17619,17620
17619,17623
17620,17621
17620,17624
17621,17625
17622,17623
17622,17949
17623,17624
17623,17950
17624,17625
17624,17626
17624,17629
17624,17952
17625,17627
17626,17627
17626,17630
17627,17628
17627,17631
17628,17632
17629,17630
17629,17955
17630,17631
17630,17956
17631,17632
17631,17633
17631,17957
17632,17634
17633,17634
17633,17637
17633,17958
17634,17635
17634,17638
17635,17636
17635,17639
17636,17640
17637,17638
17637,17962
17638,17639
17638,17963
17639,17640
17639,17643
17639,17965
17640,17641
17640,17644
17641,17642
17641,17646
17642,17647
17643,17644
17643,17645
17643,17968
17644,17646
17645,17646
17645,17969
17646,17647
17646,17648
17646,17970
17647,17649
17648,17649
17648,17652
17648,17971
17649,17650
17649,17653
17650,17651
17650,17654
17651,17656
17652,17653
17652,17975
17653,17654
17653,17655
17653,17976
17654,17656
17655,17656
17655,17659
17655,17977
17656,17657
17656,17660
17657,17658
17657,17661
17658,17662
17659,17660
17659,17981
17660,17661
17660,17982
17661,17662
17661,17663
17661,17666
17661,17984
17662,17664
17663,17664
17663,17667
17664,17665
17664,17668
17665,17669
17666,17667
17666,17987
17667,17668
17667,17988
17668,17669
17668,17670
17668,17989
17669,17671
17670,17671
17670,17674
17670,17990
17671,17672
17671,17675
17672,17673
17672,17676
17673,17677
17674,17675
17674,17994
17675,17676
17675,17995
17676,17677
17676,17680
17676,17997
17677,17678
17677,17681
17678,17679
17678,17683
17679,17684
17680,17681
17680,17682
17680,18000
17681,17683
17682,17683
17682,18001
17683,17684
17683,17685
17683,18002
17684,17686
17685,17686
17685,17689
17685,18003
17686,17687
17686,17690
17687,17688
17687,17691
17688,17692
17689,17690
17689,18007
17690,17691
17690,18008
17691,17692
17691,17695
17691,18010
17692,17693
17692,17696
17693,17694
17693,17698
17694,17699
17695,17696
17695,17697
17695,18013
17696,17698
17697,17698
17697,18014
17698,17699
17698,17700
17698,17703
17698,18015
17699,17701
17700,17701
17700,17704
17701,17702
17701,17705
17702,17706
17703,17704
17703,18018
17704,17705
17704,18020
17705,17706
17705,17707
17705,18021
17706,17708
17707,17708
17707,17711
17707,18022
17708,17709
17708,17712
17709,17710
17709,17713
17710,17714
17711,17712
17711,18026
17712,17713
17712,18027
17713,17714
17713,17717
17713,18029
17714,17715
17714,17718
17715,17716
17715,17720
17716,17721
17717,17718
17717,17719
17717,18032
17718,17720
17719,17720
17719,18033
17720,17721
17720,17722
17720,18034
17721,17723
17722,17723
17722,17726
17722,18035
17723,17724
17723,17727
17724,17725
17724,17728
17725,17729
17726,17727
17726,18039
17727,17728
17727,18040
17728,17729
17728,17732
17728,18042
17729,17730
17729,17733
17730,17731
17730,17735
17731,17736
17732,17733
17732,17734
17732,18045
17733,17735
17734,17735
17734,18046
17735,17736
17735,17737
17735,17740
17735,18047
17736,17738
17737,17738
17737,17741
17738,17739
17738,17742
17739,17743
17740,17741
17740,18050
17741,17742
17741,18052
17742,17743
17742,17744
17742,18053
17743,17745
17744,17745
17744,18054
17745,17746
17746,17747
17748,17749
17749,17750
17750,17751
17750,17753
17750,18055
17751,17752
17751,17754
17752,17755
17753,17754
17753,18056
17754,17755
17754,17756
17754,18057
17755,17757
17756,17757
17756,18058
17757,17758
17757,17760
17757,18059
17758,17759
17758,17761
17759,17763
17760,17761
17760,17762
17760,18062
17761,17763
17762,17763
17762,18063
17763,17764
17763,17765
17763,17767
17763,18064
17764,17766
17765,17766
17765,17768
17766,17769
17767,17768
17767,18069
17768,17769
17768,18071
17769,17770
17769,18072
17770,17771
17770,17773
17770,18074
17771,17772
17771,17774
17772,17776
17773,17774
17773,17775
17773,18078
17774,17776
17775,17776
17775,18079
17776,17777
17776,17778
17776,17780
17776,18080
17777,17779
17778,17779
17778,17781
17779,17782
17780,17781
17780,18084
17781,17782
17781,18086
17782,17783
17782,18087
17783,17784
17783,17786
17783,18088
17784,17785
17784,17787
17785,17789
17786,17787
17786,17788
17786,18093
17787,17789
17788,17789
17788,18094
17789,17790
17789,17792
17789,18095
17790,17791
17790,17793
17791,17795
17792,17793
17792,17794
17792,18099
17793,17795
17794,17795
17794,18100
17795,17796
17795,17797
17795,17799
17795,18101
17796,17798
17797,17798
17797,17800
17798,17801
17799,17800
17799,18106
17800,17801
17800,18108
17801,17802
17801,18109
17802,17803
17802,17805
17802,18111
17803,17804
17803,17806
17804,17808
17805,17806
17805,17807
17805,18115
17806,17808
17807,17808
17807,18116
17808,17809
17808,17810
17808,17812
17808,18117
17809,17811
17810,17811
17810,17813
17811,17814
17812,17813
17812,18121
17813,17814
17813,18123
17814,17815
17814,18124
17815,17816
17815,17818
17815,18125
17816,17817
17816,17819
17817,17821
17818,17819
17818,17820
17818,18130
17819,17821
17820,17821
17820,18131
17821,17822
17821,17823
17821,17825
17821,18132
17822,17824
17823,17824
17823,17826
17824,17827
17825,17826
17825,18136
17826,17827
17826,18138
17827,17828
17827,17829
17827,17831
17827,18139
17828,17830
17829,17830
17829,17832
17830,17833
17831,17832
17831,18143
17832,17833
17832,18145
17833,17834
17833,18146
17834,17835
17834,17837
17834,18148
17835,17836
17835,17838
17836,17840
17837,17838
17837,17839
17837,18152
17838,17840
17839,17840
17839,18153
17840,17841
17840,17842
17840,17844
17840,18154
17841,17843
17842,17843
17842,17845
17843,17846
17844,17845
17844,18158
17845,17846
17845,18160
17846,17847
17846,18161
17847,17848
17847,17850
17847,18162
17848,17849
17848,17851
17849,17853
17850,17851
17850,17852
17850,18167
17851,17853
17852,17853
17852,18168
17853,17854
17853,17855
17853,17857
17853,18169
17854,17856
17855,17856
17855,17858
17856,17859
17857,17858
17857,18173
17858,17859
17858,18175
17859,17860
17859,17862
17859,18176
17860,17861
17860,17863
17861,17864
17862,17863
17862,18180
17863,17864
17863,17865
17863,18182
17864,17866
17865,17866
17865,18183
17866,17867
17866,17869
17866,18184
17867,17868
17867,17870
17868,17872
17869,17870
17869,17871
17869,18188
17870,17872
17871,17872
17871,18189
17872,17873
17872,17874
17872,17876
17872,18190
17873,17875
17874,17875
17874,17877
17875,17878
17876,17877
17876,18195
17877,17878
17877,18197
17878,17879
17878,18198
17879,17880
17879,17882
17879,18200
17880,17881
17880,17883
17881,17885
17882,17883
17882,17884
17882,18204
17883,17885
17884,17885
17884,18205
17885,17886
17885,17887
17885,17889
17885,18206
17886,17888
17887,17888
17887,17890
17888,17891
17889,17890
17889,18210
17890,17891
17890,18212
17891,17892
17891,18213
17892,17893
17892,17895
17892,18214
17893,17894
17893,17896
17894,17898
17895,17896
17895,17897
17895,18219
17896,17898
17897,17898
17897,18220
17898,17899
17898,17900
17898,17902
17898,18221
17899,17901
17900,17901
17900,17903
17901,17904
17902,17903
17902,18225
17903,17904
17903,18227
17904,17905
17904,17906
17904,17908
17904,18228
17905,17907
17906,17907
17906,17909
17907,17910
17908,17909
17908,18232
17909,17910
17909,18234
17910,17911
17910,18235
17911,17912
17911,17914
17911,18237
17912,17913
17912,17915
17913,17917
17914,17915
17914,17916
17914,18241
17915,17917
17916,17917
17916,18242
17917,17918
17917,17919
17917,17921
17917,18243
17918,17920
17919,17920
17919,17922
17920,17923
17921,17922
17921,18247
17922,17923
17922,18249
17923,17924
17923,18250
17924,17925
17924,17927
17924,18251
17925,17926
17925,17928
17926,17930
17927,17928
17927,17929
17927,18256
17928,17930
17929,17930
17929,18257
17930,17931
17930,17932
17930,17934
17930,18258
17931,17933
17932,17933
17932,17935
17933,17936
17934,17935
17934,18262
17935,17936
17935,18264
17936,17937
17936,17939
17936,18265
17937,17938
17937,17940
17938,17941
17939,17940
17939,18269
17940,17941
17940,17942
17940,18271
17941,17943
17942,17943
17942,18272
17943,17944
17943,17946
17943,18273
17944,17945
17944,17947
17945,17949
17946,17947
17946,17948
17946,18277
17947,17949
17948,17949
17948,18278
17949,17950
17949,17951
17949,17953
17949,18279
17950,17952
17951,17952
17951,17954
17952,17955
17953,17954
17953,18284
17954,17955
17954,18286
17955,17956
17955,18287
17956,17957
17956,17959
17956,18289
17957,17958
17957,17960
17958,17962
17959,17960
17959,17961
17959,18293
17960,17962
17961,17962
17961,18294
17962,17963
17962,17964
17962,17966
17962,18295
17963,17965
17964,17965
17964,17967
17965,17968
17966,17967
17966,18299
17967,17968
17967,18301
17968,17969
17968,18302
17969,17970
17969,17972
17969,18303
17970,17971
17970,17973
17971,17975
17972,17973
17972,17974
17972,18308
17973,17975
17974,17975
17974,18309
17975,17976
17975,17978
17975,18310
17976,17977
17976,17979
17977,17981
17978,17979
17978,17980
17978,18314
17979,17981
17980,17981
17980,18315
17981,17982
17981,17983
17981,17985
17981,18316
17982,17984
17983,17984
17983,17986
17984,17987
17985,17986
17985,18321
17986,17987
17986,18323
17987,17988
17987,18324
17988,17989
17988,17991
17988,18326
17989,17990
17989,17992
17990,17994
17991,17992
17991,17993
17991,18330
17992,17994
17993,17994
17993,18331
17994,17995
17994,17996
17994,17998
17994,18332
17995,17997
17996,17997
17996,17999
17997,18000
17998,17999
17998,18336
17999,18000
17999,18338
18000,18001
18000,18339
18001,18002
18001,18004
18001,18340
18002,18003
18002,18005
18003,18007
18004,18005
18004,18006
18004,18345
18005,18007
18006,18007
18006,18346
18007,18008
18007,18009
18007,18011
18007,18347
18008,18010
18009,18010
18009,18012
18010,18013
18011,18012
18011,18351
18012,18013
18012,18353
18013,18014
18013,18016
18013,18354
18014,18015
18014,18017
18015,18018
18016,18017
18016,18358
18017,18018
18017,18019
18017,18360
18018,18020
18019,18020
18019,18361
18020,18021
18020,18023
18020,18362
18021,18022
18021,18024
18022,18026
18023,18024
18023,18025
18023,18366
18024,18026
18025,18026
18025,18367
18026,18027
18026,18028
18026,18030
18026,18368
18027,18029
18028,18029
18028,18031
18029,18032
18030,18031
18030,18373
18031,18032
18031,18375
18032,18033
18032,18376
18033,18034
18033,18036
18033,18377
18034,18035
18034,18037
18035,18039
18036,18037
18036,18038
18036,18382
18037,18039
18038,18039
18038,18383
18039,18040
18039,18041
18039,18043
18039,18384
18040,18042
18041,18042
18041,18044
18042,18045
18043,18044
18043,18388
18044,18045
18044,18390
18045,18046
18045,18048
18045,18391
18046,18047
18046,18049
18047,18050
18048,18049
18048,18395
18049,18050
18049,18051
18049,18397
18050,18052
18051,18052
18051,18398
18052,18053
18052,18399
18053,18054
18055,18056
18056,18057
18057,18058
18057,18060
18058,18059
18058,18061
18059,18062
18060,18061
18060,18400
18061,18062
18061,18065
18061,18401
18062,18063
18062,18066
18063,18064
18063,18068
18064,18069
18065,18066
18065,18067
18065,18402
18066,18068
18067,18068
18067,18403
18068,18069
18068,18070
18068,18404
18069,18071
18070,18071
18070,18075
18070,18405
18071,18072
18071,18073
18071,18076
18072,18074
18073,18074
18073,18077
18074,18078
18075,18076
18075,18409
18076,18077
18076,18410
18077,18078
18077,18081
18077,18412
18078,18079
18078,18082
18079,18080
18079,18083
18080,18084
18081,18082
18081,18415
18082,18083
18082,18416
18083,18084
18083,18085
18083,18418
18084,18086
18085,18086
18085,18089
18085,18419
18086,18087
18086,18090
18087,18088
18087,18091
18088,18093
18089,18090
18089,18422
18090,18091
18090,18092
18090,18423
18091,18093
18092,18093
18092,18096
18092,18424
18093,18094
18093,18097
18094,18095
18094,18098
18095,18099
18096,18097
18096,18428
18097,18098
18097,18429
18098,18099
18098,18102
18098,18431
18099,18100
18099,18103
18100,18101
18100,18105
18101,18106
18102,18103
18102,18104
18102,18434
18103,18105
18104,18105
18104,18435
18105,18106
18105,18107
18105,18436
18106,18108
18107,18108
18107,18112
18107,18437
18108,18109
18108,18110
18108,18113
18109,18111
18110,18111
18110,18114
18111,18115
18112,18113
18112,18441
18113,18114
18113,18442
18114,18115
18114,18118
18114,18444
18115,18116
18115,18119
18116,18117
18116,18120
18117,18121
18118,18119
18118,18447
18119,18120
18119,18448
18120,18121
18120,18122
18120,18450
18121,18123
18122,18123
18122,18126
18122,18451
18123,18124
18123,18127
18124,18125
18124,18128
18125,18130
18126,18127
18126,18454
18127,18128
18127,18129
18127,18455
18128,18130
18129,18130
18129,18133
18129,18456
18130,18131
18130,18134
18131,18132
18131,18135
18132,18136
18133,18134
18133,18460
18134,18135
18134,18461
18135,18136
18135,18137
18135,18140
18135,18463
18136,18138
18137,18138
18137,18141
18138,18139
18138,18142
18139,18143
18140,18141
18140,18466
18141,18142
18141,18467
18142,18143
18142,18144
18142,18468
18143,18145
18144,18145
18144,18149
18144,18469
18145,18146
18145,18147
18145,18150
18146,18148
18147,18148
18147,18151
18148,18152
18149,18150
18149,18473
18150,18151
18150,18474
18151,18152
18151,18155
18151,18476
18152,18153
18152,18156
18153,18154
18153,18157
18154,18158
18155,18156
18155,18479
18156,18157
18156,18480
18157,18158
18157,18159
18157,18482
18158,18160
18159,18160
18159,18163
18159,18483
18160,18161
18160,18164
18161,18162
18161,18165
18162,18167
18163,18164
18163,18486
18164,18165
18164,18166
18164,18487
18165,18167
18166,18167
18166,18170
18166,18488
18167,18168
18167,18171
18168,18169
18168,18172
18169,18173
18170,18171
18170,18492
18171,18172
18171,18493
18172,18173
18172,18174
18172,18177
18172,18495
18173,18175
18174,18175
18174,18178
18175,18176
18175,18179
18176,18180
18177,18178
18177,18498
18178,18179
18178,18499
18179,18180
18179,18181
18179,18500
18180,18182
18181,18182
18181,18185
18181,18501
18182,18183
18182,18186
18183,18184
18183,18187
18184,18188
18185,18186
18185,18505
18186,18187
18186,18506
18187,18188
18187,18191
18187,18508
18188,18189
18188,18192
18189,18190
18189,18194
18190,18195
18191,18192
18191,18193
18191,18511
18192,18194
18193,18194
18193,18512
18194,18195
18194,18196
18194,18513
18195,18197
18196,18197
18196,18201
18196,18514
18197,18198
18197,18199
18197,18202
18198,18200
18199,18200
18199,18203
18200,18204
18201,18202
18201,18518
18202,18203
18202,18519
18203,18204
18203,18207
18203,18521
18204,18205
18204,18208
18205,18206
18205,18209
18206,18210
18207,18208
18207,18524
18208,18209
18208,18525
18209,18210
18209,18211
18209,18527
18210,18212
18211,18212
18211,18215
18211,18528
18212,18213
18212,18216
18213,18214
18213,18217
18214,18219
18215,18216
18215,18531
18216,18217
18216,18218
18216,18532
18217,18219
18218,18219
18218,18222
18218,18533
18219,18220
18219,18223
18220,18221
18220,18224
18221,18225
18222,18223
18222,18537
18223,18224
18223,18538
18224,18225
18224,18226
18224,18229
18224,18540
18225,18227
18226,18227
18226,18230
18227,18228
18227,18231
18228,18232
18229,18230
18229,18543
18230,18231
18230,18544
18231,18232
18231,18233
18231,18545
18232,18234
18233,18234
18233,18238
18233,18546
18234,18235
18234,18236
18234,18239
18235,18237
18236,18237
18236,18240
18237,18241
18238,18239
18238,18550
18239,18240
18239,18551
18240,18241
18240,18244
18240,18553
18241,18242
18241,18245
18242,18243
18242,18246
18243,18247
18244,18245
18244,18556
18245,18246
18245,18557
18246,18247
18246,18248
18246,18559
18247,18249
18248,18249
18248,18252
18248,18560
18249,18250
18249,18253
18250,18251
18250,18254
18251,18256
18252,18253
18252,18563
18253,18254
18253,18255
18253,18564
18254,18256
18255,18256
18255,18259
18255,18565
18256,18257
18256,18260
18257,18258
18257,18261
18258,18262
18259,18260
18259,18569
18260,18261
18260,18570
18261,18262
18261,18263
18261,18266
18261,18572
18262,18264
18263,18264
18263,18267
18264,18265
18264,18268
18265,18269
18266,18267
18266,18575
18267,18268
18267,18576
18268,18269
18268,18270
18268,18577
18269,18271
18270,18271
18270,18274
18270,18578
18271,18272
18271,18275
18272,18273
18272,18276
18273,18277
18274,18275
18274,18582
18275,18276
18275,18583
18276,18277
18276,18280
18276,18585
18277,18278
18277,18281
18278,18279
18278,18283
18279,18284
18280,18281
18280,18282
18280,18588
18281,18283
18282,18283
18282,18589
18283,18284
18283,18285
18283,18590
18284,18286
18285,18286
18285,18290
18285,18591
18286,18287
18286,18288
18286,18291
18287,18289
18288,18289
18288,18292
18289,18293
18290,18291
18290,18595
18291,18292
18291,18596
18292,18293
18292,18296
18292,18598
18293,18294
18293,18297
18294,18295
18294,18298
18295,18299
18296,18297
18296,18601
18297,18298
18297,18602
18298,18299
18298,18300
18298,18604
18299,18301
18300,18301
18300,18304
18300,18605
18301,18302
18301,18305
18302,18303
18302,18306
18303,18308
18304,18305
18304,18608
18305,18306
18305,18307
18305,18609
18306,18308
18307,18308
18307,18311
18307,18610
18308,18309
18308,18312
18309,18310
18309,18313
18310,18314
18311,18312
18311,18614
18312,18313
18312,18615
18313,18314
18313,18317
18313,18617
18314,18315
18314,18318
18315,18316
18315,18320
18316,18321
18317,18318
18317,18319
18317,18620
18318,18320
18319,18320
18319,18621
18320,18321
18320,18322
18320,18622
18321,18323
18322,18323
18322,18327
18322,18623
18323,18324
18323,18325
18323,18328
18324,18326
18325,18326
18325,18329
18326,18330
18327,18328
18327,18627
18328,18329
18328,18628
18329,18330
18329,18333
18329,18630
18330,18331
18330,18334
18331,18332
18331,18335
18332,18336
18333,18334
18333,18633
18334,18335
18334,18634
18335,18336
18335,18337
18335,18636
18336,18338
18337,18338
18337,18341
18337,18637
18338,18339
18338,18342
18339,18340
18339,18343
18340,18345
18341,18342
18341,18640
18342,18343
18342,18344
18342,18641
18343,18345
18344,18345
18344,18348
18344,18642
18345,18346
18345,18349
18346,18347
18346,18350
18347,18351
18348,18349
18348,18646
18349,18350
18349,18647
18350,18351
18350,18352
18350,18355
18350,18649
18351,18353
18352,18353
18352,18356
18353,18354
18353,18357
18354,18358
18355,18356
18355,18652
18356,18357
18356,18653
18357,18358
18357,18359
18357,18654
18358,18360
18359,18360
18359,18363
18359,18655
18360,18361
18360,18364
18361,18362
18361,18365
18362,18366
18363,18364
18363,18659
18364,18365
18364,18660
18365,18366
18365,18369
18365,18662
18366,18367
18366,18370
18367,18368
18367,18372
18368,18373
18369,18370
18369,18371
18369,18665
18370,18372
18371,18372
18371,18666
18372,18373
18372,18374
18372,18667
18373,18375
18374,18375
18374,18378
18374,18668
18375,18376
18375,18379
18376,18377
18376,18380
18377,18382
18378,18379
18378,18672
18379,18380
18379,18381
18379,18673
18380,18382
18381,18382
18381,18385
18381,18674
18382,18383
18382,18386
18383,18384
18383,18387
18384,18388
18385,18386
18385,18678
18386,18387
18386,18679
18387,18388
18387,18389
18387,18392
18387,18681
18388,18390
18389,18390
18389,18393
18390,18391
18390,18394
18391,18395
18392,18393
18392,18684
18393,18394
18393,18685
18394,18395
18394,18396
18394,18686
18395,18397
18396,18397
18396,18687
18397,18398
18398,18399
18400,18401
18401,18402
18402,18403
18402,18688
18403,18404
18403,18406
18403,18689
18404,18405
18404,18407
18405,18409
18406,18407
18406,18408
18406,18691
18407,18409
18408,18409
18408,18692
18409,18410
18409,18411
18409,18413
18409,18693
18410,18412
18411,18412
18411,18414
18412,18415
18413,18414
18413,18696
18414,18415
18414,18698
18415,18416
18415,18417
18415,18699
18416,18418
18417,18418
18417,18420
18417,18700
18418,18419
18418,18421
18419,18422
18420,18421
18420,18705
18421,18422
18421,18706
18422,18423
18422,18425
18422,18708
18423,18424
18423,18426
18424,18428
18425,18426
18425,18427
18425,18712
18426,18428
18427,18428
18427,18713
18428,18429
18428,18430
18428,18432
18428,18714
18429,18431
18430,18431
18430,18433
18431,18434
18432,18433
18432,18718
18433,18434
18433,18720
18434,18435
18434,18721
18435,18436
18435,18438
18435,18722
18436,18437
18436,18439
18437,18441
18438,18439
18438,18440
18438,18727
18439,18441
18440,18441
18440,18728
18441,18442
18441,18443
18441,18445
18441,18729
18442,18444
18443,18444
18443,18446
18444,18447
18445,18446
18445,18733
18446,18447
18446,18735
18447,18448
18447,18449
18447,18736
18448,18450
18449,18450
18449,18452
18449,18737
18450,18451
18450,18453
18451,18454
18452,18453
18452,18742
18453,18454
18453,18743
18454,18455
18454,18457
18454,18745
18455,18456
18455,18458
18456,18460
18457,18458
18457,18459
18457,18749
18458,18460
18459,18460
18459,18750
18460,18461
18460,18462
18460,18464
18460,18751
18461,18463
18462,18463
18462,18465
18463,18466
18464,18465
18464,18755
18465,18466
18465,18757
18466,18467
18466,18758
18467,18468
18467,18470
18467,18760
18468,18469
18468,18471
18469,18473
18470,18471
18470,18472
18470,18764
18471,18473
18472,18473
18472,18765
18473,18474
18473,18475
18473,18477
18473,18766
18474,18476
18475,18476
18475,18478
18476,18479
18477,18478
18477,18770
18478,18479
18478,18772
18479,18480
18479,18481
18479,18773
18480,18482
18481,18482
18481,18484
18481,18774
18482,18483
18482,18485
18483,18486
18484,18485
18484,18779
18485,18486
18485,18780
18486,18487
18486,18489
18486,18782
18487,18488
18487,18490
18488,18492
18489,18490
18489,18491
18489,18786
18490,18492
18491,18492
18491,18787
18492,18493
18492,18494
18492,18496
18492,18788
18493,18495
18494,18495
18494,18497
18495,18498
18496,18497
18496,18792
18497,18498
18497,18794
18498,18499
18498,18795
18499,18500
18499,18502
18499,18797
18500,18501
18500,18503
18501,18505
18502,18503
18502,18504
18502,18801
18503,18505
18504,18505
18504,18802
18505,18506
18505,18507
18505,18509
18505,18803
18506,18508
18507,18508
18507,18510
18508,18511
18509,18510
18509,18807
18510,18511
18510,18809
18511,18512
18511,18810
18512,18513
18512,18515
18512,18811
18513,18514
18513,18516
18514,18518
18515,18516
18515,18517
18515,18816
18516,18518
18517,18518
18517,18817
18518,18519
18518,18520
18518,18522
18518,18818
18519,18521
18520,18521
18520,18523
18521,18524
18522,18523
18522,18822
18523,18524
18523,18824
18524,18525
18524,18526
18524,18825
18525,18527
18526,18527
18526,18529
18526,18826
18527,18528
18527,18530
18528,18531
18529,18530
18529,18831
18530,18531
18530,18832
18531,18532
18531,18534
18531,18834
18532,18533
18532,18535
18533,18537
18534,18535
18534,18536
18534,18838
18535,18537
18536,18537
18536,18839
18537,18538
18537,18539
18537,18541
18537,18840
18538,18540
18539,18540
18539,18542
18540,18543
18541,18542
18541,18844
18542,18543
18542,18846
18543,18544
18543,18847
18544,18545
18544,18547
18544,18849
18545,18546
18545,18548
18546,18550
18547,18548
18547,18549
18547,18853
18548,18550
18549,18550
18549,18854
18550,18551
18550,18552
18550,18554
18550,18855
18551,18553
18552,18553
18552,18555
18553,18556
18554,18555
18554,18859
18555,18556
18555,18861
18556,18557
18556,18558
18556,18862
18557,18559
18558,18559
18558,18561
18558,18863
18559,18560
18559,18562
18560,18563
18561,18562
18561,18868
18562,18563
18562,18869
18563,18564
18563,18566
18563,18871
18564,18565
18564,18567
18565,18569
18566,18567
18566,18568
18566,18875
18567,18569
18568,18569
18568,18876
18569,18570
18569,18571
18569,18573
18569,18877
18570,18572
18571,18572
18571,18574
18572,18575
18573,18574
18573,18881
18574,18575
18574,18883
18575,18576
18575,18884
18576,18577
18576,18579
18576,18886
18577,18578
18577,18580
18578,18582
18579,18580
18579,18581
18579,18890
18580,18582
18581,18582
18581,18891
18582,18583
18582,18584
18582,18586
18582,18892
18583,18585
18584,18585
18584,18587
18585,18588
18586,18587
18586,18896
18587,18588
18587,18898
18588,18589
18588,18899
18589,18590
18589,18592
18589,18900
18590,18591
18590,18593
18591,18595
18592,18593
18592,18594
18592,18905
18593,18595
18594,18595
18594,18906
18595,18596
18595,18597
18595,18599
18595,18907
18596,18598
18597,18598
18597,18600
18598,18601
18599,18600
18599,18911
18600,18601
18600,18913
18601,18602
18601,18603
18601,18914
18602,18604
18603,18604
18603,18606
18603,18915
18604,18605
18604,18607
18605,18608
18606,18607
18606,18920
18607,18608
18607,18921
18608,18609
18608,18611
18608,18923
18609,18610
18609,18612
18610,18614
18611,18612
18611,18613
18611,18927
18612,18614
18613,18614
18613,18928
18614,18615
18614,18616
18614,18618
18614,18929
18615,18617
18616,18617
18616,18619
18617,18620
18618,18619
18618,18933
18619,18620
18619,18935
18620,18621
18620,18936
18621,18622
18621,18624
18621,18937
18622,18623
18622,18625
18623,18627
18624,18625
18624,18626
18624,18942
18625,18627
18626,18627
18626,18943
18627,18628
18627,18629
18627,18631
18627,18944
18628,18630
18629,18630
18629,18632
18630,18633
18631,18632
18631,18948
18632,18633
18632,18950
18633,18634
18633,18635
18633,18951
18634,18636
18635,18636
18635,18638
18635,18952
18636,18637
18636,18639
18637,18640
18638,18639
18638,18957
18639,18640
18639,18958
18640,18641
18640,18643
18640,18960
18641,18642
18641,18644
18642,18646
18643,18644
18643,18645
18643,18964
18644,18646
18645,18646
18645,18965
18646,18647
18646,18648
18646,18650
18646,18966
18647,18649
18648,18649
18648,18651
18649,18652
18650,18651
18650,18970
18651,18652
18651,18972
18652,18653
18652,18973
18653,18654
18653,18656
18653,18975
18654,18655
18654,18657
18655,18659
18656,18657
18656,18658
18656,18979
18657,18659
18658,18659
18658,18980
18659,18660
18659,18661
18659,18663
18659,18981
18660,18662
18661,18662
18661,18664
18662,18665
18663,18664
18663,18985
18664,18665
18664,18987
18665,18666
18665,18988
18666,18667
18666,18669
18666,18989
18667,18668
18667,18670
18668,18672
18669,18670
18669,18671
18669,18994
18670,18672
18671,18672
18671,18995
18672,18673
18672,18675
18672,18996
18673,18674
18673,18676
18674,18678
18675,18676
18675,18677
18675,19000
18676,18678
18677,18678
18677,19001
18678,18679
18678,18680
18678,18682
18678,19002
18679,18681
18680,18681
18680,18683
18681,18684
18682,18683
18682,19007
18683,18684
18683,19009
18684,18685
18684,19010
18685,18686
18685,19012
18686,18687
18688,18689
18688,18690
18689,18691
18690,18691
18691,18692
18691,18694
18692,18693
18692,18695
18693,18696
18694,18695
18694,19013
18695,18696
18695,18697
18695,19014
18696,18698
18697,18698
18697,18701
18697,19015
18698,18699
18698,18702
18699,18700
18699,18703
18700,18705
18701,18702
18701,19017
18702,18703
18702,18704
18702,19018
18703,18705
18704,18705
18704,18709
18704,19019
18705,18706
18705,18707
18705,18710
18706,18708
18707,18708
18707,18711
18708,18712
18709,18710
18709,19023
18710,18711
18710,19024
18711,18712
18711,18715
18711,19026
18712,18713
18712,18716
18713,18714
18713,18717
18714,18718
18715,18716
18715,19029
18716,18717
18716,19030
18717,18718
18717,18719
18717,19032
18718,18720
18719,18720
18719,18723
18719,19033
18720,18721
18720,18724
18721,18722
18721,18725
18722,18727
18723,18724
18723,19036
18724,18725
18724,18726
18724,19037
18725,18727
18726,18727
18726,18730
18726,19038
18727,18728
18727,18731
18728,18729
18728,18732
18729,18733
18730,18731
18730,19042
18731,18732
18731,19043
18732,18733
18732,18734
18732,19045
18733,18735
18734,18735
18734,18738
18734,19046
18735,18736
18735,18739
18736,18737
18736,18740
18737,18742
18738,18739
18738,19049
18739,18740
18739,18741
18739,19050
18740,18742
18741,18742
18741,18746
18741,19051
18742,18743
18742,18744
18742,18747
18743,18745
18744,18745
18744,18748
18745,18749
18746,18747
18746,19055
18747,18748
18747,19056
18748,18749
18748,18752
18748,19058
18749,18750
18749,18753
18750,18751
18750,18754
18751,18755
18752,18753
18752,19061
18753,18754
18753,19062
18754,18755
18754,18756
18754,19064
18755,18757
18756,18757
18756,18761
18756,19065
18757,18758
18757,18759
18757,18762
18758,18760
18759,18760
18759,18763
18760,18764
18761,18762
18761,19068
18762,18763
18762,19069
18763,18764
18763,18767
18763,19071
18764,18765
18764,18768
18765,18766
18765,18769
18766,18770
18767,18768
18767,19074
18768,18769
18768,19075
18769,18770
18769,18771
18769,19077
18770,18772
18771,18772
18771,18775
18771,19078
18772,18773
18772,18776
18773,18774
18773,18777
18774,18779
18775,18776
18775,19081
18776,18777
18776,18778
18776,19082
18777,18779
18778,18779
18778,18783
18778,19083
18779,18780
18779,18781
18779,18784
18780,18782
18781,18782
18781,18785
18782,18786
18783,18784
18783,19087
18784,18785
18784,19088
18785,18786
18785,18789
18785,19090
18786,18787
18786,18790
18787,18788
18787,18791
18788,18792
18789,18790
18789,19093
18790,18791
18790,19094
18791,18792
18791,18793
18791,19096
18792,18794
18793,18794
18793,18798
18793,19097
18794,18795
18794,18796
18794,18799
18795,18797
18796,18797
18796,18800
18797,18801
18798,18799
18798,19100
18799,18800
18799,19101
18800,18801
18800,18804
18800,19103
18801,18802
18801,18805
18802,18803
18802,18806
18803,18807
18804,18805
18804,19106
18805,18806
18805,19107
18806,18807
18806,18808
18806,19109
18807,18809
18808,18809
18808,18812
18808,19110
18809,18810
18809,18813
18810,18811
18810,18814
18811,18816
18812,18813
18812,19113
18813,18814
18813,18815
18813,19114
18814,18816
18815,18816
18815,18819
18815,19115
18816,18817
18816,18820
18817,18818
18817,18821
18818,18822
18819,18820
18819,19119
18820,18821
18820,19120
18821,18822
18821,18823
18821,19122
18822,18824
18823,18824
18823,18827
18823,19123
18824,18825
18824,18828
18825,18826
18825,18829
18826,18831
18827,18828
18827,19126
18828,18829
18828,18830
18828,19127
18829,18831
18830,18831
18830,18835
18830,19128
18831,18832
18831,18833
18831,18836
18832,18834
18833,18834
18833,18837
18834,18838
18835,18836
18835,19132
18836,18837
18836,19133
18837,18838
18837,18841
18837,19135
18838,18839
18838,18842
18839,18840
18839,18843
18840,18844
18841,18842
18841,19138
18842,18843
18842,19139
18843,18844
18843,18845
18843,19141
18844,18846
18845,18846
18845,18850
18845,19142
18846,18847
18846,18848
18846,18851
18847,18849
18848,18849
18848,18852
18849,18853
18850,18851
18850,19145
18851,18852
18851,19146
18852,18853
18852,18856
18852,19148
18853,18854
18853,18857
18854,18855
18854,18858
18855,18859
18856,18857
18856,19151
18857,18858
18857,19152
18858,18859
18858,18860
18858,19154
18859,18861
18860,18861
18860,18864
18860,19155
18861,18862
18861,18865
18862,18863
18862,18866
18863,18868
18864,18865
18864,19158
18865,18866
18865,18867
18865,19159
18866,18868
18867,18868
18867,18872
18867,19160
18868,18869
18868,18870
18868,18873
18869,18871
18870,18871
18870,18874
18871,18875
18872,18873
18872,19164
18873,18874
18873,19165
18874,18875
18874,18878
18874,19167
18875,18876
18875,18879
18876,18877
18876,18880
18877,18881
18878,18879
18878,19170
18879,18880
18879,19171
18880,18881
18880,18882
18880,19173
18881,18883
18882,18883
18882,18887
18882,19174
18883,18884
18883,18885
18883,18888
18884,18886
18885,18886
18885,18889
18886,18890
18887,18888
18887,19177
18888,18889
18888,19178
18889,18890
18889,18893
18889,19180
18890,18891
18890,18894
18891,18892
18891,18895
18892,18896
18893,18894
18893,19183
18894,18895
18894,19184
18895,18896
18895,18897
18895,19186
18896,18898
18897,18898
18897,18901
18897,19187
18898,18899
18898,18902
18899,18900
18899,18903
18900,18905
18901,18902
18901,19190
18902,18903
18902,18904
18902,19191
18903,18905
18904,18905
18904,18908
18904,19192
18905,18906
18905,18909
18906,18907
18906,18910
18907,18911
18908,18909
18908,19196
18909,18910
18909,19197
18910,18911
18910,18912
18910,19199
18911,18913
18912,18913
18912,18916
18912,19200
18913,18914
18913,18917
18914,18915
18914,18918
18915,18920
18916,18917
18916,19203
18917,18918
18917,18919
18917,19204
18918,18920
18919,18920
18919,18924
18919,19205
18920,18921
18920,18922
18920,18925
18921,18923
18922,18923
18922,18926
18923,18927
18924,18925
18924,19209
18925,18926
18925,19210
18926,18927
18926,18930
18926,19212
18927,18928
18927,18931
18928,18929
18928,18932
18929,18933
18930,18931
18930,19215
18931,18932
18931,19216
18932,18933
18932,18934
18932,19218
18933,18935
18934,18935
18934,18938
18934,19219
18935,18936
18935,18939
18936,18937
18936,18940
18937,18942
18938,18939
18938,19222
18939,18940
18939,18941
18939,19223
18940,18942
18941,18942
18941,18945
18941,19224
18942,18943
18942,18946
18943,18944
18943,18947
18944,18948
18945,18946
18945,19228
18946,18947
18946,19229
18947,18948
18947,18949
18947,19231
18948,18950
18949,18950
18949,18953
18949,19232
18950,18951
18950,18954
18951,18952
18951,18955
18952,18957
18953,18954
18953,19235
18954,18955
18954,18956
18954,19236
18955,18957
18956,18957
18956,18961
18956,19237
18957,18958
18957,18959
18957,18962
18958,18960
18959,18960
18959,18963
18960,18964
18961,18962
18961,19241
18962,18963
18962,19242
18963,18964
18963,18967
18963,19244
18964,18965
18964,18968
18965,18966
18965,18969
18966,18970
18967,18968
18967,19247
18968,18969
18968,19248
18969,18970
18969,18971
18969,19250
18970,18972
18971,18972
18971,18976
18971,19251
18972,18973
18972,18974
18972,18977
18973,18975
18974,18975
18974,18978
18975,18979
18976,18977
18976,19254
18977,18978
18977,19255
18978,18979
18978,18982
18978,19257
18979,18980
18979,18983
18980,18981
18980,18984
18981,18985
18982,18983
18982,19260
18983,18984
18983,19261
18984,18985
18984,18986
18984,19263
18985,18987
18986,18987
18986,18990
18986,19264
18987,18988
18987,18991
18988,18989
18988,18992
18989,18994
18990,18991
18990,19267
18991,18992
18991,18993
18991,19268
18992,18994
18993,18994
18993,18997
18993,19269
18994,18995
18994,18998
18995,18996
18995,18999
18996,19000
18997,18998
18997,19273
18998,18999
18998,19274
18999,19000
18999,19003
18999,19276
19000,19001
19000,19004
19001,19002
19001,19006
19002,19007
19003,19004
19003,19005
19003,19279
19004,19006
19005,19006
19005,19280
19006,19007
19006,19008
19006,19281
19007,19009
19008,19009
19008,19282
19009,19010
19009,19011
19010,19012
19011,19012
19013,19014
19014,19015
19014,19016
19015,19017
19016,19017
19016,19283
19017,19018
19017,19020
19017,19284
19018,19019
19018,19021
19019,19023
19020,19021
19020,19022
19020,19285
19021,19023
19022,19023
19022,19286
19023,19024
19023,19025
19023,19027
19023,19287
19024,19026
19025,19026
19025,19028
19026,19029
19027,19028
19027,19290
19028,19029
19028,19292
19029,19030
19029,19031
19029,19293
19030,19032
19031,19032
19031,19034
19031,19294
19032,19033
19032,19035
19033,19036
19034,19035
19034,19298
19035,19036
19035,19299
19036,19037
19036,19039
19036,19301
19037,19038
19037,19040
19038,19042
19039,19040
19039,19041
19039,19304
19040,19042
19041,19042
19041,19305
19042,19043
19042,19044
19042,19306
19043,19045
19044,19045
19044,19047
19044,19307
19045,19046
19045,19048
19046,19049
19047,19048
19047,19311
19048,19049
19048,19312
19049,19050
19049,19052
19049,19314
19050,19051
19050,19053
19051,19055
19052,19053
19052,19054
19052,19317
19053,19055
19054,19055
19054,19318
19055,19056
19055,19057
19055,19059
19055,19319
19056,19058
19057,19058
19057,19060
19058,19061
19059,19060
19059,19322
19060,19061
19060,19324
19061,19062
19061,19063
19061,19325
19062,19064
19063,19064
19063,19066
19063,19326
19064,19065
19064,19067
19065,19068
19066,19067
19066,19330
19067,19068
19067,19331
19068,19069
19068,19070
19068,19072
19068,19333
19069,19071
19070,19071
19070,19073
19071,19074
19072,19073
19072,19336
19073,19074
19073,19337
19074,19075
19074,19076
19074,19338
19075,19077
19076,19077
19076,19079
19076,19339
19077,19078
19077,19080
19078,19081
19079,19080
19079,19343
19080,19081
19080,19344
19081,19082
19081,19084
19081,19346
19082,19083
19082,19085
19083,19087
19084,19085
19084,19086
19084,19349
19085,19087
19086,19087
19086,19350
19087,19088
19087,19089
19087,19091
19087,19351
19088,19090
19089,19090
19089,19092
19090,19093
19091,19092
19091,19354
19092,19093
19092,19356
19093,19094
19093,19095
19093,19357
19094,19096
19095,19096
19095,19098
19095,19358
19096,19097
19096,19099
19097,19100
19098,19099
19098,19362
19099,19100
19099,19363
19100,19101
19100,19102
19100,19104
19100,19365
19101,19103
19102,19103
19102,19105
19103,19106
19104,19105
19104,19368
19105,19106
19105,19369
19106,19107
19106,19108
19106,19370
19107,19109
19108,19109
19108,19111
19108,19371
19109,19110
19109,19112
19110,19113
19111,19112
19111,19375
19112,19113
19112,19376
19113,19114
19113,19116
19113,19378
19114,19115
19114,19117
19115,19119
19116,19117
19116,19118
19116,19381
19117,19119
19118,19119
19118,19382
19119,19120
19119,19121
19119,19383
19120,19122
19121,19122
19121,19124
19121,19384
19122,19123
19122,19125
19123,19126
19124,19125
19124,19388
19125,19126
19125,19389
19126,19127
19126,19129
19126,19391
19127,19128
19127,19130
19128,19132
19129,19130
19129,19131
19129,19394
19130,19132
19131,19132
19131,19395
19132,19133
19132,19134
19132,19136
19132,19396
19133,19135
19134,19135
19134,19137
19135,19138
19136,19137
19136,19399
19137,19138
19137,19401
19138,19139
19138,19140
19138,19402
19139,19141
19140,19141
19140,19143
19140,19403
19141,19142
19141,19144
19142,19145
19143,19144
19143,19407
19144,19145
19144,19408
19145,19146
19145,19147
19145,19149
19145,19410
19146,19148
19147,19148
19147,19150
19148,19151
19149,19150
19149,19413
19150,19151
19150,19414
19151,19152
19151,19153
19151,19415
19152,19154
19153,19154
19153,19156
19153,19416
19154,19155
19154,19157
19155,19158
19156,19157
19156,19420
19157,19158
19157,19421
19158,19159
19158,19161
19158,19423
19159,19160
19159,19162
19160,19164
19161,19162
19161,19163
19161,19426
19162,19164
19163,19164
19163,19427
19164,19165
19164,19166
19164,19168
19164,19428
19165,19167
19166,19167
19166,19169
19167,19170
19168,19169
19168,19431
19169,19170
19169,19433
19170,19171
19170,19172
19170,19434
19171,19173
19172,19173
19172,19175
19172,19435
19173,19174
19173,19176
19174,19177
19175,19176
19175,19439
19176,19177
19176,19440
19177,19178
19177,19179
19177,19181
19177,19442
19178,19180
19179,19180
19179,19182
19180,19183
19181,19182
19181,19445
19182,19183
19182,19446
19183,19184
19183,19185
19183,19447
19184,19186
19185,19186
19185,19188
19185,19448
19186,19187
19186,19189
19187,19190
19188,19189
19188,19452
19189,19190
19189,19453
19190,19191
19190,19193
19190,19455
19191,19192
19191,19194
19192,19196
19193,19194
19193,19195
19193,19458
19194,19196
19195,19196
19195,19459
19196,19197
19196,19198
19196,19460
19197,19199
19198,19199
19198,19201
19198,19461
19199,19200
19199,19202
19200,19203
19201,19202
19201,19465
19202,19203
19202,19466
19203,19204
19203,19206
19203,19468
19204,19205
19204,19207
19205,19209
19206,19207
19206,19208
19206,19471
19207,19209
19208,19209
19208,19472
19209,19210
19209,19211
19209,19213
19209,19473
19210,19212
19211,19212
19211,19214
19212,19215
19213,19214
19213,19476
19214,19215
19214,19478
19215,19216
19215,19217
19215,19479
19216,19218
19217,19218
19217,19220
19217,19480
19218,19219
19218,19221
19219,19222
19220,19221
19220,19484
19221,19222
19221,19485
19222,19223
19222,19225
19222,19487
19223,19224
19223,19226
19224,19228
19225,19226
19225,19227
19225,19490
19226,19228
19227,19228
19227,19491
19228,19229
19228,19230
19228,19492
19229,19231
19230,19231
19230,19233
19230,19493
19231,19232
19231,19234
19232,19235
19233,19234
19233,19497
19234,19235
19234,19498
19235,19236
19235,19238
19235,19500
19236,19237
19236,19239
19237,19241
19238,19239
19238,19240
19238,19503
19239,19241
19240,19241
19240,19504
19241,19242
19241,19243
19241,19245
19241,19505
19242,19244
19243,19244
19243,19246
19244,19247
19245,19246
19245,19508
19246,19247
19246,19510
19247,19248
19247,19249
19247,19511
19248,19250
19249,19250
19249,19252
19249,19512
19250,19251
19250,19253
19251,19254
19252,19253
19252,19516
19253,19254
19253,19517
19254,19255
19254,19256
19254,19258
19254,19519
19255,19257
19256,19257
19256,19259
19257,19260
19258,19259
19258,19522
19259,19260
19259,19523
19260,19261
19260,19262
19260,19524
19261,19263
19262,19263
19262,19265
19262,19525
19263,19264
19263,19266
19264,19267
19265,19266
19265,19529
19266,19267
19266,19530
19267,19268
19267,19270
19267,19532
19268,19269
19268,19271
19269,19273
19270,19271
19270,19272
19270,19535
19271,19273
19272,19273
19272,19536
19273,19274
19273,19275
19273,19277
19273,19537
19274,19276
19275,19276
19275,19278
19276,19279
19277,19278
19277,19540
19278,19279
19278,19542
19279,19280
19279,19543
19280,19281
19280,19544
19281,19282
19283,19284
19284,19285
19285,19286
19285,19288
19285,19545
19286,19287
19286,19289
19287,19290
19288,19289
19288,19546
19289,19290
19289,19291
19289,19547
19290,19292
19291,19292
19291,19548
19292,19293
19292,19295
19292,19549
19293,19294
19293,19296
19294,19298
19295,19296
19295,19297
19295,19552
19296,19298
19297,19298
19297,19553
19298,19299
19298,19300
19298,19302
19298,19554
19299,19301
19300,19301
19300,19303
19301,19304
19302,19303
19302,19559
19303,19304
19303,19561
19304,19305
19304,19562
19305,19306
19305,19308
19305,19563
19306,19307
19306,19309
19307,19311
19308,19309
19308,19310
19308,19568
19309,19311
19310,19311
19310,19569
19311,19312
19311,19313
19311,19315
19311,19570
19312,19314
19313,19314
19313,19316
19314,19317
19315,19316
19315,19574
19316,19317
19316,19576
19317,19318
19317,19320
19317,19577
19318,19319
19318,19321
19319,19322
19320,19321
19320,19581
19321,19322
19321,19323
19321,19583
19322,19324
19323,19324
19323,19584
19324,19325
19324,19327
19324,19585
19325,19326
19325,19328
19326,19330
19327,19328
19327,19329
19327,19589
19328,19330
19329,19330
19329,19590
19330,19331
19330,19332
19330,19334
19330,19591
19331,19333
19332,19333
19332,19335
19333,19336
19334,19335
19334,19596
19335,19336
19335,19598
19336,19337
19336,19599
19337,19338
19337,19340
19337,19601
19338,19339
19338,19341
19339,19343
19340,19341
19340,19342
19340,19605
19341,19343
19342,19343
19342,19606
19343,19344
19343,19345
19343,19347
19343,19607
19344,19346
19345,19346
19345,19348
19346,19349
19347,19348
19347,19611
19348,19349
19348,19613
19349,19350
19349,19352
19349,19614
19350,19351
19350,19353
19351,19354
19352,19353
19352,19618
19353,19354
19353,19355
19353,19620
19354,19356
19355,19356
19355,19621
19356,19357
19356,19359
19356,19622
19357,19358
19357,19360
19358,19362
19359,19360
19359,19361
19359,19626
19360,19362
19361,19362
19361,19627
19362,19363
19362,19364
19362,19366
19362,19628
19363,19365
19364,19365
19364,19367
19365,19368
19366,19367
19366,19633
19367,19368
19367,19635
19368,19369
19368,19636
19369,19370
19369,19372
19369,19638
19370,19371
19370,19373
19371,19375
19372,19373
19372,19374
19372,19642
19373,19375
19374,19375
19374,19643
19375,19376
19375,19377
19375,19379
19375,19644
19376,19378
19377,19378
19377,19380
19378,19381
19379,19380
19379,19648
19380,19381
19380,19650
19381,19382
19381,19651
19382,19383
19382,19385
19382,19652
19383,19384
19383,19386
19384,19388
19385,19386
19385,19387
19385,19657
19386,19388
19387,19388
19387,19658
19388,19389
19388,19390
19388,19392
19388,19659
19389,19391
19390,19391
19390,19393
19391,19394
19392,19393
19392,19663
19393,19394
19393,19665
19394,19395
19394,19397
19394,19666
19395,19396
19395,19398
19396,19399
19397,19398
19397,19670
19398,19399
19398,19400
19398,19672
19399,19401
19400,19401
19400,19673
19401,19402
19401,19404
19401,19674
19402,19403
19402,19405
19403,19407
19404,19405
19404,19406
19404,19678
19405,19407
19406,19407
19406,19679
19407,19408
19407,19409
19407,19411
19407,19680
19408,19410
19409,19410
19409,19412
19410,19413
19411,19412
19411,19685
19412,19413
19412,19687
19413,19414
19413,19688
19414,19415
19414,19417
19414,19690
19415,19416
19415,19418
19416,19420
19417,19418
19417,19419
19417,19694
19418,19420
19419,19420
19419,19695
19420,19421
19420,19422
19420,19424
19420,19696
19421,19423
19422,19423
19422,19425
19423,19426
19424,19425
19424,19700
19425,19426
19425,19702
19426,19427
19426,19429
19426,19703
19427,19428
19427,19430
19428,19431
19429,19430
19429,19707
19430,19431
19430,19432
19430,19709
19431,19433
19432,19433
19432,19710
19433,19434
19433,19436
19433,19711
19434,19435
19434,19437
19435,19439
19436,19437
19436,19438
19436,19715
19437,19439
19438,19439
19438,19716
19439,19440
19439,19441
19439,19443
19439,19717
19440,19442
19441,19442
19441,19444
19442,19445
19443,19444
19443,19722
19444,19445
19444,19724
19445,19446
19445,19725
19446,19447
19446,19449
19446,19727
19447,19448
19447,19450
19448,19452
19449,19450
19449,19451
19449,19731
19450,19452
19451,19452
19451,19732
19452,19453
19452,19454
19452,19456
19452,19733
19453,19455
19454,19455
19454,19457
19455,19458
19456,19457
19456,19737
19457,19458
19457,19739
19458,19459
19458,19740
19459,19460
19459,19462
19459,19741
19460,19461
19460,19463
19461,19465
19462,19463
19462,19464
19462,19746
19463,19465
19464,19465
19464,19747
19465,19466
19465,19467
19465,19469
19465,19748
19466,19468
19467,19468
19467,19470
19468,19471
19469,19470
19469,19752
19470,19471
19470,19754
19471,19472
19471,19474
19471,19755
19472,19473
19472,19475
19473,19476
19474,19475
19474,19759
19475,19476
19475,19477
19475,19761
19476,19478
19477,19478
19477,19762
19478,19479
19478,19481
19478,19763
19479,19480
19479,19482
19480,19484
19481,19482
19481,19483
19481,19767
19482,19484
19483,19484
19483,19768
19484,19485
19484,19486
19484,19488
19484,19769
19485,19487
19486,19487
19486,19489
19487,19490
19488,19489
19488,19774
19489,19490
19489,19776
19490,19491
19490,19777
19491,19492
19491,19494
19491,19778
19492,19493
19492,19495
19493,19497
19494,19495
19494,19496
19494,19783
19495,19497
19496,19497
19496,19784
19497,19498
19497,19499
19497,19501
19497,19785
19498,19500
19499,19500
19499,19502
19500,19503
19501,19502
19501,19789
19502,19503
19502,19791
19503,19504
19503,19506
19503,19792
19504,19505
19504,19507
19505,19508
19506,19507
19506,19796
19507,19508
19507,19509
19507,19798
19508,19510
19509,19510
19509,19799
19510,19511
19510,19513
19510,19800
19511,19512
19511,19514
19512,19516
19513,19514
19513,19515
19513,19804
19514,19516
19515,19516
19515,19805
19516,19517
19516,19518
19516,19520
19516,19806
19517,19519
19518,19519
19518,19521
19519,19522
19520,19521
19520,19811
19521,19522
19521,19813
19522,19523
19522,19814
19523,19524
19523,19526
19523,19816
19524,19525
19524,19527
19525,19529
19526,19527
19526,19528
19526,19820
19527,19529
19528,19529
19528,19821
19529,19530
19529,19531
19529,19533
19529,19822
19530,19532
19531,19532
19531,19534
19532,19535
19533,19534
19533,19826
19534,19535
19534,19828
19535,19536
19535,19538
19535,19829
19536,19537
19536,19539
19537,19540
19538,19539
19538,19833
19539,19540
19539,19541
19539,19835
19540,19542
19541,19542
19541,19836
19542,19543
19542,19837
19543,19544
19545,19546
19546,19547
19547,19548
19547,19550
19548,19549
19548,19551
19549,19552
19550,19551
19550,19838
19551,19552
19551,19555
19551,19839
19552,19553
19552,19556
19553,19554
19553,19558
19554,19559
19555,19556
19555,19557
19555,19840
19556,19558
19557,19558
19557,19841
19558,19559
19558,19560
19558,19842
19559,19561
19560,19561
19560,19564
19560,19843
19561,19562
19561,19565
19562,19563
19562,19566
19563,19568
19564,19565
19564,19847
19565,19566
19565,19567
19565,19848
19566,19568
19567,19568
19567,19571
19567,19849
19568,19569
19568,19572
19569,19570
19569,19573
19570,19574
19571,19572
19571,19853
19572,19573
19572,19854
19573,19574
19573,19575
19573,19578
19573,19856
19574,19576
19575,19576
19575,19579
19576,19577
19576,19580
19577,19581
19578,19579
19578,19859
19579,19580
19579,19860
19580,19581
19580,19582
19580,19861
19581,19583
19582,19583
19582,19586
19582,19862
19583,19584
19583,19587
19584,19585
19584,19588
19585,19589
19586,19587
19586,19866
19587,19588
19587,19867
19588,19589
19588,19592
19588,19869
19589,19590
19589,19593
19590,19591
19590,19595
19591,19596
19592,19593
19592,19594
19592,19872
19593,19595
19594,19595
19594,19873
19595,19596
19595,19597
19595,19874
19596,19598
19597,19598
19597,19602
19597,19875
19598,19599
19598,19600
19598,19603
19599,19601
19600,19601
19600,19604
19601,19605
19602,19603
19602,19879
19603,19604
19603,19880
19604,19605
19604,19608
19604,19882
19605,19606
19605,19609
19606,19607
19606,19610
19607,19611
19608,19609
19608,19885
19609,19610
19609,19886
19610,19611
19610,19612
19610,19615
19610,19888
19611,19613
19612,19613
19612,19616
19613,19614
19613,19617
19614,19618
19615,19616
19615,19891
19616,19617
19616,19892
19617,19618
19617,19619
19617,19893
19618,19620
19619,19620
19619,19623
19619,19894
19620,19621
19620,19624
19621,19622
19621,19625
19622,19626
19623,19624
19623,19898
19624,19625
19624,19899
19625,19626
19625,19629
19625,19901
19626,19627
19626,19630
19627,19628
19627,19632
19628,19633
19629,19630
19629,19631
19629,19904
19630,19632
19631,19632
19631,19905
19632,19633
19632,19634
19632,19906
19633,19635
19634,19635
19634,19639
19634,19907
19635,19636
19635,19637
19635,19640
19636,19638
19637,19638
19637,19641
19638,19642
19639,19640
19639,19911
19640,19641
19640,19912
19641,19642
19641,19645
19641,19914
19642,19643
19642,19646
19643,19644
19643,19647
19644,19648
19645,19646
19645,19917
19646,19647
19646,19918
19647,19648
19647,19649
19647,19920
19648,19650
19649,19650
19649,19653
19649,19921
19650,19651
19650,19654
19651,19652
19651,19655
19652,19657
19653,19654
19653,19924
19654,19655
19654,19656
19654,19925
19655,19657
19656,19657
19656,19660
19656,19926
19657,19658
19657,19661
19658,19659
19658,19662
19659,19663
19660,19661
19660,19930
19661,19662
19661,19931
19662,19663
19662,19664
19662,19667
19662,19933
19663,19665
19664,19665
19664,19668
19665,19666
19665,19669
19666,19670
19667,19668
19667,19936
19668,19669
19668,19937
19669,19670
19669,19671
19669,19938
19670,19672
19671,19672
19671,19675
19671,19939
19672,19673
19672,19676
19673,19674
19673,19677
19674,19678
19675,19676
19675,19943
19676,19677
19676,19944
19677,19678
19677,19681
19677,19946
19678,19679
19678,19682
19679,19680
19679,19684
19680,19685
19681,19682
19681,19683
19681,19949
19682,19684
19683,19684
19683,19950
19684,19685
19684,19686
19684,19951
19685,19687
19686,19687
19686,19691
19686,19952
19687,19688
19687,19689
19687,19692
19688,19690
19689,19690
19689,19693
19690,19694
19691,19692
19691,19956
19692,19693
19692,19957
19693,19694
19693,19697
19693,19959
19694,19695
19694,19698
19695,19696
19695,19699
19696,19700
19697,19698
19697,19962
19698,19699
19698,19963
19699,19700
19699,19701
19699,19704
19699,19965
19700,19702
19701,19702
19701,19705
19702,19703
19702,19706
19703,19707
19704,19705
19704,19968
19705,19706
19705,19969
19706,19707
19706,19708
19706,19970
19707,19709
19708,19709
19708,19712
19708,19971
19709,19710
19709,19713
19710,19711
19710,19714
19711,19715
19712,19713
19712,19975
19713,19714
19713,19976
19714,19715
19714,19718
19714,19978
19715,19716
19715,19719
19716,19717
19716,19721
19717,19722
19718,19719
19718,19720
19718,19981
19719,19721
19720,19721
19720,19982
19721,19722
19721,19723
19721,19983
19722,19724
19723,19724
19723,19728
19723,19984
19724,19725
19724,19726
19724,19729
19725,19727
19726,19727
19726,19730
19727,19731
19728,19729
19728,19988
19729,19730
19729,19989
19730,19731
19730,19734
19730,19991
19731,19732
19731,19735
19732,19733
19732,19736
19733,19737
19734,19735
19734,19994
19735,19736
19735,19995
19736,19737
19736,19738
19736,19997
19737,19739
19738,19739
19738,19742
19738,19998
19739,19740
19739,19743
19740,19741
19740,19744
19741,19746
19742,19743
19742,20001
19743,19744
19743,19745
19743,20002
19744,19746
19745,19746
19745,19749
19745,20003
19746,19747
19746,19750
19747,19748
19747,19751
19748,19752
19749,19750
19749,20007
19750,19751
19750,20008
19751,19752
19751,19753
19751,19756
19751,20010
19752,19754
19753,19754
19753,19757
19754,19755
19754,19758
19755,19759
19756,19757
19756,20013
19757,19758
19757,20014
19758,19759
19758,19760
19758,20015
19759,19761
19760,19761
19760,19764
19760,20016
19761,19762
19761,19765
19762,19763
19762,19766
19763,19767
19764,19765
19764,20020
19765,19766
19765,20021
19766,19767
19766,19770
19766,20023
19767,19768
19767,19771
19768,19769
19768,19773
19769,19774
19770,19771
19770,19772
19770,20026
19771,19773
19772,19773
19772,20027
19773,19774
19773,19775
19773,20028
19774,19776
19775,19776
19775,19779
19775,20029
19776,19777
19776,19780
19777,19778
19777,19781
19778,19783
19779,19780
19779,20033
19780,19781
19780,19782
19780,20034
19781,19783
19782,19783
19782,19786
19782,20035
19783,19784
19783,19787
19784,19785
19784,19788
19785,19789
19786,19787
19786,20039
19787,19788
19787,20040
19788,19789
19788,19790
19788,19793
19788,20042
19789,19791
19790,19791
19790,19794
19791,19792
19791,19795
19792,19796
19793,19794
19793,20045
19794,19795
19794,20046
19795,19796
19795,19797
19795,20047
19796,19798
19797,19798
19797,19801
19797,20048
19798,19799
19798,19802
19799,19800
19799,19803
19800,19804
19801,19802
19801,20052
19802,19803
19802,20053
19803,19804
19803,19807
19803,20055
19804,19805
19804,19808
19805,19806
19805,19810
19806,19811
19807,19808
19807,19809
19807,20058
19808,19810
19809,19810
19809,20059
19810,19811
19810,19812
19810,20060
19811,19813
19812,19813
19812,19817
19812,20061
19813,19814
19813,19815
19813,19818
19814,19816
19815,19816
19815,19819
19816,19820
19817,19818
19817,20065
19818,19819
19818,20066
19819,19820
19819,19823
19819,20068
19820,19821
19820,19824
19821,19822
19821,19825
19822,19826
19823,19824
19823,20071
19824,19825
19824,20072
19825,19826
19825,19827
19825,19830
19825,20074
19826,19828
19827,19828
19827,19831
19828,19829
19828,19832
19829,19833
19830,19831
19830,20077
19831,19832
19831,20078
19832,19833
19832,19834
19832,20079
19833,19835
19834,19835
19834,20080
19835,19836
19836,19837
19838,19839
19839,19840
19840,19841
19840,20081
19841,19842
19841,19844
19841,20082
19842,19843
19842,19845
19843,19847
19844,19845
19844,19846
19844,20084
19845,19847
19846,19847
19846,20085
19847,19848
19847,19850
19847,20086
19848,19849
19848,19851
19849,19853
19850,19851
19850,19852
19850,20089
19851,19853
19852,19853
19852,20090
19853,19854
19853,19855
19853,19857
19853,20091
19854,19856
19855,19856
19855,19858
19856,19859
19857,19858
19857,20096
19858,19859
19858,20098
19859,19860
19859,20099
19860,19861
19860,19863
19860,20101
19861,19862
19861,19864
19862,19866
19863,19864
19863,19865
19863,20105
19864,19866
19865,19866
19865,20106
19866,19867
19866,19868
19866,19870
19866,20107
19867,19869
19868,19869
19868,19871
19869,19872
19870,19871
19870,20111
19871,19872
19871,20113
19872,19873
19872,20114
19873,19874
19873,19876
19873,20115
19874,19875
19874,19877
19875,19879
19876,19877
19876,19878
19876,20120
19877,19879
19878,19879
19878,20121
19879,19880
19879,19881
19879,19883
19879,20122
19880,19882
19881,19882
19881,19884
19882,19885
19883,19884
19883,20126
19884,19885
19884,20128
19885,19886
19885,19887
19885,19889
19885,20129
19886,19888
19887,19888
19887,19890
19888,19891
19889,19890
19889,20133
19890,19891
19890,20135
19891,19892
19891,20136
19892,19893
19892,19895
19892,20138
19893,19894
19893,19896
19894,19898
19895,19896
19895,19897
19895,20142
19896,19898
19897,19898
19897,20143
19898,19899
19898,19900
19898,19902
19898,20144
19899,19901
19900,19901
19900,19903
19901,19904
19902,19903
19902,20148
19903,19904
19903,20150
19904,19905
19904,20151
19905,19906
19905,19908
19905,20152
19906,19907
19906,19909
19907,19911
19908,19909
19908,19910
19908,20157
19909,19911
19910,19911
19910,20158
19911,19912
19911,19913
19911,19915
19911,20159
19912,19914
19913,19914
19913,19916
19914,19917
19915,19916
19915,20163
19916,19917
19916,20165
19917,19918
19917,19919
19917,20166
19918,19920
19919,19920
19919,19922
19919,20167
19920,19921
19920,19923
19921,19924
19922,19923
19922,20172
19923,19924
19923,20173
19924,19925
19924,19927
19924,20175
19925,19926
19925,19928
19926,19930
19927,19928
19927,19929
19927,20179
19928,19930
19929,19930
19929,20180
19930,19931
19930,19932
19930,19934
19930,20181
19931,19933
19932,19933
19932,19935
19933,19936
19934,19935
19934,20185
19935,19936
19935,20187
19936,19937
19936,20188
19937,19938
19937,19940
19937,20190
19938,19939
19938,19941
19939,19943
19940,19941
19940,19942
19940,20194
19941,19943
19942,19943
19942,20195
19943,19944
19943,19945
19943,19947
19943,20196
19944,19946
19945,19946
19945,19948
19946,19949
19947,19948
19947,20200
19948,19949
19948,20202
19949,19950
19949,20203
19950,19951
19950,19953
19950,20204
19951,19952
19951,19954
19952,19956
19953,19954
19953,19955
19953,20209
19954,19956
19955,19956
19955,20210
19956,19957
19956,19958
19956,19960
19956,20211
19957,19959
19958,19959
19958,19961
19959,19962
19960,19961
19960,20215
19961,19962
19961,20217
19962,19963
19962,19964
19962,19966
19962,20218
19963,19965
19964,19965
19964,19967
19965,19968
19966,19967
19966,20222
19967,19968
19967,20224
19968,19969
19968,20225
19969,19970
19969,19972
19969,20227
19970,19971
19970,19973
19971,19975
19972,19973
19972,19974
19972,20231
19973,19975
19974,19975
19974,20232
19975,19976
19975,19977
19975,19979
19975,20233
19976,19978
19977,19978
19977,19980
19978,19981
19979,19980
19979,20237
19980,19981
19980,20239
19981,19982
19981,20240
19982,19983
19982,19985
19982,20241
19983,19984
19983,19986
19984,19988
19985,19986
19985,19987
19985,20246
19986,19988
19987,19988
19987,20247
19988,19989
19988,19990
19988,19992
19988,20248
19989,19991
19990,19991
19990,19993
19991,19994
19992,19993
19992,20252
19993,19994
19993,20254
19994,19995
19994,19996
19994,20255
19995,19997
19996,19997
19996,19999
19996,20256
19997,19998
19997,20000
19998,20001
19999,20000
19999,20261
20000,20001
20000,20262
20001,20002
20001,20004
20001,20264
20002,20003
20002,20005
20003,20007
20004,20005
20004,20006
20004,20268
20005,20007
20006,20007
20006,20269
20007,20008
20007,20009
20007,20011
20007,20270
20008,20010
20009,20010
20009,20012
20010,20013
20011,20012
20011,20274
20012,20013
20012,20276
20013,20014
20013,20277
20014,20015
20014,20017
20014,20279
20015,20016
20015,20018
20016,20020
20017,20018
20017,20019
20017,20283
20018,20020
20019,20020
20019,20284
20020,20021
20020,20022
20020,20024
20020,20285
20021,20023
20022,20023
20022,20025
20023,20026
20024,20025
20024,20289
20025,20026
20025,20291
20026,20027
20026,20292
20027,20028
20027,20030
20027,20293
20028,20029
20028,20031
20029,20033
20030,20031
20030,20032
20030,20298
20031,20033
20032,20033
20032,20299
20033,20034
20033,20036
20033,20300
20034,20035
20034,20037
20035,20039
20036,20037
20036,20038
20036,20304
20037,20039
20038,20039
20038,20305
20039,20040
20039,20041
20039,20043
20039,20306
20040,20042
20041,20042
20041,20044
20042,20045
20043,20044
20043,20311
20044,20045
20044,20313
20045,20046
20045,20314
20046,20047
20046,20049
20046,20316
20047,20048
20047,20050
20048,20052
20049,20050
20049,20051
20049,20320
20050,20052
20051,20052
20051,20321
20052,20053
20052,20054
20052,20056
20052,20322
20053,20055
20054,20055
20054,20057
20055,20058
20056,20057
20056,20326
20057,20058
20057,20328
20058,20059
20058,20329
20059,20060
20059,20062
20059,20330
20060,20061
20060,20063
20061,20065
20062,20063
20062,20064
20062,20335
20063,20065
20064,20065
20064,20336
20065,20066
20065,20067
20065,20069
20065,20337
20066,20068
20067,20068
20067,20070
20068,20071
20069,20070
20069,20341
20070,20071
20070,20343
20071,20072
20071,20073
20071,20075
20071,20344
20072,20074
20073,20074
20073,20076
20074,20077
20075,20076
20075,20348
20076,20077
20076,20350
20077,20078
20077,20351
20078,20079
20078,20353
20079,20080
20081,20082
20081,20083
20082,20084
20083,20084
20084,20085
20084,20087
20085,20086
20085,20088
20086,20089
20087,20088
20087,20354
20088,20089
20088,20092
20088,20355
20089,20090
20089,20093
20090,20091
20090,20095
20091,20096
20092,20093
20092,20094
20092,20356
20093,20095
20094,20095
20094,20357
20095,20096
20095,20097
20095,20358
20096,20098
20097,20098
20097,20102
20097,20359
20098,20099
20098,20100
20098,20103
20099,20101
20100,20101
20100,20104
20101,20105
20102,20103
20102,20363
20103,20104
20103,20364
20104,20105
20104,20108
20104,20366
20105,20106
20105,20109
20106,20107
20106,20110
20107,20111
20108,20109
20108,20369
20109,20110
20109,20370
20110,20111
20110,20112
20110,20372
20111,20113
20112,20113
20112,20116
20112,20373
20113,20114
20113,20117
20114,20115
20114,20118
20115,20120
20116,20117
20116,20376
20117,20118
20117,20119
20117,20377
20118,20120
20119,20120
20119,20123
20119,20378
20120,20121
20120,20124
20121,20122
20121,20125
20122,20126
20123,20124
20123,20382
20124,20125
20124,20383
20125,20126
20125,20127
20125,20130
20125,20385
20126,20128
20127,20128
20127,20131
20128,20129
20128,20132
20129,20133
20130,20131
20130,20388
20131,20132
20131,20389
20132,20133
20132,20134
20132,20390
20133,20135
20134,20135
20134,20139
20134,20391
20135,20136
20135,20137
20135,20140
20136,20138
20137,20138
20137,20141
20138,20142
20139,20140
20139,20395
20140,20141
20140,20396
20141,20142
20141,20145
20141,20398
20142,20143
20142,20146
20143,20144
20143,20147
20144,20148
20145,20146
20145,20401
20146,20147
20146,20402
20147,20148
20147,20149
20147,20404
20148,20150
20149,20150
20149,20153
20149,20405
20150,20151
20150,20154
20151,20152
20151,20155
20152,20157
20153,20154
20153,20408
20154,20155
20154,20156
20154,20409
20155,20157
20156,20157
20156,20160
20156,20410
20157,20158
20157,20161
20158,20159
20158,20162
20159,20163
20160,20161
20160,20414
20161,20162
20161,20415
20162,20163
20162,20164
20162,20417
20163,20165
20164,20165
20164,20168
20164,20418
20165,20166
20165,20169
20166,20167
20166,20170
20167,20172
20168,20169
20168,20421
20169,20170
20169,20171
20169,20422
20170,20172
20171,20172
20171,20176
20171,20423
20172,20173
20172,20174
20172,20177
20173,20175
20174,20175
20174,20178
20175,20179
20176,20177
20176,20427
20177,20178
20177,20428
20178,20179
20178,20182
20178,20430
20179,20180
20179,20183
20180,20181
20180,20184
20181,20185
20182,20183
20182,20433
20183,20184
20183,20434
20184,20185
20184,20186
20184,20436
20185,20187
20186,20187
20186,20191
20186,20437
20187,20188
20187,20189
20187,20192
20188,20190
20189,20190
20189,20193
20190,20194
20191,20192
20191,20440
20192,20193
20192,20441
20193,20194
20193,20197
20193,20443
20194,20195
20194,20198
20195,20196
20195,20199
20196,20200
20197,20198
20197,20446
20198,20199
20198,20447
20199,20200
20199,20201
20199,20449
20200,20202
20201,20202
20201,20205
20201,20450
20202,20203
20202,20206
20203,20204
20203,20207
20204,20209
20205,20206
20205,20453
20206,20207
20206,20208
20206,20454
20207,20209
20208,20209
20208,20212
20208,20455
20209,20210
20209,20213
20210,20211
20210,20214
20211,20215
20212,20213
20212,20459
20213,20214
20213,20460
20214,20215
20214,20216
20214,20219
20214,20462
20215,20217
20216,20217
20216,20220
20217,20218
20217,20221
20218,20222
20219,20220
20219,20465
20220,20221
20220,20466
20221,20222
20221,20223
20221,20467
20222,20224
20223,20224
20223,20228
20223,20468
20224,20225
20224,20226
20224,20229
20225,20227
20226,20227
20226,20230
20227,20231
20228,20229
20228,20472
20229,20230
20229,20473
20230,20231
20230,20234
20230,20475
20231,20232
20231,20235
20232,20233
20232,20236
20233,20237
20234,20235
20234,20478
20235,20236
20235,20479
20236,20237
20236,20238
20236,20481
20237,20239
20238,20239
20238,20242
20238,20482
20239,20240
20239,20243
20240,20241
20240,20244
20241,20246
20242,20243
20242,20485
20243,20244
20243,20245
20243,20486
20244,20246
20245,20246
20245,20249
20245,20487
20246,20247
20246,20250
20247,20248
20247,20251
20248,20252
20249,20250
20249,20491
20250,20251
20250,20492
20251,20252
20251,20253
20251,20494
20252,20254
20253,20254
20253,20257
20253,20495
20254,20255
20254,20258
20255,20256
20255,20259
20256,20261
20257,20258
20257,20498
20258,20259
20258,20260
20258,20499
20259,20261
20260,20261
20260,20265
20260,20500
20261,20262
20261,20263
20261,20266
20262,20264
20263,20264
20263,20267
20264,20268
20265,20266
20265,20504
20266,20267
20266,20505
20267,20268
20267,20271
20267,20507
20268,20269
20268,20272
20269,20270
20269,20273
20270,20274
20271,20272
20271,20510
20272,20273
20272,20511
20273,20274
20273,20275
20273,20513
20274,20276
20275,20276
20275,20280
20275,20514
20276,20277
20276,20278
20276,20281
20277,20279
20278,20279
20278,20282
20279,20283
20280,20281
20280,20517
20281,20282
20281,20518
20282,20283
20282,20286
20282,20520
20283,20284
20283,20287
20284,20285
20284,20288
20285,20289
20286,20287
20286,20523
20287,20288
20287,20524
20288,20289
20288,20290
20288,20526
20289,20291
20290,20291
20290,20294
20290,20527
20291,20292
20291,20295
20292,20293
20292,20296
20293,20298
20294,20295
20294,20530
20295,20296
20295,20297
20295,20531
20296,20298
20297,20298
20297,20301
20297,20532
20298,20299
20298,20302
20299,20300
20299,20303
20300,20304
20301,20302
20301,20536
20302,20303
20302,20537
20303,20304
20303,20307
20303,20539
20304,20305
20304,20308
20305,20306
20305,20310
20306,20311
20307,20308
20307,20309
20307,20542
20308,20310
20309,20310
20309,20543
20310,20311
20310,20312
20310,20544
20311,20313
20312,20313
20312,20317
20312,20545
20313,20314
20313,20315
20313,20318
20314,20316
20315,20316
20315,20319
20316,20320
20317,20318
20317,20549
20318,20319
20318,20550
20319,20320
20319,20323
20319,20552
20320,20321
20320,20324
20321,20322
20321,20325
20322,20326
20323,20324
20323,20555
20324,20325
20324,20556
20325,20326
20325,20327
20325,20558
20326,20328
20327,20328
20327,20331
20327,20559
20328,20329
20328,20332
20329,20330
20329,20333
20330,20335
20331,20332
20331,20562
20332,20333
20332,20334
20332,20563
20333,20335
20334,20335
20334,20338
20334,20564
20335,20336
20335,20339
20336,20337
20336,20340
20337,20341
20338,20339
20338,20568
20339,20340
20339,20569
20340,20341
20340,20342
20340,20345
20340,20571
20341,20343
20342,20343
20342,20346
20343,20344
20343,20347
20344,20348
20345,20346
20345,20574
20346,20347
20346,20575
20347,20348
20347,20349
20347,20576
20348,20350
20349,20350
20349,20577
20350,20351
20350,20352
20351,20353
20352,20353
20354,20355
20355,20356
20356,20357
20356,20578
20357,20358
20357,20360
20357,20579
20358,20359
20358,20361
20359,20363
20360,20361
20360,20362
20360,20581
20361,20363
20362,20363
20362,20582
20363,20364
20363,20365
20363,20367
20363,20583
20364,20366
20365,20366
20365,20368
20366,20369
20367,20368
20367,20586
20368,20369
20368,20588
20369,20370
20369,20371
20369,20589
20370,20372
20371,20372
20371,20374
20371,20590
20372,20373
20372,20375
20373,20376
20374,20375
20374,20594
20375,20376
20375,20595
20376,20377
20376,20379
20376,20597
20377,20378
20377,20380
20378,20382
20379,20380
20379,20381
20379,20600
20380,20382
20381,20382
20381,20601
20382,20383
20382,20384
20382,20386
20382,20602
20383,20385
20384,20385
20384,20387
20385,20388
20386,20387
20386,20605
20387,20388
20387,20607
20388,20389
20388,20608
20389,20390
20389,20392
20389,20610
20390,20391
20390,20393
20391,20395
20392,20393
20392,20394
20392,20613
20393,20395
20394,20395
20394,20614
20395,20396
20395,20397
20395,20399
20395,20615
20396,20398
20397,20398
20397,20400
20398,20401
20399,20400
20399,20618
20400,20401
20400,20620
20401,20402
20401,20403
20401,20621
20402,20404
20403,20404
20403,20406
20403,20622
20404,20405
20404,20407
20405,20408
20406,20407
20406,20626
20407,20408
20407,20627
20408,20409
20408,20411
20408,20629
20409,20410
20409,20412
20410,20414
20411,20412
20411,20413
20411,20632
20412,20414
20413,20414
20413,20633
20414,20415
20414,20416
20414,20634
20415,20417
20416,20417
20416,20419
20416,20635
20417,20418
20417,20420
20418,20421
20419,20420
20419,20639
20420,20421
20420,20640
20421,20422
20421,20424
20421,20642
20422,20423
20422,20425
20423,20427
20424,20425
20424,20426
20424,20645
20425,20427
20426,20427
20426,20646
20427,20428
20427,20429
20427,20431
20427,20647
20428,20430
20429,20430
20429,20432
20430,20433
20431,20432
20431,20650
20432,20433
20432,20652
20433,20434
20433,20435
20433,20653
20434,20436
20435,20436
20435,20438
20435,20654
20436,20437
20436,20439
20437,20440
20438,20439
20438,20658
20439,20440
20439,20659
20440,20441
20440,20442
20440,20444
20440,20661
20441,20443
20442,20443
20442,20445
20443,20446
20444,20445
20444,20664
20445,20446
20445,20665
20446,20447
20446,20448
20446,20666
20447,20449
20448,20449
20448,20451
20448,20667
20449,20450
20449,20452
20450,20453
20451,20452
20451,20671
20452,20453
20452,20672
20453,20454
20453,20456
20453,20674
20454,20455
20454,20457
20455,20459
20456,20457
20456,20458
20456,20677
20457,20459
20458,20459
20458,20678
20459,20460
20459,20461
20459,20463
20459,20679
20460,20462
20461,20462
20461,20464
20462,20465
20463,20464
20463,20682
20464,20465
20464,20684
20465,20466
20465,20685
20466,20467
20466,20469
20466,20687
20467,20468
20467,20470
20468,20472
20469,20470
20469,20471
20469,20690
20470,20472
20471,20472
20471,20691
20472,20473
20472,20474
20472,20476
20472,20692
20473,20475
20474,20475
20474,20477
20475,20478
20476,20477
20476,20695
20477,20478
20477,20697
20478,20479
20478,20480
20478,20698
20479,20481
20480,20481
20480,20483
20480,20699
20481,20482
20481,20484
20482,20485
20483,20484
20483,20703
20484,20485
20484,20704
20485,20486
20485,20488
20485,20706
20486,20487
20486,20489
20487,20491
20488,20489
20488,20490
20488,20709
20489,20491
20490,20491
20490,20710
20491,20492
20491,20493
20491,20711
20492,20494
20493,20494
20493,20496
20493,20712
20494,20495
20494,20497
20495,20498
20496,20497
20496,20716
20497,20498
20497,20717
20498,20499
20498,20501
20498,20719
20499,20500
20499,20502
20500,20504
20501,20502
20501,20503
20501,20722
20502,20504
20503,20504
20503,20723
20504,20505
20504,20506
20504,20508
20504,20724
20505,20507
20506,20507
20506,20509
20507,20510
20508,20509
20508,20727
20509,20510
20509,20729
20510,20511
20510,20512
20510,20730
20511,20513
20512,20513
20512,20515
20512,20731
20513,20514
20513,20516
20514,20517
20515,20516
20515,20735
20516,20517
20516,20736
20517,20518
20517,20519
20517,20521
20517,20738
20518,20520
20519,20520
20519,20522
20520,20523
20521,20522
20521,20741
20522,20523
20522,20742
20523,20524
20523,20525
20523,20743
20524,20526
20525,20526
20525,20528
20525,20744
20526,20527
20526,20529
20527,20530
20528,20529
20528,20748
20529,20530
20529,20749
20530,20531
20530,20533
20530,20751
20531,20532
20531,20534
20532,20536
20533,20534
20533,20535
20533,20754
20534,20536
20535,20536
20535,20755
20536,20537
20536,20538
20536,20540
20536,20756
20537,20539
20538,20539
20538,20541
20539,20542
20540,20541
20540,20759
20541,20542
20541,20761
20542,20543
20542,20762
20543,20544
20543,20546
20543,20763
20544,20545
20544,20547
20545,20549
20546,20547
20546,20548
20546,20767
20547,20549
20548,20549
20548,20768
20549,20550
20549,20551
20549,20553
20549,20769
20550,20552
20551,20552
20551,20554
20552,20555
20553,20554
20553,20772
20554,20555
20554,20774
20555,20556
20555,20557
20555,20775
20556,20558
20557,20558
20557,20560
20557,20776
20558,20559
20558,20561
20559,20562
20560,20561
20560,20780
20561,20562
20561,20781
20562,20563
20562,20565
20562,20783
20563,20564
20563,20566
20564,20568
20565,20566
20565,20567
20565,20786
20566,20568
20567,20568
20567,20787
20568,20569
20568,20570
20568,20572
20568,20788
20569,20571
20570,20571
20570,20573
20571,20574
20572,20573
20572,20791
20573,20574
20573,20793
20574,20575
20574,20794
20575,20576
20575,20796
20576,20577
20578,20579
20578,20580
20579,20581
20580,20581
20581,20582
20581,20584
20581,20797
20582,20583
20582,20585
20583,20586
20584,20585
20584,20798
20585,20586
20585,20587
20585,20799
20586,20588
20587,20588
20587,20800
20588,20589
20588,20591
20588,20801
20589,20590
20589,20592
20590,20594
20591,20592
20591,20593
20591,20804
20592,20594
20593,20594
20593,20805
20594,20595
20594,20596
20594,20598
20594,20806
20595,20597
20596,20597
20596,20599
20597,20600
20598,20599
20598,20811
20599,20600
20599,20813
20600,20601
20600,20603
20600,20814
20601,20602
20601,20604
20602,20605
20603,20604
20603,20818
20604,20605
20604,20606
20604,20820
20605,20607
20606,20607
20606,20821
20607,20608
20607,20609
20607,20611
20607,20822
20608,20610
20609,20610
20609,20612
20610,20613
20611,20612
20611,20826
20612,20613
20612,20828
20613,20614
20613,20616
20613,20829
20614,20615
20614,20617
20615,20618
20616,20617
20616,20833
20617,20618
20617,20619
20617,20835
20618,20620
20619,20620
20619,20836
20620,20621
20620,20623
20620,20837
20621,20622
20621,20624
20622,20626
20623,20624
20623,20625
20623,20841
20624,20626
20625,20626
20625,20842
20626,20627
20626,20628
20626,20630
20626,20843
20627,20629
20628,20629
20628,20631
20629,20632
20630,20631
20630,20848
20631,20632
20631,20850
20632,20633
20632,20851
20633,20634
20633,20636
20633,20852
20634,20635
20634,20637
20635,20639
20636,20637
20636,20638
20636,20857
20637,20639
20638,20639
20638,20858
20639,20640
20639,20641
20639,20643
20639,20859
20640,20642
20641,20642
20641,20644
20642,20645
20643,20644
20643,20863
20644,20645
20644,20865
20645,20646
20645,20648
20645,20866
20646,20647
20646,20649
20647,20650
20648,20649
20648,20870
20649,20650
20649,20651
20649,20872
20650,20652
20651,20652
20651,20873
20652,20653
20652,20655
20652,20874
20653,20654
20653,20656
20654,20658
20655,20656
20655,20657
20655,20878
20656,20658
20657,20658
20657,20879
20658,20659
20658,20660
20658,20662
20658,20880
20659,20661
20660,20661
20660,20663
20661,20664
20662,20663
20662,20885
20663,20664
20663,20887
20664,20665
20664,20888
20665,20666
20665,20668
20665,20890
20666,20667
20666,20669
20667,20671
20668,20669
20668,20670
20668,20894
20669,20671
20670,20671
20670,20895
20671,20672
20671,20673
20671,20675
20671,20896
20672,20674
20673,20674
20673,20676
20674,20677
20675,20676
20675,20900
20676,20677
20676,20902
20677,20678
20677,20680
20677,20903
20678,20679
20678,20681
20679,20682
20680,20681
20680,20907
20681,20682
20681,20683
20681,20909
20682,20684
20683,20684
20683,20910
20684,20685
20684,20686
20684,20688
20684,20911
20685,20687
20686,20687
20686,20689
20687,20690
20688,20689
20688,20915
20689,20690
20689,20917
20690,20691
20690,20693
20690,20918
20691,20692
20691,20694
20692,20695
20693,20694
20693,20922
20694,20695
20694,20696
20694,20924
20695,20697
20696,20697
20696,20925
20697,20698
20697,20700
20697,20926
20698,20699
20698,20701
20699,20703
20700,20701
20700,20702
20700,20930
20701,20703
20702,20703
20702,20931
20703,20704
20703,20705
20703,20707
20703,20932
20704,20706
20705,20706
20705,20708
20706,20709
20707,20708
20707,20937
20708,20709
20708,20939
20709,20710
20709,20940
20710,20711
20710,20713
20710,20941
20711,20712
20711,20714
20712,20716
20713,20714
20713,20715
20713,20946
20714,20716
20715,20716
20715,20947
20716,20717
20716,20718
20716,20720
20716,20948
20717,20719
20718,20719
20718,20721
20719,20722
20720,20721
20720,20952
20721,20722
20721,20954
20722,20723
20722,20725
20722,20955
20723,20724
20723,20726
20724,20727
20725,20726
20725,20959
20726,20727
20726,20728
20726,20961
20727,20729
20728,20729
20728,20962
20729,20730
20729,20732
20729,20963
20730,20731
20730,20733
20731,20735
20732,20733
20732,20734
20732,20967
20733,20735
20734,20735
20734,20968
20735,20736
20735,20737
20735,20739
20735,20969
20736,20738
20737,20738
20737,20740
20738,20741
20739,20740
20739,20974
20740,20741
20740,20976
20741,20742
20741,20977
20742,20743
20742,20745
20742,20979
20743,20744
20743,20746
20744,20748
20745,20746
20745,20747
20745,20983
20746,20748
20747,20748
20747,20984
20748,20749
20748,20750
20748,20752
20748,20985
20749,20751
20750,20751
20750,20753
20751,20754
20752,20753
20752,20989
20753,20754
20753,20991
20754,20755
20754,20757
20754,20992
20755,20756
20755,20758
20756,20759
20757,20758
20757,20996
20758,20759
20758,20760
20758,20998
20759,20761
20760,20761
20760,20999
20761,20762
20761,20764
20761,21000
20762,20763
20762,20765
20763,20767
20764,20765
20764,20766
20764,21004
20765,20767
20766,20767
20766,21005
20767,20768
20767,20770
20767,21006
20768,20769
20768,20771
20769,20772
20770,20771
20770,21011
20771,20772
20771,20773
20771,21013
20772,20774
20773,20774
20773,21014
20774,20775
20774,20777
20774,21015
20775,20776
20775,20778
20776,20780
20777,20778
20777,20779
20777,21019
20778,20780
20779,20780
20779,21020
20780,20781
20780,20782
20780,20784
20780,21021
20781,20783
20782,20783
20782,20785
20783,20786
20784,20785
20784,21026
20785,20786
20785,21028
20786,20787
20786,20789
20786,21029
20787,20788
20787,20790
20788,20791
20789,20790
20789,21033
20790,20791
20790,20792
20790,21035
20791,20793
20792,20793
20792,21036
20793,20794
20793,20795
20793,21037
20794,20796
20795,20796
20797,20798
20798,20799
20799,20800
20799,20802
20800,20801
20800,20803
20801,20804
20802,20803
20802,21038
20803,20804
20803,20807
20803,21039
20804,20805
20804,20808
20805,20806
20805,20810
20806,20811
20807,20808
20807,20809
20807,21040
20808,20810
20809,20810
20809,21041
20810,20811
20810,20812
20810,20815
20810,21042
20811,20813
20812,20813
20812,20816
20813,20814
20813,20817
20814,20818
20815,20816
20815,21045
20816,20817
20816,21047
20817,20818
20817,20819
20817,21048
20818,20820
20819,20820
20819,20823
20819,21049
20820,20821
20820,20824
20821,20822
20821,20825
20822,20826
20823,20824
20823,21053
20824,20825
20824,21054
20825,20826
20825,20827
20825,20830
20825,21056
20826,20828
20827,20828
20827,20831
20828,20829
20828,20832
20829,20833
20830,20831
20830,21059
20831,20832
20831,21060
20832,20833
20832,20834
20832,21061
20833,20835
20834,20835
20834,20838
20834,21062
20835,20836
20835,20839
20836,20837
20836,20840
20837,20841
20838,20839
20838,21066
20839,20840
20839,21067
20840,20841
20840,20844
20840,21069
20841,20842
20841,20845
20842,20843
20842,20847
20843,20848
20844,20845
20844,20846
20844,21072
20845,20847
20846,20847
20846,21073
20847,20848
20847,20849
20847,21074
20848,20850
20849,20850
20849,20853
20849,21075
20850,20851
20850,20854
20851,20852
20851,20855
20852,20857
20853,20854
20853,21079
20854,20855
20854,20856
20854,21080
20855,20857
20856,20857
20856,20860
20856,21081
20857,20858
20857,20861
20858,20859
20858,20862
20859,20863
20860,20861
20860,21085
20861,20862
20861,21086
20862,20863
20862,20864
20862,20867
20862,21088
20863,20865
20864,20865
20864,20868
20865,20866
20865,20869
20866,20870
20867,20868
20867,21091
20868,20869
20868,21092
20869,20870
20869,20871
20869,21093
20870,20872
20871,20872
20871,20875
20871,21094
20872,20873
20872,20876
20873,20874
20873,20877
20874,20878
20875,20876
20875,21098
20876,20877
20876,21099
20877,20878
20877,20881
20877,21101
20878,20879
20878,20882
20879,20880
20879,20884
20880,20885
20881,20882
20881,20883
20881,21104
20882,20884
20883,20884
20883,21105
20884,20885
20884,20886
20884,21106
20885,20887
20886,20887
20886,20891
20886,21107
20887,20888
20887,20889
20887,20892
20888,20890
20889,20890
20889,20893
20890,20894
20891,20892
20891,21111
20892,20893
20892,21112
20893,20894
20893,20897
20893,21114
20894,20895
20894,20898
20895,20896
20895,20899
20896,20900
20897,20898
20897,21117
20898,20899
20898,21118
20899,20900
20899,20901
20899,20904
20899,21120
20900,20902
20901,20902
20901,20905
20902,20903
20902,20906
20903,20907
20904,20905
20904,21123
20905,20906
20905,21124
20906,20907
20906,20908
20906,21125
20907,20909
20908,20909
20908,20912
20908,21126
20909,20910
20909,20913
20910,20911
20910,20914
20911,20915
20912,20913
20912,21130
20913,20914
20913,21131
20914,20915
20914,20916
20914,20919
20914,21133
20915,20917
20916,20917
20916,20920
20917,20918
20917,20921
20918,20922
20919,20920
20919,21136
20920,20921
20920,21137
20921,20922
20921,20923
20921,21138
20922,20924
20923,20924
20923,20927
20923,21139
20924,20925
20924,20928
20925,20926
20925,20929
20926,20930
20927,20928
20927,21143
20928,20929
20928,21144
20929,20930
20929,20933
20929,21146
20930,20931
20930,20934
20931,20932
20931,20936
20932,20937
20933,20934
20933,20935
20933,21149
20934,20936
20935,20936
20935,21150
20936,20937
20936,20938
20936,21151
20937,20939
20938,20939
20938,20942
20938,21152
20939,20940
20939,20943
20940,20941
20940,20944
20941,20946
20942,20943
20942,21156
20943,20944
20943,20945
20943,21157
20944,20946
20945,20946
20945,20949
20945,21158
20946,20947
20946,20950
20947,20948
20947,20951
20948,20952
20949,20950
20949,21162
20950,20951
20950,21163
20951,20952
20951,20953
20951,20956
20951,21165
20952,20954
20953,20954
20953,20957
20954,20955
20954,20958
20955,20959
20956,20957
20956,21168
20957,20958
20957,21169
20958,20959
20958,20960
20958,21170
20959,20961
20960,20961
20960,20964
20960,21171
20961,20962
20961,20965
20962,20963
20962,20966
20963,20967
20964,20965
20964,21175
20965,20966
20965,21176
20966,20967
20966,20970
20966,21178
20967,20968
20967,20971
20968,20969
20968,20973
20969,20974
20970,20971
20970,20972
20970,21181
20971,20973
20972,20973
20972,21182
20973,20974
20973,20975
20973,21183
20974,20976
20975,20976
20975,20980
20975,21184
20976,20977
20976,20978
20976,20981
20977,20979
20978,20979
20978,20982
20979,20983
20980,20981
20980,21188
20981,20982
20981,21189
20982,20983
20982,20986
20982,21191
20983,20984
20983,20987
20984,20985
20984,20988
20985,20989
20986,20987
20986,21194
20987,20988
20987,21195
20988,20989
20988,20990
20988,20993
20988,21197
20989,20991
20990,20991
20990,20994
20991,20992
20991,20995
20992,20996
20993,20994
20993,21200
20994,20995
20994,21201
20995,20996
20995,20997
20995,21202
20996,20998
20997,20998
20997,21001
20997,21203
20998,20999
20998,21002
20999,21000
20999,21003
21000,21004
21001,21002
21001,21207
21002,21003
21002,21208
21003,21004
21003,21007
21003,21210
21004,21005
21004,21008
21005,21006
21005,21010
21006,21011
21007,21008
21007,21009
21007,21213
21008,21010
21009,21010
21009,21214
21010,21011
21010,21012
21010,21215
21011,21013
21012,21013
21012,21016
21012,21216
21013,21014
21013,21017
21014,21015
21014,21018
21015,21019
21016,21017
21016,21220
21017,21018
21017,21221
21018,21019
21018,21022
21018,21223
21019,21020
21019,21023
21020,21021
21020,21025
21021,21026
21022,21023
21022,21024
21022,21226
21023,21025
21024,21025
21024,21227
21025,21026
21025,21027
21025,21030
21025,21228
21026,21028
21027,21028
21027,21031
21028,21029
21028,21032
21029,21033
21030,21031
21030,21231
21031,21032
21031,21233
21032,21033
21032,21034
21032,21234
21033,21035
21034,21035
21034,21235
21035,21036
21036,21037
21038,21039
21039,21040
21040,21041
21040,21043
21040,21236
21041,21042
21041,21044
21042,21045
21043,21044
21043,21237
21044,21045
21044,21046
21044,21238
21045,21047
21046,21047
21046,21239
21047,21048
21047,21050
21047,21240
21048,21049
21048,21051
21049,21053
21050,21051
21050,21052
21050,21243
21051,21053
21052,21053
21052,21244
21053,21054
21053,21055
21053,21057
21053,21245
21054,21056
21055,21056
21055,21058
21056,21059
21057,21058
21057,21250
21058,21059
21058,21252
21059,21060
21059,21253
21060,21061
21060,21063
21060,21255
21061,21062
21061,21064
21062,21066
21063,21064
21063,21065
21063,21259
21064,21066
21065,21066
21065,21260
21066,21067
21066,21068
21066,21070
21066,21261
21067,21069
21068,21069
21068,21071
21069,21072
21070,21071
21070,21265
21071,21072
21071,21267
21072,21073
21072,21268
21073,21074
21073,21076
21073,21269
21074,21075
21074,21077
21075,21079
21076,21077
21076,21078
21076,21274
21077,21079
21078,21079
21078,21275
21079,21080
21079,21082
21079,21276
21080,21081
21080,21083
21081,21085
21082,21083
21082,21084
21082,21280
21083,21085
21084,21085
21084,21281
21085,21086
21085,21087
21085,21089
21085,21282
21086,21088
21087,21088
21087,21090
21088,21091
21089,21090
21089,21287
21090,21091
21090,21289
21091,21092
21091,21290
21092,21093
21092,21095
21092,21292
21093,21094
21093,21096
21094,21098
21095,21096
21095,21097
21095,21296
21096,21098
21097,21098
21097,21297
21098,21099
21098,21100
21098,21102
21098,21298
21099,21101
21100,21101
21100,21103
21101,21104
21102,21103
21102,21302
21103,21104
21103,21304
21104,21105
21104,21305
21105,21106
21105,21108
21105,21306
21106,21107
21106,21109
21107,21111
21108,21109
21108,21110
21108,21311
21109,21111
21110,21111
21110,21312
21111,21112
21111,21113
21111,21115
21111,21313
21112,21114
21113,21114
21113,21116
21114,21117
21115,21116
21115,21317
21116,21117
21116,21319
21117,21118
21117,21119
21117,21121
21117,21320
21118,21120
21119,21120
21119,21122
21120,21123
21121,21122
21121,21324
21122,21123
21122,21326
21123,21124
21123,21327
21124,21125
21124,21127
21124,21329
21125,21126
21125,21128
21126,21130
21127,21128
21127,21129
21127,21333
21128,21130
21129,21130
21129,21334
21130,21131
21130,21132
21130,21134
21130,21335
21131,21133
21132,21133
21132,21135
21133,21136
21134,21135
21134,21339
21135,21136
21135,21341
21136,21137
21136,21342
21137,21138
21137,21140
21137,21344
21138,21139
21138,21141
21139,21143
21140,21141
21140,21142
21140,21348
21141,21143
21142,21143
21142,21349
21143,21144
21143,21145
21143,21147
21143,21350
21144,21146
21145,21146
21145,21148
21146,21149
21147,21148
21147,21354
21148,21149
21148,21356
21149,21150
21149,21357
21150,21151
21150,21153
21150,21358
21151,21152
21151,21154
21152,21156
21153,21154
21153,21155
21153,21363
21154,21156
21155,21156
21155,21364
21156,21157
21156,21159
21156,21365
21157,21158
21157,21160
21158,21162
21159,21160
21159,21161
21159,21369
21160,21162
21161,21162
21161,21370
21162,21163
21162,21164
21162,21166
21162,21371
21163,21165
21164,21165
21164,21167
21165,21168
21166,21167
21166,21376
21167,21168
21167,21378
21168,21169
21168,21379
21169,21170
21169,21172
21169,21381
21170,21171
21170,21173
21171,21175
21172,21173
21172,21174
21172,21385
21173,21175
21174,21175
21174,21386
21175,21176
21175,21177
21175,21179
21175,21387
21176,21178
21177,21178
21177,21180
21178,21181
21179,21180
21179,21391
21180,21181
21180,21393
21181,21182
21181,21394
21182,21183
21182,21185
21182,21395
21183,21184
21183,21186
21184,21188
21185,21186
21185,21187
21185,21400
21186,21188
21187,21188
21187,21401
21188,21189
21188,21190
21188,21192
21188,21402
21189,21191
21190,21191
21190,21193
21191,21194
21192,21193
21192,21406
21193,21194
21193,21408
21194,21195
21194,21196
21194,21198
21194,21409
21195,21197
21196,21197
21196,21199
21197,21200
21198,21199
21198,21413
21199,21200
21199,21415
21200,21201
21200,21416
21201,21202
21201,21204
21201,21418
21202,21203
21202,21205
21203,21207
21204,21205
21204,21206
21204,21422
21205,21207
21206,21207
21206,21423
21207,21208
21207,21209
21207,21211
21207,21424
21208,21210
21209,21210
21209,21212
21210,21213
21211,21212
21211,21428
21212,21213
21212,21430
21213,21214
21213,21431
21214,21215
21214,21217
21214,21432
21215,21216
21215,21218
21216,21220
21217,21218
21217,21219
21217,21437
21218,21220
21219,21220
21219,21438
21220,21221
21220,21222
21220,21224
21220,21439
21221,21223
21222,21223
21222,21225
21223,21226
21224,21225
21224,21443
21225,21226
21225,21445
21226,21227
21226,21229
21226,21446
21227,21228
21227,21230
21228,21231
21229,21230
21229,21450
21230,21231
21230,21232
21230,21452
21231,21233
21232,21233
21232,21453
21233,21234
21233,21454
21234,21235
21236,21237
21237,21238
21238,21239
21238,21241
21239,21240
21239,21242
21240,21243
21241,21242
21241,21455
21242,21243
21242,21246
21242,21456
21243,21244
21243,21247
21244,21245
21244,21249
21245,21250
21246,21247
21246,21248
21246,21457
21247,21249
21248,21249
21248,21458
21249,21250
21249,21251
21249,21459
21250,21252
21251,21252
21251,21256
21251,21460
21252,21253
21252,21254
21252,21257
21253,21255
21254,21255
21254,21258
21255,21259
21256,21257
21256,21464
21257,21258
21257,21465
21258,21259
21258,21262
21258,21467
21259,21260
21259,21263
21260,21261
21260,21264
21261,21265
21262,21263
21262,21470
21263,21264
21263,21471
21264,21265
21264,21266
21264,21473
21265,21267
21266,21267
21266,21270
21266,21474
21267,21268
21267,21271
21268,21269
21268,21272
21269,21274
21270,21271
21270,21477
21271,21272
21271,21273
21271,21478
21272,21274
21273,21274
21273,21277
21273,21479
21274,21275
21274,21278
21275,21276
21275,21279
21276,21280
21277,21278
21277,21483
21278,21279
21278,21484
21279,21280
21279,21283
21279,21486
21280,21281
21280,21284
21281,21282
21281,21286
21282,21287
21283,21284
21283,21285
21283,21489
21284,21286
21285,21286
21285,21490
21286,21287
21286,21288
21286,21491
21287,21289
21288,21289
21288,21293
21288,21492
21289,21290
21289,21291
21289,21294
21290,21292
21291,21292
21291,21295
21292,21296
21293,21294
21293,21496
21294,21295
21294,21497
21295,21296
21295,21299
21295,21499
21296,21297
21296,21300
21297,21298
21297,21301
21298,21302
21299,21300
21299,21502
21300,21301
21300,21503
21301,21302
21301,21303
21301,21505
21302,21304
21303,21304
21303,21307
21303,21506
21304,21305
21304,21308
21305,21306
21305,21309
21306,21311
21307,21308
21307,21509
21308,21309
21308,21310
21308,21510
21309,21311
21310,21311
21310,21314
21310,21511
21311,21312
21311,21315
21312,21313
21312,21316
21313,21317
21314,21315
21314,21515
21315,21316
21315,21516
21316,21317
21316,21318
21316,21321
21316,21518
21317,21319
21318,21319
21318,21322
21319,21320
21319,21323
21320,21324
21321,21322
21321,21521
21322,21323
21322,21522
21323,21324
21323,21325
21323,21523
21324,21326
21325,21326
21325,21330
21325,21524
21326,21327
21326,21328
21326,21331
21327,21329
21328,21329
21328,21332
21329,21333
21330,21331
21330,21528
21331,21332
21331,21529
21332,21333
21332,21336
21332,21531
21333,21334
21333,21337
21334,21335
21334,21338
21335,21339
21336,21337
21336,21534
21337,21338
21337,21535
21338,21339
21338,21340
21338,21537
21339,21341
21340,21341
21340,21345
21340,21538
21341,21342
21341,21343
21341,21346
21342,21344
21343,21344
21343,21347
21344,21348
21345,21346
21345,21541
21346,21347
21346,21542
21347,21348
21347,21351
21347,21544
21348,21349
21348,21352
21349,21350
21349,21353
21350,21354
21351,21352
21351,21547
21352,21353
21352,21548
21353,21354
21353,21355
21353,21550
21354,21356
21355,21356
21355,21359
21355,21551
21356,21357
21356,21360
21357,21358
21357,21361
21358,21363
21359,21360
21359,21554
21360,21361
21360,21362
21360,21555
21361,21363
21362,21363
21362,21366
21362,21556
21363,21364
21363,21367
21364,21365
21364,21368
21365,21369
21366,21367
21366,21560
21367,21368
21367,21561
21368,21369
21368,21372
21368,21563
21369,21370
21369,21373
21370,21371
21370,21375
21371,21376
21372,21373
21372,21374
21372,21566
21373,21375
21374,21375
21374,21567
21375,21376
21375,21377
21375,21568
21376,21378
21377,21378
21377,21382
21377,21569
21378,21379
21378,21380
21378,21383
21379,21381
21380,21381
21380,21384
21381,21385
21382,21383
21382,21573
21383,21384
21383,21574
21384,21385
21384,21388
21384,21576
21385,21386
21385,21389
21386,21387
21386,21390
21387,21391
21388,21389
21388,21579
21389,21390
21389,21580
21390,21391
21390,21392
21390,21582
21391,21393
21392,21393
21392,21396
21392,21583
21393,21394
21393,21397
21394,21395
21394,21398
21395,21400
21396,21397
21396,21586
21397,21398
21397,21399
21397,21587
21398,21400
21399,21400
21399,21403
21399,21588
21400,21401
21400,21404
21401,21402
21401,21405
21402,21406
21403,21404
21403,21592
21404,21405
21404,21593
21405,21406
21405,21407
21405,21410
21405,21595
21406,21408
21407,21408
21407,21411
21408,21409
21408,21412
21409,21413
21410,21411
21410,21598
21411,21412
21411,21599
21412,21413
21412,21414
21412,21600
21413,21415
21414,21415
21414,21419
21414,21601
21415,21416
21415,21417
21415,21420
21416,21418
21417,21418
21417,21421
21418,21422
21419,21420
21419,21605
21420,21421
21420,21606
21421,21422
21421,21425
21421,21608
21422,21423
21422,21426
21423,21424
21423,21427
21424,21428
21425,21426
21425,21611
21426,21427
21426,21612
21427,21428
21427,21429
21427,21614
21428,21430
21429,21430
21429,21433
21429,21615
21430,21431
21430,21434
21431,21432
21431,21435
21432,21437
21433,21434
21433,21618
21434,21435
21434,21436
21434,21619
21435,21437
21436,21437
21436,21440
21436,21620
21437,21438
21437,21441
21438,21439
21438,21442
21439,21443
21440,21441
21440,21624
21441,21442
21441,21625
21442,21443
21442,21444
21442,21447
21442,21627
21443,21445
21444,21445
21444,21448
21445,21446
21445,21449
21446,21450
21447,21448
21447,21630
21448,21449
21448,21631
21449,21450
21449,21451
21449,21632
21450,21452
21451,21452
21451,21633
21452,21453
21453,21454
21455,21456
21456,21457
21457,21458
21457,21634
21458,21459
21458,21461
21458,21635
21459,21460
21459,21462
21460,21464
21461,21462
21461,21463
21461,21637
21462,21464
21463,21464
21463,21638
21464,21465
21464,21466
21464,21468
21464,21639
21465,21467
21466,21467
21466,21469
21467,21470
21468,21469
21468,21642
21469,21470
21469,21644
21470,21471
21470,21472
21470,21645
21471,21473
21472,21473
21472,21475
21472,21646
21473,21474
21473,21476
21474,21477
21475,21476
21475,21650
21476,21477
21476,21651
21477,21478
21477,21480
21477,21653
21478,21479
21478,21481
21479,21483
21480,21481
21480,21482
21480,21656
21481,21483
21482,21483
21482,21657
21483,21484
21483,21485
21483,21487
21483,21658
21484,21486
21485,21486
21485,21488
21486,21489
21487,21488
21487,21661
21488,21489
21488,21663
21489,21490
21489,21664
21490,21491
21490,21493
21490,21665
21491,21492
21491,21494
21492,21496
21493,21494
21493,21495
21493,21669
21494,21496
21495,21496
21495,21670
21496,21497
21496,21498
21496,21500
21496,21671
21497,21499
21498,21499
21498,21501
21499,21502
21500,21501
21500,21674
21501,21502
21501,21676
21502,21503
21502,21504
21502,21677
21503,21505
21504,21505
21504,21507
21504,21678
21505,21506
21505,21508
21506,21509
21507,21508
21507,21682
21508,21509
21508,21683
21509,21510
21509,21512
21509,21685
21510,21511
21510,21513
21511,21515
21512,21513
21512,21514
21512,21688
21513,21515
21514,21515
21514,21689
21515,21516
21515,21517
21515,21519
21515,21690
21516,21518
21517,21518
21517,21520
21518,21521
21519,21520
21519,21693
21520,21521
21520,21695
21521,21522
21521,21696
21522,21523
21522,21525
21522,21698
21523,21524
21523,21526
21524,21528
21525,21526
21525,21527
21525,21701
21526,21528
21527,21528
21527,21702
21528,21529
21528,21530
21528,21532
21528,21703
21529,21531
21530,21531
21530,21533
21531,21534
21532,21533
21532,21706
21533,21534
21533,21708
21534,21535
21534,21536
21534,21709
21535,21537
21536,21537
21536,21539
21536,21710
21537,21538
21537,21540
21538,21541
21539,21540
21539,21714
21540,21541
21540,21715
21541,21542
21541,21543
21541,21545
21541,21717
21542,21544
21543,21544
21543,21546
21544,21547
21545,21546
21545,21720
21546,21547
21546,21721
21547,21548
21547,21549
21547,21722
21548,21550
21549,21550
21549,21552
21549,21723
21550,21551
21550,21553
21551,21554
21552,21553
21552,21727
21553,21554
21553,21728
21554,21555
21554,21557
21554,21730
21555,21556
21555,21558
21556,21560
21557,21558
21557,21559
21557,21733
21558,21560
21559,21560
21559,21734
21560,21561
21560,21562
21560,21564
21560,21735
21561,21563
21562,21563
21562,21565
21563,21566
21564,21565
21564,21738
21565,21566
21565,21740
21566,21567
21566,21741
21567,21568
21567,21570
21567,21742
21568,21569
21568,21571
21569,21573
21570,21571
21570,21572
21570,21746
21571,21573
21572,21573
21572,21747
21573,21574
21573,21575
21573,21577
21573,21748
21574,21576
21575,21576
21575,21578
21576,21579
21577,21578
21577,21751
21578,21579
21578,21753
21579,21580
21579,21581
21579,21754
21580,21582
21581,21582
21581,21584
21581,21755
21582,21583
21582,21585
21583,21586
21584,21585
21584,21759
21585,21586
21585,21760
21586,21587
21586,21589
21586,21762
21587,21588
21587,21590
21588,21592
21589,21590
21589,21591
21589,21765
21590,21592
21591,21592
21591,21766
21592,21593
21592,21594
21592,21596
21592,21767
21593,21595
21594,21595
21594,21597
21595,21598
21596,21597
21596,21770
21597,21598
21597,21772
21598,21599
21598,21773
21599,21600
21599,21602
21599,21775
21600,21601
21600,21603
21601,21605
21602,21603
21602,21604
21602,21778
21603,21605
21604,21605
21604,21779
21605,21606
21605,21607
21605,21609
21605,21780
21606,21608
21607,21608
21607,21610
21608,21611
21609,21610
21609,21783
21610,21611
21610,21785
21611,21612
21611,21613
21611,21786
21612,21614
21613,21614
21613,21616
21613,21787
21614,21615
21614,21617
21615,21618
21616,21617
21616,21791
21617,21618
21617,21792
21618,21619
21618,21621
21618,21794
21619,21620
21619,21622
21620,21624
21621,21622
21621,21623
21621,21797
21622,21624
21623,21624
21623,21798
21624,21625
21624,21626
21624,21628
21624,21799
21625,21627
21626,21627
21626,21629
21627,21630
21628,21629
21628,21802
21629,21630
21629,21804
21630,21631
21630,21805
21631,21632
21631,21807
21632,21633
21634,21635
21634,21636
21635,21637
21636,21637
21637,21638
21637,21640
21637,21808
21638,21639
21638,21641
21639,21642
21640,21641
21640,21809
21641,21642
21641,21643
21641,21810
21642,21644
21643,21644
21643,21811
21644,21645
21644,21647
21644,21812
21645,21646
21645,21648
21646,21650
21647,21648
21647,21649
21647,21815
21648,21650
21649,21650
21649,21816
21650,21651
21650,21652
21650,21654
21650,21817
21651,21653
21652,21653
21652,21655
21653,21656
21654,21655
21654,21822
21655,21656
21655,21824
21656,21657
21656,21659
21656,21825
21657,21658
21657,21660
21658,21661
21659,21660
21659,21829
21660,21661
21660,21662
21660,21831
21661,21663
21662,21663
21662,21832
21663,21664
21663,21666
21663,21833
21664,21665
21664,21667
21665,21669
21666,21667
21666,21668
21666,21837
21667,21669
21668,21669
21668,21838
21669,21670
21669,21672
21669,21839
21670,21671
21670,21673
21671,21674
21672,21673
21672,21844
21673,21674
21673,21675
21673,21846
21674,21676
21675,21676
21675,21847
21676,21677
21676,21679
21676,21848
21677,21678
21677,21680
21678,21682
21679,21680
21679,21681
21679,21852
21680,21682
21681,21682
21681,21853
21682,21683
21682,21684
21682,21686
21682,21854
21683,21685
21684,21685
21684,21687
21685,21688
21686,21687
21686,21859
21687,21688
21687,21861
21688,21689
21688,21691
21688,21862
21689,21690
21689,21692
21690,21693
21691,21692
21691,21866
21692,21693
21692,21694
21692,21868
21693,21695
21694,21695
21694,21869
21695,21696
21695,21697
21695,21699
21695,21870
21696,21698
21697,21698
21697,21700
21698,21701
21699,21700
21699,21874
21700,21701
21700,21876
21701,21702
21701,21704
21701,21877
21702,21703
21702,21705
21703,21706
21704,21705
21704,21881
21705,21706
21705,21707
21705,21883
21706,21708
21707,21708
21707,21884
21708,21709
21708,21711
21708,21885
21709,21710
21709,21712
21710,21714
21711,21712
21711,21713
21711,21889
21712,21714
21713,21714
21713,21890
21714,21715
21714,21716
21714,21718
21714,21891
21715,21717
21716,21717
21716,21719
21717,21720
21718,21719
21718,21896
21719,21720
21719,21898
21720,21721
21720,21899
21721,21722
21721,21724
21721,21901
21722,21723
21722,21725
21723,21727
21724,21725
21724,21726
21724,21905
21725,21727
21726,21727
21726,21906
21727,21728
21727,21729
21727,21731
21727,21907
21728,21730
21729,21730
21729,21732
21730,21733
21731,21732
21731,21911
21732,21733
21732,21913
21733,21734
21733,21736
21733,21914
21734,21735
21734,21737
21735,21738
21736,21737
21736,21918
21737,21738
21737,21739
21737,21920
21738,21740
21739,21740
21739,21921
21740,21741
21740,21743
21740,21922
21741,21742
21741,21744
21742,21746
21743,21744
21743,21745
21743,21926
21744,21746
21745,21746
21745,21927
21746,21747
21746,21749
21746,21928
21747,21748
21747,21750
21748,21751
21749,21750
21749,21933
21750,21751
21750,21752
21750,21935
21751,21753
21752,21753
21752,21936
21753,21754
21753,21756
21753,21937
21754,21755
21754,21757
21755,21759
21756,21757
21756,21758
21756,21941
21757,21759
21758,21759
21758,21942
21759,21760
21759,21761
21759,21763
21759,21943
21760,21762
21761,21762
21761,21764
21762,21765
21763,21764
21763,21948
21764,21765
21764,21950
21765,21766
21765,21768
21765,21951
21766,21767
21766,21769
21767,21770
21768,21769
21768,21955
21769,21770
21769,21771
21769,21957
21770,21772
21771,21772
21771,21958
21772,21773
21772,21774
21772,21776
21772,21959
21773,21775
21774,21775
21774,21777
21775,21778
21776,21777
21776,21963
21777,21778
21777,21965
21778,21779
21778,21781
21778,21966
21779,21780
21779,21782
21780,21783
21781,21782
21781,21970
21782,21783
21782,21784
21782,21972
21783,21785
21784,21785
21784,21973
21785,21786
21785,21788
21785,21974
21786,21787
21786,21789
21787,21791
21788,21789
21788,21790
21788,21978
21789,21791
21790,21791
21790,21979
21791,21792
21791,21793
21791,21795
21791,21980
21792,21794
21793,21794
21793,21796
21794,21797
21795,21796
21795,21985
21796,21797
21796,21987
21797,21798
21797,21800
21797,21988
21798,21799
21798,21801
21799,21802
21800,21801
21800,21992
21801,21802
21801,21803
21801,21994
21802,21804
21803,21804
21803,21995
21804,21805
21804,21806
21804,21996
21805,21807
21806,21807
21808,21809
21809,21810
21810,21811
21810,21813
21811,21812
21811,21814
21812,21815
21813,21814
21813,21997
21814,21815
21814,21818
21814,21998
21815,21816
21815,21819
21816,21817
21816,21821
21817,21822
21818,21819
21818,21820
21818,21999
21819,21821
21820,21821
21820,22000
21821,21822
21821,21823
21821,21826
21821,22001
21822,21824
21823,21824
21823,21827
21824,21825
21824,21828
21825,21829
21826,21827
21826,22004
21827,21828
21827,22006
21828,21829
21828,21830
21828,22007
21829,21831
21830,21831
21830,21834
21830,22008
21831,21832
21831,21835
21832,21833
21832,21836
21833,21837
21834,21835
21834,22012
21835,21836
21835,22013
21836,21837
21836,21840
21836,22015
21837,21838
21837,21841
21838,21839
21838,21843
21839,21844
21840,21841
21840,21842
21840,22018
21841,21843
21842,21843
21842,22019
21843,21844
21843,21845
21843,22020
21844,21846
21845,21846
21845,21849
21845,22021
21846,21847
21846,21850
21847,21848
21847,21851
21848,21852
21849,21850
21849,22025
21850,21851
21850,22026
21851,21852
21851,21855
21851,22028
21852,21853
21852,21856
21853,21854
21853,21858
21854,21859
21855,21856
21855,21857
21855,22031
21856,21858
21857,21858
21857,22032
21858,21859
21858,21860
21858,21863
21858,22033
21859,21861
21860,21861
21860,21864
21861,21862
21861,21865
21862,21866
21863,21864
21863,22036
21864,21865
21864,22038
21865,21866
21865,21867
21865,22039
21866,21868
21867,21868
21867,21871
21867,22040
21868,21869
21868,21872
21869,21870
21869,21873
21870,21874
21871,21872
21871,22044
21872,21873
21872,22045
21873,21874
21873,21875
21873,21878
21873,22047
21874,21876
21875,21876
21875,21879
21876,21877
21876,21880
21877,21881
21878,21879
21878,22050
21879,21880
21879,22051
21880,21881
21880,21882
21880,22052
21881,21883
21882,21883
21882,21886
21882,22053
21883,21884
21883,21887
21884,21885
21884,21888
21885,21889
21886,21887
21886,22057
21887,21888
21887,22058
21888,21889
21888,21892
21888,22060
21889,21890
21889,21893
21890,21891
21890,21895
21891,21896
21892,21893
21892,21894
21892,22063
21893,21895
21894,21895
21894,22064
21895,21896
21895,21897
21895,22065
21896,21898
21897,21898
21897,21902
21897,22066
21898,21899
21898,21900
21898,21903
21899,21901
21900,21901
21900,21904
21901,21905
21902,21903
21902,22070
21903,21904
21903,22071
21904,21905
21904,21908
21904,22073
21905,21906
21905,21909
21906,21907
21906,21910
21907,21911
21908,21909
21908,22076
21909,21910
21909,22077
21910,21911
21910,21912
21910,21915
21910,22079
21911,21913
21912,21913
21912,21916
21913,21914
21913,21917
21914,21918
21915,21916
21915,22082
21916,21917
21916,22083
21917,21918
21917,21919
21917,22084
21918,21920
21919,21920
21919,21923
21919,22085
21920,21921
21920,21924
21921,21922
21921,21925
21922,21926
21923,21924
21923,22089
21924,21925
21924,22090
21925,21926
21925,21929
21925,22092
21926,21927
21926,21930
21927,21928
21927,21932
21928,21933
21929,21930
21929,21931
21929,22095
21930,21932
21931,21932
21931,22096
21932,21933
21932,21934
21932,22097
21933,21935
21934,21935
21934,21938
21934,22098
21935,21936
21935,21939
21936,21937
21936,21940
21937,21941
21938,21939
21938,22102
21939,21940
21939,22103
21940,21941
21940,21944
21940,22105
21941,21942
21941,21945
21942,21943
21942,21947
21943,21948
21944,21945
21944,21946
21944,22108
21945,21947
21946,21947
21946,22109
21947,21948
21947,21949
21947,21952
21947,22110
21948,21950
21949,21950
21949,21953
21950,21951
21950,21954
21951,21955
21952,21953
21952,22113
21953,21954
21953,22115
21954,21955
21954,21956
21954,22116
21955,21957
21956,21957
21956,21960
21956,22117
21957,21958
21957,21961
21958,21959
21958,21962
21959,21963
21960,21961
21960,22121
21961,21962
21961,22122
21962,21963
21962,21964
21962,21967
21962,22124
21963,21965
21964,21965
21964,21968
21965,21966
21965,21969
21966,21970
21967,21968
21967,22127
21968,21969
21968,22128
21969,21970
21969,21971
21969,22129
21970,21972
21971,21972
21971,21975
21971,22130
21972,21973
21972,21976
21973,21974
21973,21977
21974,21978
21975,21976
21975,22134
21976,21977
21976,22135
21977,21978
21977,21981
21977,22137
21978,21979
21978,21982
21979,21980
21979,21984
21980,21985
21981,21982
21981,21983
21981,22140
21982,21984
21983,21984
21983,22141
21984,21985
21984,21986
21984,21989
21984,22142
21985,21987
21986,21987
21986,21990
21987,21988
21987,21991
21988,21992
21989,21990
21989,22145
21990,21991
21990,22147
21991,21992
21991,21993
21991,22148
21992,21994
21993,21994
21993,22149
21994,21995
21995,21996
21997,21998
21998,21999
21999,22000
21999,22002
21999,22150
22000,22001
22000,22003
22001,22004
22002,22003
22002,22151
22003,22004
22003,22005
22003,22152
22004,22006
22005,22006
22005,22153
22006,22007
22006,22009
22006,22154
22007,22008
22007,22010
22008,22012
22009,22010
22009,22011
22009,22157
22010,22012
22011,22012
22011,22158
22012,22013
22012,22014
22012,22016
22012,22159
22013,22015
22014,22015
22014,22017
22015,22018
22016,22017
22016,22164
22017,22018
22017,22166
22018,22019
22018,22167
22019,22020
22019,22022
22019,22168
22020,22021
22020,22023
22021,22025
22022,22023
22022,22024
22022,22173
22023,22025
22024,22025
22024,22174
22025,22026
22025,22027
22025,22029
22025,22175
22026,22028
22027,22028
22027,22030
22028,22031
22029,22030
22029,22179
22030,22031
22030,22181
22031,22032
22031,22034
22031,22182
22032,22033
22032,22035
22033,22036
22034,22035
22034,22186
22035,22036
22035,22037
22035,22188
22036,22038
22037,22038
22037,22189
22038,22039
22038,22041
22038,22190
22039,22040
22039,22042
22040,22044
22041,22042
22041,22043
22041,22194
22042,22044
22043,22044
22043,22195
22044,22045
22044,22046
22044,22048
22044,22196
22045,22047
22046,22047
22046,22049
22047,22050
22048,22049
22048,22201
22049,22050
22049,22203
22050,22051
22050,22204
22051,22052
22051,22054
22051,22206
22052,22053
22052,22055
22053,22057
22054,22055
22054,22056
22054,22210
22055,22057
22056,22057
22056,22211
22057,22058
22057,22059
22057,22061
22057,22212
22058,22060
22059,22060
22059,22062
22060,22063
22061,22062
22061,22216
22062,22063
22062,22218
22063,22064
22063,22219
22064,22065
22064,22067
22064,22220
22065,22066
22065,22068
22066,22070
22067,22068
22067,22069
22067,22225
22068,22070
22069,22070
22069,22226
22070,22071
22070,22072
22070,22074
22070,22227
22071,22073
22072,22073
22072,22075
22073,22076
22074,22075
22074,22231
22075,22076
22075,22233
22076,22077
22076,22078
22076,22080
22076,22234
22077,22079
22078,22079
22078,22081
22079,22082
22080,22081
22080,22238
22081,22082
22081,22240
22082,22083
22082,22241
22083,22084
22083,22086
22083,22243
22084,22085
22084,22087
22085,22089
22086,22087
22086,22088
22086,22247
22087,22089
22088,22089
22088,22248
22089,22090
22089,22091
22089,22093
22089,22249
22090,22092
22091,22092
22091,22094
22092,22095
22093,22094
22093,22253
22094,22095
22094,22255
22095,22096
22095,22256
22096,22097
22096,22099
22096,22257
22097,22098
22097,22100
22098,22102
22099,22100
22099,22101
22099,22262
22100,22102
22101,22102
22101,22263
22102,22103
22102,22104
22102,22106
22102,22264
22103,22105
22104,22105
22104,22107
22105,22108
22106,22107
22106,22268
22107,22108
22107,22270
22108,22109
22108,22111
22108,22271
22109,22110
22109,22112
22110,22113
22111,22112
22111,22275
22112,22113
22112,22114
22112,22277
22113,22115
22114,22115
22114,22278
22115,22116
22115,22118
22115,22279
22116,22117
22116,22119
22117,22121
22118,22119
22118,22120
22118,22283
22119,22121
22120,22121
22120,22284
22121,22122
22121,22123
22121,22125
22121,22285
22122,22124
22123,22124
22123,22126
22124,22127
22125,22126
22125,22290
22126,22127
22126,22292
22127,22128
22127,22293
22128,22129
22128,22131
22128,22295
22129,22130
22129,22132
22130,22134
22131,22132
22131,22133
22131,22299
22132,22134
22133,22134
22133,22300
22134,22135
22134,22136
22134,22138
22134,22301
22135,22137
22136,22137
22136,22139
22137,22140
22138,22139
22138,22305
22139,22140
22139,22307
22140,22141
22140,22143
22140,22308
22141,22142
22141,22144
22142,22145
22143,22144
22143,22312
22144,22145
22144,22146
22144,22314
22145,22147
22146,22147
22146,22315
22147,22148
22147,22316
22148,22149
22150,22151
22151,22152
22152,22153
22152,22155
22153,22154
22153,22156
22154,22157
22155,22156
22155,22317
22156,22157
22156,22160
22156,22318
22157,22158
22157,22161
22158,22159
22158,22163
22159,22164
22160,22161
22160,22162
22160,22319
22161,22163
22162,22163
22162,22320
22163,22164
22163,22165
22163,22321
22164,22166
22165,22166
22165,22169
22165,22322
22166,22167
22166,22170
22167,22168
22167,22171
22168,22173
22169,22170
22169,22326
22170,22171
22170,22172
22170,22327
22171,22173
22172,22173
22172,22176
22172,22328
22173,22174
22173,22177
22174,22175
22174,22178
22175,22179
22176,22177
22176,22332
22177,22178
22177,22333
22178,22179
22178,22180
22178,22183
22178,22335
22179,22181
22180,22181
22180,22184
22181,22182
22181,22185
22182,22186
22183,22184
22183,22338
22184,22185
22184,22339
22185,22186
22185,22187
22185,22340
22186,22188
22187,22188
22187,22191
22187,22341
22188,22189
22188,22192
22189,22190
22189,22193
22190,22194
22191,22192
22191,22345
22192,22193
22192,22346
22193,22194
22193,22197
22193,22348
22194,22195
22194,22198
22195,22196
22195,22200
22196,22201
22197,22198
22197,22199
22197,22351
22198,22200
22199,22200
22199,22352
22200,22201
22200,22202
22200,22353
22201,22203
22202,22203
22202,22207
22202,22354
22203,22204
22203,22205
22203,22208
22204,22206
22205,22206
22205,22209
22206,22210
22207,22208
22207,22358
22208,22209
22208,22359
22209,22210
22209,22213
22209,22361
22210,22211
22210,22214
22211,22212
22211,22215
22212,22216
22213,22214
22213,22364
22214,22215
22214,22365
22215,22216
22215,22217
22215,22367
22216,22218
22217,22218
22217,22221
22217,22368
22218,22219
22218,22222
22219,22220
22219,22223
22220,22225
22221,22222
22221,22371
22222,22223
22222,22224
22222,22372
22223,22225
22224,22225
22224,22228
22224,22373
22225,22226
22225,22229
22226,22227
22226,22230
22227,22231
22228,22229
22228,22377
22229,22230
22229,22378
22230,22231
22230,22232
22230,22235
22230,22380
22231,22233
22232,22233
22232,22236
22233,22234
22233,22237
22234,22238
22235,22236
22235,22383
22236,22237
22236,22384
22237,22238
22237,22239
22237,22385
22238,22240
22239,22240
22239,22244
22239,22386
22240,22241
22240,22242
22240,22245
22241,22243
22242,22243
22242,22246
22243,22247
22244,22245
22244,22390
22245,22246
22245,22391
22246,22247
22246,22250
22246,22393
22247,22248
22247,22251
22248,22249
22248,22252
22249,22253
22250,22251
22250,22396
22251,22252
22251,22397
22252,22253
22252,22254
22252,22399
22253,22255
22254,22255
22254,22258
22254,22400
22255,22256
22255,22259
22256,22257
22256,22260
22257,22262
22258,22259
22258,22403
22259,22260
22259,22261
22259,22404
22260,22262
22261,22262
22261,22265
22261,22405
22262,22263
22262,22266
22263,22264
22263,22267
22264,22268
22265,22266
22265,22409
22266,22267
22266,22410
22267,22268
22267,22269
22267,22272
22267,22412
22268,22270
22269,22270
22269,22273
22270,22271
22270,22274
22271,22275
22272,22273
22272,22415
22273,22274
22273,22416
22274,22275
22274,22276
22274,22417
22275,22277
22276,22277
22276,22280
22276,22418
22277,22278
22277,22281
22278,22279
22278,22282
22279,22283
22280,22281
22280,22422
22281,22282
22281,22423
22282,22283
22282,22286
22282,22425
22283,22284
22283,22287
22284,22285
22284,22289
22285,22290
22286,22287
22286,22288
22286,22428
22287,22289
22288,22289
22288,22429
22289,22290
22289,22291
22289,22430
22290,22292
22291,22292
22291,22296
22291,22431
22292,22293
22292,22294
22292,22297
22293,22295
22294,22295
22294,22298
22295,22299
22296,22297
22296,22435
22297,22298
22297,22436
22298,22299
22298,22302
22298,22438
22299,22300
22299,22303
22300,22301
22300,22304
22301,22305
22302,22303
22302,22441
22303,22304
22303,22442
22304,22305
22304,22306
22304,22309
22304,22444
22305,22307
22306,22307
22306,22310
22307,22308
22307,22311
22308,22312
22309,22310
22309,22447
22310,22311
22310,22448
22311,22312
22311,22313
22311,22449
22312,22314
22313,22314
22313,22450
22314,22315
22315,22316
22317,22318
22318,22319
22319,22320
22320,22321
22320,22323
22321,22322
22321,22324
22322,22326
22323,22324
22323,22325
22324,22326
22325,22326
22326,22327
22326,22329
22327,22328
22327,22330
22328,22332
22329,22330
22329,22331
22330,22332
22331,22332
22332,22333
22332,22334
22332,22336
22333,22335
22334,22335
22334,22337
22335,22338
22336,22337
22337,22338
22338,22339
22339,22340
22339,22342
22340,22341
22340,22343
22341,22345
22342,22343
22342,22344
22343,22345
22344,22345
22345,22346
22345,22347
22345,22349
22346,22348
22347,22348
22347,22350
22348,22351
22349,22350
22350,22351
22351,22352
22352,22353
22352,22355
22353,22354
22353,22356
22354,22358
22355,22356
22355,22357
22356,22358
22357,22358
22358,22359
22358,22360
22358,22362
22359,22361
22360,22361
22360,22363
22361,22364
22362,22363
22363,22364
22364,22365
22364,22366
22365,22367
22366,22367
22366,22369
22367,22368
22367,22370
22368,22371
22369,22370
22370,22371
22371,22372
22371,22374
22372,22373
22372,22375
22373,22377
22374,22375
22374,22376
22375,22377
22376,22377
22377,22378
22377,22379
22377,22381
22378,22380
22379,22380
22379,22382
22380,22383
22381,22382
22382,22383
22383,22384
22384,22385
22384,22387
22385,22386
22385,22388
22386,22390
22387,22388
22387,22389
22388,22390
22389,22390
22390,22391
22390,22392
22390,22394
22391,22393
22392,22393
22392,22395
22393,22396
22394,22395
22395,22396
22396,22397
22396,22398
22397,22399
22398,22399
22398,22401
22399,22400
22399,22402
22400,22403
22401,22402
22402,22403
22403,22404
22403,22406
22404,22405
22404,22407
22405,22409
22406,22407
22406,22408
22407,22409
22408,22409
22409,22410
22409,22411
22409,22413
22410,22412
22411,22412
22411,22414
22412,22415
22413,22414
22414,22415
22415,22416
22416,22417
22416,22419
22417,22418
22417,22420
22418,22422
22419,22420
22419,22421
22420,22422
22421,22422
22422,22423
22422,22424
22422,22426
22423,22425
22424,22425
22424,22427
22425,22428
22426,22427
22427,22428
22428,22429
22429,22430
22429,22432
22430,22431
22430,22433
22431,22435
22432,22433
22432,22434
22433,22435
22434,22435
22435,22436
22435,22437
22435,22439
22436,22438
22437,22438
22437,22440
22438,22441
22439,22440
22440,22441
22441,22442
22441,22443
22441,22445
22442,22444
22443,22444
22443,22446
22444,22447
22445,22446
22446,22447
22447,22448
22448,22449
22449,22450
