substrate,threshold,seed,n_near_loops,mean_perp_residue,median_perp_residue,mean_residue_high_depth_range,mean_residue_low_depth_range,mean_residue_high_excursion,mean_residue_low_excursion,mean_residue_high_cum_depth,mean_residue_low_cum_depth,mean_residue_dip_return,mean_residue_no_dip,n_dip_return,n_no_dip,spearman_depth_range_vs_residue,spearman_excursion_vs_residue,spearman_cum_depth_vs_residue,spearman_start_depth_vs_residue,mean_depth_range,mean_depth_excursion,mean_cum_abs_depth_change
AB_N30,1.0,4.5,8.1,0.5278494202412093,0.35996806421002425,0.9021559914806355,0.6157247320534817,,,,,,,0.0,0.0,0.3036146297863406,,,,0.9303432835972016,,
AB_N30,2.0,4.5,33.5,0.9789978678785394,0.9813815637385662,1.0196489807289413,0.882057721315521,,,,,,,0.0,0.0,0.10060056410872704,,,,0.9281178283472211,,
AB_N30,3.0,4.5,49.6,1.036834488147003,1.0085426092157657,1.0783835291760915,0.9722518600712865,,,,,,,0.0,0.0,0.11736483846779922,,,,0.9302363017176377,,
Penrose_N24,1.0,4.5,5.1,0.4844247218770418,0.13901481600297738,0.5332184285826904,0.5214970464735039,,,,,,,0.0,0.0,-0.06502341557492329,,,,0.914319917177678,,
Penrose_N24,2.0,4.5,30.9,1.047383097919527,1.041916944870221,1.0183656266893015,1.0870891111667218,,,,,,,0.0,0.0,-0.05942864708028689,,,,0.9171062852930598,,
Penrose_N24,3.0,4.5,40.6,1.0812933530497177,1.085337161249978,0.996817245416759,1.1232806366846402,,,,,,,0.0,0.0,-0.1092700508243997,,,,0.9175223927762115,,
