{
  "ammann_beenker": [
    [
      1,
      "1/1",
      0.10277604491578289,
      0.10277604491578289,
      0.0
    ],
    [
      2,
      "3/2",
      0.025322185536265807,
      0.025322185536265807,
      0.0
    ],
    [
      3,
      "7/5",
      0.011291589775447185,
      0.011291589775447185,
      0.0
    ],
    [
      4,
      "17/12",
      0.007572955231553905,
      0.007572955231553905,
      0.0
    ]
  ],
  "penrose": [
    [
      1,
      "1/1",
      0.040252862495551885,
      0.06035342454824684,
      4.716981132075472
    ],
    [
      2,
      "2/1",
      0.019379844961240327,
      0.044381917671931365,
      3.296703296703297
    ],
    [
      3,
      "3/2",
      0.011754521309486652,
      0.011754521309486652,
      0.0
    ],
    [
      4,
      "5/3",
      null,
      null,
      null
    ]
  ]
}